span_id,component,region,event_type,forecast_date,failure_prob,RUL_days,risk_score,risk_level
SP-00003,Conductor,Northeast,heatwave,2024-04-25,0.035,29487.8,0.21970228721025883,Low
SP-00003,Damper,Northeast,heatwave,2024-04-25,0.07,2791.1,0.42294662720964443,Medium
SP-00003,Spacer,Northeast,heatwave,2024-04-25,0.07,3752.2,0.41638570263194724,Medium
SP-00003,Insulator,Northeast,heatwave,2024-04-25,0.075,1553.1,0.43439780255787996,Medium
SP-00003,Fittings,Northeast,heatwave,2024-04-25,0.085,6688.5,0.4053411257538988,Medium
SP-00003,Arrester,Northeast,heatwave,2024-04-25,0.085,163.1,0.4498866020199538,Medium
SP-00005,Conductor,Northeast,tropical_cyclone,2024-11-14,0.265,10342.5,0.48839718817518096,Medium
SP-00005,Damper,Northeast,tropical_cyclone,2024-11-14,0.195,14986.0,0.4146984541448646,Medium
SP-00005,Spacer,Northeast,tropical_cyclone,2024-11-14,0.13,25804.1,0.3018489710796411,Medium
SP-00005,Insulator,Northeast,tropical_cyclone,2024-11-14,0.24,12011.1,0.46200653293603255,Medium
SP-00005,Fittings,Northeast,tropical_cyclone,2024-11-14,0.18,44802.8,0.2021548312666182,Low
SP-00005,Arrester,Northeast,tropical_cyclone,2024-11-14,0.445,545.7,0.6632747929018319,High
SP-00006,Conductor,Northeast,southwest_monsoon,2024-08-18,0.16,14254.3,0.39869338548759803,Medium
SP-00006,Damper,Northeast,southwest_monsoon,2024-08-18,0.15,2175.5,0.47514900487068956,Medium
SP-00006,Spacer,Northeast,southwest_monsoon,2024-08-18,0.165,5565.9,0.46100452595254926,Medium
SP-00006,Insulator,Northeast,southwest_monsoon,2024-08-18,0.21,484.2,0.5226946210794704,High
SP-00006,Fittings,Northeast,southwest_monsoon,2024-08-18,0.175,11591.5,0.42587092160818085,Medium
SP-00006,Arrester,Northeast,southwest_monsoon,2024-08-18,0.175,613.7,0.500810592640378,High
SP-00008,Conductor,Northeast,heatwave,2024-04-09,0.045,20603.3,0.2863520993115501,Low
SP-00008,Damper,Northeast,heatwave,2024-04-09,0.055,1934.2,0.4197962331514078,Medium
SP-00008,Spacer,Northeast,heatwave,2024-04-09,0.045,1886.6,0.4141211733344256,Medium
SP-00008,Insulator,Northeast,heatwave,2024-04-09,0.05,835.0,0.42429989384832256,Medium
SP-00008,Fittings,Northeast,heatwave,2024-04-09,0.08,6881.6,0.40102293354085816,Medium
SP-00008,Arrester,Northeast,heatwave,2024-04-09,0.045,367.2,0.4244933185881486,Medium
SP-00012,Conductor,Northeast,southwest_monsoon,2024-06-15,0.095,28254.3,0.2641227434235452,Low
SP-00012,Damper,Northeast,southwest_monsoon,2024-06-15,0.09,10825.9,0.38009727043419794,Medium
SP-00012,Spacer,Northeast,southwest_monsoon,2024-06-15,0.145,3170.4,0.4653573454571519,Medium
SP-00012,Insulator,Northeast,southwest_monsoon,2024-06-15,0.12,16293.6,0.3607721561760821,Medium
SP-00012,Fittings,Northeast,southwest_monsoon,2024-06-15,0.115,21131.9,0.3247436249261888,Medium
SP-00012,Arrester,Northeast,southwest_monsoon,2024-06-15,0.16,653.2,0.4915409469002686,Medium
SP-00016,Conductor,Northeast,tropical_cyclone,2024-08-24,0.235,30704.9,0.33139378517767604,Medium
SP-00016,Damper,Northeast,tropical_cyclone,2024-08-24,0.35,1558.8,0.599358891653611,High
SP-00016,Spacer,Northeast,tropical_cyclone,2024-08-24,0.345,1871.8,0.5942222051560362,High
SP-00016,Insulator,Northeast,tropical_cyclone,2024-08-24,0.245,19190.8,0.41599449444836967,Medium
SP-00016,Fittings,Northeast,tropical_cyclone,2024-08-24,0.26,23976.7,0.3923236704587732,Medium
SP-00016,Arrester,Northeast,tropical_cyclone,2024-08-24,0.39,0.0,0.634,High
SP-00017,Conductor,Northeast,southwest_monsoon,2024-08-26,0.055,33758.3,0.20254982814350614,Low
SP-00017,Damper,Northeast,southwest_monsoon,2024-08-26,0.07,24069.8,0.27768812568904727,Low
SP-00017,Spacer,Northeast,southwest_monsoon,2024-08-26,0.1,12636.8,0.37373520788321274,Medium
SP-00017,Insulator,Northeast,southwest_monsoon,2024-08-26,0.185,1981.3,0.49747470620560663,Medium
SP-00017,Fittings,Northeast,southwest_monsoon,2024-08-26,0.05,42356.0,0.14085784890964137,Low
SP-00017,Arrester,Northeast,southwest_monsoon,2024-08-26,0.135,1244.3,0.4725058178628357,Medium
SP-00018,Conductor,Northeast,summer_storm,2024-05-26,0.08,35427.3,0.2061564423145844,Low
SP-00018,Conductor,Northeast,southwest_monsoon,2024-09-11,0.085,35427.3,0.2091564423145844,Low
SP-00018,Damper,Northeast,summer_storm,2024-05-26,0.16,8950.5,0.4348996405861211,Medium
SP-00018,Damper,Northeast,southwest_monsoon,2024-09-11,0.18,8950.5,0.4468996405861211,Medium
SP-00018,Spacer,Northeast,summer_storm,2024-05-26,0.135,10892.9,0.40663989664717715,Medium
SP-00018,Spacer,Northeast,southwest_monsoon,2024-09-11,0.14,10892.9,0.40963989664717715,Medium
SP-00018,Insulator,Northeast,summer_storm,2024-05-26,0.105,25047.2,0.29201592957808975,Low
SP-00018,Insulator,Northeast,southwest_monsoon,2024-09-11,0.055,25047.2,0.2620159295780898,Low
SP-00018,Fittings,Northeast,summer_storm,2024-05-26,0.13,26482.4,0.2972185734716377,Low
SP-00018,Fittings,Northeast,southwest_monsoon,2024-09-11,0.12,26482.4,0.2912185734716377,Low
SP-00018,Arrester,Northeast,summer_storm,2024-05-26,0.17,4245.5,0.473018202794076,Medium
SP-00018,Arrester,Northeast,southwest_monsoon,2024-09-11,0.16,4245.5,0.467018202794076,Medium
SP-00020,Conductor,Northeast,heatwave,2024-04-05,0.085,18943.7,0.3216813162808002,Medium
SP-00020,Conductor,Northeast,summer_storm,2024-05-13,0.115,18943.7,0.3396813162808002,Medium
SP-00020,Damper,Northeast,heatwave,2024-04-05,0.075,4518.7,0.41415320997894034,Medium
SP-00020,Damper,Northeast,summer_storm,2024-05-13,0.185,4518.7,0.48015320997894034,Medium
SP-00020,Spacer,Northeast,heatwave,2024-04-05,0.06,4613.9,0.40450332961290475,Medium
SP-00020,Spacer,Northeast,summer_storm,2024-05-13,0.15,4613.9,0.45850332961290474,Medium
SP-00020,Insulator,Northeast,heatwave,2024-04-05,0.055,10218.3,0.3632450362997778,Medium
SP-00020,Insulator,Northeast,summer_storm,2024-05-13,0.105,10218.3,0.3932450362997778,Medium
SP-00020,Fittings,Northeast,heatwave,2024-04-05,0.055,26660.4,0.2510034610225376,Low
SP-00020,Fittings,Northeast,summer_storm,2024-05-13,0.115,26660.4,0.2870034610225376,Low
SP-00020,Arrester,Northeast,heatwave,2024-04-05,0.115,1086.0,0.4615864487656028,Medium
SP-00020,Arrester,Northeast,summer_storm,2024-05-13,0.17,1086.0,0.49458644876560276,Medium
SP-00024,Conductor,Northeast,southwest_monsoon,2024-08-15,0.105,17559.3,0.3431318874860484,Medium
SP-00024,Damper,Northeast,southwest_monsoon,2024-08-15,0.19,1808.2,0.5016563689299842,High
SP-00024,Spacer,Northeast,southwest_monsoon,2024-08-15,0.23,3380.3,0.5149244684736345,High
SP-00024,Insulator,Northeast,southwest_monsoon,2024-08-15,0.26,2380.4,0.5397502602593378,High
SP-00024,Fittings,Northeast,southwest_monsoon,2024-08-15,0.11,17703.1,0.34515024046256193,Medium
SP-00024,Arrester,Northeast,southwest_monsoon,2024-08-15,0.17,0.0,0.502,High
SP-00025,Conductor,Northeast,southwest_monsoon,2024-09-05,0.085,25442.7,0.2773160589397803,Low
SP-00025,Damper,Northeast,southwest_monsoon,2024-09-05,0.17,8286.5,0.44543241960973046,Medium
SP-00025,Spacer,Northeast,southwest_monsoon,2024-09-05,0.305,2294.5,0.5673366544131451,High
SP-00025,Insulator,Northeast,southwest_monsoon,2024-09-05,0.22,620.3,0.5277655379091192,High
SP-00025,Fittings,Northeast,southwest_monsoon,2024-09-05,0.085,26723.6,0.26857202783836276,Low
SP-00025,Arrester,Northeast,southwest_monsoon,2024-09-05,0.33,830.8,0.5923285650409418,High
SP-00027,Conductor,Northeast,summer_storm,2024-04-30,0.105,28785.9,0.26649378961488446,Low
SP-00027,Damper,Northeast,summer_storm,2024-04-30,0.26,8267.4,0.4995628052714036,Medium
SP-00027,Spacer,Northeast,summer_storm,2024-04-30,0.15,2540.2,0.47265938964492094,Medium
SP-00027,Insulator,Northeast,summer_storm,2024-04-30,0.155,1493.0,0.48280807367131207,Medium
SP-00027,Fittings,Northeast,summer_storm,2024-04-30,0.19,23562.4,0.35315187881642585,Medium
SP-00027,Arrester,Northeast,summer_storm,2024-04-30,0.15,5114.8,0.45508394856934165,Medium
SP-00028,Conductor,Northeast,southwest_monsoon,2024-06-25,0.075,37027.7,0.1922313526317766,Low
SP-00028,Damper,Northeast,southwest_monsoon,2024-06-25,0.185,11518.6,0.43236857159435726,Medium
SP-00028,Spacer,Northeast,southwest_monsoon,2024-06-25,0.13,8723.2,0.4184512982247754,Medium
SP-00028,Insulator,Northeast,southwest_monsoon,2024-06-25,0.1,1131.0,0.4522792574161112,Medium
SP-00028,Fittings,Northeast,southwest_monsoon,2024-06-25,0.125,4465.8,0.44451433047645383,Medium
SP-00028,Arrester,Northeast,southwest_monsoon,2024-06-25,0.12,101.8,0.4713050649027057,Medium
SP-00029,Conductor,Northeast,southwest_monsoon,2024-08-10,0.11,20102.6,0.3287701150602266,Medium
SP-00029,Conductor,Northeast,tropical_cyclone,2024-09-20,0.215,20102.6,0.3917701150602266,Medium
SP-00029,Conductor,Northeast,summer_storm,2024-04-03,0.115,20102.6,0.3317701150602266,Medium
SP-00029,Damper,Northeast,southwest_monsoon,2024-08-10,0.145,7531.8,0.43558435986442623,Medium
SP-00029,Damper,Northeast,tropical_cyclone,2024-09-20,0.23,7531.8,0.4865843598644263,Medium
SP-00029,Damper,Northeast,summer_storm,2024-04-03,0.1,7531.8,0.40858435986442626,Medium
SP-00029,Spacer,Northeast,southwest_monsoon,2024-08-10,0.205,2669.6,0.5047760438532718,High
SP-00029,Spacer,Northeast,tropical_cyclone,2024-09-20,0.38,2669.6,0.6097760438532718,High
SP-00029,Spacer,Northeast,summer_storm,2024-04-03,0.175,2669.6,0.4867760438532718,Medium
SP-00029,Insulator,Northeast,southwest_monsoon,2024-08-10,0.165,1041.1,0.49189295746765105,Medium
SP-00029,Insulator,Northeast,tropical_cyclone,2024-09-20,0.225,1041.1,0.5278929574676511,High
SP-00029,Insulator,Northeast,summer_storm,2024-04-03,0.135,1041.1,0.4738929574676511,Medium
SP-00029,Fittings,Northeast,southwest_monsoon,2024-08-10,0.105,39956.4,0.19023865695942002,Low
SP-00029,Fittings,Northeast,tropical_cyclone,2024-09-20,0.215,39956.4,0.25623865695942005,Low
SP-00029,Fittings,Northeast,summer_storm,2024-04-03,0.06,39956.4,0.16323865695942003,Low
SP-00029,Arrester,Northeast,southwest_monsoon,2024-08-10,0.18,892.1,0.5019101021581899,High
SP-00029,Arrester,Northeast,tropical_cyclone,2024-09-20,0.345,892.1,0.6009101021581899,High
SP-00029,Arrester,Northeast,summer_storm,2024-04-03,0.17,892.1,0.49591010215818987,Medium
SP-00030,Conductor,Northeast,heatwave,2024-04-28,0.045,31297.4,0.2133490990760367,Low
SP-00030,Damper,Northeast,heatwave,2024-04-28,0.045,16246.9,0.31609095253211006,Medium
SP-00030,Spacer,Northeast,heatwave,2024-04-28,0.04,24616.3,0.2559574574113327,Low
SP-00030,Insulator,Northeast,heatwave,2024-04-28,0.08,17631.2,0.32764106397430515,Medium
SP-00030,Fittings,Northeast,heatwave,2024-04-28,0.075,18924.3,0.31581374988480326,Medium
SP-00030,Arrester,Northeast,heatwave,2024-04-28,0.105,944.3,0.45655376019277966,Medium
SP-00031,Conductor,Northeast,southwest_monsoon,2024-08-26,0.055,24039.8,0.2688929199220417,Low
SP-00031,Damper,Northeast,southwest_monsoon,2024-08-26,0.09,9858.9,0.3866984712110507,Medium
SP-00031,Spacer,Northeast,southwest_monsoon,2024-08-26,0.145,7233.2,0.43762274513016375,Medium
SP-00031,Insulator,Northeast,southwest_monsoon,2024-08-26,0.14,4265.8,0.45487962536308313,Medium
SP-00031,Fittings,Northeast,southwest_monsoon,2024-08-26,0.085,14093.2,0.354793130518778,Medium
SP-00031,Arrester,Northeast,southwest_monsoon,2024-08-26,0.15,453.0,0.4869076070817846,Medium
SP-00036,Conductor,Northeast,tropical_cyclone,2024-11-08,0.33,31483.4,0.3830793748314714,Medium
SP-00036,Damper,Northeast,tropical_cyclone,2024-11-08,0.325,5565.0,0.5570106697795391,High
SP-00036,Spacer,Northeast,tropical_cyclone,2024-11-08,0.32,3416.6,0.5686766674517112,High
SP-00036,Insulator,Northeast,tropical_cyclone,2024-11-08,0.285,7000.7,0.5232099004358703,High
SP-00036,Fittings,Northeast,tropical_cyclone,2024-11-08,0.275,14894.7,0.46332171126061095,Medium
SP-00036,Arrester,Northeast,tropical_cyclone,2024-11-08,0.4,505.6,0.6365485345266011,High
SP-00037,Conductor,Northeast,summer_storm,2024-04-27,0.125,10975.0,0.4000794430962158,Medium
SP-00037,Damper,Northeast,summer_storm,2024-04-27,0.13,3920.8,0.4512347590425187,Medium
SP-00037,Spacer,Northeast,summer_storm,2024-04-27,0.13,2928.3,0.45801003491741676,Medium
SP-00037,Insulator,Northeast,summer_storm,2024-04-27,0.115,561.8,0.46516488666345823,Medium
SP-00037,Fittings,Northeast,summer_storm,2024-04-27,0.115,15465.9,0.3634224290643976,Medium
SP-00037,Arrester,Northeast,summer_storm,2024-04-27,0.155,274.2,0.4911281807104312,Medium
SP-00038,Conductor,Northeast,summer_storm,2024-04-23,0.11,22435.3,0.31284599815002545,Medium
SP-00038,Damper,Northeast,summer_storm,2024-04-23,0.12,1429.8,0.462239506855487,Medium
SP-00038,Spacer,Northeast,summer_storm,2024-04-23,0.12,1596.7,0.4611001682725948,Medium
SP-00038,Insulator,Northeast,summer_storm,2024-04-23,0.365,1767.3,0.6069355717343,High
SP-00038,Fittings,Northeast,summer_storm,2024-04-23,0.115,5179.7,0.43364091037863045,Medium
SP-00038,Arrester,Northeast,summer_storm,2024-04-23,0.1,0.0,0.46,Medium
SP-00039,Conductor,Northeast,southwest_monsoon,2024-09-14,0.105,37820.9,0.20481659311140465,Low
SP-00039,Damper,Northeast,southwest_monsoon,2024-09-14,0.115,5339.1,0.43255277035398687,Medium
SP-00039,Spacer,Northeast,southwest_monsoon,2024-09-14,0.245,2525.1,0.5297624694088614,High
SP-00039,Insulator,Northeast,southwest_monsoon,2024-09-14,0.185,2028.7,0.49715113131747546,Medium
SP-00039,Fittings,Northeast,southwest_monsoon,2024-09-14,0.135,19126.5,0.350433436754421,Medium
SP-00039,Arrester,Northeast,southwest_monsoon,2024-09-14,0.195,869.8,0.511062332538049,High
SP-00041,Conductor,Northeast,tropical_cyclone,2024-09-05,0.195,23901.7,0.3538356560412592,Medium
SP-00041,Conductor,Northeast,heatwave,2025-03-18,0.055,23901.7,0.26983565604125925,Low
SP-00041,Damper,Northeast,tropical_cyclone,2024-09-05,0.25,9132.2,0.48765927018161837,Medium
SP-00041,Damper,Northeast,heatwave,2025-03-18,0.075,9132.2,0.3826592701816183,Medium
SP-00041,Spacer,Northeast,tropical_cyclone,2024-09-05,0.225,19974.6,0.3986439037876694,Medium
SP-00041,Spacer,Northeast,heatwave,2025-03-18,0.05,19974.6,0.29364390378766936,Low
SP-00041,Insulator,Northeast,tropical_cyclone,2024-09-05,0.43,1430.9,0.6482319977336105,High
SP-00041,Insulator,Northeast,heatwave,2025-03-18,0.12,1430.9,0.4622319977336105,Medium
SP-00041,Fittings,Northeast,tropical_cyclone,2024-09-05,0.225,33269.5,0.30788660884642827,Medium
SP-00041,Fittings,Northeast,heatwave,2025-03-18,0.06,33269.5,0.20888660884642823,Low
SP-00041,Arrester,Northeast,tropical_cyclone,2024-09-05,0.41,1073.0,0.6386751929332337,High
SP-00041,Arrester,Northeast,heatwave,2025-03-18,0.105,1073.0,0.4556751929332337,Medium
SP-00043,Conductor,Northeast,tropical_cyclone,2024-09-20,0.415,5200.5,0.6134989197104209,High
SP-00043,Damper,Northeast,tropical_cyclone,2024-09-20,0.355,2126.0,0.5984869153551303,High
SP-00043,Spacer,Northeast,tropical_cyclone,2024-09-20,0.405,2271.6,0.6274929806776641,High
SP-00043,Insulator,Northeast,tropical_cyclone,2024-09-20,0.19,13201.6,0.42387961512337147,Medium
SP-00043,Fittings,Northeast,tropical_cyclone,2024-09-20,0.31,11325.9,0.5086840332176246,High
SP-00043,Arrester,Northeast,tropical_cyclone,2024-09-20,0.345,626.6,0.6027225311201904,High
SP-00044,Conductor,Northeast,tropical_cyclone,2024-11-02,0.315,14416.8,0.4905840833922117,Medium
SP-00044,Damper,Northeast,tropical_cyclone,2024-11-02,0.45,3097.1,0.6488577260331017,High
SP-00044,Spacer,Northeast,tropical_cyclone,2024-11-02,0.42,5583.8,0.6138823320601958,High
SP-00044,Insulator,Northeast,tropical_cyclone,2024-11-02,0.38,6103.3,0.5863359785921762,High
SP-00044,Fittings,Northeast,tropical_cyclone,2024-11-02,0.175,22653.0,0.3503598746659294,Medium
SP-00044,Arrester,Northeast,tropical_cyclone,2024-11-02,0.495,930.6,0.6906472828925138,High
SP-00045,Conductor,Northeast,southwest_monsoon,2024-08-18,0.05,21879.0,0.280643565877185,Low
SP-00045,Damper,Northeast,southwest_monsoon,2024-08-18,0.19,9149.8,0.45153912423159503,Medium
SP-00045,Spacer,Northeast,southwest_monsoon,2024-08-18,0.205,2295.6,0.5073291452912686,High
SP-00045,Insulator,Northeast,southwest_monsoon,2024-08-18,0.15,1025.2,0.48300149841113804,Medium
SP-00045,Fittings,Northeast,southwest_monsoon,2024-08-18,0.215,19660.0,0.39479151264433726,Medium
SP-00045,Arrester,Northeast,southwest_monsoon,2024-08-18,0.16,305.2,0.49391656000300366,Medium
SP-00048,Conductor,Northeast,tropical_cyclone,2024-11-22,0.215,29657.0,0.32654724773617044,Medium
SP-00048,Damper,Northeast,tropical_cyclone,2024-11-22,0.315,10552.9,0.5169608979544469,High
SP-00048,Spacer,Northeast,tropical_cyclone,2024-11-22,0.32,2344.9,0.5759926001017145,High
SP-00048,Insulator,Northeast,tropical_cyclone,2024-11-22,0.275,3800.8,0.5390539359744964,High
SP-00048,Fittings,Northeast,tropical_cyclone,2024-11-22,0.28,11673.3,0.4883125159995495,Medium
SP-00048,Arrester,Northeast,tropical_cyclone,2024-11-22,0.32,62.6,0.591572662700485,High
SP-00049,Conductor,Northeast,summer_storm,2024-04-08,0.09,27793.2,0.2642704307846691,Low
SP-00049,Damper,Northeast,summer_storm,2024-04-08,0.215,26112.8,0.3507416384221287,Medium
SP-00049,Spacer,Northeast,summer_storm,2024-04-08,0.08,22590.8,0.29378448137567115,Low
SP-00049,Insulator,Northeast,summer_storm,2024-04-08,0.12,7664.5,0.4196784867071477,Medium
SP-00049,Fittings,Northeast,summer_storm,2024-04-08,0.045,32536.1,0.20489314519569798,Low
SP-00049,Arrester,Northeast,summer_storm,2024-04-08,0.14,6600.8,0.43893980756168577,Medium
SP-00050,Conductor,Northeast,southwest_monsoon,2024-06-15,0.065,33207.1,0.21231258085105661,Low
SP-00050,Conductor,Northeast,summer_storm,2024-05-14,0.09,33207.1,0.2273125808510566,Low
SP-00050,Damper,Northeast,southwest_monsoon,2024-06-15,0.13,22276.9,0.32592731170023587,Medium
SP-00050,Damper,Northeast,summer_storm,2024-05-14,0.145,22276.9,0.3349273117002358,Medium
SP-00050,Spacer,Northeast,southwest_monsoon,2024-06-15,0.105,13893.4,0.3681570601105207,Medium
SP-00050,Spacer,Northeast,summer_storm,2024-05-14,0.14,13893.4,0.3891570601105207,Medium
SP-00050,Insulator,Northeast,southwest_monsoon,2024-06-15,0.085,22010.0,0.3007492977264427,Medium
SP-00050,Insulator,Northeast,summer_storm,2024-05-14,0.095,22010.0,0.3067492977264427,Medium
SP-00050,Fittings,Northeast,southwest_monsoon,2024-06-15,0.08,40735.0,0.16992356396577207,Low
SP-00050,Fittings,Northeast,summer_storm,2024-05-14,0.05,40735.0,0.15192356396577208,Low
SP-00050,Arrester,Northeast,southwest_monsoon,2024-06-15,0.255,977.2,0.5463291691839292,High
SP-00050,Arrester,Northeast,summer_storm,2024-05-14,0.3,977.2,0.5733291691839291,High
SP-00052,Conductor,Northeast,southwest_monsoon,2024-08-22,0.12,21642.7,0.3242566617857375,Medium
SP-00052,Conductor,Northeast,tropical_cyclone,2024-11-16,0.35,21642.7,0.46225666178573743,Medium
SP-00052,Damper,Northeast,southwest_monsoon,2024-08-22,0.135,15997.2,0.37179552319806675,Medium
SP-00052,Damper,Northeast,tropical_cyclone,2024-11-16,0.245,15997.2,0.4377955231980667,Medium
SP-00052,Spacer,Northeast,southwest_monsoon,2024-08-22,0.245,3982.0,0.5198169788072101,High
SP-00052,Spacer,Northeast,tropical_cyclone,2024-11-16,0.32,3982.0,0.5648169788072102,High
SP-00052,Insulator,Northeast,southwest_monsoon,2024-08-22,0.14,648.0,0.479576444567321,Medium
SP-00052,Insulator,Northeast,tropical_cyclone,2024-11-16,0.46,648.0,0.671576444567321,High
SP-00052,Fittings,Northeast,southwest_monsoon,2024-08-22,0.225,5817.3,0.49528835028005613,Medium
SP-00052,Fittings,Northeast,tropical_cyclone,2024-11-16,0.345,5817.3,0.5672883502800561,High
SP-00052,Arrester,Northeast,southwest_monsoon,2024-08-22,0.14,254.9,0.482259931666991,Medium
SP-00052,Arrester,Northeast,tropical_cyclone,2024-11-16,0.395,254.9,0.6352599316669909,High
SP-00053,Conductor,Northeast,tropical_cyclone,2024-09-11,0.235,28710.5,0.3450085057871437,Medium
SP-00053,Conductor,Northeast,summer_storm,2024-05-19,0.095,28710.5,0.2610085057871437,Low
SP-00053,Damper,Northeast,tropical_cyclone,2024-09-11,0.385,2243.0,0.6156882178464521,High
SP-00053,Damper,Northeast,summer_storm,2024-05-19,0.205,2243.0,0.5076882178464521,High
SP-00053,Spacer,Northeast,tropical_cyclone,2024-09-11,0.25,6093.3,0.5084042433365077,High
SP-00053,Spacer,Northeast,summer_storm,2024-05-19,0.255,6093.3,0.5114042433365077,High
SP-00053,Insulator,Northeast,tropical_cyclone,2024-09-11,0.335,6139.1,0.5590915908074696,High
SP-00053,Insulator,Northeast,summer_storm,2024-05-19,0.235,6139.1,0.49909159080746957,Medium
SP-00053,Fittings,Northeast,tropical_cyclone,2024-09-11,0.435,3953.9,0.6340088027387816,High
SP-00053,Fittings,Northeast,summer_storm,2024-05-19,0.15,3953.9,0.46300880273878153,Medium
SP-00053,Arrester,Northeast,tropical_cyclone,2024-09-11,0.395,236.3,0.6353869040914475,High
SP-00053,Arrester,Northeast,summer_storm,2024-05-19,0.12,236.3,0.47038690409144746,Medium
SP-00054,Conductor,Northeast,summer_storm,2024-04-23,0.065,42316.9,0.15012476405997743,Low
SP-00054,Conductor,Northeast,southwest_monsoon,2024-08-06,0.065,42316.9,0.15012476405997743,Low
SP-00054,Damper,Northeast,summer_storm,2024-04-23,0.15,14131.7,0.3935303112531018,Medium
SP-00054,Damper,Northeast,southwest_monsoon,2024-08-06,0.1,14131.7,0.3635303112531018,Medium
SP-00054,Spacer,Northeast,summer_storm,2024-04-23,0.17,5246.7,0.4661835365916096,Medium
SP-00054,Spacer,Northeast,southwest_monsoon,2024-08-06,0.105,5246.7,0.4271835365916096,Medium
SP-00054,Insulator,Northeast,summer_storm,2024-04-23,0.145,14545.2,0.3877075640749956,Medium
SP-00054,Insulator,Northeast,southwest_monsoon,2024-08-06,0.115,14545.2,0.36970756407499566,Medium
SP-00054,Fittings,Northeast,summer_storm,2024-04-23,0.075,43919.8,0.14518260819108664,Low
SP-00054,Fittings,Northeast,southwest_monsoon,2024-08-06,0.095,43919.8,0.15718260819108665,Low
SP-00054,Arrester,Northeast,summer_storm,2024-04-23,0.155,8527.9,0.4347845086815689,Medium
SP-00054,Arrester,Northeast,southwest_monsoon,2024-08-06,0.135,8527.9,0.4227845086815689,Medium
SP-00062,Conductor,Northeast,southwest_monsoon,2024-06-07,0.075,24682.2,0.27650759274618825,Low
SP-00062,Damper,Northeast,southwest_monsoon,2024-06-07,0.13,4526.6,0.4470992808309185,Medium
SP-00062,Spacer,Northeast,southwest_monsoon,2024-06-07,0.15,3116.4,0.4687259750765419,Medium
SP-00062,Insulator,Northeast,southwest_monsoon,2024-06-07,0.145,4640.3,0.4553231106878697,Medium
SP-00062,Fittings,Northeast,southwest_monsoon,2024-06-07,0.245,20184.7,0.4092096615092652,Medium
SP-00062,Arrester,Northeast,southwest_monsoon,2024-06-07,0.165,1285.7,0.4902232018213034,Medium
SP-00063,Conductor,Northeast,summer_storm,2024-05-06,0.04,33107.3,0.1979938629994846,Low
SP-00063,Conductor,Northeast,heatwave,2024-04-08,0.015,33107.3,0.1829938629994846,Low
SP-00063,Damper,Northeast,summer_storm,2024-05-06,0.075,6668.6,0.39947697259511844,Medium
SP-00063,Damper,Northeast,heatwave,2024-04-08,0.045,6668.6,0.3814769725951185,Medium
SP-00063,Spacer,Northeast,summer_storm,2024-05-06,0.175,2628.1,0.48705934254224736,Medium
SP-00063,Spacer,Northeast,heatwave,2024-04-08,0.025,2628.1,0.3970593425422474,Medium
SP-00063,Insulator,Northeast,summer_storm,2024-05-06,0.22,2371.3,0.5158123811766795,High
SP-00063,Insulator,Northeast,heatwave,2024-04-08,0.115,2371.3,0.45281238117667943,Medium
SP-00063,Fittings,Northeast,summer_storm,2024-05-06,0.115,6826.2,0.4224011202244545,Medium
SP-00063,Fittings,Northeast,heatwave,2024-04-08,0.035,6826.2,0.3744011202244545,Medium
SP-00063,Arrester,Northeast,summer_storm,2024-05-06,0.075,10920.6,0.37045080330537894,Medium
SP-00063,Arrester,Northeast,heatwave,2024-04-08,0.025,10920.6,0.34045080330537897,Medium
SP-00067,Conductor,Northeast,southwest_monsoon,2024-07-27,0.17,16248.7,0.39107866487813037,Medium
SP-00067,Damper,Northeast,southwest_monsoon,2024-07-27,0.19,3363.8,0.49103710530178135,Medium
SP-00067,Spacer,Northeast,southwest_monsoon,2024-07-27,0.175,3066.7,0.4840652508558692,Medium
SP-00067,Insulator,Northeast,southwest_monsoon,2024-07-27,0.285,6719.9,0.525126774456698,High
SP-00067,Fittings,Northeast,southwest_monsoon,2024-07-27,0.095,17817.1,0.3353720223771832,Medium
SP-00067,Arrester,Northeast,southwest_monsoon,2024-07-27,0.255,0.0,0.553,High
SP-00068,Conductor,Northeast,southwest_monsoon,2024-06-25,0.09,24863.8,0.2842679049891289,Low
SP-00068,Damper,Northeast,southwest_monsoon,2024-06-25,0.155,1584.1,0.4821861818504525,Medium
SP-00068,Spacer,Northeast,southwest_monsoon,2024-06-25,0.09,7481.3,0.40292909682330014,Medium
SP-00068,Insulator,Northeast,southwest_monsoon,2024-06-25,0.18,1070.1,0.5006949897090899,High
SP-00068,Fittings,Northeast,southwest_monsoon,2024-06-25,0.12,10546.6,0.4000039047433758,Medium
SP-00068,Arrester,Northeast,southwest_monsoon,2024-06-25,0.245,0.0,0.547,High
SP-00070,Conductor,Northeast,summer_storm,2024-04-12,0.185,9981.4,0.44286222809299025,Medium
SP-00070,Conductor,Northeast,tropical_cyclone,2024-10-09,0.22,9981.4,0.46386222809299027,Medium
SP-00070,Conductor,Northeast,southwest_monsoon,2024-08-03,0.17,9981.4,0.43386222809299024,Medium
SP-00070,Damper,Northeast,summer_storm,2024-04-12,0.245,1467.5,0.5369821487693573,High
SP-00070,Damper,Northeast,tropical_cyclone,2024-10-09,0.375,1467.5,0.6149821487693573,High
SP-00070,Damper,Northeast,southwest_monsoon,2024-08-03,0.19,1467.5,0.5039821487693573,High
SP-00070,Spacer,Northeast,summer_storm,2024-04-12,0.25,2048.8,0.5360139191813692,High
SP-00070,Spacer,Northeast,tropical_cyclone,2024-10-09,0.455,2048.8,0.6590139191813692,High
SP-00070,Spacer,Northeast,southwest_monsoon,2024-08-03,0.24,2048.8,0.5300139191813692,High
SP-00070,Insulator,Northeast,summer_storm,2024-04-12,0.215,928.9,0.5226588878990501,High
SP-00070,Insulator,Northeast,tropical_cyclone,2024-10-09,0.375,928.9,0.6186588878990501,High
SP-00070,Insulator,Northeast,southwest_monsoon,2024-08-03,0.205,928.9,0.5166588878990501,High
SP-00070,Fittings,Northeast,summer_storm,2024-04-12,0.13,21743.9,0.329565822573103,Medium
SP-00070,Fittings,Northeast,tropical_cyclone,2024-10-09,0.26,21743.9,0.40756582257310303,Medium
SP-00070,Fittings,Northeast,southwest_monsoon,2024-08-03,0.11,21743.9,0.317565822573103,Medium
SP-00070,Arrester,Northeast,summer_storm,2024-04-12,0.14,0.0,0.48400000000000004,Medium
SP-00070,Arrester,Northeast,tropical_cyclone,2024-10-09,0.34,0.0,0.6040000000000001,High
SP-00070,Arrester,Northeast,southwest_monsoon,2024-08-03,0.19,0.0,0.514,High
SP-00072,Conductor,Northeast,summer_storm,2024-04-17,0.12,24403.5,0.30541013117070626,Medium
SP-00072,Conductor,Northeast,tropical_cyclone,2024-09-17,0.205,24403.5,0.35641013117070625,Medium
SP-00072,Damper,Northeast,summer_storm,2024-04-17,0.31,2737.5,0.5673125262392611,High
SP-00072,Damper,Northeast,tropical_cyclone,2024-09-17,0.43,2737.5,0.6393125262392612,High
SP-00072,Spacer,Northeast,summer_storm,2024-04-17,0.2,7549.5,0.4684635312669595,Medium
SP-00072,Spacer,Northeast,tropical_cyclone,2024-09-17,0.32,7549.5,0.5404635312669595,High
SP-00072,Insulator,Northeast,summer_storm,2024-04-17,0.145,9855.9,0.41971895063435016,Medium
SP-00072,Insulator,Northeast,tropical_cyclone,2024-09-17,0.25,9855.9,0.4827189506343502,Medium
SP-00072,Fittings,Northeast,summer_storm,2024-04-17,0.33,5143.6,0.562887346105667,High
SP-00072,Fittings,Northeast,tropical_cyclone,2024-09-17,0.435,5143.6,0.6258873461056671,High
SP-00072,Arrester,Northeast,summer_storm,2024-04-17,0.17,858.5,0.49613947169914363,Medium
SP-00072,Arrester,Northeast,tropical_cyclone,2024-09-17,0.39,858.5,0.6281394716991436,High
SP-00074,Conductor,Northeast,southwest_monsoon,2024-07-22,0.075,27687.2,0.2559940370745826,Low
SP-00074,Damper,Northeast,southwest_monsoon,2024-07-22,0.17,2681.1,0.48369753939729054,Medium
SP-00074,Spacer,Northeast,southwest_monsoon,2024-07-22,0.16,10874.2,0.421767551719077,Medium
SP-00074,Insulator,Northeast,southwest_monsoon,2024-07-22,0.165,2401.1,0.4826089522385717,Medium
SP-00074,Fittings,Northeast,southwest_monsoon,2024-07-22,0.095,19569.9,0.3234065779907638,Medium
SP-00074,Arrester,Northeast,southwest_monsoon,2024-07-22,0.18,871.3,0.5020520928263994,High
SP-00075,Conductor,Northeast,tropical_cyclone,2024-10-29,0.235,25373.3,0.3677898162654406,Medium
SP-00075,Damper,Northeast,tropical_cyclone,2024-10-29,0.305,8470.5,0.5251763483140315,High
SP-00075,Spacer,Northeast,tropical_cyclone,2024-10-29,0.245,26513.0,0.36600968335398343,Medium
SP-00075,Insulator,Northeast,tropical_cyclone,2024-10-29,0.335,7119.6,0.5523982326257693,High
SP-00075,Fittings,Northeast,tropical_cyclone,2024-10-29,0.285,30782.5,0.3608640507616639,Medium
SP-00075,Arrester,Northeast,tropical_cyclone,2024-10-29,0.38,1002.9,0.6211537287909972,High
SP-00076,Conductor,Northeast,southwest_monsoon,2024-09-27,0.105,39110.9,0.1960104410926455,Low
SP-00076,Conductor,Northeast,summer_storm,2024-04-05,0.09,39110.9,0.1870104410926455,Low
SP-00076,Conductor,Northeast,heatwave,2024-04-05,0.05,39110.9,0.1630104410926455,Low
SP-00076,Damper,Northeast,southwest_monsoon,2024-09-27,0.155,2615.6,0.47514467347266165,Medium
SP-00076,Damper,Northeast,summer_storm,2024-04-05,0.165,2615.6,0.48114467347266165,Medium
SP-00076,Damper,Northeast,heatwave,2024-04-05,0.045,2615.6,0.4091446734726617,Medium
SP-00076,Spacer,Northeast,southwest_monsoon,2024-09-27,0.095,15253.4,0.35287305488144116,Medium
SP-00076,Spacer,Northeast,summer_storm,2024-04-05,0.06,15253.4,0.33187305488144114,Medium
SP-00076,Spacer,Northeast,heatwave,2024-04-05,0.06,15253.4,0.33187305488144114,Medium
SP-00076,Insulator,Northeast,southwest_monsoon,2024-09-27,0.14,3336.1,0.46122619864357955,Medium
SP-00076,Insulator,Northeast,summer_storm,2024-04-05,0.13,3336.1,0.45522619864357955,Medium
SP-00076,Insulator,Northeast,heatwave,2024-04-05,0.07,3336.1,0.4192261986435795,Medium
SP-00076,Fittings,Northeast,southwest_monsoon,2024-09-27,0.085,30416.4,0.24336322305163888,Low
SP-00076,Fittings,Northeast,summer_storm,2024-04-05,0.08,30416.4,0.24036322305163887,Low
SP-00076,Fittings,Northeast,heatwave,2024-04-05,0.04,30416.4,0.21636322305163888,Low
SP-00076,Arrester,Northeast,southwest_monsoon,2024-09-27,0.135,2810.4,0.46181487625308476,Medium
SP-00076,Arrester,Northeast,summer_storm,2024-04-05,0.14,2810.4,0.46481487625308476,Medium
SP-00076,Arrester,Northeast,heatwave,2024-04-05,0.045,2810.4,0.40781487625308477,Medium
SP-00079,Conductor,Northeast,southwest_monsoon,2024-09-14,0.06,45094.7,0.1281621833795827,Low
SP-00079,Conductor,Northeast,tropical_cyclone,2024-09-14,0.19,45094.7,0.2061621833795827,Low
SP-00079,Damper,Northeast,southwest_monsoon,2024-09-14,0.145,5750.1,0.4477470893619636,Medium
SP-00079,Damper,Northeast,tropical_cyclone,2024-09-14,0.335,5750.1,0.5617470893619636,High
SP-00079,Spacer,Northeast,southwest_monsoon,2024-09-14,0.1,13777.6,0.36594756584987903,Medium
SP-00079,Spacer,Northeast,tropical_cyclone,2024-09-14,0.205,13777.6,0.42894756584987903,Medium
SP-00079,Insulator,Northeast,southwest_monsoon,2024-09-14,0.085,22977.6,0.29414400106493005,Low
SP-00079,Insulator,Northeast,tropical_cyclone,2024-09-14,0.17,22977.6,0.34514400106493004,Medium
SP-00079,Fittings,Northeast,southwest_monsoon,2024-09-14,0.07,33496.4,0.21333768179754728,Low
SP-00079,Fittings,Northeast,tropical_cyclone,2024-09-14,0.125,33496.4,0.24633768179754728,Low
SP-00079,Arrester,Northeast,southwest_monsoon,2024-09-14,0.31,1319.3,0.5769938322803496,High
SP-00079,Arrester,Northeast,tropical_cyclone,2024-09-14,0.335,1319.3,0.5919938322803497,High
SP-00080,Conductor,Northeast,summer_storm,2024-05-21,0.08,24464.4,0.28099439887772765,Low
SP-00080,Conductor,Northeast,tropical_cyclone,2024-09-03,0.215,24464.4,0.36199439887772766,Medium
SP-00080,Damper,Northeast,summer_storm,2024-05-21,0.08,23155.6,0.28992888861582994,Low
SP-00080,Damper,Northeast,tropical_cyclone,2024-09-03,0.23,23155.6,0.37992888861582996,Medium
SP-00080,Spacer,Northeast,summer_storm,2024-05-21,0.125,13484.6,0.38294772285879103,Medium
SP-00080,Spacer,Northeast,tropical_cyclone,2024-09-03,0.39,13484.6,0.541947722858791,High
SP-00080,Insulator,Northeast,summer_storm,2024-05-21,0.125,11985.7,0.3931799253866345,Medium
SP-00080,Insulator,Northeast,tropical_cyclone,2024-09-03,0.315,11985.7,0.5071799253866345,High
SP-00080,Fittings,Northeast,summer_storm,2024-05-21,0.065,27212.9,0.25323183389822407,Low
SP-00080,Fittings,Northeast,tropical_cyclone,2024-09-03,0.23,27212.9,0.3522318338982241,Medium
SP-00080,Arrester,Northeast,summer_storm,2024-05-21,0.21,1348.2,0.5167965471692317,High
SP-00080,Arrester,Northeast,tropical_cyclone,2024-09-03,0.52,1348.2,0.7027965471692317,Critical
SP-00087,Conductor,Northeast,summer_storm,2024-05-02,0.255,19073.5,0.42279523989937773,Medium
SP-00087,Damper,Northeast,summer_storm,2024-05-02,0.155,10494.3,0.4213609293562294,Medium
SP-00087,Spacer,Northeast,summer_storm,2024-05-02,0.155,4250.3,0.46398543571679696,Medium
SP-00087,Insulator,Northeast,summer_storm,2024-05-02,0.2,576.2,0.5160665854316209,High
SP-00087,Fittings,Northeast,summer_storm,2024-05-02,0.14,23952.7,0.3204875058451688,Medium
SP-00087,Arrester,Northeast,summer_storm,2024-05-02,0.155,1045.7,0.4858615556852586,Medium
SP-00088,Conductor,Northeast,heatwave,2024-04-15,0.08,44764.0,0.14241969847462432,Low
SP-00088,Conductor,Northeast,summer_storm,2024-05-28,0.075,44764.0,0.13941969847462432,Low
SP-00088,Damper,Northeast,heatwave,2024-04-15,0.08,8516.2,0.38986437843243665,Medium
SP-00088,Damper,Northeast,summer_storm,2024-05-28,0.06,8516.2,0.37786437843243664,Medium
SP-00088,Spacer,Northeast,heatwave,2024-04-15,0.075,10717.9,0.37183452967297775,Medium
SP-00088,Spacer,Northeast,summer_storm,2024-05-28,0.08,10717.9,0.37483452967297776,Medium
SP-00088,Insulator,Northeast,heatwave,2024-04-15,0.045,7406.6,0.3764390344634562,Medium
SP-00088,Insulator,Northeast,summer_storm,2024-05-28,0.095,7406.6,0.4064390344634562,Medium
SP-00088,Fittings,Northeast,heatwave,2024-04-15,0.075,24573.6,0.277248947869628,Low
SP-00088,Fittings,Northeast,summer_storm,2024-05-28,0.095,24573.6,0.289248947869628,Low
SP-00088,Arrester,Northeast,heatwave,2024-04-15,0.12,1768.5,0.45992737996498023,Medium
SP-00088,Arrester,Northeast,summer_storm,2024-05-28,0.12,1768.5,0.45992737996498023,Medium
SP-00089,Conductor,Northeast,southwest_monsoon,2024-06-01,0.295,6162.0,0.5349352645429505,High
SP-00089,Damper,Northeast,southwest_monsoon,2024-06-01,0.14,7955.7,0.4296906173522154,Medium
SP-00089,Spacer,Northeast,southwest_monsoon,2024-06-01,0.085,21344.5,0.3052923164617018,Medium
SP-00089,Insulator,Northeast,southwest_monsoon,2024-06-01,0.2,1878.7,0.5071751024824475,High
SP-00089,Fittings,Northeast,southwest_monsoon,2024-06-01,0.3,5152.9,0.5448238598934387,High
SP-00089,Arrester,Northeast,southwest_monsoon,2024-06-01,0.135,127.7,0.4801282592148872,Medium
SP-00091,Conductor,Northeast,heatwave,2024-04-08,0.095,23047.4,0.29966751314949636,Low
SP-00091,Damper,Northeast,heatwave,2024-04-08,0.105,1543.5,0.4524633367124382,Medium
SP-00091,Spacer,Northeast,heatwave,2024-04-08,0.045,1585.7,0.4161752594913594,Medium
SP-00091,Insulator,Northeast,heatwave,2024-04-08,0.075,1077.4,0.4376451564457278,Medium
SP-00091,Fittings,Northeast,heatwave,2024-04-08,0.115,18721.8,0.34119611095751545,Medium
SP-00091,Arrester,Northeast,heatwave,2024-04-08,0.06,0.0,0.436,Medium
SP-00092,Conductor,Northeast,heatwave,2024-04-06,0.08,21797.7,0.29919855824859976,Low
SP-00092,Conductor,Northeast,tropical_cyclone,2024-08-17,0.27,21797.7,0.41319855824859975,Medium
SP-00092,Damper,Northeast,heatwave,2024-04-06,0.075,13475.9,0.3530071131863593,Medium
SP-00092,Damper,Northeast,tropical_cyclone,2024-08-17,0.19,13475.9,0.4220071131863593,Medium
SP-00092,Spacer,Northeast,heatwave,2024-04-06,0.055,6282.8,0.39011062643142635,Medium
SP-00092,Spacer,Northeast,tropical_cyclone,2024-08-17,0.265,6282.8,0.5161106264314264,High
SP-00092,Insulator,Northeast,heatwave,2024-04-06,0.105,15586.1,0.35660188683753336,Medium
SP-00092,Insulator,Northeast,tropical_cyclone,2024-08-17,0.175,15586.1,0.39860188683753334,Medium
SP-00092,Fittings,Northeast,heatwave,2024-04-06,0.09,32308.9,0.23344412018690885,Low
SP-00092,Fittings,Northeast,tropical_cyclone,2024-08-17,0.255,32308.9,0.33244412018690883,Medium
SP-00092,Arrester,Northeast,heatwave,2024-04-06,0.06,1846.0,0.4233983281964113,Medium
SP-00092,Arrester,Northeast,tropical_cyclone,2024-08-17,0.405,1846.0,0.6303983281964114,High
SP-00094,Conductor,Northeast,southwest_monsoon,2024-07-09,0.09,25084.6,0.2827606194342901,Low
SP-00094,Damper,Northeast,southwest_monsoon,2024-07-09,0.3,5732.4,0.5408679179594302,High
SP-00094,Spacer,Northeast,southwest_monsoon,2024-07-09,0.205,3510.3,0.4990370267973254,Medium
SP-00094,Insulator,Northeast,southwest_monsoon,2024-07-09,0.325,2217.0,0.579865706181714,High
SP-00094,Fittings,Northeast,southwest_monsoon,2024-07-09,0.385,8040.4,0.5761124149677279,High
SP-00094,Arrester,Northeast,southwest_monsoon,2024-07-09,0.195,206.9,0.515587602439782,High
SP-00095,Conductor,Northeast,summer_storm,2024-04-21,0.135,23572.6,0.3200822487772078,Medium
SP-00095,Conductor,Northeast,southwest_monsoon,2024-08-10,0.12,23572.6,0.3110822487772078,Medium
SP-00095,Damper,Northeast,summer_storm,2024-04-21,0.19,2446.8,0.49729698235697684,Medium
SP-00095,Damper,Northeast,southwest_monsoon,2024-08-10,0.245,2446.8,0.5302969823569769,High
SP-00095,Spacer,Northeast,summer_storm,2024-04-21,0.14,11908.7,0.4027055639179868,Medium
SP-00095,Spacer,Northeast,southwest_monsoon,2024-08-10,0.095,11908.7,0.37570556391798676,Medium
SP-00095,Insulator,Northeast,summer_storm,2024-04-21,0.14,358.5,0.48155270891571694,Medium
SP-00095,Insulator,Northeast,southwest_monsoon,2024-08-10,0.145,358.5,0.4845527089157169,Medium
SP-00095,Fittings,Northeast,summer_storm,2024-04-21,0.14,14054.7,0.3880559497844541,Medium
SP-00095,Fittings,Northeast,southwest_monsoon,2024-08-10,0.15,14054.7,0.39405594978445413,Medium
SP-00095,Arrester,Northeast,summer_storm,2024-04-21,0.175,322.8,0.5027964140529803,High
SP-00095,Arrester,Northeast,southwest_monsoon,2024-08-10,0.215,322.8,0.5267964140529803,High
SP-00097,Conductor,Northeast,tropical_cyclone,2024-10-02,0.315,10879.6,0.5147306887571379,High
SP-00097,Damper,Northeast,tropical_cyclone,2024-10-02,0.605,3466.8,0.7393339784351673,Critical
SP-00097,Spacer,Northeast,tropical_cyclone,2024-10-02,0.52,3513.0,0.688018595316356,High
SP-00097,Insulator,Northeast,tropical_cyclone,2024-10-02,0.35,1818.4,0.5975867388907662,High
SP-00097,Fittings,Northeast,tropical_cyclone,2024-10-02,0.325,18551.3,0.4683600248483669,Medium
SP-00097,Arrester,Northeast,tropical_cyclone,2024-10-02,0.375,0.0,0.625,High
SP-00098,Conductor,Northeast,tropical_cyclone,2024-09-29,0.25,13036.0,0.46101007928950055,Medium
SP-00098,Damper,Northeast,tropical_cyclone,2024-09-29,0.485,2269.5,0.6755073162739738,High
SP-00098,Spacer,Northeast,tropical_cyclone,2024-09-29,0.33,2492.3,0.5809863777702686,High
SP-00098,Insulator,Northeast,tropical_cyclone,2024-09-29,0.4,2291.3,0.6243584991313311,High
SP-00098,Fittings,Northeast,tropical_cyclone,2024-09-29,0.355,4951.9,0.5791959812545012,High
SP-00098,Arrester,Northeast,tropical_cyclone,2024-09-29,0.425,1050.7,0.6478274233130928,High
SP-00099,Conductor,Northeast,southwest_monsoon,2024-09-03,0.11,18628.4,0.33883370366957133,Medium
SP-00099,Damper,Northeast,southwest_monsoon,2024-09-03,0.255,1605.9,0.5420373647078098,High
SP-00099,Spacer,Northeast,southwest_monsoon,2024-09-03,0.14,1467.6,0.47398146612191405,Medium
SP-00099,Insulator,Northeast,southwest_monsoon,2024-09-03,0.165,5143.6,0.46388734610566706,Medium
SP-00099,Fittings,Northeast,southwest_monsoon,2024-09-03,0.14,4918.0,0.4504273987377849,Medium
SP-00099,Arrester,Northeast,southwest_monsoon,2024-09-03,0.195,0.0,0.517,High
SP-00101,Conductor,Northeast,tropical_cyclone,2024-10-01,0.245,10919.1,0.4724610430170286,Medium
SP-00101,Damper,Northeast,tropical_cyclone,2024-10-01,0.47,1471.3,0.6719562081665114,High
SP-00101,Spacer,Northeast,tropical_cyclone,2024-10-01,0.33,1832.0,0.5854938988384755,High
SP-00101,Insulator,Northeast,tropical_cyclone,2024-10-01,0.405,1281.8,0.6342498250715927,High
SP-00101,Fittings,Northeast,tropical_cyclone,2024-10-01,0.315,14907.5,0.4872343323878666,Medium
SP-00101,Arrester,Northeast,tropical_cyclone,2024-10-01,0.395,0.0,0.637,High
SP-00102,Conductor,Northeast,heatwave,2025-03-24,0.065,9204.5,0.37616571608010185,Medium
SP-00102,Damper,Northeast,heatwave,2025-03-24,0.06,2123.7,0.4215026162463265,Medium
SP-00102,Spacer,Northeast,heatwave,2025-03-24,0.035,10033.4,0.35250725142246664,Medium
SP-00102,Insulator,Northeast,heatwave,2025-03-24,0.09,1143.3,0.4461952917805835,Medium
SP-00102,Fittings,Northeast,heatwave,2025-03-24,0.025,31422.0,0.20049852036166665,Low
SP-00102,Arrester,Northeast,heatwave,2025-03-24,0.065,1052.8,0.43181308771678323,Medium
SP-00104,Conductor,Northeast,southwest_monsoon,2024-09-17,0.105,18756.4,0.33495991494212857,Medium
SP-00104,Conductor,Northeast,summer_storm,2024-05-14,0.13,18756.4,0.3499599149421286,Medium
SP-00104,Damper,Northeast,southwest_monsoon,2024-09-17,0.155,6507.1,0.44857944821607154,Medium
SP-00104,Damper,Northeast,summer_storm,2024-05-14,0.155,6507.1,0.44857944821607154,Medium
SP-00104,Spacer,Northeast,southwest_monsoon,2024-09-17,0.2,6654.6,0.47457254323718245,Medium
SP-00104,Spacer,Northeast,summer_storm,2024-05-14,0.145,6654.6,0.4415725432371824,Medium
SP-00104,Insulator,Northeast,southwest_monsoon,2024-09-17,0.155,2018.9,0.47921803076692027,Medium
SP-00104,Insulator,Northeast,summer_storm,2024-05-14,0.2,2018.9,0.5062180307669203,High
SP-00104,Fittings,Northeast,southwest_monsoon,2024-09-17,0.085,29352.7,0.25062454390617694,Low
SP-00104,Fittings,Northeast,summer_storm,2024-05-14,0.08,29352.7,0.24762454390617694,Low
SP-00104,Arrester,Northeast,southwest_monsoon,2024-09-17,0.165,777.5,0.49369241612822856,Medium
SP-00104,Arrester,Northeast,summer_storm,2024-05-14,0.15,777.5,0.48469241612822855,Medium
SP-00105,Conductor,Northeast,summer_storm,2024-05-20,0.09,28275.6,0.2609773395181192,Low
SP-00105,Conductor,Northeast,southwest_monsoon,2024-07-23,0.12,28275.6,0.2789773395181192,Low
SP-00105,Damper,Northeast,summer_storm,2024-05-20,0.1,21924.2,0.31033500923280666,Medium
SP-00105,Damper,Northeast,southwest_monsoon,2024-07-23,0.165,21924.2,0.3493350092328067,Medium
SP-00105,Spacer,Northeast,summer_storm,2024-05-20,0.11,17993.3,0.34316919758206277,Medium
SP-00105,Spacer,Northeast,southwest_monsoon,2024-07-23,0.17,17993.3,0.3791691975820628,Medium
SP-00105,Insulator,Northeast,summer_storm,2024-05-20,0.1,22108.8,0.30907484205244784,Medium
SP-00105,Insulator,Northeast,southwest_monsoon,2024-07-23,0.14,22108.8,0.33307484205244786,Medium
SP-00105,Fittings,Northeast,summer_storm,2024-05-20,0.085,16501.2,0.33835498008376086,Medium
SP-00105,Fittings,Northeast,southwest_monsoon,2024-07-23,0.165,16501.2,0.3863549800837609,Medium
SP-00105,Arrester,Northeast,summer_storm,2024-05-20,0.13,7142.7,0.4292405410663636,Medium
SP-00105,Arrester,Northeast,southwest_monsoon,2024-07-23,0.13,7142.7,0.4292405410663636,Medium
SP-00106,Conductor,Northeast,tropical_cyclone,2024-11-23,0.29,19549.3,0.44054720336408665,Medium
SP-00106,Conductor,Northeast,southwest_monsoon,2024-09-13,0.15,19549.3,0.35654720336408663,Medium
SP-00106,Damper,Northeast,tropical_cyclone,2024-11-23,0.36,1873.2,0.6032126480918297,High
SP-00106,Damper,Northeast,southwest_monsoon,2024-09-13,0.135,1873.2,0.4682126480918298,Medium
SP-00106,Spacer,Northeast,tropical_cyclone,2024-11-23,0.38,2556.1,0.610550848701434,High
SP-00106,Spacer,Northeast,southwest_monsoon,2024-09-13,0.235,2556.1,0.523550848701434,High
SP-00106,Insulator,Northeast,tropical_cyclone,2024-11-23,0.225,12758.7,0.44790306064981217,Medium
SP-00106,Insulator,Northeast,southwest_monsoon,2024-09-13,0.165,12758.7,0.4119030606498122,Medium
SP-00106,Fittings,Northeast,tropical_cyclone,2024-11-23,0.185,37588.4,0.2544037484171113,Low
SP-00106,Fittings,Northeast,southwest_monsoon,2024-09-13,0.095,37588.4,0.20040374841711125,Low
SP-00106,Arrester,Northeast,tropical_cyclone,2024-11-23,0.435,1651.3,0.649727442768545,High
SP-00106,Arrester,Northeast,southwest_monsoon,2024-09-13,0.22,1651.3,0.520727442768545,High
SP-00107,Conductor,Northeast,southwest_monsoon,2024-06-18,0.075,23242.7,0.2863343026927028,Low
SP-00107,Conductor,Northeast,heatwave,2024-04-07,0.03,23242.7,0.25933430269270286,Low
SP-00107,Conductor,Northeast,summer_storm,2024-04-13,0.09,23242.7,0.29533430269270283,Low
SP-00107,Damper,Northeast,southwest_monsoon,2024-06-18,0.105,9036.5,0.4013125637848705,Medium
SP-00107,Damper,Northeast,heatwave,2024-04-07,0.07,9036.5,0.3803125637848705,Medium
SP-00107,Damper,Northeast,summer_storm,2024-04-13,0.085,9036.5,0.3893125637848705,Medium
SP-00107,Spacer,Northeast,southwest_monsoon,2024-06-18,0.105,8709.5,0.40354482092450944,Medium
SP-00107,Spacer,Northeast,heatwave,2024-04-07,0.055,8709.5,0.37354482092450947,Medium
SP-00107,Spacer,Northeast,summer_storm,2024-04-13,0.115,8709.5,0.40954482092450945,Medium
SP-00107,Insulator,Northeast,southwest_monsoon,2024-06-18,0.105,637.6,0.45864743990142576,Medium
SP-00107,Insulator,Northeast,heatwave,2024-04-07,0.07,637.6,0.43764743990142574,Medium
SP-00107,Insulator,Northeast,summer_storm,2024-04-13,0.155,637.6,0.4886474399014258,Medium
SP-00107,Fittings,Northeast,southwest_monsoon,2024-06-18,0.085,23492.4,0.29062973202674613,Low
SP-00107,Fittings,Northeast,heatwave,2024-04-07,0.03,23492.4,0.2576297320267461,Low
SP-00107,Fittings,Northeast,summer_storm,2024-04-13,0.065,23492.4,0.2786297320267461,Low
SP-00107,Arrester,Northeast,southwest_monsoon,2024-06-18,0.125,476.1,0.47174991552237894,Medium
SP-00107,Arrester,Northeast,heatwave,2024-04-07,0.055,476.1,0.42974991552237896,Medium
SP-00107,Arrester,Northeast,summer_storm,2024-04-13,0.17,476.1,0.4987499155223789,Medium
SP-00111,Conductor,Northeast,heatwave,2024-04-10,0.035,38199.5,0.1602320898910153,Low
SP-00111,Damper,Northeast,heatwave,2024-04-10,0.03,13779.7,0.3239332302535694,Medium
SP-00111,Spacer,Northeast,heatwave,2024-04-10,0.03,18635.8,0.29078318775876605,Low
SP-00111,Insulator,Northeast,heatwave,2024-04-10,0.1,1454.8,0.4500688449946583,Medium
SP-00111,Fittings,Northeast,heatwave,2024-04-10,0.04,28638.7,0.22849864665144368,Low
SP-00111,Arrester,Northeast,heatwave,2024-04-10,0.045,1363.7,0.417690736815518,Medium
SP-00113,Conductor,Northeast,southwest_monsoon,2024-09-18,0.125,16089.0,0.36516885284510386,Medium
SP-00113,Damper,Northeast,southwest_monsoon,2024-09-18,0.28,3497.1,0.544127136259843,High
SP-00113,Spacer,Northeast,southwest_monsoon,2024-09-18,0.13,1384.0,0.4685521593845251,Medium
SP-00113,Insulator,Northeast,southwest_monsoon,2024-09-18,0.16,0.0,0.496,Medium
SP-00113,Fittings,Northeast,southwest_monsoon,2024-09-18,0.135,4347.2,0.451323950344225,Medium
SP-00113,Arrester,Northeast,southwest_monsoon,2024-09-18,0.295,0.0,0.577,High
SP-00115,Conductor,Northeast,tropical_cyclone,2024-10-24,0.215,23184.3,0.3707329687995986,Medium
SP-00115,Damper,Northeast,tropical_cyclone,2024-10-24,0.34,4441.0,0.5736836270423958,High
SP-00115,Spacer,Northeast,tropical_cyclone,2024-10-24,0.28,6512.9,0.5235398546643594,High
SP-00115,Insulator,Northeast,tropical_cyclone,2024-10-24,0.565,2397.4,0.7226342101939742,Critical
SP-00115,Fittings,Northeast,tropical_cyclone,2024-10-24,0.405,4284.4,0.6137526529386266,High
SP-00115,Arrester,Northeast,tropical_cyclone,2024-10-24,0.32,3603.3,0.5674021646750428,High
SP-00116,Conductor,Northeast,tropical_cyclone,2024-09-17,0.24,11543.8,0.465196544438642,Medium
SP-00116,Conductor,Northeast,southwest_monsoon,2024-06-22,0.22,11543.8,0.453196544438642,Medium
SP-00116,Damper,Northeast,tropical_cyclone,2024-09-17,0.365,1934.5,0.6057941852090779,High
SP-00116,Damper,Northeast,southwest_monsoon,2024-06-22,0.125,1934.5,0.4617941852090779,Medium
SP-00116,Spacer,Northeast,tropical_cyclone,2024-09-17,0.35,2269.7,0.5945059509790871,High
SP-00116,Spacer,Northeast,southwest_monsoon,2024-06-22,0.205,2269.7,0.5075059509790871,High
SP-00116,Insulator,Northeast,tropical_cyclone,2024-09-17,0.435,1090.1,0.6535584602204269,High
SP-00116,Insulator,Northeast,southwest_monsoon,2024-06-22,0.12,1090.1,0.46455846022042685,Medium
SP-00116,Fittings,Northeast,tropical_cyclone,2024-09-17,0.285,14442.1,0.4724113735890531,Medium
SP-00116,Fittings,Northeast,southwest_monsoon,2024-06-22,0.125,14442.1,0.37641137358905313,Medium
SP-00116,Arrester,Northeast,tropical_cyclone,2024-09-17,0.39,1676.8,0.6225533676704997,High
SP-00116,Arrester,Northeast,southwest_monsoon,2024-06-22,0.2,1676.8,0.5085533676704997,High
SP-00117,Conductor,Northeast,tropical_cyclone,2024-08-21,0.22,24630.4,0.3638612041218253,Medium
SP-00117,Damper,Northeast,tropical_cyclone,2024-08-21,0.395,1962.7,0.6236016786300631,High
SP-00117,Spacer,Northeast,tropical_cyclone,2024-08-21,0.455,2953.2,0.6528400557040315,High
SP-00117,Insulator,Northeast,tropical_cyclone,2024-08-21,0.315,997.7,0.5821892264580497,High
SP-00117,Fittings,Northeast,tropical_cyclone,2024-08-21,0.195,23817.6,0.3544097625410869,Medium
SP-00117,Arrester,Northeast,tropical_cyclone,2024-08-21,0.32,0.0,0.5920000000000001,High
SP-00118,Conductor,Northeast,summer_storm,2024-05-15,0.085,21049.2,0.30730817436181,Medium
SP-00118,Conductor,Northeast,southwest_monsoon,2024-06-02,0.07,21049.2,0.29830817436181,Low
SP-00118,Damper,Northeast,summer_storm,2024-05-15,0.125,1724.0,0.4632311580772553,Medium
SP-00118,Damper,Northeast,southwest_monsoon,2024-06-02,0.065,1724.0,0.42723115807725526,Medium
SP-00118,Spacer,Northeast,summer_storm,2024-05-15,0.165,1972.5,0.48553477918061827,Medium
SP-00118,Spacer,Northeast,southwest_monsoon,2024-06-02,0.165,1972.5,0.48553477918061827,Medium
SP-00118,Insulator,Northeast,summer_storm,2024-05-15,0.2,1908.1,0.5069744041341129,High
SP-00118,Insulator,Northeast,southwest_monsoon,2024-06-02,0.11,1908.1,0.45297440413411294,Medium
SP-00118,Fittings,Northeast,summer_storm,2024-05-15,0.125,25132.4,0.30343431395638565,Medium
SP-00118,Fittings,Northeast,southwest_monsoon,2024-06-02,0.075,25132.4,0.2734343139563856,Low
SP-00118,Arrester,Northeast,summer_storm,2024-05-15,0.22,211.1,0.5305589312471628,High
SP-00118,Arrester,Northeast,southwest_monsoon,2024-06-02,0.115,211.1,0.46755893124716275,Medium
SP-00122,Conductor,Northeast,southwest_monsoon,2024-09-02,0.18,9899.4,0.44042199899650825,Medium
SP-00122,Damper,Northeast,southwest_monsoon,2024-09-02,0.16,1656.6,0.48469126245404925,Medium
SP-00122,Spacer,Northeast,southwest_monsoon,2024-09-02,0.235,3284.3,0.5185798100192165,High
SP-00122,Insulator,Northeast,southwest_monsoon,2024-09-02,0.17,2022.5,0.488193455458961,Medium
SP-00122,Fittings,Northeast,southwest_monsoon,2024-09-02,0.165,10954.5,0.4242193858220953,Medium
SP-00122,Arrester,Northeast,southwest_monsoon,2024-09-02,0.15,784.4,0.4846453134546398,Medium
SP-00123,Conductor,Northeast,tropical_cyclone,2024-10-27,0.19,40048.6,0.2406092560166839,Low
SP-00123,Conductor,Northeast,heatwave,2024-04-09,0.05,40048.6,0.1566092560166839,Low
SP-00123,Damper,Northeast,tropical_cyclone,2024-10-27,0.2,15022.9,0.41744655723828156,Medium
SP-00123,Damper,Northeast,heatwave,2024-04-09,0.08,15022.9,0.34544655723828155,Medium
SP-00123,Spacer,Northeast,tropical_cyclone,2024-10-27,0.21,11606.2,0.44677057243401364,Medium
SP-00123,Spacer,Northeast,heatwave,2024-04-09,0.07,11606.2,0.3627705724340136,Medium
SP-00123,Insulator,Northeast,tropical_cyclone,2024-10-27,0.17,29157.0,0.30296048495274375,Medium
SP-00123,Insulator,Northeast,heatwave,2024-04-09,0.085,29157.0,0.25196048495274376,Low
SP-00123,Fittings,Northeast,tropical_cyclone,2024-10-27,0.18,38667.0,0.24404071309351927,Low
SP-00123,Fittings,Northeast,heatwave,2024-04-09,0.045,38667.0,0.16304071309351928,Low
SP-00123,Arrester,Northeast,tropical_cyclone,2024-10-27,0.425,380.1,0.652405257067961,High
SP-00123,Arrester,Northeast,heatwave,2024-04-09,0.06,380.1,0.43340525706796096,Medium
SP-00125,Conductor,Northeast,southwest_monsoon,2024-09-05,0.18,7251.9,0.45849509005826394,Medium
SP-00125,Conductor,Northeast,summer_storm,2024-05-15,0.13,7251.9,0.42849509005826397,Medium
SP-00125,Damper,Northeast,southwest_monsoon,2024-09-05,0.29,2682.0,0.5556913955703007,High
SP-00125,Damper,Northeast,summer_storm,2024-05-15,0.185,2682.0,0.4926913955703007,Medium
SP-00125,Spacer,Northeast,southwest_monsoon,2024-09-05,0.175,8200.6,0.4490188137635378,Medium
SP-00125,Spacer,Northeast,summer_storm,2024-05-15,0.165,8200.6,0.4430188137635378,Medium
SP-00125,Insulator,Northeast,southwest_monsoon,2024-09-05,0.195,1691.1,0.5054557490861058,High
SP-00125,Insulator,Northeast,summer_storm,2024-05-15,0.175,1691.1,0.49345574908610573,Medium
SP-00125,Fittings,Northeast,southwest_monsoon,2024-09-05,0.18,6435.6,0.46406754113804155,Medium
SP-00125,Fittings,Northeast,summer_storm,2024-05-15,0.095,6435.6,0.41306754113804156,Medium
SP-00125,Arrester,Northeast,southwest_monsoon,2024-09-05,0.305,1375.9,0.5736074538274336,High
SP-00125,Arrester,Northeast,summer_storm,2024-05-15,0.195,1375.9,0.5076074538274336,High
SP-00126,Conductor,Northeast,southwest_monsoon,2024-09-04,0.07,39620.1,0.17153440031128728,Low
SP-00126,Conductor,Northeast,heatwave,2025-03-07,0.095,39620.1,0.18653440031128726,Low
SP-00126,Damper,Northeast,southwest_monsoon,2024-09-04,0.225,3136.3,0.5135901282353222,High
SP-00126,Damper,Northeast,heatwave,2025-03-07,0.095,3136.3,0.4355901282353222,Medium
SP-00126,Spacer,Northeast,southwest_monsoon,2024-09-04,0.18,5865.9,0.4679565836226052,Medium
SP-00126,Spacer,Northeast,heatwave,2025-03-07,0.08,5865.9,0.40795658362260523,Medium
SP-00126,Insulator,Northeast,southwest_monsoon,2024-09-04,0.135,328.3,0.478758868443598,Medium
SP-00126,Insulator,Northeast,heatwave,2025-03-07,0.075,328.3,0.44275886844359796,Medium
SP-00126,Fittings,Northeast,southwest_monsoon,2024-09-04,0.165,16515.7,0.38625599620448026,Medium
SP-00126,Fittings,Northeast,heatwave,2025-03-07,0.055,16515.7,0.3202559962044802,Medium
SP-00126,Arrester,Northeast,southwest_monsoon,2024-09-04,0.145,960.9,0.4804404407171894,Medium
SP-00126,Arrester,Northeast,heatwave,2025-03-07,0.08,960.9,0.4414404407171894,Medium
SP-00127,Conductor,Northeast,heatwave,2025-03-27,0.09,28718.1,0.2579566245814518,Low
SP-00127,Conductor,Northeast,summer_storm,2024-04-10,0.065,28718.1,0.2429566245814518,Low
SP-00127,Damper,Northeast,heatwave,2025-03-27,0.115,17879.2,0.3469480983148848,Medium
SP-00127,Damper,Northeast,summer_storm,2024-04-10,0.08,17879.2,0.3259480983148848,Medium
SP-00127,Spacer,Northeast,heatwave,2025-03-27,0.125,16174.2,0.3645872372233998,Medium
SP-00127,Spacer,Northeast,summer_storm,2024-04-10,0.085,16174.2,0.3405872372233998,Medium
SP-00127,Insulator,Northeast,heatwave,2025-03-27,0.105,50248.2,0.11998194738836157,Low
SP-00127,Insulator,Northeast,summer_storm,2024-04-10,0.075,50248.2,0.10198194738836158,Low
SP-00127,Fittings,Northeast,heatwave,2025-03-27,0.095,36156.4,0.21017925980537722,Low
SP-00127,Fittings,Northeast,summer_storm,2024-04-10,0.075,36156.4,0.1981792598053772,Low
SP-00127,Arrester,Northeast,heatwave,2025-03-27,0.12,5919.1,0.4315934151827618,Medium
SP-00127,Arrester,Northeast,summer_storm,2024-04-10,0.1,5919.1,0.4195934151827618,Medium
SP-00128,Conductor,Northeast,tropical_cyclone,2024-09-02,0.315,16676.6,0.47515761646818694,Medium
SP-00128,Damper,Northeast,tropical_cyclone,2024-09-02,0.39,1449.9,0.6241022947193807,High
SP-00128,Spacer,Northeast,tropical_cyclone,2024-09-02,0.33,1622.1,0.5869267758219929,High
SP-00128,Insulator,Northeast,tropical_cyclone,2024-09-02,0.32,1781.4,0.5798393184447925,High
SP-00128,Fittings,Northeast,tropical_cyclone,2024-09-02,0.265,17100.8,0.44226182601364616,Medium
SP-00128,Arrester,Northeast,tropical_cyclone,2024-09-02,0.36,0.0,0.616,High
SP-00132,Conductor,Northeast,summer_storm,2024-04-11,0.09,22425.3,0.3009142628943569,Medium
SP-00132,Damper,Northeast,summer_storm,2024-04-11,0.14,12037.5,0.4018263140109975,Medium
SP-00132,Spacer,Northeast,summer_storm,2024-04-11,0.175,12223.5,0.4215565897664322,Medium
SP-00132,Insulator,Northeast,summer_storm,2024-04-11,0.21,2587.7,0.5083351321093466,High
SP-00132,Fittings,Northeast,summer_storm,2024-04-11,0.15,9808.8,0.4230404775801514,Medium
SP-00132,Arrester,Northeast,summer_storm,2024-04-11,0.23,131.9,0.537099588022268,High
SP-00135,Conductor,Northeast,southwest_monsoon,2024-07-22,0.135,17757.7,0.3597775149585121,Medium
SP-00135,Damper,Northeast,southwest_monsoon,2024-07-22,0.3,2955.8,0.5598223068705053,High
SP-00135,Spacer,Northeast,southwest_monsoon,2024-07-22,0.16,4206.6,0.4672837526495254,Medium
SP-00135,Insulator,Northeast,southwest_monsoon,2024-07-22,0.11,387.5,0.4633547411571557,Medium
SP-00135,Fittings,Northeast,southwest_monsoon,2024-07-22,0.155,4995.2,0.458900394911546,Medium
SP-00135,Arrester,Northeast,southwest_monsoon,2024-07-22,0.155,0.0,0.493,Medium
SP-00138,Conductor,Northeast,summer_storm,2024-05-03,0.16,6241.8,0.45339051188318535,Medium
SP-00138,Damper,Northeast,summer_storm,2024-05-03,0.13,1347.2,0.4688033736436649,Medium
SP-00138,Spacer,Northeast,summer_storm,2024-05-03,0.3,1901.0,0.5670228721025883,High
SP-00138,Insulator,Northeast,summer_storm,2024-05-03,0.19,270.4,0.5121541213132772,High
SP-00138,Fittings,Northeast,summer_storm,2024-05-03,0.1,13678.4,0.36662475211364715,Medium
SP-00138,Arrester,Northeast,summer_storm,2024-05-03,0.11,1525.9,0.45558348266246157,Medium
SP-00139,Conductor,Northeast,summer_storm,2024-04-03,0.14,14677.7,0.38380305621260374,Medium
SP-00139,Damper,Northeast,summer_storm,2024-04-03,0.125,7832.2,0.421533686944709,Medium
SP-00139,Spacer,Northeast,summer_storm,2024-04-03,0.17,2052.8,0.4879866132836367,Medium
SP-00139,Insulator,Northeast,summer_storm,2024-04-03,0.15,1103.1,0.482469716052796,Medium
SP-00139,Fittings,Northeast,summer_storm,2024-04-03,0.1,30389.0,0.25255026845110706,Low
SP-00139,Arrester,Northeast,summer_storm,2024-04-03,0.2,484.3,0.516693938432027,High
SP-00140,Conductor,Northeast,summer_storm,2024-04-20,0.11,16033.0,0.35655113541336014,Medium
SP-00140,Conductor,Northeast,tropical_cyclone,2024-08-10,0.335,16033.0,0.49155113541336015,Medium
SP-00140,Damper,Northeast,summer_storm,2024-04-20,0.115,3081.2,0.44796626697658865,Medium
SP-00140,Damper,Northeast,tropical_cyclone,2024-08-10,0.4,3081.2,0.6189662669765886,High
SP-00140,Spacer,Northeast,summer_storm,2024-04-20,0.135,3042.5,0.4602304515371514,Medium
SP-00140,Spacer,Northeast,tropical_cyclone,2024-08-10,0.415,3042.5,0.6282304515371514,High
SP-00140,Insulator,Northeast,summer_storm,2024-04-20,0.185,1201.5,0.5027979909685744,High
SP-00140,Insulator,Northeast,tropical_cyclone,2024-08-10,0.4,1201.5,0.6317979909685743,High
SP-00140,Fittings,Northeast,summer_storm,2024-04-20,0.05,24814.1,0.26060718076845624,Low
SP-00140,Fittings,Northeast,tropical_cyclone,2024-08-10,0.26,24814.1,0.38660718076845624,Medium
SP-00140,Arrester,Northeast,summer_storm,2024-04-20,0.155,369.9,0.4904748871071791,Medium
SP-00140,Arrester,Northeast,tropical_cyclone,2024-08-10,0.43,369.9,0.6554748871071792,High
SP-00141,Conductor,Northeast,summer_storm,2024-04-07,0.13,9738.4,0.4115210613802449,Medium
SP-00141,Damper,Northeast,summer_storm,2024-04-07,0.14,5613.7,0.4456782204746448,Medium
SP-00141,Spacer,Northeast,summer_storm,2024-04-07,0.125,10486.0,0.4034175890940245,Medium
SP-00141,Insulator,Northeast,summer_storm,2024-04-07,0.155,1193.6,0.48485192011659617,Medium
SP-00141,Fittings,Northeast,summer_storm,2024-04-07,0.215,15218.7,0.4251099335442714,Medium
SP-00141,Arrester,Northeast,summer_storm,2024-04-07,0.35,1541.7,0.5994756243664179,High
SP-00142,Conductor,Northeast,southwest_monsoon,2024-09-24,0.13,12945.2,0.3896299231680303,Medium
SP-00142,Damper,Northeast,southwest_monsoon,2024-09-24,0.145,1839.9,0.47443996969045354,Medium
SP-00142,Spacer,Northeast,southwest_monsoon,2024-09-24,0.11,5459.6,0.4287301801847927,Medium
SP-00142,Insulator,Northeast,southwest_monsoon,2024-09-24,0.14,758.0,0.4788255323796749,Medium
SP-00142,Fittings,Northeast,southwest_monsoon,2024-09-24,0.135,12589.1,0.3950608307136738,Medium
SP-00142,Arrester,Northeast,southwest_monsoon,2024-09-24,0.17,1134.9,0.4942526341658219,Medium
SP-00143,Conductor,Northeast,heatwave,2025-03-09,0.04,19491.0,0.2909451868235391,Low
SP-00143,Damper,Northeast,heatwave,2025-03-09,0.07,1798.4,0.42972326837942915,Medium
SP-00143,Spacer,Northeast,heatwave,2025-03-09,0.045,8200.7,0.3710181311160945,Medium
SP-00143,Insulator,Northeast,heatwave,2025-03-09,0.1,1404.4,0.4504128993060889,Medium
SP-00143,Fittings,Northeast,heatwave,2025-03-09,0.06,26435.8,0.2555366871802223,Low
SP-00143,Arrester,Northeast,heatwave,2025-03-09,0.08,359.4,0.4455465650887271,Medium
SP-00144,Conductor,Northeast,southwest_monsoon,2024-07-02,0.055,29379.7,0.232440229096482,Low
SP-00144,Conductor,Northeast,summer_storm,2024-05-18,0.055,29379.7,0.232440229096482,Low
SP-00144,Damper,Northeast,southwest_monsoon,2024-07-02,0.19,2038.8,0.5000821839257007,High
SP-00144,Damper,Northeast,summer_storm,2024-05-18,0.21,2038.8,0.5120821839257007,High
SP-00144,Spacer,Northeast,southwest_monsoon,2024-07-02,0.215,2255.1,0.513605617505811,High
SP-00144,Spacer,Northeast,summer_storm,2024-05-18,0.225,2255.1,0.519605617505811,High
SP-00144,Insulator,Northeast,southwest_monsoon,2024-07-02,0.175,1706.6,0.49334993873239197,Medium
SP-00144,Insulator,Northeast,summer_storm,2024-05-18,0.23,1706.6,0.526349938732392,High
SP-00144,Fittings,Northeast,southwest_monsoon,2024-07-02,0.145,14505.3,0.38797994040487827,Medium
SP-00144,Fittings,Northeast,summer_storm,2024-05-18,0.135,14505.3,0.38197994040487826,Medium
SP-00144,Arrester,Northeast,southwest_monsoon,2024-07-02,0.17,873.2,0.4960391225249764,Medium
SP-00144,Arrester,Northeast,summer_storm,2024-05-18,0.145,873.2,0.4810391225249764,Medium
SP-00146,Conductor,Northeast,southwest_monsoon,2024-09-01,0.095,27842.0,0.2669372988323315,Low
SP-00146,Damper,Northeast,southwest_monsoon,2024-09-01,0.155,2943.3,0.4729076378009196,Medium
SP-00146,Spacer,Northeast,southwest_monsoon,2024-09-01,0.095,2529.2,0.43973448086368555,Medium
SP-00146,Insulator,Northeast,southwest_monsoon,2024-09-01,0.165,1350.6,0.4897801636305922,Medium
SP-00146,Fittings,Northeast,southwest_monsoon,2024-09-01,0.125,27373.8,0.28813345416193087,Low
SP-00146,Arrester,Northeast,southwest_monsoon,2024-09-01,0.11,516.1,0.46247685654505305,Medium
SP-00147,Conductor,Northeast,heatwave,2025-03-21,0.075,31998.5,0.2265630578509576,Low
SP-00147,Damper,Northeast,heatwave,2025-03-21,0.115,24000.5,0.30516120036726435,Medium
SP-00147,Spacer,Northeast,heatwave,2025-03-21,0.07,18875.3,0.31314824713202744,Medium
SP-00147,Insulator,Northeast,heatwave,2025-03-21,0.135,4599.2,0.4496036787870721,Medium
SP-00147,Fittings,Northeast,heatwave,2025-03-21,0.075,20426.7,0.30555765469644375,Medium
SP-00147,Arrester,Northeast,heatwave,2025-03-21,0.125,819.4,0.46940638684947966,Medium
SP-00148,Conductor,Northeast,southwest_monsoon,2024-07-22,0.095,27144.1,0.2717014953392246,Low
SP-00148,Damper,Northeast,southwest_monsoon,2024-07-22,0.12,14725.1,0.37147948132447256,Medium
SP-00148,Spacer,Northeast,southwest_monsoon,2024-07-22,0.105,21059.2,0.3192399096174785,Medium
SP-00148,Insulator,Northeast,southwest_monsoon,2024-07-22,0.24,1034.8,0.5369359642565799,High
SP-00148,Fittings,Northeast,southwest_monsoon,2024-07-22,0.295,5788.4,0.5374856353911741,High
SP-00148,Arrester,Northeast,southwest_monsoon,2024-07-22,0.115,9265.4,0.4057499837871233,Medium
SP-00149,Conductor,Northeast,summer_storm,2024-04-12,0.1,18003.5,0.33709956754284465,Medium
SP-00149,Damper,Northeast,summer_storm,2024-04-12,0.17,2599.2,0.4842566276533653,Medium
SP-00149,Spacer,Northeast,summer_storm,2024-04-12,0.21,2751.4,0.5072176382446404,High
SP-00149,Insulator,Northeast,summer_storm,2024-04-12,0.15,1124.7,0.48232226420504,Medium
SP-00149,Fittings,Northeast,summer_storm,2024-04-12,0.085,34488.7,0.2155637712175359,Low
SP-00149,Arrester,Northeast,summer_storm,2024-04-12,0.125,1054.2,0.46780353065257685,Medium
SP-00150,Conductor,Northeast,tropical_cyclone,2024-10-01,0.34,20814.4,0.46191103055871285,Medium
SP-00150,Conductor,Northeast,summer_storm,2024-05-07,0.08,20814.4,0.3059110305587128,Medium
SP-00150,Damper,Northeast,tropical_cyclone,2024-10-01,0.42,1808.0,0.6396577342248709,High
SP-00150,Damper,Northeast,summer_storm,2024-05-07,0.195,1808.0,0.5046577342248709,High
SP-00150,Spacer,Northeast,tropical_cyclone,2024-10-01,0.295,5875.3,0.5368924147629337,High
SP-00150,Spacer,Northeast,summer_storm,2024-05-07,0.205,5875.3,0.48289241476293365,Medium
SP-00150,Insulator,Northeast,tropical_cyclone,2024-10-01,0.42,3978.7,0.6248395061728396,High
SP-00150,Insulator,Northeast,summer_storm,2024-05-07,0.225,3978.7,0.5078395061728396,High
SP-00150,Fittings,Northeast,tropical_cyclone,2024-10-01,0.32,4779.2,0.5593749133891057,High
SP-00150,Fittings,Northeast,summer_storm,2024-05-07,0.145,4779.2,0.45437491338910563,Medium
SP-00150,Arrester,Northeast,tropical_cyclone,2024-10-01,0.515,1694.5,0.697432539073033,High
SP-00150,Arrester,Northeast,summer_storm,2024-05-07,0.14,1694.5,0.47243253907303306,Medium
SP-00151,Conductor,Northeast,summer_storm,2024-05-16,0.07,30460.0,0.23406558876635372,Low
SP-00151,Damper,Northeast,summer_storm,2024-05-16,0.13,2385.9,0.4617127146499555,Medium
SP-00151,Spacer,Northeast,summer_storm,2024-05-16,0.11,5019.4,0.4317351942302638,Medium
SP-00151,Insulator,Northeast,summer_storm,2024-05-16,0.085,1719.7,0.43926051191731774,Medium
SP-00151,Fittings,Northeast,summer_storm,2024-05-16,0.065,40157.6,0.16486517030347098,Low
SP-00151,Arrester,Northeast,summer_storm,2024-05-16,0.08,12503.6,0.3626444942777078,Medium
SP-00153,Conductor,Northeast,southwest_monsoon,2024-09-15,0.11,10206.3,0.39632695399297563,Medium
SP-00153,Damper,Northeast,southwest_monsoon,2024-09-15,0.2,1878.6,0.5071757851298908,High
SP-00153,Spacer,Northeast,southwest_monsoon,2024-09-15,0.165,2099.6,0.4846671342801654,Medium
SP-00153,Insulator,Northeast,southwest_monsoon,2024-09-15,0.255,1093.6,0.5455345675599108,High
SP-00153,Fittings,Northeast,southwest_monsoon,2024-09-15,0.085,19664.1,0.31676352409916136,Medium
SP-00153,Arrester,Northeast,southwest_monsoon,2024-09-15,0.2,296.7,0.5179745850356854,High
SP-00154,Conductor,Northeast,southwest_monsoon,2024-08-07,0.125,15535.3,0.3689486717387372,Medium
SP-00154,Conductor,Northeast,summer_storm,2024-04-10,0.11,15535.3,0.3599486717387372,Medium
SP-00154,Damper,Northeast,southwest_monsoon,2024-08-07,0.185,4841.9,0.47794689344214736,Medium
SP-00154,Damper,Northeast,summer_storm,2024-04-10,0.22,4841.9,0.4989468934421474,Medium
SP-00154,Spacer,Northeast,southwest_monsoon,2024-08-07,0.135,2474.2,0.46410993695750863,Medium
SP-00154,Spacer,Northeast,summer_storm,2024-04-10,0.135,2474.2,0.46410993695750863,Medium
SP-00154,Insulator,Northeast,southwest_monsoon,2024-08-07,0.09,1292.9,0.4451740512053847,Medium
SP-00154,Insulator,Northeast,summer_storm,2024-04-10,0.15,1292.9,0.4811740512053847,Medium
SP-00154,Fittings,Northeast,southwest_monsoon,2024-08-07,0.115,21397.5,0.32293051331674505,Medium
SP-00154,Fittings,Northeast,summer_storm,2024-04-10,0.11,21397.5,0.31993051331674505,Medium
SP-00154,Arrester,Northeast,southwest_monsoon,2024-08-07,0.12,0.0,0.47200000000000003,Medium
SP-00154,Arrester,Northeast,summer_storm,2024-04-10,0.145,0.0,0.487,Medium
SP-00155,Conductor,Northeast,summer_storm,2024-05-16,0.095,29341.1,0.2567037310096014,Low
SP-00155,Conductor,Northeast,southwest_monsoon,2024-07-28,0.1,29341.1,0.2597037310096014,Low
SP-00155,Damper,Northeast,summer_storm,2024-05-16,0.12,2493.7,0.45497682070606227,Medium
SP-00155,Damper,Northeast,southwest_monsoon,2024-07-28,0.16,2493.7,0.4789768207060623,Medium
SP-00155,Spacer,Northeast,summer_storm,2024-05-16,0.11,6833.1,0.4193540175508658,Medium
SP-00155,Spacer,Northeast,southwest_monsoon,2024-07-28,0.13,6833.1,0.43135401755086583,Medium
SP-00155,Insulator,Northeast,summer_storm,2024-05-16,0.155,792.4,0.4875907016591746,Medium
SP-00155,Insulator,Northeast,southwest_monsoon,2024-07-28,0.165,792.4,0.4935907016591746,Medium
SP-00155,Fittings,Northeast,summer_storm,2024-05-16,0.1,24892.0,0.29007539841011415,Low
SP-00155,Fittings,Northeast,southwest_monsoon,2024-07-28,0.165,24892.0,0.32907539841011413,Medium
SP-00155,Arrester,Northeast,summer_storm,2024-05-16,0.09,4880.1,0.42068612211880113,Medium
SP-00155,Arrester,Northeast,southwest_monsoon,2024-07-28,0.13,4880.1,0.44468612211880115,Medium
SP-00158,Conductor,Northeast,tropical_cyclone,2024-11-28,0.265,31182.3,0.3461348262832919,Medium
SP-00158,Damper,Northeast,tropical_cyclone,2024-11-28,0.205,13314.3,0.43211027145475583,Medium
SP-00158,Spacer,Northeast,tropical_cyclone,2024-11-28,0.295,2791.8,0.5579418486775413,High
SP-00158,Insulator,Northeast,tropical_cyclone,2024-11-28,0.215,41817.5,0.24353390539189085,Low
SP-00158,Fittings,Northeast,tropical_cyclone,2024-11-28,0.19,26710.6,0.33166077200599364,Medium
SP-00158,Arrester,Northeast,tropical_cyclone,2024-11-28,0.37,951.3,0.6155059748717476,High
SP-00160,Conductor,Northeast,heatwave,2024-04-20,0.05,20912.3,0.2872427187117078,Low
SP-00160,Damper,Northeast,heatwave,2024-04-20,0.115,2184.4,0.45408824924823454,Medium
SP-00160,Spacer,Northeast,heatwave,2024-04-20,0.09,3537.3,0.4298527119876305,Medium
SP-00160,Insulator,Northeast,heatwave,2024-04-20,0.12,1481.1,0.4618893087170665,Medium
SP-00160,Fittings,Northeast,heatwave,2024-04-20,0.08,13913.3,0.353021213269301,Medium
SP-00160,Arrester,Northeast,heatwave,2024-04-20,0.15,187.7,0.4887186707488984,Medium
SP-00161,Conductor,Northeast,summer_storm,2024-04-02,0.135,27008.2,0.2966292132146892,Low
SP-00161,Conductor,Northeast,heatwave,2024-04-30,0.09,27008.2,0.26962921321468925,Low
SP-00161,Damper,Northeast,summer_storm,2024-04-02,0.19,2324.2,0.4981339081224806,Medium
SP-00161,Damper,Northeast,heatwave,2024-04-30,0.095,2324.2,0.4411339081224806,Medium
SP-00161,Spacer,Northeast,summer_storm,2024-04-02,0.25,2929.4,0.5300025257955403,High
SP-00161,Spacer,Northeast,heatwave,2024-04-30,0.135,2929.4,0.4610025257955403,Medium
SP-00161,Insulator,Northeast,summer_storm,2024-04-02,0.255,9331.7,0.4892973885322056,Medium
SP-00161,Insulator,Northeast,heatwave,2024-04-30,0.115,9331.7,0.4052973885322056,Medium
SP-00161,Fittings,Northeast,summer_storm,2024-04-02,0.11,34867.9,0.22797517211248666,Low
SP-00161,Fittings,Northeast,heatwave,2024-04-30,0.095,34867.9,0.21897517211248665,Low
SP-00161,Arrester,Northeast,summer_storm,2024-04-02,0.12,11646.2,0.39249751345668776,Medium
SP-00161,Arrester,Northeast,heatwave,2024-04-30,0.065,11646.2,0.35949751345668773,Medium
SP-00162,Conductor,Northeast,southwest_monsoon,2024-08-08,0.09,28535.5,0.2592031388129444,Low
SP-00162,Damper,Northeast,southwest_monsoon,2024-08-08,0.16,3978.1,0.4688436020574994,Medium
SP-00162,Spacer,Northeast,southwest_monsoon,2024-08-08,0.195,3880.9,0.49050713537240126,Medium
SP-00162,Insulator,Northeast,southwest_monsoon,2024-08-08,0.07,12634.5,0.3557509087744089,Medium
SP-00162,Fittings,Northeast,southwest_monsoon,2024-08-08,0.07,20026.4,0.3052902924120323,Medium
SP-00162,Arrester,Northeast,southwest_monsoon,2024-08-08,0.2,1527.8,0.5095705123610386,High
SP-00163,Conductor,Northeast,heatwave,2024-04-08,0.065,6887.4,0.3919833399891459,Medium
SP-00163,Conductor,Northeast,summer_storm,2024-04-08,0.13,6887.4,0.43098333998914595,Medium
SP-00163,Damper,Northeast,heatwave,2024-04-08,0.09,2459.1,0.43721301672144913,Medium
SP-00163,Damper,Northeast,summer_storm,2024-04-08,0.155,2459.1,0.4762130167214491,Medium
SP-00163,Spacer,Northeast,heatwave,2024-04-08,0.035,8336.5,0.36409109588807315,Medium
SP-00163,Spacer,Northeast,summer_storm,2024-04-08,0.14,8336.5,0.42709109588807315,Medium
SP-00163,Insulator,Northeast,heatwave,2024-04-08,0.055,17524.5,0.3133694487963219,Medium
SP-00163,Insulator,Northeast,summer_storm,2024-04-08,0.165,17524.5,0.37936944879632195,Medium
SP-00163,Fittings,Northeast,heatwave,2024-04-08,0.07,25557.4,0.26753306232229834,Low
SP-00163,Fittings,Northeast,summer_storm,2024-04-08,0.105,25557.4,0.28853306232229836,Low
SP-00163,Arrester,Northeast,heatwave,2024-04-08,0.075,573.5,0.44108501691259044,Medium
SP-00163,Arrester,Northeast,summer_storm,2024-04-08,0.155,573.5,0.48908501691259043,Medium
SP-00165,Conductor,Northeast,summer_storm,2024-05-01,0.175,5023.2,0.47070925362741783,Medium
SP-00165,Conductor,Northeast,heatwave,2024-04-06,0.085,5023.2,0.41670925362741784,Medium
SP-00165,Damper,Northeast,summer_storm,2024-05-01,0.16,2249.9,0.48064111517286345,Medium
SP-00165,Damper,Northeast,heatwave,2024-04-06,0.095,2249.9,0.4416411151728634,Medium
SP-00165,Spacer,Northeast,summer_storm,2024-05-01,0.095,12734.6,0.370067578683651,Medium
SP-00165,Spacer,Northeast,heatwave,2024-04-06,0.05,12734.6,0.343067578683651,Medium
SP-00165,Insulator,Northeast,summer_storm,2024-05-01,0.125,358.2,0.4725547568580469,Medium
SP-00165,Insulator,Northeast,heatwave,2024-04-06,0.08,358.2,0.44555475685804685,Medium
SP-00165,Fittings,Northeast,summer_storm,2024-05-01,0.19,7029.0,0.46601671120941235,Medium
SP-00165,Fittings,Northeast,heatwave,2024-04-06,0.065,7029.0,0.39101671120941234,Medium
SP-00165,Arrester,Northeast,summer_storm,2024-05-01,0.145,1047.1,0.4798519986210522,Medium
SP-00165,Arrester,Northeast,heatwave,2024-04-06,0.11,1047.1,0.4588519986210522,Medium
SP-00166,Conductor,Northeast,tropical_cyclone,2024-09-19,0.31,7780.3,0.5328879809677893,High
SP-00166,Damper,Northeast,tropical_cyclone,2024-09-19,0.34,4412.1,0.5738809121535138,High
SP-00166,Spacer,Northeast,tropical_cyclone,2024-09-19,0.335,6492.6,0.5566784320953522,High
SP-00166,Insulator,Northeast,tropical_cyclone,2024-09-19,0.4,2681.7,0.6216934435126307,High
SP-00166,Fittings,Northeast,tropical_cyclone,2024-09-19,0.295,8708.5,0.5175516473989425,High
SP-00166,Arrester,Northeast,tropical_cyclone,2024-09-19,0.43,36.9,0.6577481030934169,High
SP-00167,Conductor,Northeast,heatwave,2024-04-18,0.085,11844.9,0.37014109298682146,Medium
SP-00167,Conductor,Northeast,southwest_monsoon,2024-06-21,0.155,11844.9,0.41214109298682144,Medium
SP-00167,Damper,Northeast,heatwave,2024-04-18,0.16,1936.7,0.48277916696532497,Medium
SP-00167,Damper,Northeast,southwest_monsoon,2024-06-21,0.14,1936.7,0.47077916696532496,Medium
SP-00167,Spacer,Northeast,heatwave,2024-04-18,0.185,2948.8,0.4908700921915372,Medium
SP-00167,Spacer,Northeast,southwest_monsoon,2024-06-21,0.19,2948.8,0.4938700921915372,Medium
SP-00167,Insulator,Northeast,heatwave,2024-04-18,0.125,4594.9,0.44363303262713455,Medium
SP-00167,Insulator,Northeast,southwest_monsoon,2024-06-21,0.17,4594.9,0.4706330326271345,Medium
SP-00167,Fittings,Northeast,heatwave,2024-04-18,0.09,24196.5,0.28882321137836764,Low
SP-00167,Fittings,Northeast,southwest_monsoon,2024-06-21,0.095,24196.5,0.29182321137836764,Low
SP-00167,Arrester,Northeast,heatwave,2024-04-18,0.14,120.1,0.4831801404205791,Medium
SP-00167,Arrester,Northeast,southwest_monsoon,2024-06-21,0.2,120.1,0.5191801404205791,High
SP-00168,Conductor,Northeast,southwest_monsoon,2024-06-22,0.085,22686.1,0.2961339183621923,Low
SP-00168,Damper,Northeast,southwest_monsoon,2024-06-22,0.14,10189.4,0.4144423214108958,Medium
SP-00168,Spacer,Northeast,southwest_monsoon,2024-06-22,0.08,14473.5,0.3491970222918523,Medium
SP-00168,Insulator,Northeast,southwest_monsoon,2024-06-22,0.165,2155.2,0.48428758230168234,Medium
SP-00168,Fittings,Northeast,southwest_monsoon,2024-06-22,0.12,11065.0,0.39646506039723256,Medium
SP-00168,Arrester,Northeast,southwest_monsoon,2024-06-22,0.095,1008.5,0.45011550053417165,Medium
SP-00169,Conductor,Northeast,southwest_monsoon,2024-09-22,0.1,18521.8,0.3335614058441448,Medium
SP-00169,Damper,Northeast,southwest_monsoon,2024-09-22,0.165,1218.5,0.4906819409032108,Medium
SP-00169,Spacer,Northeast,southwest_monsoon,2024-09-22,0.145,3912.3,0.46029278407520047,Medium
SP-00169,Insulator,Northeast,southwest_monsoon,2024-09-22,0.185,225.0,0.509464043252542,High
SP-00169,Fittings,Northeast,southwest_monsoon,2024-09-22,0.1,21824.7,0.31101424343890477,Medium
SP-00169,Arrester,Northeast,southwest_monsoon,2024-09-22,0.26,0.0,0.556,High
SP-00172,Conductor,Northeast,summer_storm,2024-04-20,0.095,26823.5,0.2738900630424914,Low
SP-00172,Conductor,Northeast,southwest_monsoon,2024-06-24,0.065,26823.5,0.2558900630424914,Low
SP-00172,Damper,Northeast,summer_storm,2024-04-20,0.135,5056.0,0.4464853452660107,Medium
SP-00172,Damper,Northeast,southwest_monsoon,2024-06-24,0.165,5056.0,0.4644853452660107,Medium
SP-00172,Spacer,Northeast,summer_storm,2024-04-20,0.195,1910.0,0.5039614338326899,High
SP-00172,Spacer,Northeast,southwest_monsoon,2024-06-24,0.175,1910.0,0.4919614338326899,Medium
SP-00172,Insulator,Northeast,summer_storm,2024-04-20,0.22,1887.4,0.5191157121548791,High
SP-00172,Insulator,Northeast,southwest_monsoon,2024-06-24,0.15,1887.4,0.477115712154879,Medium
SP-00172,Fittings,Northeast,summer_storm,2024-04-20,0.18,7070.6,0.45973272987299346,Medium
SP-00172,Fittings,Northeast,southwest_monsoon,2024-06-24,0.175,7070.6,0.45673272987299346,Medium
SP-00172,Arrester,Northeast,summer_storm,2024-04-20,0.18,95.6,0.5073473890441912,High
SP-00172,Arrester,Northeast,southwest_monsoon,2024-06-24,0.15,95.6,0.48934738904419117,Medium
SP-00173,Conductor,Northeast,southwest_monsoon,2024-07-16,0.145,35961.9,0.24150700908262426,Low
SP-00173,Conductor,Northeast,tropical_cyclone,2024-09-26,0.245,35961.9,0.3015070090826243,Medium
SP-00173,Conductor,Northeast,summer_storm,2024-05-14,0.135,35961.9,0.23550700908262429,Low
SP-00173,Damper,Northeast,southwest_monsoon,2024-07-16,0.16,10044.4,0.427432160203702,Medium
SP-00173,Damper,Northeast,tropical_cyclone,2024-09-26,0.3,10044.4,0.511432160203702,High
SP-00173,Damper,Northeast,summer_storm,2024-05-14,0.12,10044.4,0.40343216020370204,Medium
SP-00173,Spacer,Northeast,southwest_monsoon,2024-07-16,0.12,10188.9,0.40244573464811234,Medium
SP-00173,Spacer,Northeast,tropical_cyclone,2024-09-26,0.295,10188.9,0.5074457346481123,High
SP-00173,Spacer,Northeast,summer_storm,2024-05-14,0.075,10188.9,0.3754457346481123,Medium
SP-00173,Insulator,Northeast,southwest_monsoon,2024-07-16,0.12,6804.0,0.42555266795687036,Medium
SP-00173,Insulator,Northeast,tropical_cyclone,2024-09-26,0.345,6804.0,0.5605526679568703,High
SP-00173,Insulator,Northeast,summer_storm,2024-05-14,0.08,6804.0,0.40155266795687033,Medium
SP-00173,Fittings,Northeast,southwest_monsoon,2024-07-16,0.15,20736.0,0.34844622615427145,Medium
SP-00173,Fittings,Northeast,tropical_cyclone,2024-09-26,0.255,20736.0,0.4114462261542715,Medium
SP-00173,Fittings,Northeast,summer_storm,2024-05-14,0.105,20736.0,0.3214462261542715,Medium
SP-00173,Arrester,Northeast,southwest_monsoon,2024-07-16,0.19,527.9,0.5103963041467419,High
SP-00173,Arrester,Northeast,tropical_cyclone,2024-09-26,0.425,527.9,0.6513963041467419,High
SP-00173,Arrester,Northeast,summer_storm,2024-05-14,0.135,527.9,0.47739630414674195,Medium
SP-00175,Conductor,Northeast,heatwave,2025-03-10,0.075,9210.5,0.382124757233503,Medium
SP-00175,Damper,Northeast,heatwave,2025-03-10,0.105,1775.6,0.45087891199650487,Medium
SP-00175,Spacer,Northeast,heatwave,2025-03-10,0.1,2168.5,0.44519679019172154,Medium
SP-00175,Insulator,Northeast,heatwave,2025-03-10,0.1,9221.1,0.39705239660451164,Medium
SP-00175,Fittings,Northeast,heatwave,2025-03-10,0.09,15644.7,0.34720185543575094,Medium
SP-00175,Arrester,Northeast,heatwave,2025-03-10,0.145,188.1,0.4857159401591251,Medium
SP-00176,Conductor,Northeast,tropical_cyclone,2024-09-08,0.31,6972.8,0.5384003590725552,High
SP-00176,Damper,Northeast,tropical_cyclone,2024-09-08,0.38,1656.8,0.6166898971591627,High
SP-00176,Spacer,Northeast,tropical_cyclone,2024-09-08,0.305,4794.0,0.550273881567495,High
SP-00176,Insulator,Northeast,tropical_cyclone,2024-09-08,0.43,568.5,0.6541191492847562,High
SP-00176,Fittings,Northeast,tropical_cyclone,2024-09-08,0.285,10482.3,0.49944284704942715,Medium
SP-00176,Arrester,Northeast,tropical_cyclone,2024-09-08,0.415,157.7,0.6479234649818928,High
SP-00177,Conductor,Northeast,summer_storm,2024-04-20,0.13,15036.3,0.3753550824808774,Medium
SP-00177,Damper,Northeast,summer_storm,2024-04-20,0.14,3033.5,0.4632918898070497,Medium
SP-00177,Spacer,Northeast,summer_storm,2024-04-20,0.145,2508.0,0.4698792021216682,Medium
SP-00177,Insulator,Northeast,summer_storm,2024-04-20,0.14,1360.9,0.4747098509439308,Medium
SP-00177,Fittings,Northeast,summer_storm,2024-04-20,0.125,8945.6,0.4139330903108436,Medium
SP-00177,Arrester,Northeast,summer_storm,2024-04-20,0.325,1610.9,0.5840032323356441,High
SP-00178,Conductor,Northeast,tropical_cyclone,2024-08-05,0.4,4116.4,0.6118995006433952,High
SP-00178,Damper,Northeast,tropical_cyclone,2024-08-05,0.33,2937.0,0.5779506445898484,High
SP-00178,Spacer,Northeast,tropical_cyclone,2024-08-05,0.23,6095.9,0.4963864945029815,Medium
SP-00178,Insulator,Northeast,tropical_cyclone,2024-08-05,0.45,1458.7,0.6600422217443691,High
SP-00178,Fittings,Northeast,tropical_cyclone,2024-08-05,0.225,17706.1,0.41412976103926247,Medium
SP-00178,Arrester,Northeast,tropical_cyclone,2024-08-05,0.45,403.1,0.6672482481559987,High
SP-00179,Conductor,Northeast,summer_storm,2024-05-21,0.04,35967.8,0.17846673288346868,Low
SP-00179,Damper,Northeast,summer_storm,2024-05-21,0.08,6775.1,0.4017499530679883,Medium
SP-00179,Spacer,Northeast,summer_storm,2024-05-21,0.155,2448.9,0.4762826467606672,Medium
SP-00179,Insulator,Northeast,summer_storm,2024-05-21,0.13,806.0,0.47249786160688384,Medium
SP-00179,Fittings,Northeast,summer_storm,2024-05-21,0.06,24766.1,0.26693485154124724,Low
SP-00179,Arrester,Northeast,summer_storm,2024-05-21,0.195,794.0,0.5115797793000816,High
SP-00181,Conductor,Northeast,summer_storm,2024-04-29,0.09,17762.8,0.33274269993890304,Medium
SP-00181,Damper,Northeast,summer_storm,2024-04-29,0.185,3556.6,0.4867209610310707,Medium
SP-00181,Spacer,Northeast,summer_storm,2024-04-29,0.325,3316.0,0.5723634107796858,High
SP-00181,Insulator,Northeast,summer_storm,2024-04-29,0.155,1263.1,0.48437748014349247,Medium
SP-00181,Fittings,Northeast,summer_storm,2024-04-29,0.155,13682.1,0.3995994941582445,Medium
SP-00181,Arrester,Northeast,summer_storm,2024-04-29,0.235,182.4,0.539754851063394,High
SP-00183,Conductor,Northeast,southwest_monsoon,2024-07-16,0.09,23352.7,0.2945833905050567,Low
SP-00183,Damper,Northeast,southwest_monsoon,2024-07-16,0.21,1890.1,0.5130972806739096,High
SP-00183,Spacer,Northeast,southwest_monsoon,2024-07-16,0.14,6309.3,0.44092972485894805,Medium
SP-00183,Insulator,Northeast,southwest_monsoon,2024-07-16,0.225,5053.7,0.5005010461572069,High
SP-00183,Fittings,Northeast,southwest_monsoon,2024-07-16,0.095,28182.2,0.26461493223017507,Low
SP-00183,Arrester,Northeast,southwest_monsoon,2024-07-16,0.23,1204.5,0.529777511545275,High
SP-00184,Conductor,Northeast,heatwave,2024-04-20,0.035,26910.8,0.2372941118244777,Low
SP-00184,Damper,Northeast,heatwave,2024-04-20,0.04,10556.8,0.3519342747041577,Medium
SP-00184,Spacer,Northeast,heatwave,2024-04-20,0.015,15516.5,0.30307700945808036,Medium
SP-00184,Insulator,Northeast,heatwave,2024-04-20,0.05,1056.5,0.42278782976138063,Medium
SP-00184,Fittings,Northeast,heatwave,2024-04-20,0.045,19570.0,0.2934058953433205,Low
SP-00184,Arrester,Northeast,heatwave,2024-04-20,0.07,831.6,0.4363231038613953,Medium
SP-00185,Conductor,Northeast,heatwave,2024-04-22,0.025,38762.0,0.15039219802237036,Low
SP-00185,Conductor,Northeast,tropical_cyclone,2024-11-11,0.23,38762.0,0.27339219802237036,Low
SP-00185,Damper,Northeast,heatwave,2024-04-22,0.07,6354.2,0.39862321615689966,Medium
SP-00185,Damper,Northeast,tropical_cyclone,2024-11-11,0.325,6354.2,0.5516232161568997,High
SP-00185,Spacer,Northeast,heatwave,2024-04-22,0.1,3342.3,0.43718387450209406,Medium
SP-00185,Spacer,Northeast,tropical_cyclone,2024-11-11,0.43,3342.3,0.6351838745020941,High
SP-00185,Insulator,Northeast,heatwave,2024-04-22,0.065,711.9,0.4341402328510429,Medium
SP-00185,Insulator,Northeast,tropical_cyclone,2024-11-11,0.315,711.9,0.584140232851043,High
SP-00185,Fittings,Northeast,heatwave,2024-04-22,0.035,29597.8,0.2189513750226127,Low
SP-00185,Fittings,Northeast,tropical_cyclone,2024-11-11,0.195,29597.8,0.3149513750226127,Medium
SP-00185,Arrester,Northeast,heatwave,2024-04-22,0.03,621.7,0.4137559808449128,Medium
SP-00185,Arrester,Northeast,tropical_cyclone,2024-11-11,0.345,621.7,0.6027559808449128,High
SP-00188,Conductor,Northeast,tropical_cyclone,2024-09-30,0.405,5968.8,0.6022541394034344,High
SP-00188,Damper,Northeast,tropical_cyclone,2024-09-30,0.6,2366.1,0.7438478788437317,Critical
SP-00188,Spacer,Northeast,tropical_cyclone,2024-09-30,0.49,2522.3,0.6767815835372744,High
SP-00188,Insulator,Northeast,tropical_cyclone,2024-09-30,0.695,2851.3,0.7975356734487691,Critical
SP-00188,Fittings,Northeast,tropical_cyclone,2024-09-30,0.34,18714.0,0.476249357458094,Medium
SP-00188,Arrester,Northeast,tropical_cyclone,2024-09-30,0.605,983.7,0.7562847971001136,Critical
SP-00189,Conductor,Northeast,summer_storm,2024-04-18,0.23,11245.7,0.461231516467163,Medium
SP-00189,Damper,Northeast,summer_storm,2024-04-18,0.185,3576.2,0.48658716213218106,Medium
SP-00189,Spacer,Northeast,summer_storm,2024-04-18,0.185,1345.4,0.5018156612976445,High
SP-00189,Insulator,Northeast,summer_storm,2024-04-18,0.21,8776.9,0.4660847165477154,Medium
SP-00189,Fittings,Northeast,summer_storm,2024-04-18,0.11,15949.1,0.35712387661830114,Medium
SP-00189,Arrester,Northeast,summer_storm,2024-04-18,0.145,459.8,0.4838611870556392,Medium
SP-00190,Conductor,Northeast,heatwave,2025-03-22,0.165,6606.5,0.45390089665741684,Medium
SP-00190,Damper,Northeast,heatwave,2025-03-22,0.08,2751.5,0.4292169555971971,Medium
SP-00190,Spacer,Northeast,heatwave,2025-03-22,0.105,5997.9,0.42205548899742984,Medium
SP-00190,Insulator,Northeast,heatwave,2025-03-22,0.08,7899.3,0.3940756305102448,Medium
SP-00190,Fittings,Northeast,heatwave,2025-03-22,0.09,4449.8,0.42362355406738417,Medium
SP-00190,Arrester,Northeast,heatwave,2025-03-22,0.065,1878.0,0.4261798810145506,Medium
SP-00191,Conductor,Northeast,tropical_cyclone,2024-10-28,0.3,16158.9,0.46969168228222696,Medium
SP-00191,Damper,Northeast,tropical_cyclone,2024-10-28,0.29,3814.6,0.547959730627319,High
SP-00191,Spacer,Northeast,tropical_cyclone,2024-10-28,0.265,1794.8,0.5467478436873885,High
SP-00191,Insulator,Northeast,tropical_cyclone,2024-10-28,0.245,424.3,0.5441035268980159,High
SP-00191,Fittings,Northeast,tropical_cyclone,2024-10-28,0.3,17122.3,0.46311505681333354,Medium
SP-00191,Arrester,Northeast,tropical_cyclone,2024-10-28,0.405,453.4,0.6399048764920113,High
SP-00192,Conductor,Northeast,southwest_monsoon,2024-08-17,0.155,21460.1,0.34650317601723,Medium
SP-00192,Damper,Northeast,southwest_monsoon,2024-08-17,0.14,3681.5,0.45886833437437075,Medium
SP-00192,Spacer,Northeast,southwest_monsoon,2024-08-17,0.18,2476.6,0.49109355341886907,Medium
SP-00192,Insulator,Northeast,southwest_monsoon,2024-08-17,0.205,2519.3,0.5058020629605737,High
SP-00192,Fittings,Northeast,southwest_monsoon,2024-08-17,0.16,5914.8,0.4556227690228244,Medium
SP-00192,Arrester,Northeast,southwest_monsoon,2024-08-17,0.16,182.9,0.4947514378261775,Medium
SP-00193,Conductor,Northeast,heatwave,2025-03-09,0.035,11563.1,0.3420647934820823,Medium
SP-00193,Damper,Northeast,heatwave,2025-03-09,0.065,1933.0,0.42580442492072756,Medium
SP-00193,Spacer,Northeast,heatwave,2025-03-09,0.05,12394.7,0.3453878973434775,Medium
SP-00193,Insulator,Northeast,heatwave,2025-03-09,0.09,206.9,0.45258760243978197,Medium
SP-00193,Fittings,Northeast,heatwave,2025-03-09,0.05,23473.1,0.2697614829833059,Low
SP-00193,Arrester,Northeast,heatwave,2025-03-09,0.12,190.7,0.4706981913255989,Medium
SP-00194,Conductor,Northeast,summer_storm,2024-05-31,0.05,47279.9,0.10724497144827068,Low
SP-00194,Damper,Northeast,summer_storm,2024-05-31,0.07,23051.2,0.2846415725466504,Low
SP-00194,Spacer,Northeast,summer_storm,2024-05-31,0.07,9229.5,0.3789950542192732,Medium
SP-00194,Insulator,Northeast,summer_storm,2024-05-31,0.09,8216.1,0.397913003409824,Medium
SP-00194,Fittings,Northeast,summer_storm,2024-05-31,0.245,41781.3,0.2617810237663707,Low
SP-00194,Arrester,Northeast,summer_storm,2024-05-31,0.18,803.2,0.5025169757352966,High
SP-00196,Conductor,Northeast,tropical_cyclone,2024-11-17,0.395,6907.8,0.5898440799107098,High
SP-00196,Damper,Northeast,tropical_cyclone,2024-11-17,0.395,1707.5,0.6253437949054022,High
SP-00196,Spacer,Northeast,tropical_cyclone,2024-11-17,0.315,4207.6,0.5602769261750923,High
SP-00196,Insulator,Northeast,tropical_cyclone,2024-11-17,0.52,1386.1,0.7025378237882155,Critical
SP-00196,Fittings,Northeast,tropical_cyclone,2024-11-17,0.27,21630.0,0.4143433580110385,Medium
SP-00196,Arrester,Northeast,tropical_cyclone,2024-11-17,0.37,0.0,0.622,High
SP-00199,Conductor,Northeast,heatwave,2024-04-25,0.035,36257.4,0.1734897858876294,Low
SP-00199,Damper,Northeast,heatwave,2024-04-25,0.03,17457.0,0.29883023582055934,Low
SP-00199,Spacer,Northeast,heatwave,2024-04-25,0.09,5153.6,0.41881908136133555,Medium
SP-00199,Insulator,Northeast,heatwave,2024-04-25,0.045,24245.9,0.26148598354137015,Low
SP-00199,Fittings,Northeast,heatwave,2024-04-25,0.03,26797.3,0.23506891667263982,Low
SP-00199,Arrester,Northeast,heatwave,2024-04-25,0.02,14294.9,0.3144162306256123,Medium
SP-00200,Conductor,Northeast,southwest_monsoon,2024-08-14,0.1,41375.0,0.17755462032855823,Low
SP-00200,Conductor,Northeast,summer_storm,2024-04-19,0.085,41375.0,0.16855462032855822,Low
SP-00200,Damper,Northeast,southwest_monsoon,2024-08-14,0.135,15823.3,0.372982647101991,Medium
SP-00200,Damper,Northeast,summer_storm,2024-04-19,0.125,15823.3,0.366982647101991,Medium
SP-00200,Spacer,Northeast,southwest_monsoon,2024-08-14,0.175,2729.6,0.48636645538728296,Medium
SP-00200,Spacer,Northeast,summer_storm,2024-04-19,0.15,2729.6,0.47136645538728295,Medium
SP-00200,Insulator,Northeast,southwest_monsoon,2024-08-14,0.135,2529.8,0.4637303849790257,Medium
SP-00200,Insulator,Northeast,summer_storm,2024-04-19,0.135,2529.8,0.4637303849790257,Medium
SP-00200,Fittings,Northeast,southwest_monsoon,2024-08-14,0.125,21219.1,0.3301483563556184,Medium
SP-00200,Fittings,Northeast,summer_storm,2024-04-19,0.095,21219.1,0.3121483563556184,Medium
SP-00200,Arrester,Northeast,southwest_monsoon,2024-08-14,0.115,5809.7,0.42934023148574807,Medium
SP-00200,Arrester,Northeast,summer_storm,2024-04-19,0.1,5809.7,0.42034023148574806,Medium
SP-00201,Conductor,Northeast,heatwave,2024-04-22,0.04,39667.8,0.15320877748082612,Low
SP-00201,Damper,Northeast,heatwave,2024-04-22,0.075,2391.0,0.4286778996303464,Medium
SP-00201,Spacer,Northeast,heatwave,2024-04-22,0.06,20052.6,0.29911143878188395,Low
SP-00201,Insulator,Northeast,heatwave,2024-04-22,0.035,1653.8,0.4097103765824622,Medium
SP-00201,Fittings,Northeast,heatwave,2024-04-22,0.06,42707.9,0.1444556125566171,Low
SP-00201,Arrester,Northeast,heatwave,2024-04-22,0.065,695.2,0.43425423497407645,Medium
SP-00204,Conductor,Northeast,heatwave,2024-04-28,0.055,21323.5,0.28743567242479784,Low
SP-00204,Damper,Northeast,heatwave,2024-04-28,0.125,2322.6,0.4591448304815737,Medium
SP-00204,Spacer,Northeast,heatwave,2024-04-28,0.15,2348.0,0.47397143803097175,Medium
SP-00204,Insulator,Northeast,heatwave,2024-04-28,0.105,2139.3,0.4483961232451695,Medium
SP-00204,Fittings,Northeast,heatwave,2024-04-28,0.03,9784.3,0.35120772620376345,Medium
SP-00204,Arrester,Northeast,heatwave,2024-04-28,0.125,1726.6,0.46321340924372906,Medium
SP-00206,Conductor,Northeast,southwest_monsoon,2024-09-02,0.065,24322.4,0.2729637582472344,Low
SP-00206,Damper,Northeast,southwest_monsoon,2024-09-02,0.2,6215.6,0.47756936551333384,Medium
SP-00206,Spacer,Northeast,southwest_monsoon,2024-09-02,0.165,3809.1,0.4729972762367012,Medium
SP-00206,Insulator,Northeast,southwest_monsoon,2024-09-02,0.125,13774.6,0.38096804527317846,Medium
SP-00206,Fittings,Northeast,southwest_monsoon,2024-09-02,0.065,23806.0,0.2764889496445114,Low
SP-00206,Arrester,Northeast,southwest_monsoon,2024-09-02,0.185,541.0,0.5073068773316677,High
SP-00207,Conductor,Northeast,southwest_monsoon,2024-06-25,0.155,12189.0,0.40979210313437575,Medium
SP-00207,Damper,Northeast,southwest_monsoon,2024-06-25,0.2,1512.0,0.5096783706570823,High
SP-00207,Spacer,Northeast,southwest_monsoon,2024-06-25,0.17,3602.6,0.47740694320714594,Medium
SP-00207,Insulator,Northeast,southwest_monsoon,2024-06-25,0.08,0.0,0.448,Medium
SP-00207,Fittings,Northeast,southwest_monsoon,2024-06-25,0.13,5848.7,0.4380739989828554,Medium
SP-00207,Arrester,Northeast,southwest_monsoon,2024-06-25,0.135,678.2,0.47637028503944,Medium
SP-00216,Conductor,Northeast,summer_storm,2024-04-29,0.04,23944.5,0.26054348293552054,Low
SP-00216,Conductor,Northeast,tropical_cyclone,2024-10-29,0.205,23944.5,0.3595434829355205,Medium
SP-00216,Damper,Northeast,summer_storm,2024-04-29,0.095,17397.8,0.3382343631070016,Medium
SP-00216,Damper,Northeast,tropical_cyclone,2024-10-29,0.215,17397.8,0.4102343631070016,Medium
SP-00216,Spacer,Northeast,summer_storm,2024-04-29,0.095,17206.3,0.33954163296094914,Medium
SP-00216,Spacer,Northeast,tropical_cyclone,2024-10-29,0.205,17206.3,0.40554163296094914,Medium
SP-00216,Insulator,Northeast,summer_storm,2024-04-29,0.195,3037.4,0.4962652665567604,Medium
SP-00216,Insulator,Northeast,tropical_cyclone,2024-10-29,0.485,3037.4,0.6702652665567603,High
SP-00216,Fittings,Northeast,summer_storm,2024-04-29,0.1,15462.4,0.3544463217249136,Medium
SP-00216,Fittings,Northeast,tropical_cyclone,2024-10-29,0.27,15462.4,0.4564463217249136,Medium
SP-00216,Arrester,Northeast,summer_storm,2024-04-29,0.185,1856.1,0.4983293808046365,Medium
SP-00216,Arrester,Northeast,tropical_cyclone,2024-10-29,0.565,1856.1,0.7263293808046365,Critical
SP-00217,Conductor,Northeast,summer_storm,2024-04-21,0.165,7686.5,0.4465283042696184,Medium
SP-00217,Damper,Northeast,summer_storm,2024-04-21,0.12,1601.6,0.4610667185478724,Medium
SP-00217,Spacer,Northeast,summer_storm,2024-04-21,0.2,3471.8,0.4962998460630016,Medium
SP-00217,Insulator,Northeast,summer_storm,2024-04-21,0.175,516.7,0.5014727606603931,High
SP-00217,Fittings,Northeast,summer_storm,2024-04-21,0.105,8806.5,0.40288265290449427,Medium
SP-00217,Arrester,Northeast,summer_storm,2024-04-21,0.145,0.0,0.487,Medium
SP-00221,Conductor,Northeast,southwest_monsoon,2024-06-14,0.05,36414.6,0.18141666410673876,Low
SP-00221,Conductor,Northeast,tropical_cyclone,2024-08-09,0.265,36414.6,0.31041666410673874,Medium
SP-00221,Damper,Northeast,southwest_monsoon,2024-06-14,0.105,3055.8,0.4421396594271905,Medium
SP-00221,Damper,Northeast,tropical_cyclone,2024-08-09,0.35,3055.8,0.5891396594271905,High
SP-00221,Spacer,Northeast,southwest_monsoon,2024-06-14,0.095,8269.4,0.4005491523225373,Medium
SP-00221,Spacer,Northeast,tropical_cyclone,2024-08-09,0.375,8269.4,0.5685491523225372,High
SP-00221,Insulator,Northeast,southwest_monsoon,2024-06-14,0.11,1632.2,0.4548578284302181,Medium
SP-00221,Insulator,Northeast,tropical_cyclone,2024-08-09,0.38,1632.2,0.6168578284302181,High
SP-00221,Fittings,Northeast,southwest_monsoon,2024-06-14,0.11,16047.0,0.35645556477129603,Medium
SP-00221,Fittings,Northeast,tropical_cyclone,2024-08-09,0.36,16047.0,0.506455564771296,High
SP-00221,Arrester,Northeast,southwest_monsoon,2024-06-14,0.11,984.1,0.4592820665103404,Medium
SP-00221,Arrester,Northeast,tropical_cyclone,2024-08-09,0.405,984.1,0.6362820665103404,High
SP-00222,Conductor,Northeast,tropical_cyclone,2024-09-04,0.255,46493.8,0.23561126300016724,Low
SP-00222,Damper,Northeast,tropical_cyclone,2024-09-04,0.315,2410.6,0.5725441007314568,High
SP-00222,Spacer,Northeast,tropical_cyclone,2024-09-04,0.325,6674.5,0.5494366963959629,High
SP-00222,Insulator,Northeast,tropical_cyclone,2024-09-04,0.185,15743.7,0.4035260344668694,Medium
SP-00222,Fittings,Northeast,tropical_cyclone,2024-09-04,0.245,39649.0,0.2763371152001693,Low
SP-00222,Arrester,Northeast,tropical_cyclone,2024-09-04,0.435,1478.7,0.6509056922557062,High
SP-00227,Conductor,Northeast,summer_storm,2024-04-05,0.04,28362.6,0.23038343624243546,Low
SP-00227,Conductor,Northeast,southwest_monsoon,2024-07-14,0.08,28362.6,0.2543834362424355,Low
SP-00227,Damper,Northeast,summer_storm,2024-04-05,0.14,1546.9,0.4734401266993655,Medium
SP-00227,Damper,Northeast,southwest_monsoon,2024-07-14,0.205,1546.9,0.5124401266993655,High
SP-00227,Spacer,Northeast,summer_storm,2024-04-05,0.155,1677.1,0.4815513197281698,Medium
SP-00227,Spacer,Northeast,southwest_monsoon,2024-07-14,0.185,1677.1,0.4995513197281698,Medium
SP-00227,Insulator,Northeast,summer_storm,2024-04-05,0.205,645.7,0.5185921454585172,High
SP-00227,Insulator,Northeast,southwest_monsoon,2024-07-14,0.22,645.7,0.5275921454585173,High
SP-00227,Fittings,Northeast,summer_storm,2024-04-05,0.145,11216.7,0.41042948422572423,Medium
SP-00227,Fittings,Northeast,southwest_monsoon,2024-07-14,0.2,11216.7,0.4434294842257242,Medium
SP-00227,Arrester,Northeast,summer_storm,2024-04-05,0.16,937.9,0.48959744962915186,Medium
SP-00227,Arrester,Northeast,southwest_monsoon,2024-07-14,0.145,937.9,0.48059744962915185,Medium
SP-00229,Conductor,Northeast,southwest_monsoon,2024-07-31,0.1,16989.8,0.3440195646757254,Medium
SP-00229,Damper,Northeast,southwest_monsoon,2024-07-31,0.14,2875.9,0.46436774217771365,Medium
SP-00229,Spacer,Northeast,southwest_monsoon,2024-07-31,0.17,2257.7,0.4865878686722849,Medium
SP-00229,Insulator,Northeast,southwest_monsoon,2024-07-31,0.12,836.1,0.46629238472644613,Medium
SP-00229,Fittings,Northeast,southwest_monsoon,2024-07-31,0.175,6028.4,0.4638472815272189,Medium
SP-00229,Arrester,Northeast,southwest_monsoon,2024-07-31,0.145,1021.6,0.48002607371909745,Medium
SP-00234,Conductor,Northeast,heatwave,2024-04-11,0.1,17145.4,0.3429573652539278,Medium
SP-00234,Conductor,Northeast,tropical_cyclone,2024-09-17,0.315,17145.4,0.4719573652539278,Medium
SP-00234,Damper,Northeast,heatwave,2024-04-11,0.065,1076.1,0.43165403086249093,Medium
SP-00234,Damper,Northeast,tropical_cyclone,2024-09-17,0.415,1076.1,0.641654030862491,High
SP-00234,Spacer,Northeast,heatwave,2024-04-11,0.075,7386.3,0.39457761189444907,Medium
SP-00234,Spacer,Northeast,tropical_cyclone,2024-09-17,0.29,7386.3,0.5235776118944491,High
SP-00234,Insulator,Northeast,heatwave,2024-04-11,0.085,912.8,0.44476879413742376,Medium
SP-00234,Insulator,Northeast,tropical_cyclone,2024-09-17,0.39,912.8,0.6277687941374237,High
SP-00234,Fittings,Northeast,heatwave,2024-04-11,0.075,9577.9,0.37961671052676493,Medium
SP-00234,Fittings,Northeast,tropical_cyclone,2024-09-17,0.35,9577.9,0.544616710526765,High
SP-00234,Arrester,Northeast,heatwave,2024-04-11,0.095,1492.0,0.44681490014574526,Medium
SP-00234,Arrester,Northeast,tropical_cyclone,2024-09-17,0.275,1492.0,0.5548149001457453,High
SP-00236,Conductor,Northeast,tropical_cyclone,2024-08-05,0.325,24630.3,0.42686188676926856,Medium
SP-00236,Damper,Northeast,tropical_cyclone,2024-08-05,0.285,21427.4,0.4247264017311939,Medium
SP-00236,Spacer,Northeast,tropical_cyclone,2024-08-05,0.305,16222.3,0.4722588838031655,Medium
SP-00236,Insulator,Northeast,tropical_cyclone,2024-08-05,0.405,1112.8,0.6354034992507944,High
SP-00236,Fittings,Northeast,tropical_cyclone,2024-08-05,0.265,16171.8,0.4486036207620393,Medium
SP-00236,Arrester,Northeast,tropical_cyclone,2024-08-05,0.45,330.1,0.6677465807896183,High
SP-00237,Conductor,Northeast,summer_storm,2024-04-08,0.135,14466.6,0.382244124965441,Medium
SP-00237,Damper,Northeast,summer_storm,2024-04-08,0.23,12232.1,0.45449788208630715,Medium
SP-00237,Spacer,Northeast,summer_storm,2024-04-08,0.175,1583.8,0.4941882297927824,Medium
SP-00237,Insulator,Northeast,summer_storm,2024-04-08,0.2,917.5,0.513736709707588,High
SP-00237,Fittings,Northeast,summer_storm,2024-04-08,0.15,16767.4,0.37553777258965726,Medium
SP-00237,Arrester,Northeast,summer_storm,2024-04-08,0.265,276.3,0.5571138451141217,High
SP-00238,Conductor,Northeast,summer_storm,2024-04-05,0.07,34255.5,0.20815570505534564,Low
SP-00238,Conductor,Northeast,southwest_monsoon,2024-08-10,0.035,34255.5,0.18715570505534562,Low
SP-00238,Damper,Northeast,summer_storm,2024-04-05,0.12,19876.9,0.3363108503397878,Medium
SP-00238,Damper,Northeast,southwest_monsoon,2024-08-10,0.075,19876.9,0.3093108503397878,Medium
SP-00238,Spacer,Northeast,summer_storm,2024-04-05,0.065,10226.2,0.36919110715175596,Medium
SP-00238,Spacer,Northeast,southwest_monsoon,2024-08-10,0.105,10226.2,0.393191107151756,Medium
SP-00238,Insulator,Northeast,summer_storm,2024-04-05,0.135,29505.6,0.27958077596534886,Low
SP-00238,Insulator,Northeast,southwest_monsoon,2024-08-10,0.095,29505.6,0.25558077596534884,Low
SP-00238,Fittings,Northeast,summer_storm,2024-04-05,0.075,20008.8,0.3084104383620557,Medium
SP-00238,Fittings,Northeast,southwest_monsoon,2024-08-10,0.12,20008.8,0.33541043836205575,Medium
SP-00238,Arrester,Northeast,summer_storm,2024-04-05,0.155,807.7,0.4874862566003475,Medium
SP-00238,Arrester,Northeast,southwest_monsoon,2024-08-10,0.21,807.7,0.5204862566003475,High
SP-00239,Conductor,Northeast,heatwave,2025-03-17,0.03,39750.0,0.14664764128242147,Low
SP-00239,Conductor,Northeast,southwest_monsoon,2024-07-16,0.09,39750.0,0.18264764128242147,Low
SP-00239,Damper,Northeast,heatwave,2025-03-17,0.17,2891.4,0.4822619318239999,Medium
SP-00239,Damper,Northeast,southwest_monsoon,2024-07-16,0.255,2891.4,0.5332619318239998,High
SP-00239,Spacer,Northeast,heatwave,2025-03-17,0.175,3001.1,0.4845130675786837,Medium
SP-00239,Spacer,Northeast,southwest_monsoon,2024-07-16,0.145,3001.1,0.4665130675786837,Medium
SP-00239,Insulator,Northeast,heatwave,2025-03-17,0.06,1190.4,0.4278737648347823,Medium
SP-00239,Insulator,Northeast,southwest_monsoon,2024-07-16,0.2,1190.4,0.5118737648347823,High
SP-00239,Fittings,Northeast,heatwave,2025-03-17,0.025,24308.6,0.2490579635944119,Low
SP-00239,Fittings,Northeast,southwest_monsoon,2024-07-16,0.08,24308.6,0.2820579635944119,Low
SP-00239,Arrester,Northeast,heatwave,2025-03-17,0.14,1797.0,0.47173282544363554,Medium
SP-00239,Arrester,Northeast,southwest_monsoon,2024-07-16,0.2,1797.0,0.5077328254436355,High
SP-00240,Conductor,Northeast,tropical_cyclone,2024-11-04,0.275,29564.8,0.36317664867890653,Medium
SP-00240,Conductor,Northeast,summer_storm,2024-05-12,0.08,29564.8,0.24617664867890654,Low
SP-00240,Damper,Northeast,tropical_cyclone,2024-11-04,0.38,7439.0,0.5772178566918222,High
SP-00240,Damper,Northeast,summer_storm,2024-05-12,0.13,7439.0,0.4272178566918223,Medium
SP-00240,Spacer,Northeast,tropical_cyclone,2024-11-04,0.4,3438.0,0.6165305808988419,High
SP-00240,Spacer,Northeast,summer_storm,2024-05-12,0.135,3438.0,0.45753058089884197,Medium
SP-00240,Insulator,Northeast,tropical_cyclone,2024-11-04,0.335,1561.5,0.5903404601726416,High
SP-00240,Insulator,Northeast,summer_storm,2024-05-12,0.16,1561.5,0.48534046017264154,Medium
SP-00240,Fittings,Northeast,tropical_cyclone,2024-11-04,0.27,24559.9,0.3943424705693621,Medium
SP-00240,Fittings,Northeast,summer_storm,2024-05-12,0.095,24559.9,0.28934247056936213,Low
SP-00240,Arrester,Northeast,tropical_cyclone,2024-11-04,0.385,523.9,0.6274236100444744,High
SP-00240,Arrester,Northeast,summer_storm,2024-05-12,0.115,523.9,0.46542361004447447,Medium
SP-00242,Conductor,Northeast,summer_storm,2024-04-13,0.04,28137.1,0.23192280622711,Low
SP-00242,Conductor,Northeast,heatwave,2024-04-21,0.05,28137.1,0.23792280622711,Low
SP-00242,Damper,Northeast,summer_storm,2024-04-13,0.06,20009.8,0.29940361188762254,Low
SP-00242,Damper,Northeast,heatwave,2024-04-21,0.03,20009.8,0.2814036118876226,Low
SP-00242,Spacer,Northeast,summer_storm,2024-04-13,0.075,13215.9,0.35478199653897746,Medium
SP-00242,Spacer,Northeast,heatwave,2024-04-21,0.02,13215.9,0.3217819965389775,Medium
SP-00242,Insulator,Northeast,summer_storm,2024-04-13,0.095,4566.3,0.4258282697959226,Medium
SP-00242,Insulator,Northeast,heatwave,2024-04-21,0.065,4566.3,0.40782826979592257,Medium
SP-00242,Fittings,Northeast,summer_storm,2024-04-13,0.035,34888.1,0.18283727732893712,Low
SP-00242,Fittings,Northeast,heatwave,2024-04-21,0.05,34888.1,0.19183727732893713,Low
SP-00242,Arrester,Northeast,summer_storm,2024-04-13,0.12,895.7,0.4658855268502306,Medium
SP-00242,Arrester,Northeast,heatwave,2024-04-21,0.115,895.7,0.4628855268502306,Medium
SP-00243,Conductor,Northeast,heatwave,2025-03-14,0.06,26414.0,0.2556855043228649,Low
SP-00243,Conductor,Northeast,summer_storm,2024-05-07,0.075,26414.0,0.2646855043228649,Low
SP-00243,Damper,Northeast,heatwave,2025-03-14,0.125,2792.8,0.4559350222031081,Medium
SP-00243,Damper,Northeast,summer_storm,2024-05-07,0.23,2792.8,0.5189350222031082,High
SP-00243,Spacer,Northeast,heatwave,2025-03-14,0.085,16351.1,0.33937963389617615,Medium
SP-00243,Spacer,Northeast,summer_storm,2024-05-07,0.08,16351.1,0.33637963389617614,Medium
SP-00243,Insulator,Northeast,heatwave,2025-03-14,0.205,2110.7,0.5085913604139574,High
SP-00243,Insulator,Northeast,summer_storm,2024-05-07,0.16,2110.7,0.48159136041395745,Medium
SP-00243,Fittings,Northeast,heatwave,2025-03-14,0.075,15366.8,0.3400989326807224,Medium
SP-00243,Fittings,Northeast,summer_storm,2024-05-07,0.06,15366.8,0.3310989326807224,Medium
SP-00243,Arrester,Northeast,heatwave,2025-03-14,0.085,1115.1,0.44338779835959824,Medium
SP-00243,Arrester,Northeast,summer_storm,2024-05-07,0.12,1115.1,0.46438779835959826,Medium
SP-00244,Conductor,Northeast,southwest_monsoon,2024-08-30,0.04,35805.9,0.1795719390941951,Low
SP-00244,Damper,Northeast,southwest_monsoon,2024-08-30,0.09,11979.4,0.3722229321755633,Medium
SP-00244,Spacer,Northeast,southwest_monsoon,2024-08-30,0.185,13001.6,0.4222449100100008,Medium
SP-00244,Insulator,Northeast,southwest_monsoon,2024-08-30,0.095,25575.1,0.28241223372483165,Low
SP-00244,Fittings,Northeast,southwest_monsoon,2024-08-30,0.095,27586.1,0.2686841936397738,Low
SP-00244,Arrester,Northeast,southwest_monsoon,2024-08-30,0.205,629.5,0.5187027343443342,High
SP-00245,Conductor,Northeast,summer_storm,2024-05-03,0.015,39989.3,0.1360140659505695,Low
SP-00245,Conductor,Northeast,tropical_cyclone,2024-08-22,0.2,39989.3,0.2470140659505695,Low
SP-00245,Conductor,Northeast,heatwave,2024-04-08,0.02,39989.3,0.1390140659505695,Low
SP-00245,Damper,Northeast,summer_storm,2024-05-03,0.13,7244.2,0.4285476539113992,Medium
SP-00245,Damper,Northeast,tropical_cyclone,2024-08-22,0.33,7244.2,0.5485476539113991,High
SP-00245,Damper,Northeast,heatwave,2024-04-08,0.02,7244.2,0.3625476539113992,Medium
SP-00245,Spacer,Northeast,summer_storm,2024-05-03,0.115,5358.2,0.43242238469231375,Medium
SP-00245,Spacer,Northeast,tropical_cyclone,2024-08-22,0.295,5358.2,0.5404223846923137,High
SP-00245,Spacer,Northeast,heatwave,2024-04-08,0.035,5358.2,0.38442238469231377,Medium
SP-00245,Insulator,Northeast,summer_storm,2024-05-03,0.165,1007.9,0.4921195964188315,Medium
SP-00245,Insulator,Northeast,tropical_cyclone,2024-08-22,0.38,1007.9,0.6211195964188315,High
SP-00245,Insulator,Northeast,heatwave,2024-04-08,0.075,1007.9,0.4381195964188315,Medium
SP-00245,Fittings,Northeast,summer_storm,2024-05-03,0.06,31086.7,0.2237874372391007,Low
SP-00245,Fittings,Northeast,tropical_cyclone,2024-08-22,0.165,31086.7,0.2867874372391007,Low
SP-00245,Fittings,Northeast,heatwave,2024-04-08,0.03,31086.7,0.20578743723910067,Low
SP-00245,Arrester,Northeast,summer_storm,2024-05-03,0.11,3908.9,0.43931599408827315,Medium
SP-00245,Arrester,Northeast,tropical_cyclone,2024-08-22,0.32,3908.9,0.5653159940882732,High
SP-00245,Arrester,Northeast,heatwave,2024-04-08,0.04,3908.9,0.39731599408827317,Medium
SP-00246,Conductor,Northeast,summer_storm,2024-05-09,0.105,15444.1,0.35757124620704017,Medium
SP-00246,Damper,Northeast,summer_storm,2024-05-09,0.165,1643.8,0.4877786413267936,Medium
SP-00246,Spacer,Northeast,summer_storm,2024-05-09,0.08,14427.5,0.349511040115777,Medium
SP-00246,Insulator,Northeast,summer_storm,2024-05-09,0.13,589.0,0.47397920655887665,Medium
SP-00246,Fittings,Northeast,summer_storm,2024-05-09,0.095,20648.0,0.31604695590438836,Medium
SP-00246,Arrester,Northeast,summer_storm,2024-05-09,0.165,146.6,0.4979992388481007,Medium
SP-00250,Conductor,Northeast,tropical_cyclone,2024-09-19,0.255,58595.4,0.153,Low
SP-00250,Damper,Northeast,tropical_cyclone,2024-09-19,0.405,3197.7,0.621170982705127,High
SP-00250,Spacer,Northeast,tropical_cyclone,2024-09-19,0.49,2656.8,0.6758634227260161,High
SP-00250,Insulator,Northeast,tropical_cyclone,2024-09-19,0.46,2683.3,0.6576825211535378,High
SP-00250,Fittings,Northeast,tropical_cyclone,2024-09-19,0.265,45416.0,0.24896883714421272,Low
SP-00250,Arrester,Northeast,tropical_cyclone,2024-09-19,0.485,715.7,0.6861142922481969,High
SP-00251,Conductor,Northeast,heatwave,2024-04-26,0.085,14844.8,0.3496623523348249,Medium
SP-00251,Damper,Northeast,heatwave,2024-04-26,0.12,1917.8,0.4589081873321114,Medium
SP-00251,Spacer,Northeast,heatwave,2024-04-26,0.1,13755.5,0.36609843093485156,Medium
SP-00251,Insulator,Northeast,heatwave,2024-04-26,0.085,429.5,0.44806802923096356,Medium
SP-00251,Fittings,Northeast,heatwave,2024-04-26,0.04,26146.2,0.24551363417606162,Low
SP-00251,Arrester,Northeast,heatwave,2024-04-26,0.065,405.1,0.4362345952071323,Medium
SP-00252,Conductor,Northeast,summer_storm,2024-05-15,0.06,14140.4,0.33947092092553344,Medium
SP-00252,Damper,Northeast,summer_storm,2024-05-15,0.115,10753.2,0.3955935551254877,Medium
SP-00252,Spacer,Northeast,summer_storm,2024-05-15,0.16,2103.6,0.4816398283824328,Medium
SP-00252,Insulator,Northeast,summer_storm,2024-05-15,0.115,2649.1,0.4509159865791513,Medium
SP-00252,Fittings,Northeast,summer_storm,2024-05-15,0.095,8781.5,0.39705331476532285,Medium
SP-00252,Arrester,Northeast,summer_storm,2024-05-15,0.185,78.7,0.5104627564621114,High
SP-00257,Conductor,Northeast,southwest_monsoon,2024-07-26,0.2,5846.8,0.4800869692842783,Medium
SP-00257,Damper,Northeast,southwest_monsoon,2024-07-26,0.165,5135.1,0.46394537113834877,Medium
SP-00257,Spacer,Northeast,southwest_monsoon,2024-07-26,0.145,12052.1,0.40472664748427356,Medium
SP-00257,Insulator,Northeast,southwest_monsoon,2024-07-26,0.27,1547.7,0.551434665519819,High
SP-00257,Fittings,Northeast,southwest_monsoon,2024-07-26,0.09,28118.6,0.26204909600412324,Low
SP-00257,Arrester,Northeast,southwest_monsoon,2024-07-26,0.165,275.9,0.4971165757038949,Medium
SP-00260,Conductor,Northeast,tropical_cyclone,2024-11-20,0.2,23305.0,0.36090901333551784,Medium
SP-00260,Damper,Northeast,tropical_cyclone,2024-11-20,0.36,2649.1,0.5979159865791512,High
SP-00260,Spacer,Northeast,tropical_cyclone,2024-11-20,0.39,2940.9,0.6139240213395591,High
SP-00260,Insulator,Northeast,tropical_cyclone,2024-11-20,0.19,9463.6,0.4493969765544735,Medium
SP-00260,Fittings,Northeast,tropical_cyclone,2024-11-20,0.195,31940.9,0.2989562627783068,Low
SP-00260,Arrester,Northeast,tropical_cyclone,2024-11-20,0.37,0.0,0.622,High
SP-00261,Conductor,Northeast,heatwave,2024-04-14,0.06,18791.9,0.30771757509975184,Medium
SP-00261,Damper,Northeast,heatwave,2024-04-14,0.035,14433.5,0.3224700812691782,Medium
SP-00261,Spacer,Northeast,heatwave,2024-04-14,0.025,6002.4,0.3740247698624807,Medium
SP-00261,Insulator,Northeast,heatwave,2024-04-14,0.065,10443.8,0.36770566631510326,Medium
SP-00261,Fittings,Northeast,heatwave,2024-04-14,0.07,28454.5,0.24775608324202925,Low
SP-00261,Arrester,Northeast,heatwave,2024-04-14,0.035,932.7,0.41463294729620415,Medium
SP-00265,Conductor,Northeast,tropical_cyclone,2024-10-26,0.29,29301.2,0.373976107339484,Medium
SP-00265,Damper,Northeast,tropical_cyclone,2024-10-26,0.47,1810.6,0.6696399853913447,High
SP-00265,Spacer,Northeast,tropical_cyclone,2024-10-26,0.49,2167.4,0.679204299313598,High
SP-00265,Insulator,Northeast,tropical_cyclone,2024-10-26,0.44,1026.2,0.656994671936705,High
SP-00265,Fittings,Northeast,tropical_cyclone,2024-10-26,0.27,17460.2,0.44280839110237324,Medium
SP-00265,Arrester,Northeast,tropical_cyclone,2024-10-26,0.42,176.8,0.6507930793202197,High
SP-00268,Conductor,Northeast,tropical_cyclone,2024-09-16,0.285,10872.0,0.4967825699628298,Medium
SP-00268,Damper,Northeast,tropical_cyclone,2024-09-16,0.42,2404.5,0.6355857422254989,High
SP-00268,Spacer,Northeast,tropical_cyclone,2024-09-16,0.47,1356.6,0.6727392047839933,High
SP-00268,Insulator,Northeast,tropical_cyclone,2024-09-16,0.455,1671.4,0.6615902306324388,High
SP-00268,Fittings,Northeast,tropical_cyclone,2024-09-16,0.29,12055.8,0.4917013895288709,Medium
SP-00268,Arrester,Northeast,tropical_cyclone,2024-09-16,0.375,0.0,0.625,High
SP-00270,Conductor,Northeast,tropical_cyclone,2024-09-13,0.23,21028.4,0.39445016503001945,Medium
SP-00270,Damper,Northeast,tropical_cyclone,2024-09-13,0.35,2025.6,0.5961722933882182,High
SP-00270,Spacer,Northeast,tropical_cyclone,2024-09-13,0.365,2215.3,0.6038773111882503,High
SP-00270,Insulator,Northeast,tropical_cyclone,2024-09-13,0.355,2873.3,0.5933854910112398,High
SP-00270,Fittings,Northeast,tropical_cyclone,2024-09-13,0.2,18155.2,0.3960639913713363,Medium
SP-00270,Arrester,Northeast,tropical_cyclone,2024-09-13,0.415,268.3,0.6471684569095868,High
SP-00271,Conductor,Northeast,southwest_monsoon,2024-07-22,0.215,19604.4,0.3951710646228202,Medium
SP-00271,Conductor,Northeast,tropical_cyclone,2024-08-20,0.19,19604.4,0.3801710646228202,Medium
SP-00271,Damper,Northeast,southwest_monsoon,2024-07-22,0.095,21546.0,0.30991678186342275,Medium
SP-00271,Damper,Northeast,tropical_cyclone,2024-08-20,0.225,21546.0,0.38791678186342277,Medium
SP-00271,Spacer,Northeast,southwest_monsoon,2024-07-22,0.14,3389.4,0.46086234755629285,Medium
SP-00271,Spacer,Northeast,tropical_cyclone,2024-08-20,0.455,3389.4,0.6498623475562928,High
SP-00271,Insulator,Northeast,southwest_monsoon,2024-07-22,0.235,1275.2,0.5322948798028514,High
SP-00271,Insulator,Northeast,tropical_cyclone,2024-08-20,0.275,1275.2,0.5562948798028514,High
SP-00271,Fittings,Northeast,southwest_monsoon,2024-07-22,0.115,31316.9,0.25521598282459035,Low
SP-00271,Fittings,Northeast,tropical_cyclone,2024-08-20,0.255,31316.9,0.3392159828245903,Medium
SP-00271,Arrester,Northeast,southwest_monsoon,2024-07-22,0.26,921.8,0.5497073558675255,High
SP-00271,Arrester,Northeast,tropical_cyclone,2024-08-20,0.285,921.8,0.5647073558675255,High
SP-00272,Conductor,Northeast,southwest_monsoon,2024-07-31,0.065,37473.7,0.1831867450345932,Low
SP-00272,Damper,Northeast,southwest_monsoon,2024-07-31,0.14,8386.1,0.4267525027561891,Medium
SP-00272,Spacer,Northeast,southwest_monsoon,2024-07-31,0.15,2896.7,0.4702257515095042,Medium
SP-00272,Insulator,Northeast,southwest_monsoon,2024-07-31,0.295,2596.4,0.5592757417817782,High
SP-00272,Fittings,Northeast,southwest_monsoon,2024-07-31,0.08,37549.9,0.1916665676827874,Low
SP-00272,Arrester,Northeast,southwest_monsoon,2024-07-31,0.12,757.5,0.4668289456168914,Medium
SP-00273,Conductor,Northeast,heatwave,2024-04-21,0.04,15649.2,0.3171711363008018,Medium
SP-00273,Conductor,Northeast,tropical_cyclone,2024-08-27,0.23,15649.2,0.4311711363008018,Medium
SP-00273,Damper,Northeast,heatwave,2024-04-21,0.04,11284.2,0.3469686972014868,Medium
SP-00273,Damper,Northeast,tropical_cyclone,2024-08-27,0.23,11284.2,0.4609686972014868,Medium
SP-00273,Spacer,Northeast,heatwave,2024-04-21,0.115,3200.8,0.4471498206343843,Medium
SP-00273,Spacer,Northeast,tropical_cyclone,2024-08-27,0.35,3200.8,0.5881498206343843,High
SP-00273,Insulator,Northeast,heatwave,2024-04-21,0.075,3385.7,0.42188760551169546,Medium
SP-00273,Insulator,Northeast,tropical_cyclone,2024-08-27,0.31,3385.7,0.5628876055116955,High
SP-00273,Fittings,Northeast,heatwave,2024-04-21,0.05,9882.1,0.36254009700420176,Medium
SP-00273,Fittings,Northeast,tropical_cyclone,2024-08-27,0.22,9882.1,0.46454009700420174,Medium
SP-00273,Arrester,Northeast,heatwave,2024-04-21,0.08,882.6,0.44197495366530476,Medium
SP-00273,Arrester,Northeast,tropical_cyclone,2024-08-27,0.335,882.6,0.5949749536653048,High
SP-00275,Conductor,Northeast,heatwave,2025-03-10,0.04,16493.8,0.3114054959945662,Medium
SP-00275,Damper,Northeast,heatwave,2025-03-10,0.08,2110.2,0.433594773651174,Medium
SP-00275,Spacer,Northeast,heatwave,2025-03-10,0.165,3255.0,0.4767798257201077,Medium
SP-00275,Insulator,Northeast,heatwave,2025-03-10,0.145,2409.1,0.4705543404431065,Medium
SP-00275,Fittings,Northeast,heatwave,2025-03-10,0.05,31041.7,0.21809462858859227,Low
SP-00275,Arrester,Northeast,heatwave,2025-03-10,0.065,291.0,0.43701349593995437,Medium
SP-00277,Conductor,Northeast,summer_storm,2024-05-17,0.13,20916.6,0.3352133648716452,Medium
SP-00277,Damper,Northeast,summer_storm,2024-05-17,0.14,12675.6,0.39747034067520665,Medium
SP-00277,Spacer,Northeast,summer_storm,2024-05-17,0.095,7091.3,0.40859142185222735,Medium
SP-00277,Insulator,Northeast,summer_storm,2024-05-17,0.205,18745.6,0.39503364086600656,Medium
SP-00277,Fittings,Northeast,summer_storm,2024-05-17,0.08,46499.5,0.1305723520958983,Low
SP-00277,Arrester,Northeast,summer_storm,2024-05-17,0.125,2987.4,0.4546065902784178,Medium
SP-00278,Conductor,Northeast,tropical_cyclone,2024-09-09,0.255,7921.9,0.4989213521880558,Medium
SP-00278,Damper,Northeast,tropical_cyclone,2024-09-09,0.375,2676.4,0.6067296238271264,High
SP-00278,Spacer,Northeast,tropical_cyclone,2024-09-09,0.365,2967.8,0.5987403891773074,High
SP-00278,Insulator,Northeast,tropical_cyclone,2024-09-09,0.375,900.0,0.618856173010168,High
SP-00278,Fittings,Northeast,tropical_cyclone,2024-09-09,0.325,3481.1,0.5712363598507733,High
SP-00278,Arrester,Northeast,tropical_cyclone,2024-09-09,0.325,0.0,0.595,High
SP-00281,Conductor,Northeast,summer_storm,2024-04-01,0.175,26123.6,0.3266679124982507,Medium
SP-00281,Damper,Northeast,summer_storm,2024-04-01,0.07,17962.5,0.3193794529946037,Medium
SP-00281,Spacer,Northeast,summer_storm,2024-04-01,0.05,19904.7,0.29412107435054624,Low
SP-00281,Insulator,Northeast,summer_storm,2024-04-01,0.17,1611.9,0.49099640586121096,Medium
SP-00281,Fittings,Northeast,summer_storm,2024-04-01,0.165,30069.9,0.2937285964427242,Low
SP-00281,Arrester,Northeast,summer_storm,2024-04-01,0.24,58.7,0.5435992859507743,High
SP-00284,Conductor,Northeast,summer_storm,2024-05-08,0.135,15967.4,0.37199895213617457,Medium
SP-00284,Damper,Northeast,summer_storm,2024-05-08,0.095,22856.7,0.30096932182389746,Medium
SP-00284,Spacer,Northeast,summer_storm,2024-05-08,0.205,22893.5,0.36671810756475764,Medium
SP-00284,Insulator,Northeast,summer_storm,2024-05-08,0.15,15180.6,0.38637002222017425,Medium
SP-00284,Fittings,Northeast,summer_storm,2024-05-08,0.09,15513.7,0.3480961235864931,Medium
SP-00284,Arrester,Northeast,summer_storm,2024-05-08,0.325,725.7,0.5900460275038655,High
SP-00286,Conductor,Northeast,heatwave,2024-04-10,0.03,10609.9,0.3455717889117576,Medium
SP-00286,Damper,Northeast,heatwave,2024-04-10,0.1,1864.2,0.4472740863617281,Medium
SP-00286,Spacer,Northeast,heatwave,2024-04-10,0.05,6439.1,0.3860436484775256,Medium
SP-00286,Insulator,Northeast,heatwave,2024-04-10,0.115,2242.7,0.4536902657887821,Medium
SP-00286,Fittings,Northeast,heatwave,2024-04-10,0.03,14053.7,0.32206277625888724,Medium
SP-00286,Arrester,Northeast,heatwave,2024-04-10,0.09,0.0,0.454,Medium
SP-00287,Conductor,Northeast,heatwave,2025-03-06,0.03,37334.8,0.1631349423333572,Low
SP-00287,Damper,Northeast,heatwave,2025-03-06,0.055,21824.6,0.28401492608634804,Low
SP-00287,Spacer,Northeast,heatwave,2025-03-06,0.055,16656.6,0.3192941459568499,Medium
SP-00287,Insulator,Northeast,heatwave,2025-03-06,0.115,1627.4,0.4578905955074972,Medium
SP-00287,Fittings,Northeast,heatwave,2025-03-06,0.06,9712.4,0.3696985497155067,Medium
SP-00287,Arrester,Northeast,heatwave,2025-03-06,0.1,864.4,0.45409919549998806,Medium
SP-00288,Conductor,Northeast,summer_storm,2024-05-06,0.03,39619.6,0.14753781354850382,Low
SP-00288,Damper,Northeast,summer_storm,2024-05-06,0.115,8843.9,0.40862734276069457,Medium
SP-00288,Spacer,Northeast,summer_storm,2024-05-06,0.15,9400.4,0.42582840973864844,Medium
SP-00288,Insulator,Northeast,summer_storm,2024-05-06,0.375,3130.7,0.6036283564921479,High
SP-00288,Fittings,Northeast,summer_storm,2024-05-06,0.07,29035.7,0.24378853630148442,Low
SP-00288,Arrester,Northeast,summer_storm,2024-05-06,0.2,1514.8,0.5096592565286695,High
SP-00293,Conductor,Northeast,southwest_monsoon,2024-07-19,0.19,4530.2,0.48307470552295917,Medium
SP-00293,Conductor,Northeast,heatwave,2025-03-11,0.13,4530.2,0.4470747055229592,Medium
SP-00293,Damper,Northeast,southwest_monsoon,2024-07-19,0.16,1271.6,0.48731945511081076,Medium
SP-00293,Damper,Northeast,heatwave,2025-03-11,0.075,1271.6,0.43631945511081077,Medium
SP-00293,Spacer,Northeast,southwest_monsoon,2024-07-19,0.215,4640.4,0.4973224280404264,Medium
SP-00293,Spacer,Northeast,heatwave,2025-03-11,0.045,4640.4,0.39532242804042644,Medium
SP-00293,Insulator,Northeast,southwest_monsoon,2024-07-19,0.19,23.9,0.5138368472610478,High
SP-00293,Insulator,Northeast,heatwave,2025-03-11,0.115,23.9,0.46883684726104785,Medium
SP-00293,Fittings,Northeast,southwest_monsoon,2024-07-19,0.185,12635.4,0.4247447649474191,Medium
SP-00293,Fittings,Northeast,heatwave,2025-03-11,0.055,12635.4,0.3467447649474191,Medium
SP-00293,Arrester,Northeast,southwest_monsoon,2024-07-19,0.18,0.0,0.508,High
SP-00293,Arrester,Northeast,heatwave,2025-03-11,0.115,0.0,0.46900000000000003,Medium
SP-00294,Conductor,Northeast,tropical_cyclone,2024-09-04,0.27,30308.0,0.355103212880192,Medium
SP-00294,Damper,Northeast,tropical_cyclone,2024-09-04,0.295,10810.6,0.5032017154930251,High
SP-00294,Spacer,Northeast,tropical_cyclone,2024-09-04,0.45,2743.1,0.6512742979824355,High
SP-00294,Insulator,Northeast,tropical_cyclone,2024-09-04,0.35,6307.5,0.5669420125129276,High
SP-00294,Fittings,Northeast,tropical_cyclone,2024-09-04,0.19,52296.0,0.15700269304416387,Low
SP-00294,Arrester,Northeast,tropical_cyclone,2024-09-04,0.495,1704.5,0.6853642743287016,High
SP-00297,Conductor,Northeast,southwest_monsoon,2024-06-05,0.125,25422.5,0.3014539537233298,Medium
SP-00297,Damper,Northeast,southwest_monsoon,2024-06-05,0.14,1407.5,0.47439173723534617,Medium
SP-00297,Spacer,Northeast,southwest_monsoon,2024-06-05,0.15,1484.8,0.47986405076166394,Medium
SP-00297,Insulator,Northeast,southwest_monsoon,2024-06-05,0.14,1080.7,0.4766226290800985,Medium
SP-00297,Fittings,Northeast,southwest_monsoon,2024-06-05,0.205,3904.2,0.4963480785181089,Medium
SP-00297,Arrester,Northeast,southwest_monsoon,2024-06-05,0.175,37.0,0.5047474204459736,High
SP-00298,Conductor,Northeast,heatwave,2025-03-06,0.05,40755.0,0.15178703447710912,Low
SP-00298,Conductor,Northeast,southwest_monsoon,2024-06-30,0.08,40755.0,0.16978703447710913,Low
SP-00298,Damper,Northeast,heatwave,2025-03-06,0.075,25108.4,0.2735981493427812,Low
SP-00298,Damper,Northeast,southwest_monsoon,2024-06-30,0.155,25108.4,0.3215981493427812,Medium
SP-00298,Spacer,Northeast,heatwave,2025-03-06,0.11,2738.6,0.44730501711738463,Medium
SP-00298,Spacer,Northeast,southwest_monsoon,2024-06-30,0.29,2738.6,0.5553050171173846,High
SP-00298,Insulator,Northeast,heatwave,2025-03-06,0.065,12025.1,0.35691096229396846,Medium
SP-00298,Insulator,Northeast,southwest_monsoon,2024-06-30,0.135,12025.1,0.3989109622939685,Medium
SP-00298,Fittings,Northeast,heatwave,2025-03-06,0.08,17825.9,0.3263119494021715,Medium
SP-00298,Fittings,Northeast,southwest_monsoon,2024-06-30,0.1,17825.9,0.3383119494021715,Medium
SP-00298,Arrester,Northeast,heatwave,2025-03-06,0.135,782.4,0.4756589664035061,Medium
SP-00298,Arrester,Northeast,southwest_monsoon,2024-06-30,0.32,782.4,0.586658966403506,High
SP-00299,Conductor,Northeast,tropical_cyclone,2024-11-18,0.205,18821.3,0.39451687675141733,Medium
SP-00299,Conductor,Northeast,heatwave,2025-03-18,0.095,18821.3,0.32851687675141733,Medium
SP-00299,Damper,Northeast,tropical_cyclone,2024-11-18,0.285,10141.2,0.5017713574785734,High
SP-00299,Damper,Northeast,heatwave,2025-03-18,0.075,10141.2,0.37577135747857343,Medium
SP-00299,Spacer,Northeast,tropical_cyclone,2024-11-18,0.15,16591.1,0.37674128003222096,Medium
SP-00299,Spacer,Northeast,heatwave,2025-03-18,0.145,16591.1,0.37374128003222096,Medium
SP-00299,Insulator,Northeast,tropical_cyclone,2024-11-18,0.32,2096.8,0.5776862484085782,High
SP-00299,Insulator,Northeast,heatwave,2025-03-18,0.075,2096.8,0.43068624840857817,Medium
SP-00299,Fittings,Northeast,tropical_cyclone,2024-11-18,0.365,8849.2,0.5585911624461989,High
SP-00299,Fittings,Northeast,heatwave,2025-03-18,0.075,8849.2,0.3845911624461989,Medium
SP-00299,Arrester,Northeast,tropical_cyclone,2024-11-18,0.345,415.8,0.6041615519306976,High
SP-00299,Arrester,Northeast,heatwave,2025-03-18,0.075,415.8,0.44216155193069767,Medium
SP-00301,Conductor,Northeast,southwest_monsoon,2024-09-06,0.105,21495.9,0.3162587882325234,Medium
SP-00301,Damper,Northeast,southwest_monsoon,2024-09-06,0.125,1893.4,0.4620747533082802,Medium
SP-00301,Spacer,Northeast,southwest_monsoon,2024-09-06,0.195,3377.2,0.49394563054437723,Medium
SP-00301,Insulator,Northeast,southwest_monsoon,2024-09-06,0.145,690.4,0.48228700205135555,Medium
SP-00301,Fittings,Northeast,southwest_monsoon,2024-09-06,0.165,7201.5,0.4498391443696945,Medium
SP-00301,Arrester,Northeast,southwest_monsoon,2024-09-06,0.22,1897.2,0.5190488127054342,High
SP-00302,Conductor,Northeast,southwest_monsoon,2024-08-24,0.11,12423.7,0.38118992958491626,Medium
SP-00302,Damper,Northeast,southwest_monsoon,2024-08-24,0.13,4805.9,0.4451926465217406,Medium
SP-00302,Spacer,Northeast,southwest_monsoon,2024-08-24,0.155,1990.7,0.479410537345935,Medium
SP-00302,Insulator,Northeast,southwest_monsoon,2024-08-24,0.155,1160.4,0.48507855906777664,Medium
SP-00302,Fittings,Northeast,southwest_monsoon,2024-08-24,0.205,7719.4,0.4703037132607679,Medium
SP-00302,Arrester,Northeast,southwest_monsoon,2024-08-24,0.21,1164.6,0.5180498878751575,High
SP-00305,Conductor,Northeast,southwest_monsoon,2024-06-07,0.08,31569.7,0.23249025008789087,Low
SP-00305,Damper,Northeast,southwest_monsoon,2024-06-07,0.095,1888.5,0.44410820303300264,Medium
SP-00305,Spacer,Northeast,southwest_monsoon,2024-06-07,0.145,9838.1,0.41984046187926016,Medium
SP-00305,Insulator,Northeast,southwest_monsoon,2024-06-07,0.33,8131.4,0.5424912057943115,High
SP-00305,Fittings,Northeast,southwest_monsoon,2024-06-07,0.12,18216.1,0.3476482590783577,Medium
SP-00305,Arrester,Northeast,southwest_monsoon,2024-06-07,0.155,0.0,0.493,Medium
SP-00306,Conductor,Northeast,heatwave,2024-04-21,0.105,14926.7,0.3611032640787502,Medium
SP-00306,Damper,Northeast,heatwave,2024-04-21,0.12,2454.5,0.4552444185038416,Medium
SP-00306,Spacer,Northeast,heatwave,2024-04-21,0.09,1640.1,0.44280389928219627,Medium
SP-00306,Insulator,Northeast,heatwave,2024-04-21,0.09,0.0,0.454,Medium
SP-00306,Fittings,Northeast,heatwave,2024-04-21,0.065,16866.6,0.32386058632588904,Medium
SP-00306,Arrester,Northeast,heatwave,2024-04-21,0.165,1984.7,0.4854514961925339,Medium
SP-00308,Conductor,Northeast,southwest_monsoon,2024-07-17,0.1,8758.0,0.40021373691450185,Medium
SP-00308,Damper,Northeast,southwest_monsoon,2024-07-17,0.14,1717.9,0.4722727995712974,Medium
SP-00308,Spacer,Northeast,southwest_monsoon,2024-07-17,0.16,1913.7,0.4829361758772873,Medium
SP-00308,Insulator,Northeast,southwest_monsoon,2024-07-17,0.19,2444.4,0.4973133658956164,Medium
SP-00308,Fittings,Northeast,southwest_monsoon,2024-07-17,0.145,8050.0,0.43204688081316966,Medium
SP-00308,Arrester,Northeast,southwest_monsoon,2024-07-17,0.1,1641.0,0.4487977554552064,Medium
SP-00309,Conductor,Northeast,summer_storm,2024-05-07,0.12,26399.3,0.2917858534970322,Low
SP-00309,Damper,Northeast,summer_storm,2024-05-07,0.13,3977.9,0.45084496735238605,Medium
SP-00309,Spacer,Northeast,summer_storm,2024-05-07,0.22,5029.8,0.4976641988961591,Medium
SP-00309,Insulator,Northeast,summer_storm,2024-05-07,0.15,920.9,0.48371349969451527,Medium
SP-00309,Fittings,Northeast,summer_storm,2024-05-07,0.115,19470.1,0.3360878601391919,Medium
SP-00309,Arrester,Northeast,summer_storm,2024-05-07,0.185,878.9,0.5050002116207075,High
SP-00310,Conductor,Northeast,summer_storm,2024-04-11,0.075,23729.1,0.2830139055284204,Low
SP-00310,Damper,Northeast,summer_storm,2024-04-11,0.115,10749.0,0.3956222263181069,Medium
SP-00310,Spacer,Northeast,summer_storm,2024-04-11,0.09,20381.8,0.314864163398492,Medium
SP-00310,Insulator,Northeast,summer_storm,2024-04-11,0.085,19639.5,0.3169314553702168,Medium
SP-00310,Fittings,Northeast,summer_storm,2024-04-11,0.12,19167.9,0.3411508207128887,Medium
SP-00310,Arrester,Northeast,summer_storm,2024-04-11,0.255,1278.9,0.5442696218474488,High
SP-00311,Conductor,Northeast,southwest_monsoon,2024-07-26,0.1,30159.8,0.2541148963911843,Low
SP-00311,Conductor,Northeast,summer_storm,2024-05-16,0.085,30159.8,0.24511489639118428,Low
SP-00311,Conductor,Northeast,heatwave,2025-03-09,0.05,30159.8,0.2241148963911843,Low
SP-00311,Damper,Northeast,southwest_monsoon,2024-07-26,0.205,8074.0,0.46788304542677417,Medium
SP-00311,Damper,Northeast,summer_storm,2024-05-16,0.14,8074.0,0.4288830454267742,Medium
SP-00311,Damper,Northeast,heatwave,2025-03-09,0.12,8074.0,0.4168830454267742,Medium
SP-00311,Spacer,Northeast,southwest_monsoon,2024-07-26,0.185,8403.6,0.453633039453609,Medium
SP-00311,Spacer,Northeast,summer_storm,2024-05-16,0.145,8403.6,0.429633039453609,Medium
SP-00311,Spacer,Northeast,heatwave,2025-03-09,0.085,8403.6,0.393633039453609,Medium
SP-00311,Insulator,Northeast,southwest_monsoon,2024-07-26,0.135,7753.0,0.42807434371981423,Medium
SP-00311,Insulator,Northeast,summer_storm,2024-05-16,0.12,7753.0,0.4190743437198142,Medium
SP-00311,Insulator,Northeast,heatwave,2025-03-09,0.045,7753.0,0.37407434371981424,Medium
SP-00311,Fittings,Northeast,southwest_monsoon,2024-07-26,0.065,45433.1,0.12885210443140588,Low
SP-00311,Fittings,Northeast,summer_storm,2024-05-16,0.055,45433.1,0.12285210443140589,Low
SP-00311,Fittings,Northeast,heatwave,2025-03-09,0.055,45433.1,0.12285210443140589,Low
SP-00311,Arrester,Northeast,southwest_monsoon,2024-07-26,0.18,820.6,0.5023981950801599,High
SP-00311,Arrester,Northeast,summer_storm,2024-05-16,0.16,820.6,0.4903981950801599,Medium
SP-00311,Arrester,Northeast,heatwave,2025-03-09,0.055,820.6,0.42739819508015986,Medium
SP-00312,Conductor,Northeast,tropical_cyclone,2024-11-18,0.215,20372.2,0.38992969755305024,Medium
SP-00312,Conductor,Northeast,summer_storm,2024-05-28,0.12,20372.2,0.33292969755305024,Medium
SP-00312,Conductor,Northeast,southwest_monsoon,2024-06-28,0.125,20372.2,0.33592969755305024,Medium
SP-00312,Damper,Northeast,tropical_cyclone,2024-11-18,0.33,2185.9,0.5830780095365848,High
SP-00312,Damper,Northeast,summer_storm,2024-05-28,0.17,2185.9,0.48707800953658487,Medium
SP-00312,Damper,Northeast,southwest_monsoon,2024-06-28,0.22,2185.9,0.5170780095365848,High
SP-00312,Spacer,Northeast,tropical_cyclone,2024-11-18,0.275,3825.8,0.5388832741136677,High
SP-00312,Spacer,Northeast,summer_storm,2024-05-28,0.12,3825.8,0.4458832741136677,Medium
SP-00312,Spacer,Northeast,southwest_monsoon,2024-06-28,0.22,3825.8,0.5058832741136676,High
SP-00312,Insulator,Northeast,tropical_cyclone,2024-11-18,0.19,17177.0,0.39674164866184036,Medium
SP-00312,Insulator,Northeast,summer_storm,2024-05-28,0.185,17177.0,0.39374164866184036,Medium
SP-00312,Insulator,Northeast,southwest_monsoon,2024-06-28,0.14,17177.0,0.3667416486618404,Medium
SP-00312,Fittings,Northeast,tropical_cyclone,2024-11-18,0.16,29222.2,0.29651539881970257,Low
SP-00312,Fittings,Northeast,summer_storm,2024-05-28,0.09,29222.2,0.2545153988197026,Low
SP-00312,Fittings,Northeast,southwest_monsoon,2024-06-28,0.09,29222.2,0.2545153988197026,Low
SP-00312,Arrester,Northeast,tropical_cyclone,2024-11-18,0.295,2147.5,0.5623401461548176,High
SP-00312,Arrester,Northeast,summer_storm,2024-05-28,0.105,2147.5,0.4483401461548176,Medium
SP-00312,Arrester,Northeast,southwest_monsoon,2024-06-28,0.175,2147.5,0.4903401461548176,Medium
SP-00313,Conductor,Northeast,southwest_monsoon,2024-09-23,0.08,45858.8,0.13494607426521538,Low
SP-00313,Damper,Northeast,southwest_monsoon,2024-09-23,0.09,16101.1,0.34408625250446284,Medium
SP-00313,Spacer,Northeast,southwest_monsoon,2024-09-23,0.07,14552.8,0.34265568286930376,Medium
SP-00313,Insulator,Northeast,southwest_monsoon,2024-09-23,0.235,1531.1,0.5305479849954092,High
SP-00313,Fittings,Northeast,southwest_monsoon,2024-09-23,0.085,37976.9,0.19175166309983377,Low
SP-00313,Arrester,Northeast,southwest_monsoon,2024-09-23,0.195,593.5,0.5129484874239274,High
SP-00314,Conductor,Northeast,heatwave,2024-04-08,0.13,33833.3,0.24703784256102013,Low
SP-00314,Conductor,Northeast,tropical_cyclone,2024-11-03,0.155,33833.3,0.26203784256102014,Low
SP-00314,Damper,Northeast,heatwave,2024-04-08,0.09,17108.6,0.3372085795130676,Medium
SP-00314,Damper,Northeast,tropical_cyclone,2024-11-03,0.145,17108.6,0.3702085795130676,Medium
SP-00314,Spacer,Northeast,heatwave,2024-04-08,0.135,15932.4,0.3722378787413347,Medium
SP-00314,Spacer,Northeast,tropical_cyclone,2024-11-03,0.175,15932.4,0.39623787874133465,Medium
SP-00314,Insulator,Northeast,heatwave,2024-04-08,0.125,27752.8,0.28554622035176824,Low
SP-00314,Insulator,Northeast,tropical_cyclone,2024-11-03,0.18,27752.8,0.31854622035176827,Medium
SP-00314,Fittings,Northeast,heatwave,2024-04-08,0.1,25930.9,0.2829833741215181,Low
SP-00314,Fittings,Northeast,tropical_cyclone,2024-11-03,0.16,25930.9,0.3189833741215181,Medium
SP-00314,Arrester,Northeast,heatwave,2024-04-08,0.08,1961.3,0.4346112356942695,Medium
SP-00314,Arrester,Northeast,tropical_cyclone,2024-11-03,0.3,1961.3,0.5666112356942695,High
SP-00315,Conductor,Northeast,southwest_monsoon,2024-07-21,0.065,44255.8,0.13688891278154938,Low
SP-00315,Damper,Northeast,southwest_monsoon,2024-07-21,0.165,2476.4,0.48209491871375576,Medium
SP-00315,Spacer,Northeast,southwest_monsoon,2024-07-21,0.145,10433.4,0.415776661649208,Medium
SP-00315,Insulator,Northeast,southwest_monsoon,2024-07-21,0.08,1227.4,0.43962118528075583,Medium
SP-00315,Fittings,Northeast,southwest_monsoon,2024-07-21,0.06,36961.3,0.1836846305341375,Low
SP-00315,Arrester,Northeast,southwest_monsoon,2024-07-21,0.095,6133.9,0.4151270884745219,Medium
SP-00317,Conductor,Northeast,summer_storm,2024-05-25,0.12,13502.8,0.37982348102410773,Medium
SP-00317,Damper,Northeast,summer_storm,2024-05-25,0.14,4204.0,0.45530150148305165,Medium
SP-00317,Spacer,Northeast,summer_storm,2024-05-25,0.145,1872.8,0.474215378681603,Medium
SP-00317,Insulator,Northeast,summer_storm,2024-05-25,0.16,486.1,0.4926816507780475,Medium
SP-00317,Fittings,Northeast,summer_storm,2024-05-25,0.15,7114.7,0.4414316823504917,Medium
SP-00317,Arrester,Northeast,summer_storm,2024-05-25,0.14,1185.5,0.4759072145595047,Medium
SP-00319,Conductor,Northeast,tropical_cyclone,2024-11-15,0.355,19505.9,0.4798434723544852,Medium
SP-00319,Damper,Northeast,tropical_cyclone,2024-11-15,0.455,1681.0,0.6615246964778806,High
SP-00319,Spacer,Northeast,tropical_cyclone,2024-11-15,0.395,1940.8,0.623751178420149,High
SP-00319,Insulator,Northeast,tropical_cyclone,2024-11-15,0.35,1561.1,0.5993431907624148,High
SP-00319,Fittings,Northeast,tropical_cyclone,2024-11-15,0.26,13557.0,0.46345348610983117,Medium
SP-00319,Arrester,Northeast,tropical_cyclone,2024-11-15,0.415,44.0,0.6486996351249416,High
SP-00320,Conductor,Northeast,tropical_cyclone,2024-08-02,0.29,11144.9,0.49791962509002413,Medium
SP-00320,Conductor,Northeast,summer_storm,2024-05-04,0.08,11144.9,0.37191962509002413,Medium
SP-00320,Damper,Northeast,tropical_cyclone,2024-08-02,0.295,19078.3,0.4467624728220987,Medium
SP-00320,Damper,Northeast,summer_storm,2024-05-04,0.25,19078.3,0.41976247282209866,Medium
SP-00320,Spacer,Northeast,tropical_cyclone,2024-08-02,0.28,16852.3,0.45295820491028316,Medium
SP-00320,Spacer,Northeast,summer_storm,2024-05-04,0.13,16852.3,0.36295820491028313,Medium
SP-00320,Insulator,Northeast,tropical_cyclone,2024-08-02,0.31,10354.2,0.5153173184243132,High
SP-00320,Insulator,Northeast,summer_storm,2024-05-04,0.07,10354.2,0.3713173184243132,Medium
SP-00320,Fittings,Northeast,tropical_cyclone,2024-08-02,0.275,35271.3,0.32422137232615533,Medium
SP-00320,Fittings,Northeast,summer_storm,2024-05-04,0.03,35271.3,0.17722137232615529,Low
SP-00320,Arrester,Northeast,tropical_cyclone,2024-08-02,0.265,982.0,0.5522964021066501,High
SP-00320,Arrester,Northeast,summer_storm,2024-05-04,0.11,982.0,0.45929640210665007,Medium
SP-00322,Conductor,Northeast,heatwave,2025-03-21,0.065,17154.9,0.3218925137468129,Medium
SP-00322,Damper,Northeast,heatwave,2025-03-21,0.07,4797.3,0.4092513542018657,Medium
SP-00322,Spacer,Northeast,heatwave,2025-03-21,0.11,2441.5,0.4493331626714725,Medium
SP-00322,Insulator,Northeast,heatwave,2025-03-21,0.09,21855.5,0.3048039880263639,Medium
SP-00322,Fittings,Northeast,heatwave,2025-03-21,0.065,20896.5,0.29635057700775147,Low
SP-00322,Arrester,Northeast,heatwave,2025-03-21,0.125,401.3,0.4722605358099783,Medium
SP-00323,Conductor,Northeast,tropical_cyclone,2024-09-05,0.3,16979.1,0.46409260795216006,Medium
SP-00323,Damper,Northeast,tropical_cyclone,2024-09-05,0.375,6148.4,0.5830281045952412,High
SP-00323,Spacer,Northeast,tropical_cyclone,2024-09-05,0.245,10937.5,0.47233543588745874,Medium
SP-00323,Insulator,Northeast,tropical_cyclone,2024-09-05,0.33,6727.7,0.5520735279561195,High
SP-00323,Fittings,Northeast,tropical_cyclone,2024-09-05,0.3,12074.9,0.49757100386719777,Medium
SP-00323,Arrester,Northeast,tropical_cyclone,2024-09-05,0.485,397.3,0.6882878417077108,High
SP-00324,Conductor,Northeast,summer_storm,2024-05-12,0.085,17832.8,0.3292648467285828,Medium
SP-00324,Damper,Northeast,summer_storm,2024-05-12,0.145,7004.1,0.4391866904227977,Medium
SP-00324,Spacer,Northeast,summer_storm,2024-05-12,0.23,3969.1,0.5109050403273978,High
SP-00324,Insulator,Northeast,summer_storm,2024-05-12,0.225,2542.9,0.5176409581639514,High
SP-00324,Fittings,Northeast,summer_storm,2024-05-12,0.11,16645.6,0.3523692371756145,Medium
SP-00324,Arrester,Northeast,summer_storm,2024-05-12,0.185,57.0,0.5106108909573107,High
SP-00325,Conductor,Northeast,heatwave,2025-03-16,0.035,29369.7,0.22050849384081347,Low
SP-00325,Conductor,Northeast,tropical_cyclone,2024-08-03,0.23,29369.7,0.3375084938408135,Medium
SP-00325,Damper,Northeast,heatwave,2025-03-16,0.07,11683.0,0.3622462991975479,Medium
SP-00325,Damper,Northeast,tropical_cyclone,2024-08-03,0.34,11683.0,0.524246299197548,High
SP-00325,Spacer,Northeast,heatwave,2025-03-16,0.045,8968.9,0.36577403345655124,Medium
SP-00325,Spacer,Northeast,tropical_cyclone,2024-08-03,0.355,8968.9,0.5517740334565512,High
SP-00325,Insulator,Northeast,heatwave,2025-03-16,0.045,10663.7,0.3542045245872544,Medium
SP-00325,Insulator,Northeast,tropical_cyclone,2024-08-03,0.265,10663.7,0.4862045245872544,Medium
SP-00325,Fittings,Northeast,heatwave,2025-03-16,0.03,39049.1,0.151432317212614,Low
SP-00325,Fittings,Northeast,tropical_cyclone,2024-08-03,0.225,39049.1,0.268432317212614,Low
SP-00325,Arrester,Northeast,heatwave,2025-03-16,0.14,670.5,0.47942284889257525,Medium
SP-00325,Arrester,Northeast,tropical_cyclone,2024-08-03,0.405,670.5,0.6384228488925752,High
SP-00327,Conductor,Northeast,heatwave,2024-04-22,0.06,26734.3,0.2534989845619281,Low
SP-00327,Damper,Northeast,heatwave,2024-04-22,0.075,6442.1,0.40102316905422614,Medium
SP-00327,Spacer,Northeast,heatwave,2024-04-22,0.04,12509.4,0.33860490072599564,Medium
SP-00327,Insulator,Northeast,heatwave,2024-04-22,0.045,3175.6,0.4053218477900996,Medium
SP-00327,Fittings,Northeast,heatwave,2024-04-22,0.035,4600.5,0.38959480437030897,Medium
SP-00327,Arrester,Northeast,heatwave,2024-04-22,0.055,1491.3,0.4228196786778484,Medium
SP-00328,Conductor,Northeast,southwest_monsoon,2024-09-12,0.105,24265.5,0.2973521846424805,Low
SP-00328,Damper,Northeast,southwest_monsoon,2024-09-12,0.13,6466.0,0.43386001631527393,Medium
SP-00328,Spacer,Northeast,southwest_monsoon,2024-09-12,0.11,8308.3,0.4092836024670879,Medium
SP-00328,Insulator,Northeast,southwest_monsoon,2024-09-12,0.21,615.4,0.5217989876338416,High
SP-00328,Fittings,Northeast,southwest_monsoon,2024-09-12,0.12,14804.9,0.37093472866470745,Medium
SP-00328,Arrester,Northeast,southwest_monsoon,2024-09-12,0.225,1665.8,0.5236284588892643,High
SP-00330,Conductor,Northeast,summer_storm,2024-05-21,0.065,27362.2,0.2522126412653553,Low
SP-00330,Damper,Northeast,summer_storm,2024-05-21,0.125,10751.9,0.4016024295422508,Medium
SP-00330,Spacer,Northeast,summer_storm,2024-05-21,0.17,8275.3,0.44550887612338175,Medium
SP-00330,Insulator,Northeast,summer_storm,2024-05-21,0.175,1824.8,0.49254304945439403,Medium
SP-00330,Fittings,Northeast,summer_storm,2024-05-21,0.115,20703.9,0.3276653559835755,Medium
SP-00330,Arrester,Northeast,summer_storm,2024-05-21,0.155,234.9,0.49139646115565383,Medium
SP-00332,Conductor,Northeast,heatwave,2024-04-06,0.065,29571.8,0.23712886335787453,Low
SP-00332,Damper,Northeast,heatwave,2024-04-06,0.09,12629.4,0.367785723794018,Medium
SP-00332,Spacer,Northeast,heatwave,2024-04-06,0.05,8577.0,0.3714493287869014,Medium
SP-00332,Insulator,Northeast,heatwave,2024-04-06,0.06,9991.5,0.3677932807012155,Medium
SP-00332,Fittings,Northeast,heatwave,2024-04-06,0.08,22790.6,0.29242055178392845,Low
SP-00332,Arrester,Northeast,heatwave,2024-04-06,0.11,1424.9,0.4562729565802094,Medium
SP-00333,Conductor,Northeast,southwest_monsoon,2024-07-12,0.08,21161.2,0.30354360922529755,Medium
SP-00333,Conductor,Northeast,tropical_cyclone,2024-10-18,0.295,21161.2,0.43254360922529755,Medium
SP-00333,Damper,Northeast,southwest_monsoon,2024-07-12,0.07,12925.1,0.3537671353041365,Medium
SP-00333,Damper,Northeast,tropical_cyclone,2024-10-18,0.285,12925.1,0.4827671353041365,Medium
SP-00333,Spacer,Northeast,southwest_monsoon,2024-07-12,0.145,6182.1,0.4447980524068442,Medium
SP-00333,Spacer,Northeast,tropical_cyclone,2024-10-18,0.37,6182.1,0.5797980524068442,High
SP-00333,Insulator,Northeast,southwest_monsoon,2024-07-12,0.19,962.9,0.5074267877683232,High
SP-00333,Insulator,Northeast,tropical_cyclone,2024-10-18,0.435,962.9,0.6544267877683232,High
SP-00333,Fittings,Northeast,southwest_monsoon,2024-07-12,0.11,26751.4,0.28338225184912125,Low
SP-00333,Fittings,Northeast,tropical_cyclone,2024-10-18,0.255,26751.4,0.37038225184912127,Medium
SP-00333,Arrester,Northeast,southwest_monsoon,2024-07-12,0.125,5661.7,0.4363505497018538,Medium
SP-00333,Arrester,Northeast,tropical_cyclone,2024-10-18,0.275,5661.7,0.5263505497018538,High
SP-00334,Conductor,Northeast,heatwave,2025-03-21,0.05,35438.0,0.18808339903814975,Low
SP-00334,Conductor,Northeast,southwest_monsoon,2024-08-12,0.105,35438.0,0.22108339903814975,Low
SP-00334,Damper,Northeast,heatwave,2025-03-21,0.07,10644.8,0.3693335449540408,Medium
SP-00334,Damper,Northeast,southwest_monsoon,2024-08-12,0.165,10644.8,0.42633354495404086,Medium
SP-00334,Spacer,Northeast,heatwave,2025-03-21,0.055,17022.4,0.31679702160920487,Medium
SP-00334,Spacer,Northeast,southwest_monsoon,2024-08-12,0.11,17022.4,0.34979702160920484,Medium
SP-00334,Insulator,Northeast,heatwave,2025-03-21,0.03,5650.1,0.37942973680527825,Medium
SP-00334,Insulator,Northeast,southwest_monsoon,2024-08-12,0.115,5650.1,0.43042973680527824,Medium
SP-00334,Fittings,Northeast,heatwave,2025-03-21,0.03,29888.3,0.21396828419978361,Low
SP-00334,Fittings,Northeast,southwest_monsoon,2024-08-12,0.095,29888.3,0.2529682841997836,Low
SP-00334,Arrester,Northeast,heatwave,2025-03-21,0.09,1611.0,0.4430025496882008,Medium
SP-00334,Arrester,Northeast,southwest_monsoon,2024-08-12,0.125,1611.0,0.4640025496882008,Medium
SP-00335,Conductor,Northeast,tropical_cyclone,2024-11-05,0.175,37995.6,0.24562400802793394,Low
SP-00335,Conductor,Northeast,heatwave,2024-04-20,0.075,37995.6,0.18562400802793394,Low
SP-00335,Damper,Northeast,tropical_cyclone,2024-11-05,0.315,3821.0,0.5629160411909468,High
SP-00335,Damper,Northeast,heatwave,2024-04-20,0.07,3821.0,0.4159160411909468,Medium
SP-00335,Spacer,Northeast,tropical_cyclone,2024-11-05,0.165,20174.9,0.3612765609587101,Medium
SP-00335,Spacer,Northeast,heatwave,2024-04-20,0.11,20174.9,0.32827656095871005,Medium
SP-00335,Insulator,Northeast,tropical_cyclone,2024-11-05,0.38,1954.3,0.6146590210153016,High
SP-00335,Insulator,Northeast,heatwave,2024-04-20,0.095,1954.3,0.4436590210153016,Medium
SP-00335,Fittings,Northeast,tropical_cyclone,2024-11-05,0.24,26855.5,0.3606716158606307,Medium
SP-00335,Fittings,Northeast,heatwave,2024-04-20,0.095,26855.5,0.2736716158606307,Low
SP-00335,Arrester,Northeast,tropical_cyclone,2024-11-05,0.235,1538.8,0.530495421142274,High
SP-00335,Arrester,Northeast,heatwave,2024-04-20,0.06,1538.8,0.42549542114227396,Medium
SP-00336,Conductor,Northeast,southwest_monsoon,2024-06-28,0.06,27839.3,0.24595573031330106,Low
SP-00336,Damper,Northeast,southwest_monsoon,2024-06-28,0.29,2612.0,0.556169248780621,High
SP-00336,Spacer,Northeast,southwest_monsoon,2024-06-28,0.18,1845.7,0.49540037613874127,Medium
SP-00336,Insulator,Northeast,southwest_monsoon,2024-06-28,0.16,761.3,0.4908030050140455,Medium
SP-00336,Fittings,Northeast,southwest_monsoon,2024-06-28,0.09,21894.9,0.3045350249336979,Medium
SP-00336,Arrester,Northeast,southwest_monsoon,2024-06-28,0.36,1414.9,0.6063412213245408,High
SP-00339,Conductor,Northeast,summer_storm,2024-04-02,0.035,29749.7,0.21791443355621773,Low
SP-00339,Damper,Northeast,summer_storm,2024-04-02,0.075,14724.3,0.34448494250401906,Medium
SP-00339,Spacer,Northeast,summer_storm,2024-04-02,0.13,6560.3,0.4332162797762282,Medium
SP-00339,Insulator,Northeast,summer_storm,2024-04-02,0.085,6501.6,0.40661699382545385,Medium
SP-00339,Fittings,Northeast,summer_storm,2024-04-02,0.04,30633.6,0.21488051280475945,Low
SP-00339,Arrester,Northeast,summer_storm,2024-04-02,0.225,2113.5,0.5205722462855447,High
SP-00340,Conductor,Northeast,tropical_cyclone,2024-10-03,0.225,23070.3,0.3775111868849773,Medium
SP-00340,Damper,Northeast,tropical_cyclone,2024-10-03,0.215,5147.0,0.49386413609259433,Medium
SP-00340,Spacer,Northeast,tropical_cyclone,2024-10-03,0.235,3691.4,0.5158007522774826,High
SP-00340,Insulator,Northeast,tropical_cyclone,2024-10-03,0.285,5299.1,0.5348258293313127,High
SP-00340,Fittings,Northeast,tropical_cyclone,2024-10-03,0.15,34650.1,0.253461978244026,Low
SP-00340,Arrester,Northeast,tropical_cyclone,2024-10-03,0.235,1844.1,0.5284112984978343,High
SP-00343,Conductor,Northeast,southwest_monsoon,2024-07-29,0.095,40202.5,0.18255866160142264,Low
SP-00343,Damper,Northeast,southwest_monsoon,2024-07-29,0.23,28500.7,0.3434407001232179,Medium
SP-00343,Spacer,Northeast,southwest_monsoon,2024-07-29,0.115,11225.0,0.3923728244879291,Medium
SP-00343,Insulator,Northeast,southwest_monsoon,2024-07-29,0.11,17834.7,0.3442518764271598,Medium
SP-00343,Fittings,Northeast,southwest_monsoon,2024-07-29,0.105,19279.3,0.33139035146103624,Medium
SP-00343,Arrester,Northeast,southwest_monsoon,2024-07-29,0.195,1237.3,0.5085536031838678,High
SP-00344,Conductor,Northeast,summer_storm,2024-05-30,0.095,25215.7,0.2848656686361045,Low
SP-00344,Damper,Northeast,summer_storm,2024-05-30,0.165,10201.4,0.429360403717698,Medium
SP-00344,Spacer,Northeast,summer_storm,2024-05-30,0.265,2329.9,0.5430949972182118,High
SP-00344,Insulator,Northeast,summer_storm,2024-05-30,0.12,7571.8,0.4203113008871004,Medium
SP-00344,Fittings,Northeast,summer_storm,2024-05-30,0.09,20325.2,0.3152505418514081,Medium
SP-00344,Arrester,Northeast,summer_storm,2024-05-30,0.19,385.9,0.5113656635162487,High
SP-00346,Conductor,Northeast,tropical_cyclone,2024-10-23,0.375,19326.5,0.49306814186779163,Medium
SP-00346,Damper,Northeast,tropical_cyclone,2024-10-23,0.295,15051.3,0.47425268536438014,Medium
SP-00346,Spacer,Northeast,tropical_cyclone,2024-10-23,0.365,4719.2,0.5867845018550945,High
SP-00346,Insulator,Northeast,tropical_cyclone,2024-10-23,0.4,4637.9,0.6083394942265092,High
SP-00346,Fittings,Northeast,tropical_cyclone,2024-10-23,0.365,10364.6,0.5482463230902085,High
SP-00346,Arrester,Northeast,tropical_cyclone,2024-10-23,0.365,0.0,0.619,High
SP-00347,Conductor,Northeast,tropical_cyclone,2024-09-13,0.315,18576.0,0.46219141092986826,Medium
SP-00347,Damper,Northeast,tropical_cyclone,2024-09-13,0.35,4575.8,0.5787634182888076,High
SP-00347,Spacer,Northeast,tropical_cyclone,2024-09-13,0.405,1662.8,0.6316489383125639,High
SP-00347,Insulator,Northeast,tropical_cyclone,2024-09-13,0.53,2296.6,0.7023223188168355,Critical
SP-00347,Fittings,Northeast,tropical_cyclone,2024-09-13,0.33,15499.0,0.4921964727606604,Medium
SP-00347,Arrester,Northeast,tropical_cyclone,2024-09-13,0.475,688.5,0.6802999723527785,High
SP-00348,Conductor,Northeast,tropical_cyclone,2024-09-14,0.27,21675.9,0.41403002283455703,Medium
SP-00348,Damper,Northeast,tropical_cyclone,2024-09-14,0.31,8504.2,0.5279462961256345,High
SP-00348,Spacer,Northeast,tropical_cyclone,2024-09-14,0.33,9592.3,0.5325184092949276,High
SP-00348,Insulator,Northeast,tropical_cyclone,2024-09-14,0.445,1550.5,0.6564155513914062,High
SP-00348,Fittings,Northeast,tropical_cyclone,2024-09-14,0.265,23712.4,0.3971279076514539,Medium
SP-00348,Arrester,Northeast,tropical_cyclone,2024-09-14,0.49,1079.7,0.6866294555545316,High
SP-00351,Conductor,Northeast,heatwave,2025-03-13,0.055,28772.7,0.236583899077402,Low
SP-00351,Damper,Northeast,heatwave,2025-03-13,0.12,2749.2,0.45323265648839334,Medium
SP-00351,Spacer,Northeast,heatwave,2025-03-13,0.055,15428.0,0.32768115244541385,Medium
SP-00351,Insulator,Northeast,heatwave,2025-03-13,0.08,886.1,0.44195106100478876,Medium
SP-00351,Fittings,Northeast,heatwave,2025-03-13,0.02,25933.7,0.23496425999310527,Low
SP-00351,Arrester,Northeast,heatwave,2025-03-13,0.055,860.6,0.427125136102834,Medium
SP-00352,Conductor,Northeast,tropical_cyclone,2024-11-11,0.285,4529.8,0.5400774361127324,High
SP-00352,Damper,Northeast,tropical_cyclone,2024-11-11,0.28,11600.1,0.48881221392805585,Medium
SP-00352,Spacer,Northeast,tropical_cyclone,2024-11-11,0.265,7139.7,0.510261020489663,High
SP-00352,Insulator,Northeast,tropical_cyclone,2024-11-11,0.275,9595.7,0.49949519928185493,Medium
SP-00352,Fittings,Northeast,tropical_cyclone,2024-11-11,0.245,17781.8,0.42561299692467325,Medium
SP-00352,Arrester,Northeast,tropical_cyclone,2024-11-11,0.345,365.9,0.6045021930049116,High
SP-00355,Conductor,Northeast,heatwave,2025-03-09,0.03,33599.2,0.18863592022581982,Low
SP-00355,Damper,Northeast,heatwave,2025-03-09,0.095,2276.7,0.44145816565805507,Medium
SP-00355,Spacer,Northeast,heatwave,2025-03-09,0.035,18325.5,0.2959014427753715,Low
SP-00355,Insulator,Northeast,heatwave,2025-03-09,0.05,7075.0,0.3817026933854877,Medium
SP-00355,Fittings,Northeast,heatwave,2025-03-09,0.065,24606.1,0.27102708745055076,Low
SP-00355,Arrester,Northeast,heatwave,2025-03-09,0.095,794.7,0.4515750007679784,Medium
SP-00358,Conductor,Northeast,tropical_cyclone,2024-10-11,0.27,16200.7,0.4514063356509215,Medium
SP-00358,Conductor,Northeast,southwest_monsoon,2024-07-06,0.085,16200.7,0.34040633565092143,Medium
SP-00358,Damper,Northeast,tropical_cyclone,2024-10-11,0.215,6165.6,0.4869106892349912,Medium
SP-00358,Damper,Northeast,southwest_monsoon,2024-07-06,0.14,6165.6,0.4419106892349912,Medium
SP-00358,Spacer,Northeast,tropical_cyclone,2024-10-11,0.22,5424.3,0.49497115473228276,Medium
SP-00358,Spacer,Northeast,southwest_monsoon,2024-07-06,0.12,5424.3,0.43497115473228276,Medium
SP-00358,Insulator,Northeast,tropical_cyclone,2024-10-11,0.36,490.2,0.6126536622328715,High
SP-00358,Insulator,Northeast,southwest_monsoon,2024-07-06,0.11,490.2,0.4626536622328716,Medium
SP-00358,Fittings,Northeast,tropical_cyclone,2024-10-11,0.345,3757.0,0.5813529355546682,High
SP-00358,Fittings,Northeast,southwest_monsoon,2024-07-06,0.105,3757.0,0.43735293555466814,Medium
SP-00358,Arrester,Northeast,tropical_cyclone,2024-10-11,0.345,1873.1,0.5942133307392731,High
SP-00358,Arrester,Northeast,southwest_monsoon,2024-07-06,0.23,1873.1,0.5252133307392731,High
SP-00359,Conductor,Northeast,tropical_cyclone,2024-11-24,0.39,14363.3,0.5359492997743851,High
SP-00359,Damper,Northeast,tropical_cyclone,2024-11-24,0.38,1454.9,0.618068162347215,High
SP-00359,Spacer,Northeast,tropical_cyclone,2024-11-24,0.32,1577.0,0.5812346498189278,High
SP-00359,Insulator,Northeast,tropical_cyclone,2024-11-24,0.29,14542.1,0.4747287261457384,Medium
SP-00359,Fittings,Northeast,tropical_cyclone,2024-11-24,0.33,18560.1,0.47129995187335527,Medium
SP-00359,Arrester,Northeast,tropical_cyclone,2024-11-24,0.385,0.0,0.631,High
SP-00360,Conductor,Northeast,heatwave,2024-04-07,0.035,20706.3,0.279648972444936,Low
SP-00360,Damper,Northeast,heatwave,2024-04-07,0.065,11764.3,0.3586913068261331,Medium
SP-00360,Spacer,Northeast,heatwave,2024-04-07,0.065,12020.4,0.3569430467238042,Medium
SP-00360,Insulator,Northeast,heatwave,2024-04-07,0.105,966.9,0.45639948187059054,Medium
SP-00360,Fittings,Northeast,heatwave,2024-04-07,0.065,21563.9,0.2917945879710694,Low
SP-00360,Arrester,Northeast,heatwave,2024-04-07,0.125,1602.6,0.46405989207343923,Medium
SP-00362,Conductor,Northeast,summer_storm,2024-05-04,0.145,11243.3,0.4102479000058026,Medium
SP-00362,Conductor,Northeast,heatwave,2025-03-05,0.065,11243.3,0.36224790000580254,Medium
SP-00362,Damper,Northeast,summer_storm,2024-05-04,0.375,3660.3,0.6000130556323534,High
SP-00362,Damper,Northeast,heatwave,2025-03-05,0.085,3660.3,0.4260130556323534,Medium
SP-00362,Spacer,Northeast,summer_storm,2024-05-04,0.155,5952.8,0.45236336299436475,Medium
SP-00362,Spacer,Northeast,heatwave,2025-03-05,0.08,5952.8,0.40736336299436476,Medium
SP-00362,Insulator,Northeast,summer_storm,2024-05-04,0.165,3521.2,0.47496261822600405,Medium
SP-00362,Insulator,Northeast,heatwave,2025-03-05,0.06,3521.2,0.41196261822600405,Medium
SP-00362,Fittings,Northeast,summer_storm,2024-05-04,0.11,14912.3,0.36420156531058756,Medium
SP-00362,Fittings,Northeast,heatwave,2025-03-05,0.065,14912.3,0.33720156531058754,Medium
SP-00362,Arrester,Northeast,summer_storm,2024-05-04,0.27,680.3,0.5573559494431304,High
SP-00362,Arrester,Northeast,heatwave,2025-03-05,0.055,680.3,0.4283559494431304,Medium
SP-00363,Conductor,Northeast,heatwave,2024-04-19,0.08,19238.9,0.3166661410281353,Medium
SP-00363,Conductor,Northeast,tropical_cyclone,2024-10-06,0.205,19238.9,0.3916661410281353,Medium
SP-00363,Damper,Northeast,heatwave,2024-04-19,0.06,8559.2,0.37757084003181135,Medium
SP-00363,Damper,Northeast,tropical_cyclone,2024-10-06,0.21,8559.2,0.4675708400318114,Medium
SP-00363,Spacer,Northeast,heatwave,2024-04-19,0.065,10814.0,0.3651785054799524,Medium
SP-00363,Spacer,Northeast,tropical_cyclone,2024-10-06,0.205,10814.0,0.4491785054799524,Medium
SP-00363,Insulator,Northeast,heatwave,2024-04-19,0.105,1201.8,0.4547959430262444,Medium
SP-00363,Insulator,Northeast,tropical_cyclone,2024-10-06,0.31,1201.8,0.5777959430262444,High
SP-00363,Fittings,Northeast,heatwave,2024-04-19,0.075,12395.1,0.3603851667537042,Medium
SP-00363,Fittings,Northeast,tropical_cyclone,2024-10-06,0.245,12395.1,0.4623851667537042,Medium
SP-00363,Arrester,Northeast,heatwave,2024-04-19,0.09,26.0,0.4538225116647382,Medium
SP-00363,Arrester,Northeast,tropical_cyclone,2024-10-06,0.37,26.0,0.6218225116647382,High
SP-00364,Conductor,Northeast,southwest_monsoon,2024-07-13,0.18,13194.1,0.4179308136816201,Medium
SP-00364,Damper,Northeast,southwest_monsoon,2024-07-13,0.15,8181.3,0.4341505647200975,Medium
SP-00364,Spacer,Northeast,southwest_monsoon,2024-07-13,0.14,8825.8,0.4237509019479345,Medium
SP-00364,Insulator,Northeast,southwest_monsoon,2024-07-13,0.1,627.0,0.45571980053041705,Medium
SP-00364,Fittings,Northeast,southwest_monsoon,2024-07-13,0.115,28352.4,0.2754530662816535,Low
SP-00364,Arrester,Northeast,southwest_monsoon,2024-07-13,0.1,3066.1,0.4390693467405291,Medium
SP-00365,Conductor,Northeast,summer_storm,2024-05-05,0.18,18006.3,0.38508045341443187,Medium
SP-00365,Conductor,Northeast,heatwave,2024-04-16,0.07,18006.3,0.31908045341443186,Medium
SP-00365,Damper,Northeast,summer_storm,2024-05-05,0.09,14124.5,0.35757946186902045,Medium
SP-00365,Damper,Northeast,heatwave,2024-04-16,0.045,14124.5,0.3305794618690205,Medium
SP-00365,Spacer,Northeast,summer_storm,2024-05-05,0.045,17939.3,0.3045378272014527,Medium
SP-00365,Spacer,Northeast,heatwave,2024-04-16,0.06,17939.3,0.3135378272014527,Medium
SP-00365,Insulator,Northeast,summer_storm,2024-05-05,0.155,6819.9,0.4464441270133833,Medium
SP-00365,Insulator,Northeast,heatwave,2024-04-16,0.055,6819.9,0.3864441270133834,Medium
SP-00365,Fittings,Northeast,summer_storm,2024-05-05,0.065,26433.4,0.25855307071886185,Low
SP-00365,Fittings,Northeast,heatwave,2024-04-16,0.07,26433.4,0.26155307071886186,Low
SP-00365,Arrester,Northeast,summer_storm,2024-05-05,0.14,329.7,0.4817493113793916,Medium
SP-00365,Arrester,Northeast,heatwave,2024-04-16,0.03,329.7,0.4157493113793916,Medium
SP-00366,Conductor,Northeast,tropical_cyclone,2024-11-07,0.33,9464.6,0.5333901500800404,High
SP-00366,Damper,Northeast,tropical_cyclone,2024-11-07,0.435,2138.9,0.6463988538349427,High
SP-00366,Spacer,Northeast,tropical_cyclone,2024-11-07,0.445,2272.7,0.6514854715557877,High
SP-00366,Insulator,Northeast,tropical_cyclone,2024-11-07,0.215,7480.6,0.4779338753554034,Medium
SP-00366,Fittings,Northeast,tropical_cyclone,2024-11-07,0.22,17349.4,0.4135647644695659,Medium
SP-00366,Arrester,Northeast,tropical_cyclone,2024-11-07,0.425,460.2,0.6518584564658659,High
SP-00367,Conductor,Northeast,southwest_monsoon,2024-08-29,0.175,16153.0,0.3947319584813825,Medium
SP-00367,Damper,Northeast,southwest_monsoon,2024-08-29,0.255,2981.8,0.5326448185352434,High
SP-00367,Spacer,Northeast,southwest_monsoon,2024-08-29,0.305,3584.1,0.5585332329841592,High
SP-00367,Insulator,Northeast,southwest_monsoon,2024-08-29,0.23,4185.7,0.5094264259651782,High
SP-00367,Fittings,Northeast,southwest_monsoon,2024-08-29,0.16,12336.7,0.41178383286059994,Medium
SP-00367,Arrester,Northeast,southwest_monsoon,2024-08-29,0.245,1204.0,0.5387809247824915,High
SP-00368,Conductor,Northeast,summer_storm,2024-05-25,0.225,16633.5,0.4214518375162556,Medium
SP-00368,Damper,Northeast,summer_storm,2024-05-25,0.19,1976.4,0.500508155930329,High
SP-00368,Spacer,Northeast,summer_storm,2024-05-25,0.24,1581.9,0.5332012000942054,High
SP-00368,Insulator,Northeast,summer_storm,2024-05-25,0.245,383.0,0.5443854602921049,High
SP-00368,Fittings,Northeast,summer_storm,2024-05-25,0.175,10736.8,0.4317055093061913,Medium
SP-00368,Arrester,Northeast,summer_storm,2024-05-25,0.205,0.0,0.523,High
SP-00372,Conductor,Northeast,heatwave,2025-03-12,0.07,29391.9,0.2413569461083976,Low
SP-00372,Damper,Northeast,heatwave,2025-03-12,0.085,12912.2,0.3628551968243241,Medium
SP-00372,Spacer,Northeast,heatwave,2025-03-12,0.085,15081.7,0.3480451605416125,Medium
SP-00372,Insulator,Northeast,heatwave,2025-03-12,0.1,1177.9,0.4519590957651966,Medium
SP-00372,Fittings,Northeast,heatwave,2025-03-12,0.13,5426.4,0.4409568191359732,Medium
SP-00372,Arrester,Northeast,heatwave,2025-03-12,0.085,458.8,0.44786801353007233,Medium
SP-00374,Conductor,Northeast,heatwave,2025-03-06,0.065,5110.6,0.40411261976196083,Medium
SP-00374,Conductor,Northeast,tropical_cyclone,2024-10-16,0.53,5110.6,0.6831126197619608,High
SP-00374,Damper,Northeast,heatwave,2025-03-06,0.04,3778.6,0.3982054837069122,Medium
SP-00374,Damper,Northeast,tropical_cyclone,2024-10-16,0.475,3778.6,0.6592054837069121,High
SP-00374,Spacer,Northeast,heatwave,2025-03-06,0.055,3601.4,0.40841513497646575,Medium
SP-00374,Spacer,Northeast,tropical_cyclone,2024-10-16,0.48,3601.4,0.6634151349764658,High
SP-00374,Insulator,Northeast,heatwave,2025-03-06,0.035,3518.4,0.39698173235441697,Medium
SP-00374,Insulator,Northeast,tropical_cyclone,2024-10-16,0.43,3518.4,0.633981732354417,High
SP-00374,Fittings,Northeast,heatwave,2025-03-06,0.165,7248.8,0.4495162521290067,Medium
SP-00374,Fittings,Northeast,tropical_cyclone,2024-10-16,0.54,7248.8,0.6745162521290067,High
SP-00374,Arrester,Northeast,heatwave,2025-03-06,0.055,89.3,0.43239039583312,Medium
SP-00374,Arrester,Northeast,tropical_cyclone,2024-10-16,0.51,89.3,0.70539039583312,Critical
SP-00379,Conductor,Northeast,southwest_monsoon,2024-06-29,0.205,5779.8,0.4835443430712991,Medium
SP-00379,Damper,Northeast,southwest_monsoon,2024-06-29,0.185,2210.6,0.49590939561808606,Medium
SP-00379,Spacer,Northeast,southwest_monsoon,2024-06-29,0.21,3213.9,0.50406039381931,High
SP-00379,Insulator,Northeast,southwest_monsoon,2024-06-29,0.335,1372.0,0.5916340770777229,High
SP-00379,Fittings,Northeast,southwest_monsoon,2024-06-29,0.14,15373.7,0.37905183000713366,Medium
SP-00379,Arrester,Northeast,southwest_monsoon,2024-06-29,0.145,115.4,0.48621222485041493,Medium
SP-00381,Conductor,Northeast,tropical_cyclone,2024-10-23,0.39,11314.0,0.556765268263379,High
SP-00381,Damper,Northeast,tropical_cyclone,2024-10-23,0.31,16496.4,0.47338774716103993,Medium
SP-00381,Spacer,Northeast,tropical_cyclone,2024-10-23,0.38,8582.5,0.5694117831775191,High
SP-00381,Insulator,Northeast,tropical_cyclone,2024-10-23,0.445,1283.9,0.6582354894752831,High
SP-00381,Fittings,Northeast,tropical_cyclone,2024-10-23,0.3,26723.8,0.3975706625434761,Medium
SP-00381,Arrester,Northeast,tropical_cyclone,2024-10-23,0.425,852.6,0.6491797478982992,High
SP-00383,Conductor,Northeast,summer_storm,2024-04-25,0.095,27746.9,0.2675864965509238,Low
SP-00383,Conductor,Northeast,heatwave,2024-04-27,0.055,27746.9,0.2435864965509238,Low
SP-00383,Damper,Northeast,summer_storm,2024-04-25,0.22,3200.9,0.510149137986941,High
SP-00383,Damper,Northeast,heatwave,2024-04-27,0.065,3200.9,0.417149137986941,Medium
SP-00383,Spacer,Northeast,summer_storm,2024-04-25,0.08,30928.7,0.23686602019953784,Low
SP-00383,Spacer,Northeast,heatwave,2024-04-27,0.095,30928.7,0.24586602019953785,Low
SP-00383,Insulator,Northeast,summer_storm,2024-04-25,0.12,6606.7,0.4268995313625302,Medium
SP-00383,Insulator,Northeast,heatwave,2024-04-27,0.08,6606.7,0.4028995313625302,Medium
SP-00383,Fittings,Northeast,summer_storm,2024-04-25,0.085,18099.2,0.3274462739395925,Medium
SP-00383,Fittings,Northeast,heatwave,2024-04-27,0.06,18099.2,0.3124462739395925,Medium
SP-00383,Arrester,Northeast,summer_storm,2024-04-25,0.11,5237.3,0.43024770545128116,Medium
SP-00383,Arrester,Northeast,heatwave,2024-04-27,0.09,5237.3,0.41824770545128115,Medium
SP-00384,Conductor,Northeast,southwest_monsoon,2024-07-07,0.075,21934.0,0.2952681097833618,Low
SP-00384,Damper,Northeast,southwest_monsoon,2024-07-07,0.13,2015.2,0.46424328872232296,Medium
SP-00384,Spacer,Northeast,southwest_monsoon,2024-07-07,0.165,3592.7,0.4744745253040341,Medium
SP-00384,Insulator,Northeast,southwest_monsoon,2024-07-07,0.13,1012.1,0.4710909252262123,Medium
SP-00384,Fittings,Northeast,southwest_monsoon,2024-07-07,0.135,9423.1,0.416673448769016,Medium
SP-00384,Arrester,Northeast,southwest_monsoon,2024-07-07,0.15,41.2,0.48971874925335435,Medium
SP-00385,Conductor,Northeast,summer_storm,2024-05-11,0.145,5847.0,0.4470856039893917,Medium
SP-00385,Damper,Northeast,summer_storm,2024-05-11,0.305,4107.9,0.554957525676077,High
SP-00385,Spacer,Northeast,summer_storm,2024-05-11,0.085,16642.1,0.3373931298361305,Medium
SP-00385,Insulator,Northeast,summer_storm,2024-05-11,0.15,1555.6,0.4793807363717971,Medium
SP-00385,Fittings,Northeast,summer_storm,2024-05-11,0.115,18841.4,0.3403796646153111,Medium
SP-00385,Arrester,Northeast,summer_storm,2024-05-11,0.335,530.6,0.5973778726657724,High
SP-00386,Conductor,Northeast,heatwave,2024-04-26,0.025,32447.4,0.19349865347791806,Low
SP-00386,Damper,Northeast,heatwave,2024-04-26,0.05,12556.6,0.344282691132751,Medium
SP-00386,Spacer,Northeast,heatwave,2024-04-26,0.09,19754.2,0.31914845875273484,Medium
SP-00386,Insulator,Northeast,heatwave,2024-04-26,0.055,5396.3,0.39616229601641084,Medium
SP-00386,Fittings,Northeast,heatwave,2024-04-26,0.04,21896.7,0.27452273727971827,Low
SP-00386,Arrester,Northeast,heatwave,2024-04-26,0.075,5910.4,0.40465280551033017,Medium
SP-00390,Conductor,Northeast,tropical_cyclone,2024-08-28,0.38,16225.8,0.5172349911426495,High
SP-00390,Conductor,Northeast,summer_storm,2024-04-10,0.11,16225.8,0.35523499114264945,Medium
SP-00390,Damper,Northeast,tropical_cyclone,2024-08-28,0.445,1998.4,0.6533579734927998,High
SP-00390,Damper,Northeast,summer_storm,2024-04-10,0.145,1998.4,0.47335797349279973,Medium
SP-00390,Spacer,Northeast,tropical_cyclone,2024-08-28,0.44,1455.9,0.6540613358727818,High
SP-00390,Spacer,Northeast,summer_storm,2024-04-10,0.235,1455.9,0.5310613358727818,High
SP-00390,Insulator,Northeast,tropical_cyclone,2024-08-28,0.43,1937.5,0.6447737057857784,High
SP-00390,Insulator,Northeast,summer_storm,2024-04-10,0.17,1937.5,0.4887737057857784,Medium
SP-00390,Fittings,Northeast,tropical_cyclone,2024-08-28,0.325,12225.0,0.5115463500547826,High
SP-00390,Fittings,Northeast,summer_storm,2024-04-10,0.185,12225.0,0.4275463500547825,Medium
SP-00390,Arrester,Northeast,tropical_cyclone,2024-08-28,0.505,0.0,0.7030000000000001,Critical
SP-00390,Arrester,Northeast,summer_storm,2024-04-10,0.255,0.0,0.553,High
SP-00395,Conductor,Northeast,southwest_monsoon,2024-08-29,0.07,15811.0,0.33406661273751864,Medium
SP-00395,Damper,Northeast,southwest_monsoon,2024-08-29,0.165,6848.4,0.4522495724920387,Medium
SP-00395,Spacer,Northeast,southwest_monsoon,2024-08-29,0.19,3692.1,0.48879597374537936,Medium
SP-00395,Insulator,Northeast,southwest_monsoon,2024-08-29,0.06,1742.2,0.4241069162425719,Medium
SP-00395,Fittings,Northeast,southwest_monsoon,2024-08-29,0.1,24007.8,0.2961113671039024,Low
SP-00395,Arrester,Northeast,southwest_monsoon,2024-08-29,0.23,241.6,0.5363507237769518,High
SP-00396,Conductor,Northeast,heatwave,2024-04-20,0.075,11622.2,0.36566134884308327,Medium
SP-00396,Conductor,Northeast,summer_storm,2024-05-14,0.1,11622.2,0.3806613488430833,Medium
SP-00396,Damper,Northeast,heatwave,2024-04-20,0.075,5276.6,0.4089794250060585,Medium
SP-00396,Damper,Northeast,summer_storm,2024-05-14,0.105,5276.6,0.4269794250060585,Medium
SP-00396,Spacer,Northeast,heatwave,2024-04-20,0.185,2296.1,0.49532573205405206,Medium
SP-00396,Spacer,Northeast,summer_storm,2024-05-14,0.255,2296.1,0.5373257320540521,High
SP-00396,Insulator,Northeast,heatwave,2024-04-20,0.075,12180.5,0.36185012816705747,Medium
SP-00396,Insulator,Northeast,summer_storm,2024-05-14,0.175,12180.5,0.42185012816705747,Medium
SP-00396,Fittings,Northeast,heatwave,2024-04-20,0.09,29730.4,0.2510461845127775,Low
SP-00396,Fittings,Northeast,summer_storm,2024-05-14,0.055,29730.4,0.23004618451277747,Low
SP-00396,Arrester,Northeast,heatwave,2024-04-20,0.18,446.2,0.50495402710793,High
SP-00396,Arrester,Northeast,summer_storm,2024-05-14,0.18,446.2,0.50495402710793,High
SP-00398,Conductor,Northeast,heatwave,2025-03-14,0.05,21009.1,0.2865819159865791,Low
SP-00398,Damper,Northeast,heatwave,2025-03-14,0.105,1556.1,0.4523773231345805,Medium
SP-00398,Spacer,Northeast,heatwave,2025-03-14,0.14,1760.3,0.471983357055332,Medium
SP-00398,Insulator,Northeast,heatwave,2025-03-14,0.095,3623.7,0.43226290459660655,Medium
SP-00398,Fittings,Northeast,heatwave,2025-03-14,0.09,4520.7,0.42313955703007405,Medium
SP-00398,Arrester,Northeast,heatwave,2025-03-14,0.14,1007.5,0.47712232700860485,Medium
SP-00399,Conductor,Northeast,tropical_cyclone,2024-09-29,0.3,25229.1,0.4077741938787004,Medium
SP-00399,Damper,Northeast,tropical_cyclone,2024-09-29,0.31,11399.9,0.5081788741095717,High
SP-00399,Spacer,Northeast,tropical_cyclone,2024-09-29,0.285,10637.1,0.498386108807176,Medium
SP-00399,Insulator,Northeast,tropical_cyclone,2024-09-29,0.295,12031.6,0.494866590210153,Medium
SP-00399,Fittings,Northeast,tropical_cyclone,2024-09-29,0.28,24845.9,0.3983900988814822,Medium
SP-00399,Arrester,Northeast,tropical_cyclone,2024-09-29,0.36,54.4,0.6156286397908368,High
SP-00400,Conductor,Northeast,heatwave,2024-04-07,0.045,17539.1,0.30726978226959806,Medium
SP-00400,Damper,Northeast,heatwave,2024-04-07,0.035,4628.1,0.3894063936759541,Medium
SP-00400,Spacer,Northeast,heatwave,2024-04-07,0.055,1953.8,0.41966243425251815,Medium
SP-00400,Insulator,Northeast,heatwave,2024-04-07,0.075,928.4,0.4386623011362667,Medium
SP-00400,Fittings,Northeast,heatwave,2024-04-07,0.055,18723.2,0.30518655389330906,Medium
SP-00400,Arrester,Northeast,heatwave,2024-04-07,0.08,1589.4,0.4371500015359568,Medium
SP-00402,Conductor,Northeast,heatwave,2024-04-09,0.045,20045.3,0.29016127204524594,Low
SP-00402,Damper,Northeast,heatwave,2024-04-09,0.05,4750.5,0.3975708332053369,Medium
SP-00402,Spacer,Northeast,heatwave,2024-04-09,0.08,2243.2,0.43268685255156547,Medium
SP-00402,Insulator,Northeast,heatwave,2024-04-09,0.09,534.3,0.45035261471036975,Medium
SP-00402,Fittings,Northeast,heatwave,2024-04-09,0.075,6235.9,0.40243078808234095,Medium
SP-00402,Arrester,Northeast,heatwave,2024-04-09,0.08,405.9,0.4452291340275858,Medium
SP-00404,Conductor,Northeast,southwest_monsoon,2024-07-26,0.08,50095.1,0.10602708062407631,Low
SP-00404,Conductor,Northeast,tropical_cyclone,2024-11-02,0.22,50095.1,0.1900270806240763,Low
SP-00404,Damper,Northeast,southwest_monsoon,2024-07-26,0.295,2998.3,0.5565321817070965,High
SP-00404,Damper,Northeast,tropical_cyclone,2024-11-02,0.355,2998.3,0.5925321817070964,High
SP-00404,Spacer,Northeast,southwest_monsoon,2024-07-26,0.17,2946.5,0.4818857930827335,Medium
SP-00404,Spacer,Northeast,tropical_cyclone,2024-11-02,0.425,2946.5,0.6348857930827335,High
SP-00404,Insulator,Northeast,southwest_monsoon,2024-07-26,0.125,1994.1,0.46138732733286236,Medium
SP-00404,Insulator,Northeast,tropical_cyclone,2024-11-02,0.43,1994.1,0.6443873273328624,High
SP-00404,Fittings,Northeast,southwest_monsoon,2024-07-26,0.095,6026.2,0.41586229977097183,Medium
SP-00404,Fittings,Northeast,tropical_cyclone,2024-11-02,0.35,6026.2,0.5688622997709718,High
SP-00404,Arrester,Northeast,southwest_monsoon,2024-07-26,0.125,678.9,0.4703655065073368,Medium
SP-00404,Arrester,Northeast,tropical_cyclone,2024-11-02,0.445,678.9,0.6623655065073368,High
SP-00405,Conductor,Northeast,heatwave,2024-04-26,0.025,40632.5,0.13762327759516957,Low
SP-00405,Damper,Northeast,heatwave,2024-04-26,0.085,2624.8,0.4330818699078767,Medium
SP-00405,Spacer,Northeast,heatwave,2024-04-26,0.06,11299.3,0.3588656174375463,Medium
SP-00405,Insulator,Northeast,heatwave,2024-04-26,0.055,1663.4,0.4216448424279039,Medium
SP-00405,Fittings,Northeast,heatwave,2024-04-26,0.075,15816.6,0.337028384480693,Medium
SP-00405,Arrester,Northeast,heatwave,2024-04-26,0.1,1085.5,0.45258986200281937,Medium
SP-00406,Conductor,Northeast,southwest_monsoon,2024-07-22,0.12,23556.8,0.3111901070732515,Medium
SP-00406,Conductor,Northeast,summer_storm,2024-04-05,0.17,23556.8,0.3411901070732515,Medium
SP-00406,Damper,Northeast,southwest_monsoon,2024-07-22,0.145,2980.6,0.4666530103045632,Medium
SP-00406,Damper,Northeast,summer_storm,2024-04-05,0.13,2980.6,0.45765301030456323,Medium
SP-00406,Spacer,Northeast,southwest_monsoon,2024-07-22,0.15,7053.9,0.441846731996027,Medium
SP-00406,Spacer,Northeast,summer_storm,2024-04-05,0.18,7053.9,0.459846731996027,Medium
SP-00406,Insulator,Northeast,southwest_monsoon,2024-07-22,0.125,1554.4,0.46438892814111693,Medium
SP-00406,Insulator,Northeast,summer_storm,2024-04-05,0.09,1554.4,0.4433889281411169,Medium
SP-00406,Fittings,Northeast,southwest_monsoon,2024-07-22,0.14,20614.8,0.34327359485556885,Medium
SP-00406,Fittings,Northeast,summer_storm,2024-04-05,0.115,20614.8,0.32827359485556884,Medium
SP-00406,Arrester,Northeast,southwest_monsoon,2024-07-22,0.14,222.0,0.4824845226758415,Medium
SP-00406,Arrester,Northeast,summer_storm,2024-04-05,0.14,222.0,0.4824845226758415,Medium
SP-00407,Conductor,Northeast,tropical_cyclone,2024-08-21,0.31,25705.4,0.41052274410619266,Medium
SP-00407,Damper,Northeast,tropical_cyclone,2024-08-21,0.17,18743.0,0.3740513896995328,Medium
SP-00407,Spacer,Northeast,tropical_cyclone,2024-08-21,0.18,12192.6,0.4247675278264164,Medium
SP-00407,Insulator,Northeast,tropical_cyclone,2024-08-21,0.485,1702.6,0.6793772446301245,High
SP-00407,Fittings,Northeast,tropical_cyclone,2024-08-21,0.215,23793.8,0.36657223263259575,Medium
SP-00407,Arrester,Northeast,tropical_cyclone,2024-08-21,0.49,1402.6,0.6844251869600686,High
SP-00408,Conductor,Northeast,southwest_monsoon,2024-08-03,0.095,47095.9,0.13550104274396968,Low
SP-00408,Conductor,Northeast,summer_storm,2024-04-08,0.045,47095.9,0.10550104274396968,Low
SP-00408,Damper,Northeast,southwest_monsoon,2024-08-03,0.145,3521.8,0.46295852234134416,Medium
SP-00408,Damper,Northeast,summer_storm,2024-04-08,0.065,3521.8,0.41495852234134417,Medium
SP-00408,Spacer,Northeast,southwest_monsoon,2024-08-03,0.105,12881.8,0.37506272164709176,Medium
SP-00408,Spacer,Northeast,summer_storm,2024-04-08,0.09,12881.8,0.36606272164709175,Medium
SP-00408,Insulator,Northeast,southwest_monsoon,2024-08-03,0.195,4270.6,0.487846858285804,Medium
SP-00408,Insulator,Northeast,summer_storm,2024-04-08,0.165,4270.6,0.46984685828580397,Medium
SP-00408,Fittings,Northeast,southwest_monsoon,2024-08-03,0.07,24477.4,0.2749056547100967,Low
SP-00408,Fittings,Northeast,summer_storm,2024-04-08,0.06,24477.4,0.2689056547100967,Low
SP-00408,Arrester,Northeast,southwest_monsoon,2024-08-03,0.215,1517.7,0.5186394597528134,High
SP-00408,Arrester,Northeast,summer_storm,2024-04-08,0.165,1517.7,0.4886394597528134,Medium
SP-00409,Conductor,Northeast,heatwave,2024-04-23,0.02,23189.2,0.2536995190748762,Low
SP-00409,Damper,Northeast,heatwave,2024-04-23,0.03,18512.3,0.2916262573512597,Low
SP-00409,Spacer,Northeast,heatwave,2024-04-23,0.03,26404.0,0.23775376906719642,Low
SP-00409,Insulator,Northeast,heatwave,2024-04-23,0.07,2140.6,0.42738724882840634,Medium
SP-00409,Fittings,Northeast,heatwave,2024-04-23,0.07,16571.9,0.32887234834133733,Medium
SP-00409,Arrester,Northeast,heatwave,2024-04-23,0.095,985.5,0.450272509446134,Medium
SP-00415,Conductor,Northeast,tropical_cyclone,2024-11-28,0.185,23908.1,0.3477919666048871,Medium
SP-00415,Damper,Northeast,tropical_cyclone,2024-11-28,0.225,10396.8,0.4640265106134611,Medium
SP-00415,Spacer,Northeast,tropical_cyclone,2024-11-28,0.185,15428.6,0.4056770565607539,Medium
SP-00415,Insulator,Northeast,tropical_cyclone,2024-11-28,0.32,7275.1,0.542336715851415,High
SP-00415,Fittings,Northeast,tropical_cyclone,2024-11-28,0.23,24068.4,0.37369768275325366,Medium
SP-00415,Arrester,Northeast,tropical_cyclone,2024-11-28,0.305,1629.1,0.5718789905009609,High
SP-00416,Conductor,Northeast,tropical_cyclone,2024-11-04,0.26,24191.0,0.3908607569877499,Medium
SP-00416,Damper,Northeast,tropical_cyclone,2024-11-04,0.485,2203.7,0.6759564982916748,High
SP-00416,Spacer,Northeast,tropical_cyclone,2024-11-04,0.455,2303.8,0.6572731682009169,High
SP-00416,Insulator,Northeast,tropical_cyclone,2024-11-04,0.445,1523.2,0.656601914143431,High
SP-00416,Fittings,Northeast,tropical_cyclone,2024-11-04,0.245,26605.0,0.3653816477061339,Medium
SP-00416,Arrester,Northeast,tropical_cyclone,2024-11-04,0.53,1343.1,0.7088313621888408,Critical
SP-00417,Conductor,Northeast,summer_storm,2024-04-18,0.195,10457.0,0.4456155568525857,Medium
SP-00417,Damper,Northeast,summer_storm,2024-04-18,0.185,1665.8,0.4996284588892643,Medium
SP-00417,Spacer,Northeast,summer_storm,2024-04-18,0.215,8480.1,0.4711108141594733,Medium
SP-00417,Insulator,Northeast,summer_storm,2024-04-18,0.17,1293.7,0.49316859002583824,Medium
SP-00417,Fittings,Northeast,summer_storm,2024-04-18,0.16,12124.0,0.41323582397253034,Medium
SP-00417,Arrester,Northeast,summer_storm,2024-04-18,0.145,0.0,0.487,Medium
SP-00419,Conductor,Northeast,southwest_monsoon,2024-08-15,0.085,26884.3,0.2674750133969561,Low
SP-00419,Damper,Northeast,southwest_monsoon,2024-08-15,0.125,8060.0,0.4199786160688382,Medium
SP-00419,Spacer,Northeast,southwest_monsoon,2024-08-15,0.06,18570.6,0.3092282738918072,Medium
SP-00419,Insulator,Northeast,southwest_monsoon,2024-08-15,0.075,14819.6,0.34383437949054024,Medium
SP-00419,Fittings,Northeast,southwest_monsoon,2024-08-15,0.055,30089.0,0.22759821078105108,Low
SP-00419,Arrester,Northeast,southwest_monsoon,2024-08-15,0.225,869.3,0.5290657457752657,High
SP-00420,Conductor,Northeast,heatwave,2024-04-26,0.03,28634.6,0.22252663519661955,Low
SP-00420,Damper,Northeast,heatwave,2024-04-26,0.075,2413.3,0.42852566925048724,Medium
SP-00420,Spacer,Northeast,heatwave,2024-04-26,0.09,2117.7,0.4395435750929254,Medium
SP-00420,Insulator,Northeast,heatwave,2024-04-26,0.11,543.5,0.4622898111455848,Medium
SP-00420,Fittings,Northeast,heatwave,2024-04-26,0.115,4331.0,0.439434539230042,Medium
SP-00420,Arrester,Northeast,heatwave,2024-04-26,0.135,428.6,0.4780741730579534,Medium
SP-00421,Conductor,North,heatwave,2025-03-02,0.05,32822.6,0.20593736027060147,Low
SP-00421,Damper,North,heatwave,2025-03-02,0.115,2588.4,0.4513303535772433,Medium
SP-00421,Spacer,North,heatwave,2025-03-02,0.15,2840.8,0.47060735143031707,Medium
SP-00421,Insulator,North,heatwave,2025-03-02,0.095,4991.2,0.42292770080927855,Medium
SP-00421,Fittings,North,heatwave,2025-03-02,0.065,19600.9,0.3051949572833362,Medium
SP-00421,Arrester,North,heatwave,2025-03-02,0.19,1742.8,0.5021028203579121,High
SP-00423,Conductor,North,summer_storm,2024-05-18,0.145,20616.2,0.3462640377913625,Medium
SP-00423,Damper,North,summer_storm,2024-05-18,0.145,1685.8,0.4754919294006015,Medium
SP-00423,Spacer,North,summer_storm,2024-05-18,0.155,1852.6,0.48035327346515255,Medium
SP-00423,Insulator,North,summer_storm,2024-05-18,0.195,3282.5,0.4945920976731962,Medium
SP-00423,Fittings,North,summer_storm,2024-05-18,0.08,15494.9,0.3422244613058363,Medium
SP-00423,Arrester,North,summer_storm,2024-05-18,0.17,440.8,0.49899089006986896,Medium
SP-00424,Conductor,North,southwest_monsoon,2024-07-09,0.135,20132.5,0.3435660034746755,Medium
SP-00424,Damper,North,southwest_monsoon,2024-07-09,0.17,3326.3,0.47929309809302445,Medium
SP-00424,Spacer,North,southwest_monsoon,2024-07-09,0.165,1853.9,0.48634439904838955,Medium
SP-00424,Insulator,North,southwest_monsoon,2024-07-09,0.215,663.3,0.5244719995084939,High
SP-00424,Fittings,North,southwest_monsoon,2024-07-09,0.185,11621.9,0.4316633967854132,Medium
SP-00424,Arrester,North,southwest_monsoon,2024-07-09,0.195,7129.7,0.4683292852339945,Medium
SP-00425,Conductor,North,summer_storm,2024-05-18,0.105,12786.9,0.3757105540707974,Medium
SP-00425,Damper,North,summer_storm,2024-05-18,0.135,3945.7,0.45406477982913335,Medium
SP-00425,Spacer,North,summer_storm,2024-05-18,0.125,1927.5,0.4618419705301099,Medium
SP-00425,Insulator,North,summer_storm,2024-05-18,0.14,711.6,0.4791422807933729,Medium
SP-00425,Fittings,North,summer_storm,2024-05-18,0.14,8437.4,0.4264023046177687,Medium
SP-00425,Arrester,North,summer_storm,2024-05-18,0.08,582.2,0.44402562658502204,Medium
SP-00426,Conductor,North,southwest_monsoon,2024-08-15,0.06,15248.5,0.3319065046061636,Medium
SP-00426,Damper,North,southwest_monsoon,2024-08-15,0.265,2369.3,0.5428260341255458,High
SP-00426,Spacer,North,southwest_monsoon,2024-08-15,0.15,3030.3,0.4693137345252357,Medium
SP-00426,Insulator,North,southwest_monsoon,2024-08-15,0.11,3154.9,0.44446315581086576,Medium
SP-00426,Fittings,North,southwest_monsoon,2024-08-15,0.25,4203.5,0.5213049147202682,High
SP-00426,Arrester,North,southwest_monsoon,2024-08-15,0.135,4277.4,0.45180043825965865,Medium
SP-00427,Conductor,North,summer_storm,2024-04-18,0.075,32943.6,0.2201113568641907,Low
SP-00427,Damper,North,summer_storm,2024-04-18,0.16,3279.7,0.47361121180160903,Medium
SP-00427,Spacer,North,summer_storm,2024-04-18,0.21,3657.6,0.5010314871133229,High
SP-00427,Insulator,North,summer_storm,2024-04-18,0.255,1245.1,0.5445003566832891,High
SP-00427,Fittings,North,summer_storm,2024-04-18,0.095,19864.4,0.32139618127020214,Medium
SP-00427,Arrester,North,summer_storm,2024-04-18,0.235,777.9,0.5356896855384552,High
SP-00431,Conductor,North,heatwave,2025-03-21,0.06,25943.1,0.2589000911334337,Low
SP-00431,Damper,North,heatwave,2025-03-21,0.08,4934.7,0.41431339661475136,Medium
SP-00431,Spacer,North,heatwave,2025-03-21,0.07,13387.8,0.3506085255839196,Medium
SP-00431,Insulator,North,heatwave,2025-03-21,0.095,5626.8,0.4185887936595705,Medium
SP-00431,Fittings,North,heatwave,2025-03-21,0.08,33429.7,0.2197930076422382,Low
SP-00431,Arrester,North,heatwave,2025-03-21,0.165,1812.3,0.4866283803848084,Medium
SP-00435,Conductor,North,southwest_monsoon,2024-07-25,0.21,32219.6,0.30605372435378886,Medium
SP-00435,Damper,North,southwest_monsoon,2024-07-25,0.105,2264.8,0.44753940070380954,Medium
SP-00435,Spacer,North,southwest_monsoon,2024-07-25,0.14,2386.0,0.4677120320025122,Medium
SP-00435,Insulator,North,southwest_monsoon,2024-07-25,0.14,973.0,0.4773578403765484,Medium
SP-00435,Fittings,North,southwest_monsoon,2024-07-25,0.14,4381.1,0.45409253286094137,Medium
SP-00435,Arrester,North,southwest_monsoon,2024-07-25,0.105,1595.9,0.45210562945214133,Medium
SP-00437,Conductor,North,summer_storm,2024-04-10,0.08,29892.2,0.24394166094949438,Low
SP-00437,Damper,North,summer_storm,2024-04-10,0.07,13531.1,0.34963029179764965,Medium
SP-00437,Spacer,North,summer_storm,2024-04-10,0.09,17209.1,0.33652251883253637,Medium
SP-00437,Insulator,North,summer_storm,2024-04-10,0.11,2464.2,0.44917820170184014,Medium
SP-00437,Fittings,North,summer_storm,2024-04-10,0.07,25055.2,0.2709613177826246,Low
SP-00437,Arrester,North,summer_storm,2024-04-10,0.105,956.6,0.45646979455725195,Medium
SP-00440,Conductor,North,summer_storm,2024-05-16,0.095,14023.6,0.361268253139325,Medium
SP-00440,Damper,North,summer_storm,2024-05-16,0.16,1664.3,0.484638698600914,Medium
SP-00440,Spacer,North,summer_storm,2024-05-16,0.145,1635.6,0.47583461841714536,Medium
SP-00440,Insulator,North,summer_storm,2024-05-16,0.115,0.0,0.46900000000000003,Medium
SP-00440,Fittings,North,summer_storm,2024-05-16,0.105,5167.6,0.4277235107192715,Medium
SP-00440,Arrester,North,summer_storm,2024-05-16,0.14,270.5,0.4821534386658339,Medium
SP-00441,Conductor,North,tropical_cyclone,2024-11-14,0.135,36993.9,0.22846208746761693,Low
SP-00441,Conductor,North,summer_storm,2024-05-31,0.08,36993.9,0.1954620874676169,Low
SP-00441,Damper,North,tropical_cyclone,2024-11-14,0.45,2494.7,0.6529699942316292,High
SP-00441,Damper,North,summer_storm,2024-05-31,0.205,2494.7,0.5059699942316291,High
SP-00441,Spacer,North,tropical_cyclone,2024-11-14,0.22,13234.2,0.4416570720568509,Medium
SP-00441,Spacer,North,summer_storm,2024-05-31,0.155,13234.2,0.40265707205685086,Medium
SP-00441,Insulator,North,tropical_cyclone,2024-11-14,0.495,1307.5,0.6880743846786608,High
SP-00441,Insulator,North,summer_storm,2024-05-31,0.15,1307.5,0.4810743846786608,Medium
SP-00441,Fittings,North,tropical_cyclone,2024-11-14,0.365,5022.4,0.5847147148069644,High
SP-00441,Fittings,North,summer_storm,2024-05-31,0.185,5022.4,0.47671471480696437,Medium
SP-00441,Arrester,North,tropical_cyclone,2024-11-14,0.175,15027.4,0.4024158381033323,Medium
SP-00441,Arrester,North,summer_storm,2024-05-31,0.125,15027.4,0.37241583810333234,Medium
SP-00443,Conductor,North,tropical_cyclone,2024-08-16,0.285,7563.6,0.5193672779774522,High
SP-00443,Damper,North,tropical_cyclone,2024-08-16,0.36,1341.7,0.6068409192530472,High
SP-00443,Spacer,North,tropical_cyclone,2024-08-16,0.345,1965.8,0.5935805165593203,High
SP-00443,Insulator,North,tropical_cyclone,2024-08-16,0.37,625.4,0.6177307228895101,High
SP-00443,Fittings,North,tropical_cyclone,2024-08-16,0.25,8721.2,0.49046495117364164,Medium
SP-00443,Arrester,North,tropical_cyclone,2024-08-16,0.31,333.8,0.5837213228342157,High
SP-00445,Conductor,North,southwest_monsoon,2024-07-04,0.05,28599.2,0.23476829239155292,Low
SP-00445,Damper,North,southwest_monsoon,2024-07-04,0.3,2204.2,0.5649530850544582,High
SP-00445,Spacer,North,southwest_monsoon,2024-07-04,0.25,2079.3,0.5358057117111582,High
SP-00445,Insulator,North,southwest_monsoon,2024-07-04,0.27,811.2,0.5564623639398315,High
SP-00445,Fittings,North,southwest_monsoon,2024-07-04,0.065,31507.8,0.22391280885530268,Low
SP-00445,Arrester,North,southwest_monsoon,2024-07-04,0.235,590.8,0.536966918904897,High
SP-00446,Conductor,North,southwest_monsoon,2024-06-01,0.075,26167.7,0.26636686497574896,Low
SP-00446,Damper,North,southwest_monsoon,2024-06-01,0.175,1800.7,0.49270756748823286,Medium
SP-00446,Spacer,North,southwest_monsoon,2024-06-01,0.205,2104.7,0.5086323192605563,High
SP-00446,Insulator,North,southwest_monsoon,2024-06-01,0.225,948.8,0.5285230410578305,High
SP-00446,Fittings,North,southwest_monsoon,2024-06-01,0.16,3329.7,0.47326988807995163,Medium
SP-00446,Arrester,North,southwest_monsoon,2024-06-01,0.135,759.3,0.4758166579629118,Medium
SP-00450,Conductor,North,tropical_cyclone,2024-11-12,0.25,37975.4,0.2907619028114835,Low
SP-00450,Conductor,North,summer_storm,2024-05-05,0.14,37975.4,0.2247619028114835,Low
SP-00450,Damper,North,tropical_cyclone,2024-11-12,0.245,3127.1,0.5256529318001072,High
SP-00450,Damper,North,summer_storm,2024-05-05,0.15,3127.1,0.46865293180010725,Medium
SP-00450,Spacer,North,tropical_cyclone,2024-11-12,0.2,1313.5,0.5110334258320619,High
SP-00450,Spacer,North,summer_storm,2024-05-05,0.155,1313.5,0.4840334258320619,Medium
SP-00450,Insulator,North,tropical_cyclone,2024-11-12,0.18,0.0,0.508,High
SP-00450,Insulator,North,summer_storm,2024-05-05,0.14,0.0,0.48400000000000004,Medium
SP-00450,Fittings,North,tropical_cyclone,2024-11-12,0.25,15421.0,0.44472893776644584,Medium
SP-00450,Fittings,North,summer_storm,2024-05-05,0.075,15421.0,0.33972893776644586,Medium
SP-00450,Arrester,North,tropical_cyclone,2024-11-12,0.19,283.8,0.512062646555873,High
SP-00450,Arrester,North,summer_storm,2024-05-05,0.145,283.8,0.48506264655587294,Medium
SP-00451,Conductor,North,tropical_cyclone,2024-11-16,0.215,31739.5,0.3123311147291426,Medium
SP-00451,Conductor,North,southwest_monsoon,2024-08-20,0.215,31739.5,0.3123311147291426,Medium
SP-00451,Damper,North,tropical_cyclone,2024-11-16,0.255,3035.4,0.5322789195056268,High
SP-00451,Damper,North,southwest_monsoon,2024-08-20,0.145,3035.4,0.4662789195056267,Medium
SP-00451,Spacer,North,tropical_cyclone,2024-11-16,0.185,14412.0,0.41261685046949076,Medium
SP-00451,Spacer,North,southwest_monsoon,2024-08-20,0.055,14412.0,0.33461685046949075,Medium
SP-00451,Insulator,North,tropical_cyclone,2024-11-16,0.215,20470.6,0.38925797246882865,Medium
SP-00451,Insulator,North,southwest_monsoon,2024-08-20,0.09,20470.6,0.31425797246882864,Medium
SP-00451,Fittings,North,tropical_cyclone,2024-11-16,0.18,21269.5,0.3628043020441878,Medium
SP-00451,Fittings,North,southwest_monsoon,2024-08-20,0.105,21269.5,0.3178043020441878,Medium
SP-00451,Arrester,North,tropical_cyclone,2024-11-16,0.245,1181.0,0.5389379336944539,High
SP-00451,Arrester,North,southwest_monsoon,2024-08-20,0.155,1181.0,0.4849379336944538,Medium
SP-00453,Conductor,North,summer_storm,2024-05-25,0.18,3974.3,0.4808695426603454,Medium
SP-00453,Damper,North,summer_storm,2024-05-25,0.135,4690.3,0.4489817869662124,Medium
SP-00453,Spacer,North,summer_storm,2024-05-25,0.19,2423.2,0.49745808715359907,Medium
SP-00453,Insulator,North,summer_storm,2024-05-25,0.155,3160.3,0.4714262928489268,Medium
SP-00453,Fittings,North,summer_storm,2024-05-25,0.11,10421.2,0.3948599446372924,Medium
SP-00453,Arrester,North,summer_storm,2024-05-25,0.125,1374.0,0.46562042412885657,Medium
SP-00454,Conductor,North,tropical_cyclone,2024-11-12,0.24,41047.7,0.2637889254105271,Low
SP-00454,Damper,North,tropical_cyclone,2024-11-12,0.165,21360.4,0.3531837755182148,Medium
SP-00454,Spacer,North,tropical_cyclone,2024-11-12,0.195,13746.0,0.42316328244196644,Medium
SP-00454,Insulator,North,tropical_cyclone,2024-11-12,0.21,18145.3,0.4021315734682245,Medium
SP-00454,Fittings,North,tropical_cyclone,2024-11-12,0.195,35962.4,0.2715035958454076,Low
SP-00454,Arrester,North,tropical_cyclone,2024-11-12,0.295,1125.6,0.5693161203780501,High
SP-00455,Conductor,North,southwest_monsoon,2024-06-02,0.08,42991.0,0.1545230376445933,Low
SP-00455,Conductor,North,summer_storm,2024-05-31,0.11,42991.0,0.17252303764459329,Low
SP-00455,Damper,North,southwest_monsoon,2024-06-02,0.11,4608.7,0.4345388272799572,Medium
SP-00455,Damper,North,summer_storm,2024-05-31,0.135,4608.7,0.4495388272799572,Medium
SP-00455,Spacer,North,southwest_monsoon,2024-06-02,0.14,4477.0,0.4534378739628026,Medium
SP-00455,Spacer,North,summer_storm,2024-05-31,0.155,4477.0,0.46243787396280256,Medium
SP-00455,Insulator,North,southwest_monsoon,2024-06-02,0.215,2149.4,0.5143271758533947,High
SP-00455,Insulator,North,summer_storm,2024-05-31,0.2,2149.4,0.5053271758533946,High
SP-00455,Fittings,North,southwest_monsoon,2024-06-02,0.07,37711.9,0.18456067882461766,Low
SP-00455,Fittings,North,summer_storm,2024-05-31,0.12,37711.9,0.21456067882461766,Low
SP-00455,Arrester,North,southwest_monsoon,2024-06-02,0.09,2245.1,0.43867388225014253,Medium
SP-00455,Arrester,North,summer_storm,2024-05-31,0.13,2245.1,0.46267388225014255,Medium
SP-00457,Conductor,North,southwest_monsoon,2024-07-21,0.075,36075.0,0.19873493482423538,Low
SP-00457,Damper,North,southwest_monsoon,2024-07-21,0.175,1719.0,0.49326529044942097,Medium
SP-00457,Spacer,North,southwest_monsoon,2024-07-21,0.225,7877.9,0.48122171706311423,Medium
SP-00457,Insulator,North,southwest_monsoon,2024-07-21,0.085,1055.6,0.4437939735883704,Medium
SP-00457,Fittings,North,southwest_monsoon,2024-07-21,0.12,19712.1,0.3374358533263704,Medium
SP-00457,Arrester,North,southwest_monsoon,2024-07-21,0.16,6303.4,0.4529700010581036,Medium
SP-00458,Conductor,North,summer_storm,2024-05-13,0.06,21733.5,0.2876368179072077,Low
SP-00458,Conductor,North,heatwave,2024-04-27,0.03,21733.5,0.2696368179072077,Low
SP-00458,Conductor,North,southwest_monsoon,2024-06-18,0.085,21733.5,0.3026368179072077,Medium
SP-00458,Damper,North,summer_storm,2024-05-13,0.095,6365.6,0.41354539434836185,Medium
SP-00458,Damper,North,heatwave,2024-04-27,0.08,6365.6,0.40454539434836184,Medium
SP-00458,Damper,North,southwest_monsoon,2024-06-18,0.165,6365.6,0.45554539434836183,Medium
SP-00458,Spacer,North,summer_storm,2024-05-13,0.265,3607.8,0.5343714455400936,High
SP-00458,Spacer,North,heatwave,2024-04-27,0.235,3607.8,0.5163714455400936,High
SP-00458,Spacer,North,southwest_monsoon,2024-06-18,0.245,3607.8,0.5223714455400936,High
SP-00458,Insulator,North,summer_storm,2024-05-13,0.14,2102.3,0.4696487027991959,Medium
SP-00458,Insulator,North,heatwave,2024-04-27,0.105,2102.3,0.4486487027991959,Medium
SP-00458,Insulator,North,southwest_monsoon,2024-06-18,0.125,2102.3,0.4606487027991959,Medium
SP-00458,Fittings,North,summer_storm,2024-05-13,0.09,15819.4,0.34600927035228024,Medium
SP-00458,Fittings,North,heatwave,2024-04-27,0.06,15819.4,0.3280092703522802,Medium
SP-00458,Fittings,North,southwest_monsoon,2024-06-18,0.095,15819.4,0.34900927035228024,Medium
SP-00458,Arrester,North,summer_storm,2024-05-13,0.17,1723.9,0.4902318407246985,Medium
SP-00458,Arrester,North,heatwave,2024-04-27,0.1,1723.9,0.4482318407246985,Medium
SP-00458,Arrester,North,southwest_monsoon,2024-06-18,0.12,1723.9,0.4602318407246985,Medium
SP-00460,Conductor,North,southwest_monsoon,2024-09-12,0.155,33057.6,0.26733313877881204,Low
SP-00460,Damper,North,southwest_monsoon,2024-09-12,0.135,10766.1,0.4075054936053001,Medium
SP-00460,Spacer,North,southwest_monsoon,2024-09-12,0.14,9833.2,0.41687391160398257,Medium
SP-00460,Insulator,North,southwest_monsoon,2024-09-12,0.21,1729.6,0.5141929298204296,High
SP-00460,Fittings,North,southwest_monsoon,2024-09-12,0.105,28306.5,0.2697664014581349,Low
SP-00460,Arrester,North,southwest_monsoon,2024-09-12,0.11,1113.6,0.45839803807124796,Medium
SP-00462,Conductor,North,heatwave,2025-03-12,0.03,21450.7,0.2715673448769016,Low
SP-00462,Damper,North,heatwave,2025-03-12,0.035,13172.9,0.3310755349396028,Medium
SP-00462,Spacer,North,heatwave,2025-03-12,0.035,17657.9,0.3004587971069402,Medium
SP-00462,Insulator,North,heatwave,2025-03-12,0.06,2733.2,0.4173418800793236,Medium
SP-00462,Fittings,North,heatwave,2025-03-12,0.035,23676.5,0.2593729780836038,Low
SP-00462,Arrester,North,heatwave,2025-03-12,0.085,752.3,0.4458644432839438,Medium
SP-00464,Conductor,North,summer_storm,2024-04-01,0.065,30131.2,0.2333101335599723,Low
SP-00464,Damper,North,summer_storm,2024-04-01,0.2,3835.0,0.49382047054888273,Medium
SP-00464,Spacer,North,summer_storm,2024-04-01,0.165,2086.3,0.48475792639012627,Medium
SP-00464,Insulator,North,summer_storm,2024-04-01,0.19,2989.5,0.49359225468210816,Medium
SP-00464,Fittings,North,summer_storm,2024-04-01,0.105,14061.7,0.36700816446342205,Medium
SP-00464,Arrester,North,summer_storm,2024-04-01,0.175,1545.8,0.49444763582124196,Medium
SP-00465,Conductor,North,summer_storm,2024-04-11,0.1,21354.7,0.3142226864224837,Medium
SP-00465,Damper,North,summer_storm,2024-04-11,0.12,2028.5,0.45815249661236207,Medium
SP-00465,Spacer,North,summer_storm,2024-04-11,0.075,2458.2,0.42821916054843895,Medium
SP-00465,Insulator,North,summer_storm,2024-04-11,0.135,3919.6,0.4542429508118385,Medium
SP-00465,Fittings,North,summer_storm,2024-04-11,0.11,25522.7,0.29176994098512854,Low
SP-00465,Arrester,North,summer_storm,2024-04-11,0.08,1465.2,0.4379978496605536,Medium
SP-00466,Conductor,North,summer_storm,2024-05-19,0.075,19115.4,0.31450921062062887,Medium
SP-00466,Conductor,North,tropical_cyclone,2024-08-18,0.25,19115.4,0.41950921062062885,Medium
SP-00466,Damper,North,summer_storm,2024-05-19,0.195,1450.6,0.5070975161872775,High
SP-00466,Damper,North,tropical_cyclone,2024-08-18,0.32,1450.6,0.5820975161872775,High
SP-00466,Spacer,North,summer_storm,2024-05-19,0.16,1977.5,0.4825006468084526,Medium
SP-00466,Spacer,North,tropical_cyclone,2024-08-18,0.31,1977.5,0.5725006468084526,High
SP-00466,Insulator,North,summer_storm,2024-05-19,0.115,489.1,0.465661171354748,Medium
SP-00466,Insulator,North,tropical_cyclone,2024-08-18,0.275,489.1,0.561661171354748,High
SP-00466,Fittings,North,summer_storm,2024-05-19,0.175,6439.7,0.46103955259286566,Medium
SP-00466,Fittings,North,tropical_cyclone,2024-08-18,0.33,6439.7,0.5540395525928656,High
SP-00466,Arrester,North,summer_storm,2024-05-19,0.15,400.1,0.48726872757929807,Medium
SP-00466,Arrester,North,tropical_cyclone,2024-08-18,0.26,400.1,0.5532687275792981,High
SP-00467,Conductor,North,summer_storm,2024-04-27,0.155,13534.5,0.40060708178457693,Medium
SP-00467,Damper,North,summer_storm,2024-04-27,0.135,1359.5,0.47171940800813716,Medium
SP-00467,Spacer,North,summer_storm,2024-04-27,0.13,1930.1,0.4648242216965837,Medium
SP-00467,Insulator,North,summer_storm,2024-04-27,0.115,0.0,0.46900000000000003,Medium
SP-00467,Fittings,North,summer_storm,2024-04-27,0.115,12702.4,0.3822873911603983,Medium
SP-00467,Arrester,North,summer_storm,2024-04-27,0.095,100.0,0.4563173525566853,Medium
SP-00470,Conductor,North,southwest_monsoon,2024-09-17,0.12,11224.1,0.3953789683149189,Medium
SP-00470,Conductor,North,heatwave,2024-04-12,0.055,11224.1,0.3563789683149189,Medium
SP-00470,Damper,North,southwest_monsoon,2024-09-17,0.165,1218.0,0.49068535414042747,Medium
SP-00470,Damper,North,heatwave,2024-04-12,0.075,1218.0,0.4366853541404274,Medium
SP-00470,Spacer,North,southwest_monsoon,2024-09-17,0.16,2724.2,0.477403318349222,Medium
SP-00470,Spacer,North,heatwave,2024-04-12,0.095,2724.2,0.43840331834922197,Medium
SP-00470,Insulator,North,southwest_monsoon,2024-09-17,0.12,9284.1,0.4086223287152234,Medium
SP-00470,Insulator,North,heatwave,2024-04-12,0.07,9284.1,0.3786223287152234,Medium
SP-00470,Fittings,North,southwest_monsoon,2024-09-17,0.14,9885.6,0.41651620434368575,Medium
SP-00470,Fittings,North,heatwave,2024-04-12,0.06,9885.6,0.3685162043436857,Medium
SP-00470,Arrester,North,southwest_monsoon,2024-09-17,0.13,4381.7,0.4480884369762814,Medium
SP-00470,Arrester,North,heatwave,2024-04-12,0.065,4381.7,0.4090884369762814,Medium
SP-00471,Conductor,North,summer_storm,2024-04-05,0.1,14524.7,0.36084750680087513,Medium
SP-00471,Damper,North,summer_storm,2024-04-05,0.135,2018.4,0.4672214440041369,Medium
SP-00471,Spacer,North,summer_storm,2024-04-05,0.18,2667.2,0.4897924273919113,Medium
SP-00471,Insulator,North,summer_storm,2024-04-05,0.29,1244.4,0.5655051352153924,High
SP-00471,Fittings,North,summer_storm,2024-04-05,0.095,18058.4,0.33372479409646494,Medium
SP-00471,Arrester,North,summer_storm,2024-04-05,0.13,400.3,0.4752673622844114,Medium
SP-00473,Conductor,North,summer_storm,2024-05-22,0.17,49686.8,0.16281433013513005,Low
SP-00473,Damper,North,summer_storm,2024-05-22,0.12,2802.2,0.4528708533434366,Medium
SP-00473,Spacer,North,summer_storm,2024-05-22,0.095,20037.4,0.32021520119326774,Medium
SP-00473,Insulator,North,summer_storm,2024-05-22,0.165,1990.6,0.48541121999337833,Medium
SP-00473,Fittings,North,summer_storm,2024-05-22,0.085,22067.0,0.3003601886837533,Medium
SP-00473,Arrester,North,summer_storm,2024-05-22,0.16,1217.8,0.48768671943531405,Medium
SP-00474,Conductor,North,southwest_monsoon,2024-07-12,0.115,43380.5,0.17286412585288266,Low
SP-00474,Damper,North,southwest_monsoon,2024-07-12,0.185,8643.2,0.45199741617942707,Medium
SP-00474,Spacer,North,southwest_monsoon,2024-07-12,0.15,3557.6,0.46571413455663757,Medium
SP-00474,Insulator,North,southwest_monsoon,2024-07-12,0.175,894.2,0.4988957665618803,Medium
SP-00474,Fittings,North,southwest_monsoon,2024-07-12,0.135,11297.6,0.4038772224440827,Medium
SP-00474,Arrester,North,southwest_monsoon,2024-07-12,0.13,3996.7,0.4507166296330429,Medium
SP-00475,Conductor,North,summer_storm,2024-04-03,0.24,6015.1,0.5029380736371797,High
SP-00475,Damper,North,summer_storm,2024-04-03,0.255,895.5,0.5468868921451172,High
SP-00475,Spacer,North,summer_storm,2024-04-03,0.175,1859.9,0.49230344020179057,Medium
SP-00475,Insulator,North,summer_storm,2024-04-03,0.115,1175.4,0.4609761619512795,Medium
SP-00475,Fittings,North,summer_storm,2024-04-03,0.13,24649.6,0.30973013581270886,Medium
SP-00475,Arrester,North,summer_storm,2024-04-03,0.2,2040.5,0.5060705789191643,High
SP-00477,Conductor,North,summer_storm,2024-04-01,0.075,54343.8,0.0740234386999662,Low
SP-00477,Conductor,North,heatwave,2024-04-28,0.06,54343.8,0.0650234386999662,Low
SP-00477,Conductor,North,southwest_monsoon,2024-09-24,0.13,54343.8,0.1070234386999662,Low
SP-00477,Damper,North,summer_storm,2024-04-01,0.085,16228.1,0.3402192902514532,Medium
SP-00477,Damper,North,heatwave,2024-04-28,0.04,16228.1,0.31321929025145323,Medium
SP-00477,Damper,North,southwest_monsoon,2024-09-24,0.135,16228.1,0.3702192902514532,Medium
SP-00477,Spacer,North,summer_storm,2024-04-01,0.11,3033.7,0.4452905245121631,Medium
SP-00477,Spacer,North,heatwave,2024-04-28,0.115,3033.7,0.4482905245121631,Medium
SP-00477,Spacer,North,southwest_monsoon,2024-09-24,0.255,3033.7,0.5322905245121631,High
SP-00477,Insulator,North,summer_storm,2024-04-01,0.165,1224.0,0.49064439529382853,Medium
SP-00477,Insulator,North,heatwave,2024-04-28,0.13,1224.0,0.46964439529382856,Medium
SP-00477,Insulator,North,southwest_monsoon,2024-09-24,0.275,1224.0,0.5566443952938286,High
SP-00477,Fittings,North,summer_storm,2024-04-01,0.145,12136.1,0.4041532236318892,Medium
SP-00477,Fittings,North,heatwave,2024-04-28,0.075,12136.1,0.36215322363188923,Medium
SP-00477,Fittings,North,southwest_monsoon,2024-09-24,0.13,12136.1,0.39515322363188926,Medium
SP-00477,Arrester,North,summer_storm,2024-04-01,0.185,1549.0,0.5004257911030559,High
SP-00477,Arrester,North,heatwave,2024-04-28,0.1,1549.0,0.44942579110305586,Medium
SP-00477,Arrester,North,southwest_monsoon,2024-09-24,0.195,1549.0,0.5064257911030559,High
SP-00478,Conductor,North,summer_storm,2024-04-11,0.205,10631.1,0.45042706765377494,Medium
SP-00478,Damper,North,summer_storm,2024-04-11,0.29,2246.2,0.5586663731282661,High
SP-00478,Spacer,North,summer_storm,2024-04-11,0.155,3507.7,0.46905477563085163,Medium
SP-00478,Insulator,North,summer_storm,2024-04-11,0.14,745.5,0.47891086331008925,Medium
SP-00478,Fittings,North,summer_storm,2024-04-11,0.12,32948.4,0.2470785897869116,Low
SP-00478,Arrester,North,summer_storm,2024-04-11,0.125,13489.3,0.3829156384289552,Medium
SP-00481,Conductor,North,southwest_monsoon,2024-06-16,0.105,28216.8,0.2703787362147882,Low
SP-00481,Damper,North,southwest_monsoon,2024-06-16,0.305,1037.1,0.5759202633653837,High
SP-00481,Spacer,North,southwest_monsoon,2024-06-16,0.145,1486.2,0.47685449369745747,Medium
SP-00481,Insulator,North,southwest_monsoon,2024-06-16,0.095,1674.9,0.44556633797192274,Medium
SP-00481,Fittings,North,southwest_monsoon,2024-06-16,0.13,20295.7,0.339451922847186,Medium
SP-00481,Arrester,North,southwest_monsoon,2024-06-16,0.13,671.1,0.47341875300791536,Medium
SP-00482,Conductor,North,southwest_monsoon,2024-08-29,0.08,37057.6,0.19502724104622549,Low
SP-00482,Damper,North,southwest_monsoon,2024-08-29,0.14,5359.8,0.44741146233322077,Medium
SP-00482,Spacer,North,southwest_monsoon,2024-08-29,0.075,2255.7,0.4296015216211511,Medium
SP-00482,Insulator,North,southwest_monsoon,2024-08-29,0.12,355.9,0.46957045774924316,Medium
SP-00482,Fittings,North,southwest_monsoon,2024-08-29,0.075,18169.3,0.320967738081829,Medium
SP-00482,Arrester,North,southwest_monsoon,2024-08-29,0.145,4066.8,0.45923809377527935,Medium
SP-00483,Conductor,North,tropical_cyclone,2024-11-30,0.27,17389.5,0.4432910228447967,Medium
SP-00483,Damper,North,tropical_cyclone,2024-11-30,0.2,16062.7,0.4103483891226956,Medium
SP-00483,Spacer,North,tropical_cyclone,2024-11-30,0.42,3452.6,0.628430914372118,High
SP-00483,Insulator,North,tropical_cyclone,2024-11-30,0.345,197.4,0.6056524539468968,High
SP-00483,Fittings,North,tropical_cyclone,2024-11-30,0.205,19275.4,0.39141697471132547,Medium
SP-00483,Arrester,North,tropical_cyclone,2024-11-30,0.245,2638.0,0.5289917604453592,High
SP-00485,Conductor,North,heatwave,2025-03-28,0.055,24002.8,0.26914549947606814,Low
SP-00485,Conductor,North,southwest_monsoon,2024-06-27,0.19,24002.8,0.3501454994760681,Medium
SP-00485,Damper,North,heatwave,2025-03-28,0.105,1639.3,0.45180936046174275,Medium
SP-00485,Damper,North,southwest_monsoon,2024-06-27,0.175,1639.3,0.49380936046174273,Medium
SP-00485,Spacer,North,heatwave,2025-03-28,0.08,2128.4,0.4334705318164907,Medium
SP-00485,Spacer,North,southwest_monsoon,2024-06-27,0.275,2128.4,0.5504705318164907,High
SP-00485,Insulator,North,heatwave,2025-03-28,0.085,1657.8,0.4396830706847295,Medium
SP-00485,Insulator,North,southwest_monsoon,2024-06-27,0.18,1657.8,0.4966830706847295,Medium
SP-00485,Fittings,North,heatwave,2025-03-28,0.065,4550.9,0.40793339750219304,Medium
SP-00485,Fittings,North,southwest_monsoon,2024-06-27,0.2,4550.9,0.48893339750219306,Medium
SP-00485,Arrester,North,heatwave,2025-03-28,0.085,609.0,0.4468426770702137,Medium
SP-00485,Arrester,North,southwest_monsoon,2024-06-27,0.18,609.0,0.5038426770702137,High
SP-00487,Conductor,North,southwest_monsoon,2024-08-08,0.06,39916.6,0.16351035064185931,Low
SP-00487,Damper,North,southwest_monsoon,2024-08-08,0.335,3303.5,0.5784487417101001,High
SP-00487,Spacer,North,southwest_monsoon,2024-08-08,0.2,2706.9,0.5015214163569154,High
SP-00487,Insulator,North,southwest_monsoon,2024-08-08,0.095,8642.0,0.39800560794874684,Medium
SP-00487,Fittings,North,southwest_monsoon,2024-08-08,0.07,26846.2,0.25873510207285894,Low
SP-00487,Arrester,North,southwest_monsoon,2024-08-08,0.25,1912.2,0.5369464155889371,High
SP-00488,Conductor,North,tropical_cyclone,2024-11-26,0.17,24335.1,0.33587706202193346,Medium
SP-00488,Conductor,North,southwest_monsoon,2024-06-12,0.12,24335.1,0.3058770620219335,Medium
SP-00488,Damper,North,tropical_cyclone,2024-11-26,0.245,5289.3,0.5108927287807575,High
SP-00488,Damper,North,southwest_monsoon,2024-06-12,0.19,5289.3,0.47789272878075756,Medium
SP-00488,Spacer,North,tropical_cyclone,2024-11-26,0.3,2110.0,0.5655961389460606,High
SP-00488,Spacer,North,southwest_monsoon,2024-06-12,0.13,2110.0,0.46359613894606067,Medium
SP-00488,Insulator,North,tropical_cyclone,2024-11-26,0.24,1331.0,0.5349139625294819,High
SP-00488,Insulator,North,southwest_monsoon,2024-06-12,0.2,1331.0,0.5109139625294818,High
SP-00488,Fittings,North,tropical_cyclone,2024-11-26,0.16,21754.6,0.34749277929666833,Medium
SP-00488,Fittings,North,southwest_monsoon,2024-06-12,0.155,21754.6,0.34449277929666833,Medium
SP-00488,Arrester,North,tropical_cyclone,2024-11-26,0.415,2043.3,0.6350514647907515,High
SP-00488,Arrester,North,southwest_monsoon,2024-06-12,0.215,2043.3,0.5150514647907516,High
SP-00489,Conductor,North,summer_storm,2024-05-26,0.07,25539.0,0.2676586694518682,Low
SP-00489,Conductor,North,southwest_monsoon,2024-06-06,0.11,25539.0,0.29165866945186825,Low
SP-00489,Damper,North,summer_storm,2024-05-26,0.175,2101.2,0.4906562119210723,Medium
SP-00489,Damper,North,southwest_monsoon,2024-06-06,0.155,2101.2,0.4786562119210723,Medium
SP-00489,Spacer,North,summer_storm,2024-05-26,0.115,5737.0,0.42983651617703783,Medium
SP-00489,Spacer,North,southwest_monsoon,2024-06-06,0.105,5737.0,0.4238365161770378,Medium
SP-00489,Insulator,North,summer_storm,2024-05-26,0.1,16470.1,0.34756728343863175,Medium
SP-00489,Insulator,North,southwest_monsoon,2024-06-06,0.125,16470.1,0.36256728343863176,Medium
SP-00489,Fittings,North,summer_storm,2024-05-26,0.14,10647.2,0.41131716141540126,Medium
SP-00489,Fittings,North,southwest_monsoon,2024-06-06,0.135,10647.2,0.40831716141540125,Medium
SP-00489,Arrester,North,summer_storm,2024-05-26,0.24,1409.2,0.5343801322288098,High
SP-00489,Arrester,North,southwest_monsoon,2024-06-06,0.145,1409.2,0.4773801322288098,Medium
SP-00493,Conductor,North,tropical_cyclone,2024-08-06,0.285,7111.1,0.522456257658451,High
SP-00493,Damper,North,tropical_cyclone,2024-08-06,0.305,4438.9,0.5526979626387054,High
SP-00493,Spacer,North,tropical_cyclone,2024-08-06,0.165,13714.4,0.40537899903405394,Medium
SP-00493,Insulator,North,tropical_cyclone,2024-08-06,0.265,287.9,0.5570346580106971,High
SP-00493,Fittings,North,tropical_cyclone,2024-08-06,0.2,17070.2,0.4034707161313004,Medium
SP-00493,Arrester,North,tropical_cyclone,2024-08-06,0.29,926.7,0.567673906142803,High
SP-00494,Conductor,North,southwest_monsoon,2024-07-26,0.11,13460.1,0.3741149714824031,Medium
SP-00494,Damper,North,southwest_monsoon,2024-07-26,0.215,10498.0,0.45733567140082676,Medium
SP-00494,Spacer,North,southwest_monsoon,2024-07-26,0.105,13837.2,0.3685407079736635,Medium
SP-00494,Insulator,North,southwest_monsoon,2024-07-26,0.18,2172.9,0.4931667537042157,Medium
SP-00494,Fittings,North,southwest_monsoon,2024-07-26,0.11,42978.8,0.17260632063267764,Low
SP-00494,Arrester,North,southwest_monsoon,2024-07-26,0.11,13012.7,0.3771691361437929,Medium
SP-00498,Conductor,North,heatwave,2024-04-09,0.05,24136.9,0.26523006925458315,Low
SP-00498,Damper,North,heatwave,2024-04-09,0.255,3184.8,0.5312590442253147,High
SP-00498,Spacer,North,heatwave,2024-04-09,0.05,9910.5,0.36234622513030035,Medium
SP-00498,Insulator,North,heatwave,2024-04-09,0.025,7740.5,0.3621596746502286,Medium
SP-00498,Fittings,North,heatwave,2024-04-09,0.04,26990.4,0.23975072445959922,Low
SP-00498,Arrester,North,heatwave,2024-04-09,0.095,545.5,0.4532761581967185,Medium
SP-00499,Conductor,North,summer_storm,2024-05-11,0.095,33695.7,0.22697716544302116,Low
SP-00499,Conductor,North,tropical_cyclone,2024-10-14,0.155,33695.7,0.2629771654430212,Low
SP-00499,Damper,North,summer_storm,2024-05-11,0.065,16797.0,0.32433570894643604,Medium
SP-00499,Damper,North,tropical_cyclone,2024-10-14,0.19,16797.0,0.39933570894643605,Medium
SP-00499,Spacer,North,summer_storm,2024-05-11,0.115,8973.8,0.4077405837318288,Medium
SP-00499,Spacer,North,tropical_cyclone,2024-10-14,0.2,8973.8,0.4587405837318288,Medium
SP-00499,Insulator,North,summer_storm,2024-05-11,0.08,9450.1,0.38348913395932105,Medium
SP-00499,Insulator,North,tropical_cyclone,2024-10-14,0.205,9450.1,0.45848913395932106,Medium
SP-00499,Fittings,North,summer_storm,2024-05-11,0.115,28596.1,0.2737894544622957,Low
SP-00499,Fittings,North,tropical_cyclone,2024-10-14,0.125,28596.1,0.2797894544622957,Low
SP-00499,Arrester,North,summer_storm,2024-05-11,0.13,1433.0,0.4682176621373009,Medium
SP-00499,Arrester,North,tropical_cyclone,2024-10-14,0.34,1433.0,0.594217662137301,High
SP-00501,Conductor,North,summer_storm,2024-05-16,0.26,12441.7,0.47106705304511964,Medium
SP-00501,Damper,North,summer_storm,2024-05-16,0.13,1796.3,0.46573760397573877,Medium
SP-00501,Spacer,North,summer_storm,2024-05-16,0.095,1938.8,0.4437648313690153,Medium
SP-00501,Insulator,North,summer_storm,2024-05-16,0.18,1640.3,0.49680253398730956,Medium
SP-00501,Fittings,North,summer_storm,2024-05-16,0.125,4540.6,0.44400371018885443,Medium
SP-00501,Arrester,North,summer_storm,2024-05-16,0.135,3527.0,0.45692302467429186,Medium
SP-00504,Conductor,North,tropical_cyclone,2024-10-07,0.18,24009.2,0.344101810039696,Medium
SP-00504,Conductor,North,summer_storm,2024-05-21,0.135,24009.2,0.317101810039696,Medium
SP-00504,Damper,North,tropical_cyclone,2024-10-07,0.3,3387.7,0.5568739525628292,High
SP-00504,Damper,North,summer_storm,2024-05-21,0.3,3387.7,0.5568739525628292,High
SP-00504,Spacer,North,tropical_cyclone,2024-10-07,0.29,1673.3,0.5625772603310157,High
SP-00504,Spacer,North,summer_storm,2024-05-21,0.2,1673.3,0.5085772603310158,High
SP-00504,Insulator,North,tropical_cyclone,2024-10-07,0.28,7728.5,0.5152415923434263,High
SP-00504,Insulator,North,summer_storm,2024-05-21,0.25,7728.5,0.49724159234342624,Medium
SP-00504,Fittings,North,tropical_cyclone,2024-10-07,0.275,3989.3,0.5377671455438482,High
SP-00504,Fittings,North,summer_storm,2024-05-21,0.235,3989.3,0.5137671455438482,High
SP-00504,Arrester,North,tropical_cyclone,2024-10-07,0.29,424.7,0.5711007963082426,High
SP-00504,Arrester,North,summer_storm,2024-05-21,0.29,424.7,0.5711007963082426,High
SP-00506,Conductor,North,heatwave,2024-04-17,0.05,27572.5,0.24177703369206457,Low
SP-00506,Damper,North,heatwave,2024-04-17,0.085,4051.8,0.4233404908917765,Medium
SP-00506,Spacer,North,heatwave,2024-04-17,0.14,2655.3,0.46587366243766576,Medium
SP-00506,Insulator,North,heatwave,2024-04-17,0.06,6297.1,0.39301300784703236,Medium
SP-00506,Fittings,North,heatwave,2024-04-17,0.055,17356.8,0.31451424855876065,Medium
SP-00506,Arrester,North,heatwave,2024-04-17,0.075,1146.2,0.43717549500472735,Medium
SP-00507,Conductor,North,tropical_cyclone,2024-10-06,0.22,36081.3,0.2856919280353065,Low
SP-00507,Damper,North,tropical_cyclone,2024-10-06,0.265,4052.9,0.5313329817699001,High
SP-00507,Spacer,North,tropical_cyclone,2024-10-06,0.24,3351.1,0.5211238015270824,High
SP-00507,Insulator,North,tropical_cyclone,2024-10-06,0.275,707.9,0.5601675387487756,High
SP-00507,Fittings,North,tropical_cyclone,2024-10-06,0.11,28740.0,0.2698071247913659,Low
SP-00507,Arrester,North,tropical_cyclone,2024-10-06,0.27,779.8,0.5566767152370323,High
SP-00510,Conductor,North,heatwave,2024-04-28,0.06,17129.5,0.3190659061974148,Medium
SP-00510,Damper,North,heatwave,2024-04-28,0.09,1154.0,0.44612224850414883,Medium
SP-00510,Spacer,North,heatwave,2024-04-28,0.06,3416.7,0.4126759848042679,Medium
SP-00510,Insulator,North,heatwave,2024-04-28,0.11,465.4,0.4628229587988136,Medium
SP-00510,Fittings,North,heatwave,2024-04-28,0.045,9596.7,0.36148837280742174,Medium
SP-00510,Arrester,North,heatwave,2024-04-28,0.11,115.9,0.4652088116131983,Medium
SP-00512,Conductor,North,tropical_cyclone,2024-10-03,0.195,23242.4,0.3583363506350328,Medium
SP-00512,Conductor,North,heatwave,2025-03-24,0.115,23242.4,0.3103363506350328,Medium
SP-00512,Conductor,North,southwest_monsoon,2024-07-22,0.12,23242.4,0.3133363506350328,Medium
SP-00512,Damper,North,tropical_cyclone,2024-10-03,0.26,1628.1,0.544885816975394,High
SP-00512,Damper,North,heatwave,2025-03-24,0.115,1628.1,0.457885816975394,Medium
SP-00512,Damper,North,southwest_monsoon,2024-07-22,0.24,1628.1,0.5328858169753939,High
SP-00512,Spacer,North,tropical_cyclone,2024-10-03,0.18,15828.6,0.3999464667874953,Medium
SP-00512,Spacer,North,heatwave,2025-03-24,0.09,15828.6,0.3459464667874953,Medium
SP-00512,Spacer,North,southwest_monsoon,2024-07-22,0.105,15828.6,0.3549464667874953,Medium
SP-00512,Insulator,North,tropical_cyclone,2024-10-03,0.26,1059.7,0.5487659850431945,High
SP-00512,Insulator,North,heatwave,2025-03-24,0.11,1059.7,0.45876598504319455,Medium
SP-00512,Insulator,North,southwest_monsoon,2024-07-22,0.22,1059.7,0.5247659850431945,High
SP-00512,Fittings,North,tropical_cyclone,2024-10-03,0.19,21994.5,0.3638551080801564,Medium
SP-00512,Fittings,North,heatwave,2025-03-24,0.09,21994.5,0.3038551080801565,Medium
SP-00512,Fittings,North,southwest_monsoon,2024-07-22,0.09,21994.5,0.3038551080801565,Medium
SP-00512,Arrester,North,tropical_cyclone,2024-10-03,0.26,853.9,0.5501708734815361,High
SP-00512,Arrester,North,heatwave,2025-03-24,0.125,853.9,0.46917087348153613,Medium
SP-00512,Arrester,North,southwest_monsoon,2024-07-22,0.18,853.9,0.5021708734815361,High
SP-00513,Conductor,North,tropical_cyclone,2024-09-30,0.215,28816.5,0.33228489949723017,Medium
SP-00513,Damper,North,tropical_cyclone,2024-09-30,0.535,3559.8,0.6966991163128846,High
SP-00513,Spacer,North,tropical_cyclone,2024-09-30,0.35,2545.6,0.592622526682982,High
SP-00513,Insulator,North,tropical_cyclone,2024-09-30,0.43,1441.7,0.6481582718097325,High
SP-00513,Fittings,North,tropical_cyclone,2024-09-30,0.23,20021.3,0.4013251074316414,Medium
SP-00513,Arrester,North,tropical_cyclone,2024-09-30,0.345,1530.6,0.5965513982326258,High
SP-00514,Conductor,North,summer_storm,2024-04-30,0.075,27665.3,0.25614353686466856,Low
SP-00514,Damper,North,summer_storm,2024-04-30,0.15,2349.0,0.4739646115565386,Medium
SP-00514,Spacer,North,summer_storm,2024-04-30,0.07,9151.8,0.3795254712827287,Medium
SP-00514,Insulator,North,summer_storm,2024-04-30,0.165,5349.9,0.4624790444301089,Medium
SP-00514,Fittings,North,summer_storm,2024-04-30,0.08,24810.4,0.2786324387238589,Low
SP-00514,Arrester,North,summer_storm,2024-04-30,0.145,2062.6,0.47291971383419174,Medium
SP-00516,Conductor,North,summer_storm,2024-05-31,0.14,14053.5,0.3880641415537739,Medium
SP-00516,Damper,North,summer_storm,2024-05-31,0.12,1472.1,0.46195074698696487,Medium
SP-00516,Spacer,North,summer_storm,2024-05-31,0.16,1411.3,0.48636579663250024,Medium
SP-00516,Insulator,North,summer_storm,2024-05-31,0.145,1642.4,0.47578819839099995,Medium
SP-00516,Fittings,North,summer_storm,2024-05-31,0.06,24988.7,0.26541527833242884,Low
SP-00516,Arrester,North,summer_storm,2024-05-31,0.14,0.0,0.48400000000000004,Medium
SP-00519,Conductor,North,summer_storm,2024-04-24,0.105,41013.7,0.1830210255412541,Low
SP-00519,Damper,North,summer_storm,2024-04-24,0.12,6526.6,0.4274463319646252,Medium
SP-00519,Spacer,North,summer_storm,2024-04-24,0.055,14989.5,0.3306745614843486,Medium
SP-00519,Insulator,North,summer_storm,2024-04-24,0.155,3622.9,0.46826836577615305,Medium
SP-00519,Fittings,North,summer_storm,2024-04-24,0.065,22008.5,0.2887595374380924,Low
SP-00519,Arrester,North,summer_storm,2024-04-24,0.135,1434.7,0.4712060571307646,Medium
SP-00521,Conductor,North,southwest_monsoon,2024-08-24,0.105,15345.0,0.358247749823365,Medium
SP-00521,Damper,North,southwest_monsoon,2024-08-24,0.08,17084.4,0.3313737801943497,Medium
SP-00521,Spacer,North,southwest_monsoon,2024-08-24,0.13,4148.2,0.4496824187564212,Medium
SP-00521,Insulator,North,southwest_monsoon,2024-08-24,0.205,6601.5,0.4779350290295825,Medium
SP-00521,Fittings,North,southwest_monsoon,2024-08-24,0.155,9063.8,0.4311262010328456,Medium
SP-00521,Arrester,North,southwest_monsoon,2024-08-24,0.135,6895.6,0.43392736289879413,Medium
SP-00524,Conductor,North,tropical_cyclone,2024-09-08,0.16,38462.9,0.23343399652532454,Low
SP-00524,Damper,North,tropical_cyclone,2024-09-08,0.235,2754.3,0.5221978414687842,High
SP-00524,Spacer,North,tropical_cyclone,2024-09-08,0.24,12038.9,0.46181675694679103,Medium
SP-00524,Insulator,North,tropical_cyclone,2024-09-08,0.25,12461.5,0.4649318888513433,Medium
SP-00524,Fittings,North,tropical_cyclone,2024-09-08,0.16,28547.6,0.3011205384723033,Medium
SP-00524,Arrester,North,tropical_cyclone,2024-09-08,0.22,17133.1,0.4150413308894555,Medium
SP-00528,Conductor,North,summer_storm,2024-04-26,0.06,24357.5,0.269724148994631,Low
SP-00528,Damper,North,summer_storm,2024-04-26,0.13,6881.2,0.4310256641306315,Medium
SP-00528,Spacer,North,summer_storm,2024-04-26,0.31,3380.4,0.5629237858261911,High
SP-00528,Insulator,North,summer_storm,2024-04-26,0.14,1751.2,0.47204547797267365,Medium
SP-00528,Fittings,North,summer_storm,2024-04-26,0.06,19300.9,0.30424289961328016,Medium
SP-00528,Arrester,North,summer_storm,2024-04-26,0.255,1254.2,0.5444382357659475,High
SP-00529,Conductor,North,tropical_cyclone,2024-11-25,0.165,14998.8,0.39661107527212036,Medium
SP-00529,Damper,North,tropical_cyclone,2024-11-25,0.24,7589.5,0.49219047228963364,Medium
SP-00529,Spacer,North,tropical_cyclone,2024-11-25,0.26,2317.8,0.5401775975588528,High
SP-00529,Insulator,North,tropical_cyclone,2024-11-25,0.27,5018.6,0.5277406554098104,High
SP-00529,Fittings,North,tropical_cyclone,2024-11-25,0.115,22446.2,0.3157715895787041,Medium
SP-00529,Arrester,North,tropical_cyclone,2024-11-25,0.225,5162.5,0.49975832573888057,Medium
SP-00531,Conductor,North,heatwave,2025-03-09,0.145,5159.2,0.4517808531045099,Medium
SP-00531,Damper,North,heatwave,2025-03-09,0.1,1952.0,0.4466747219064978,Medium
SP-00531,Spacer,North,heatwave,2025-03-09,0.125,2111.1,0.4605886298241842,Medium
SP-00531,Insulator,North,heatwave,2025-03-09,0.14,1068.5,0.47670591206818286,Medium
SP-00531,Fittings,North,heatwave,2025-03-09,0.055,22138.2,0.28187414370411334,Low
SP-00531,Arrester,North,heatwave,2025-03-09,0.095,1854.2,0.4443423511060595,Medium
SP-00533,Conductor,North,heatwave,2024-04-20,0.115,46943.5,0.1485413974475812,Low
SP-00533,Damper,North,heatwave,2024-04-20,0.09,7183.8,0.4049599729671613,Medium
SP-00533,Spacer,North,heatwave,2024-04-20,0.1,18853.6,0.33129638162722674,Medium
SP-00533,Insulator,North,heatwave,2024-04-20,0.18,1947.6,0.49470475839400363,Medium
SP-00533,Fittings,North,heatwave,2024-04-20,0.1,24795.3,0.29073551848779944,Low
SP-00533,Arrester,North,heatwave,2024-04-20,0.09,809.5,0.4484739689463678,Medium
SP-00534,Conductor,North,southwest_monsoon,2024-08-13,0.125,13840.7,0.3805168153131475,Medium
SP-00534,Conductor,North,tropical_cyclone,2024-10-15,0.19,13840.7,0.4195168153131475,Medium
SP-00534,Damper,North,southwest_monsoon,2024-08-13,0.13,1962.3,0.4646044092198364,Medium
SP-00534,Damper,North,tropical_cyclone,2024-10-15,0.32,1962.3,0.5786044092198364,High
SP-00534,Spacer,North,southwest_monsoon,2024-08-13,0.205,3178.8,0.5013000030719135,High
SP-00534,Spacer,North,tropical_cyclone,2024-10-15,0.335,3178.8,0.5793000030719135,High
SP-00534,Insulator,North,southwest_monsoon,2024-08-13,0.11,140.2,0.46504292828447286,Medium
SP-00534,Insulator,North,tropical_cyclone,2024-10-15,0.4,140.2,0.6390429282844728,High
SP-00534,Fittings,North,southwest_monsoon,2024-08-13,0.1,15227.2,0.35605190851158963,Medium
SP-00534,Fittings,North,tropical_cyclone,2024-10-15,0.265,15227.2,0.4550519085115896,Medium
SP-00534,Arrester,North,southwest_monsoon,2024-08-13,0.25,649.6,0.545565522208228,High
SP-00534,Arrester,North,tropical_cyclone,2024-10-15,0.41,649.6,0.6415655222082279,High
SP-00535,Conductor,North,southwest_monsoon,2024-06-30,0.14,23595.3,0.32292728780757535,Medium
SP-00535,Conductor,North,heatwave,2024-04-10,0.065,23595.3,0.27792728780757536,Low
SP-00535,Damper,North,southwest_monsoon,2024-06-30,0.155,3463.7,0.46935514050591,Medium
SP-00535,Damper,North,heatwave,2024-04-10,0.05,3463.7,0.40635514050591004,Medium
SP-00535,Spacer,North,southwest_monsoon,2024-06-30,0.17,6728.1,0.45607079736634615,Medium
SP-00535,Spacer,North,heatwave,2024-04-10,0.02,6728.1,0.3660707973663462,Medium
SP-00535,Insulator,North,southwest_monsoon,2024-06-30,0.175,0.0,0.505,High
SP-00535,Insulator,North,heatwave,2024-04-10,0.055,0.0,0.43300000000000005,Medium
SP-00535,Fittings,North,southwest_monsoon,2024-06-30,0.185,4791.3,0.4782923130484646,Medium
SP-00535,Fittings,North,heatwave,2024-04-10,0.09,4791.3,0.4212923130484646,Medium
SP-00535,Arrester,North,southwest_monsoon,2024-06-30,0.17,0.0,0.502,High
SP-00535,Arrester,North,heatwave,2024-04-10,0.06,0.0,0.436,Medium
SP-00537,Conductor,North,southwest_monsoon,2024-08-24,0.09,46287.9,0.13801683408595214,Low
SP-00537,Damper,North,southwest_monsoon,2024-08-24,0.165,1863.8,0.4862768169515014,Medium
SP-00537,Spacer,North,southwest_monsoon,2024-08-24,0.08,23702.9,0.28619275915856873,Low
SP-00537,Insulator,North,southwest_monsoon,2024-08-24,0.13,876.2,0.47201864310167696,Medium
SP-00537,Fittings,North,southwest_monsoon,2024-08-24,0.11,21993.2,0.31586398249691955,Medium
SP-00537,Arrester,North,southwest_monsoon,2024-08-24,0.18,565.3,0.5041409940029422,High
SP-00540,Conductor,North,tropical_cyclone,2024-10-30,0.155,36736.9,0.2422164913969356,Low
SP-00540,Damper,North,tropical_cyclone,2024-10-30,0.365,3950.1,0.5920347433416275,High
SP-00540,Spacer,North,tropical_cyclone,2024-10-30,0.365,6224.2,0.5765106578332088,High
SP-00540,Insulator,North,tropical_cyclone,2024-10-30,0.57,1761.0,0.7299785785232288,Critical
SP-00540,Fittings,North,tropical_cyclone,2024-10-30,0.195,22181.4,0.3655792400086013,Medium
SP-00540,Arrester,North,tropical_cyclone,2024-10-30,0.365,1351.3,0.6097753850984889,High
SP-00543,Conductor,North,summer_storm,2024-04-06,0.15,5380.4,0.4532708369598979,Medium
SP-00543,Conductor,North,tropical_cyclone,2024-10-25,0.325,5380.4,0.5582708369598979,High
SP-00543,Damper,North,summer_storm,2024-04-06,0.09,4407.6,0.42391163128846293,Medium
SP-00543,Damper,North,tropical_cyclone,2024-10-25,0.305,4407.6,0.552911631288463,High
SP-00543,Spacer,North,summer_storm,2024-04-06,0.12,3401.1,0.448782477805425,Medium
SP-00543,Spacer,North,tropical_cyclone,2024-10-25,0.3,3401.1,0.556782477805425,High
SP-00543,Insulator,North,summer_storm,2024-04-06,0.095,7069.6,0.4087395563474266,Medium
SP-00543,Insulator,North,tropical_cyclone,2024-10-25,0.245,7069.6,0.4987395563474266,Medium
SP-00543,Fittings,North,summer_storm,2024-04-06,0.15,17541.0,0.37025681196817495,Medium
SP-00543,Fittings,North,tropical_cyclone,2024-10-25,0.26,17541.0,0.436256811968175,Medium
SP-00543,Arrester,North,summer_storm,2024-04-06,0.175,2177.5,0.4901353519218232,Medium
SP-00543,Arrester,North,tropical_cyclone,2024-10-25,0.35,2177.5,0.5951353519218232,High
SP-00545,Conductor,North,southwest_monsoon,2024-09-25,0.12,16197.8,0.36142613242677757,Medium
SP-00545,Conductor,North,heatwave,2025-03-11,0.07,16197.8,0.33142613242677754,Medium
SP-00545,Damper,North,southwest_monsoon,2024-09-25,0.11,23680.7,0.3043443068909847,Medium
SP-00545,Damper,North,heatwave,2025-03-11,0.03,23680.7,0.25634430689098464,Low
SP-00545,Spacer,North,southwest_monsoon,2024-09-25,0.11,5076.3,0.4313467678350178,Medium
SP-00545,Spacer,North,heatwave,2025-03-11,0.11,5076.3,0.4313467678350178,Medium
SP-00545,Insulator,North,southwest_monsoon,2024-09-25,0.28,2775.9,0.5490503896210283,High
SP-00545,Insulator,North,heatwave,2025-03-11,0.195,2775.9,0.49805038962102827,Medium
SP-00545,Fittings,North,southwest_monsoon,2024-09-25,0.085,19355.1,0.3188729046990037,Medium
SP-00545,Fittings,North,heatwave,2025-03-11,0.04,19355.1,0.29187290469900373,Low
SP-00545,Arrester,North,southwest_monsoon,2024-09-25,0.17,1041.5,0.49489022687787776,Medium
SP-00545,Arrester,North,heatwave,2025-03-11,0.1,1041.5,0.4528902268778778,Medium
SP-00546,Conductor,North,summer_storm,2024-04-16,0.075,12743.7,0.35800545776630927,Medium
SP-00546,Damper,North,summer_storm,2024-04-16,0.235,16160.9,0.43067802933336063,Medium
SP-00546,Spacer,North,summer_storm,2024-04-16,0.11,5804.2,0.42637777709513036,Medium
SP-00546,Insulator,North,summer_storm,2024-04-16,0.265,997.8,0.5521885438106063,High
SP-00546,Fittings,North,summer_storm,2024-04-16,0.265,38908.8,0.2933900715755844,Low
SP-00546,Arrester,North,summer_storm,2024-04-16,0.175,1311.2,0.4960491267232581,Medium
SP-00547,Conductor,North,summer_storm,2024-04-23,0.155,30723.0,0.28327022599043616,Low
SP-00547,Conductor,North,tropical_cyclone,2024-11-09,0.185,30723.0,0.3012702259904361,Medium
SP-00547,Conductor,North,southwest_monsoon,2024-09-02,0.13,30723.0,0.26827022599043615,Low
SP-00547,Damper,North,summer_storm,2024-04-23,0.155,1680.4,0.4815287923625404,Medium
SP-00547,Damper,North,tropical_cyclone,2024-11-09,0.295,1680.4,0.5655287923625405,High
SP-00547,Damper,North,southwest_monsoon,2024-09-02,0.2,1680.4,0.5085287923625404,High
SP-00547,Spacer,North,summer_storm,2024-04-23,0.095,2191.0,0.44204319451697577,Medium
SP-00547,Spacer,North,tropical_cyclone,2024-11-09,0.27,2191.0,0.5470431945169758,High
SP-00547,Spacer,North,southwest_monsoon,2024-09-02,0.17,2191.0,0.48704319451697575,Medium
SP-00547,Insulator,North,summer_storm,2024-04-23,0.145,1710.7,0.4753219501872161,Medium
SP-00547,Insulator,North,tropical_cyclone,2024-11-09,0.355,1710.7,0.6013219501872161,High
SP-00547,Insulator,North,southwest_monsoon,2024-09-02,0.205,1710.7,0.511321950187216,High
SP-00547,Fittings,North,summer_storm,2024-04-23,0.16,17078.5,0.37941405639350534,Medium
SP-00547,Fittings,North,tropical_cyclone,2024-11-09,0.21,17078.5,0.4094140563935053,Medium
SP-00547,Fittings,North,southwest_monsoon,2024-09-02,0.11,17078.5,0.3494140563935053,Medium
SP-00547,Arrester,North,summer_storm,2024-04-23,0.185,1135.9,0.5032458076913888,High
SP-00547,Arrester,North,tropical_cyclone,2024-11-09,0.335,1135.9,0.5932458076913888,High
SP-00547,Arrester,North,southwest_monsoon,2024-09-02,0.23,1135.9,0.5302458076913887,High
SP-00549,Conductor,North,summer_storm,2024-04-20,0.155,12635.6,0.4067433996525325,Medium
SP-00549,Conductor,North,southwest_monsoon,2024-08-10,0.125,12635.6,0.3887433996525325,Medium
SP-00549,Damper,North,summer_storm,2024-04-20,0.19,1390.7,0.504506422005823,High
SP-00549,Damper,North,southwest_monsoon,2024-08-10,0.24,1390.7,0.534506422005823,High
SP-00549,Spacer,North,summer_storm,2024-04-20,0.15,8677.2,0.43076531604870005,Medium
SP-00549,Spacer,North,southwest_monsoon,2024-08-10,0.145,8677.2,0.42776531604870005,Medium
SP-00549,Insulator,North,summer_storm,2024-04-20,0.2,1306.5,0.5110812111530939,High
SP-00549,Insulator,North,southwest_monsoon,2024-08-10,0.18,1306.5,0.4990812111530939,Medium
SP-00549,Fittings,North,summer_storm,2024-04-20,0.2,18446.6,0.3940747567215174,Medium
SP-00549,Fittings,North,southwest_monsoon,2024-08-10,0.11,18446.6,0.34007475672151743,Medium
SP-00549,Arrester,North,summer_storm,2024-04-20,0.175,746.9,0.4999013062458828,Medium
SP-00549,Arrester,North,southwest_monsoon,2024-08-10,0.165,746.9,0.4939013062458828,Medium
SP-00550,Conductor,North,heatwave,2024-04-10,0.06,36349.9,0.18785833700256335,Low
SP-00550,Damper,North,heatwave,2024-04-10,0.03,17016.8,0.3018352498660305,Medium
SP-00550,Spacer,North,heatwave,2024-04-10,0.11,3076.3,0.44499971670131105,Medium
SP-00550,Insulator,North,heatwave,2024-04-10,0.09,6332.1,0.41077408124187226,Medium
SP-00550,Fittings,North,heatwave,2024-04-10,0.05,33798.4,0.19927608651873696,Low
SP-00550,Arrester,North,heatwave,2024-04-10,0.05,2215.8,0.4148738979510337,Medium
SP-00552,Conductor,North,tropical_cyclone,2024-08-02,0.135,27785.0,0.29132640787502095,Low
SP-00552,Conductor,North,heatwave,2025-03-03,0.045,27785.0,0.23732640787502093,Low
SP-00552,Damper,North,tropical_cyclone,2024-08-02,0.415,2368.4,0.6328321779525355,High
SP-00552,Damper,North,heatwave,2025-03-03,0.14,2368.4,0.46783217795253557,Medium
SP-00552,Spacer,North,tropical_cyclone,2024-08-02,0.155,14426.4,0.3945185492376535,Medium
SP-00552,Spacer,North,heatwave,2025-03-03,0.05,14426.4,0.33151854923765356,Medium
SP-00552,Insulator,North,tropical_cyclone,2024-08-02,0.38,810.1,0.622469873061708,High
SP-00552,Insulator,North,heatwave,2025-03-03,0.165,810.1,0.493469873061708,Medium
SP-00552,Fittings,North,tropical_cyclone,2024-08-02,0.36,4785.3,0.5833332718950635,High
SP-00552,Fittings,North,heatwave,2025-03-03,0.155,4785.3,0.46033327189506346,Medium
SP-00552,Arrester,North,tropical_cyclone,2024-08-02,0.36,2780.4,0.5970196704860791,High
SP-00552,Arrester,North,heatwave,2025-03-03,0.09,2780.4,0.4350196704860791,Medium
SP-00553,Conductor,North,heatwave,2025-03-05,0.05,24872.4,0.2602091973090038,Low
SP-00553,Conductor,North,summer_storm,2024-05-22,0.125,24872.4,0.3052091973090038,Medium
SP-00553,Damper,North,heatwave,2025-03-05,0.115,1253.3,0.4604443795929374,Medium
SP-00553,Damper,North,summer_storm,2024-05-22,0.195,1253.3,0.5084443795929374,High
SP-00553,Spacer,North,heatwave,2025-03-05,0.08,6408.9,0.4042498080054066,Medium
SP-00553,Spacer,North,summer_storm,2024-05-22,0.29,6408.9,0.5302498080054066,High
SP-00553,Insulator,North,heatwave,2025-03-05,0.12,443.2,0.46897450653122946,Medium
SP-00553,Insulator,North,summer_storm,2024-05-22,0.19,443.2,0.5109745065312294,High
SP-00553,Fittings,North,heatwave,2025-03-05,0.075,6701.8,0.39925033364393797,Medium
SP-00553,Fittings,North,summer_storm,2024-05-22,0.31,6701.8,0.5402503336439379,High
SP-00553,Arrester,North,heatwave,2025-03-05,0.105,0.0,0.463,Medium
SP-00553,Arrester,North,summer_storm,2024-05-22,0.225,0.0,0.535,High
SP-00554,Conductor,North,heatwave,2024-04-23,0.075,25146.0,0.2733414739040949,Low
SP-00554,Damper,North,heatwave,2024-04-23,0.125,3545.3,0.4507981001921653,Medium
SP-00554,Spacer,North,heatwave,2024-04-23,0.06,5773.5,0.3965873498602279,Medium
SP-00554,Insulator,North,heatwave,2024-04-23,0.07,14078.0,0.34589689293016174,Medium
SP-00554,Fittings,North,heatwave,2024-04-23,0.05,16683.9,0.316107783204825,Medium
SP-00554,Arrester,North,heatwave,2024-04-23,0.095,1383.0,0.4475589858589582,Medium
SP-00556,Conductor,North,tropical_cyclone,2024-10-11,0.165,19552.4,0.3655260412933439,Medium
SP-00556,Conductor,North,heatwave,2025-03-07,0.08,19552.4,0.3145260412933438,Medium
SP-00556,Damper,North,tropical_cyclone,2024-10-11,0.35,2282.0,0.5944219853435594,High
SP-00556,Damper,North,heatwave,2025-03-07,0.145,2282.0,0.4714219853435594,Medium
SP-00556,Spacer,North,tropical_cyclone,2024-10-11,0.26,2408.2,0.5395604842700963,High
SP-00556,Spacer,North,heatwave,2025-03-07,0.175,2408.2,0.4885604842700963,Medium
SP-00556,Insulator,North,tropical_cyclone,2024-10-11,0.235,1600.0,0.5300776409069654,High
SP-00556,Insulator,North,heatwave,2025-03-07,0.1,1600.0,0.4490776409069654,Medium
SP-00556,Fittings,North,tropical_cyclone,2024-10-11,0.205,27172.7,0.33750625817043656,Medium
SP-00556,Fittings,North,heatwave,2025-03-07,0.095,27172.7,0.2715062581704366,Low
SP-00556,Arrester,North,tropical_cyclone,2024-10-11,0.285,730.6,0.5660125777791432,High
SP-00556,Arrester,North,heatwave,2025-03-07,0.195,730.6,0.5120125777791431,High
SP-00557,Conductor,North,tropical_cyclone,2024-11-26,0.19,17157.2,0.39687681285561666,Medium
SP-00557,Conductor,North,summer_storm,2024-04-10,0.17,17157.2,0.3848768128556167,Medium
SP-00557,Damper,North,tropical_cyclone,2024-11-26,0.35,1844.7,0.5974072026131745,High
SP-00557,Damper,North,summer_storm,2024-04-10,0.12,1844.7,0.45940720261317447,Medium
SP-00557,Spacer,North,tropical_cyclone,2024-11-26,0.23,2067.5,0.5238862641094694,High
SP-00557,Spacer,North,summer_storm,2024-04-10,0.105,2067.5,0.44888626410946936,Medium
SP-00557,Insulator,North,tropical_cyclone,2024-11-26,0.255,3770.8,0.5272587302074907,High
SP-00557,Insulator,North,summer_storm,2024-04-10,0.105,3770.8,0.4372587302074907,Medium
SP-00557,Fittings,North,tropical_cyclone,2024-11-26,0.205,18753.1,0.394982442307758,Medium
SP-00557,Fittings,North,summer_storm,2024-04-10,0.11,18753.1,0.337982442307758,Medium
SP-00557,Arrester,North,tropical_cyclone,2024-11-26,0.3,1390.5,0.5705077873007096,High
SP-00557,Arrester,North,summer_storm,2024-04-10,0.215,1390.5,0.5195077873007097,High
SP-00560,Conductor,North,tropical_cyclone,2024-11-21,0.255,22557.5,0.39901180297429495,Medium
SP-00560,Damper,North,tropical_cyclone,2024-11-21,0.28,5423.8,0.5309745679694994,High
SP-00560,Spacer,North,tropical_cyclone,2024-11-21,0.22,15016.6,0.42948956402721034,Medium
SP-00560,Insulator,North,tropical_cyclone,2024-11-21,0.23,10144.6,0.46874814746550075,Medium
SP-00560,Fittings,North,tropical_cyclone,2024-11-21,0.285,32975.5,0.34589359232977335,Medium
SP-00560,Arrester,North,tropical_cyclone,2024-11-21,0.315,1653.7,0.5777110592299055,High
SP-00562,Conductor,North,summer_storm,2024-05-13,0.115,23691.3,0.3072719462619933,Medium
SP-00562,Conductor,North,heatwave,2025-03-27,0.04,23691.3,0.26227194626199324,Low
SP-00562,Damper,North,summer_storm,2024-05-13,0.155,2322.0,0.4771489263662335,Medium
SP-00562,Damper,North,heatwave,2025-03-27,0.075,2322.0,0.42914892636623353,Medium
SP-00562,Spacer,North,summer_storm,2024-05-13,0.215,2636.9,0.5109992695672356,High
SP-00562,Spacer,North,heatwave,2025-03-27,0.115,2636.9,0.4509992695672357,Medium
SP-00562,Insulator,North,summer_storm,2024-05-13,0.255,1042.0,0.5458868136406613,High
SP-00562,Insulator,North,heatwave,2025-03-27,0.12,1042.0,0.46488681364066126,Medium
SP-00562,Fittings,North,summer_storm,2024-05-13,0.065,23737.6,0.2769558804957386,Low
SP-00562,Fittings,North,heatwave,2025-03-27,0.06,23737.6,0.2739558804957386,Low
SP-00562,Arrester,North,summer_storm,2024-05-13,0.205,1494.4,0.5127985166071056,High
SP-00562,Arrester,North,heatwave,2025-03-27,0.065,1494.4,0.42879851660710566,Medium
SP-00564,Conductor,North,southwest_monsoon,2024-07-26,0.105,20896.6,0.3203498943603082,Medium
SP-00564,Damper,North,southwest_monsoon,2024-07-26,0.135,1703.1,0.469373831392908,Medium
SP-00564,Spacer,North,southwest_monsoon,2024-07-26,0.135,2085.8,0.4667613396273428,Medium
SP-00564,Insulator,North,southwest_monsoon,2024-07-26,0.125,634.6,0.4706679193247252,Medium
SP-00564,Fittings,North,southwest_monsoon,2024-07-26,0.29,3762.2,0.5483174378876158,High
SP-00564,Arrester,North,southwest_monsoon,2024-07-26,0.18,1176.2,0.49997070077173295,Medium
SP-00565,Conductor,North,southwest_monsoon,2024-07-21,0.1,24953.5,0.28965557023247557,Low
SP-00565,Conductor,North,summer_storm,2024-04-14,0.155,24953.5,0.3226555702324756,Medium
SP-00565,Damper,North,southwest_monsoon,2024-07-21,0.195,1633.3,0.5058503193083417,High
SP-00565,Damper,North,summer_storm,2024-04-14,0.165,1633.3,0.48785031930834166,Medium
SP-00565,Spacer,North,southwest_monsoon,2024-07-21,0.16,1727.0,0.48421067865395584,Medium
SP-00565,Spacer,North,summer_storm,2024-04-14,0.1,1727.0,0.4482106786539558,Medium
SP-00565,Insulator,North,southwest_monsoon,2024-07-21,0.18,0.0,0.508,High
SP-00565,Insulator,North,summer_storm,2024-04-14,0.16,0.0,0.496,Medium
SP-00565,Fittings,North,southwest_monsoon,2024-07-21,0.155,12402.9,0.4083319202531257,Medium
SP-00565,Fittings,North,summer_storm,2024-04-14,0.145,12402.9,0.4023319202531257,Medium
SP-00565,Arrester,North,southwest_monsoon,2024-07-21,0.17,712.7,0.49713477167149644,Medium
SP-00565,Arrester,North,summer_storm,2024-04-14,0.15,712.7,0.48513477167149643,Medium
SP-00566,Conductor,North,southwest_monsoon,2024-09-20,0.075,21631.9,0.2973303877096154,Low
SP-00566,Conductor,North,summer_storm,2024-04-25,0.115,21631.9,0.3213303877096154,Medium
SP-00566,Damper,North,southwest_monsoon,2024-09-20,0.16,1843.2,0.4834174423248242,Medium
SP-00566,Damper,North,summer_storm,2024-04-25,0.18,1843.2,0.49541744232482415,Medium
SP-00566,Spacer,North,southwest_monsoon,2024-09-20,0.16,3694.4,0.4707802728541831,Medium
SP-00566,Spacer,North,summer_storm,2024-04-25,0.19,3694.4,0.48878027285418313,Medium
SP-00566,Insulator,North,southwest_monsoon,2024-09-20,0.14,707.7,0.47916890404366214,Medium
SP-00566,Insulator,North,summer_storm,2024-04-25,0.11,707.7,0.4611689040436621,Medium
SP-00566,Fittings,North,southwest_monsoon,2024-09-20,0.15,12009.4,0.4080181379425689,Medium
SP-00566,Fittings,North,summer_storm,2024-04-25,0.16,12009.4,0.4140181379425689,Medium
SP-00566,Arrester,North,southwest_monsoon,2024-09-20,0.17,926.3,0.49567663673257634,Medium
SP-00566,Arrester,North,summer_storm,2024-04-25,0.15,926.3,0.4836766367325763,Medium
SP-00567,Conductor,North,southwest_monsoon,2024-08-10,0.16,20205.0,0.3580710840782724,Medium
SP-00567,Damper,North,southwest_monsoon,2024-08-10,0.125,1637.0,0.463825061352939,Medium
SP-00567,Spacer,North,southwest_monsoon,2024-08-10,0.18,3756.8,0.4823543008495547,Medium
SP-00567,Insulator,North,southwest_monsoon,2024-08-10,0.17,1315.5,0.49301977288319565,Medium
SP-00567,Fittings,North,southwest_monsoon,2024-08-10,0.19,7469.5,0.46300964922161125,Medium
SP-00567,Arrester,North,southwest_monsoon,2024-08-10,0.23,545.8,0.5342741102543886,High
SP-00569,Conductor,North,southwest_monsoon,2024-09-14,0.085,14855.9,0.34958657846861696,Medium
SP-00569,Damper,North,southwest_monsoon,2024-09-14,0.185,2315.2,0.49519534639237894,Medium
SP-00569,Spacer,North,southwest_monsoon,2024-09-14,0.075,17643.5,0.32455709833877744,Medium
SP-00569,Insulator,North,southwest_monsoon,2024-09-14,0.145,975.0,0.48034418742768203,Medium
SP-00569,Fittings,North,southwest_monsoon,2024-09-14,0.115,30121.8,0.2633743024196439,Low
SP-00569,Arrester,North,southwest_monsoon,2024-09-14,0.14,1367.0,0.4746682094498886,Medium
SP-00570,Conductor,North,summer_storm,2024-04-27,0.145,5386.4,0.45022987811329895,Medium
SP-00570,Conductor,North,tropical_cyclone,2024-09-24,0.345,5386.4,0.570229878113299,High
SP-00570,Damper,North,summer_storm,2024-04-27,0.145,1500.5,0.4767568751130635,Medium
SP-00570,Damper,North,tropical_cyclone,2024-09-24,0.35,1500.5,0.5997568751130635,High
SP-00570,Spacer,North,summer_storm,2024-04-27,0.13,6312.3,0.4349092454356486,Medium
SP-00570,Spacer,North,tropical_cyclone,2024-09-24,0.305,6312.3,0.5399092454356486,High
SP-00570,Insulator,North,summer_storm,2024-04-27,0.14,1071.1,0.4766881632346567,Medium
SP-00570,Insulator,North,tropical_cyclone,2024-09-24,0.295,1071.1,0.5696881632346567,High
SP-00570,Fittings,North,summer_storm,2024-04-27,0.095,23176.6,0.29878553265273383,Low
SP-00570,Fittings,North,tropical_cyclone,2024-09-24,0.225,23176.6,0.37678553265273385,Medium
SP-00570,Arrester,North,summer_storm,2024-04-27,0.18,2357.8,0.4919045385815269,Medium
SP-00570,Arrester,North,tropical_cyclone,2024-09-24,0.3,2357.8,0.5639045385815269,High
SP-00571,Conductor,North,heatwave,2025-03-16,0.045,18611.5,0.2999490710874915,Low
SP-00571,Damper,North,heatwave,2025-03-16,0.03,3782.8,0.392176812514293,Medium
SP-00571,Spacer,North,heatwave,2025-03-16,0.115,2479.0,0.45207716988022956,Medium
SP-00571,Insulator,North,heatwave,2025-03-16,0.055,0.0,0.43300000000000005,Medium
SP-00571,Fittings,North,heatwave,2025-03-16,0.055,11790.0,0.3525158664332013,Medium
SP-00571,Arrester,North,heatwave,2025-03-16,0.08,227.1,0.44644970765623243,Medium
SP-00573,Conductor,North,southwest_monsoon,2024-06-03,0.165,5595.1,0.46080519289910127,Medium
SP-00573,Conductor,North,summer_storm,2024-04-22,0.2,5595.1,0.4818051928991013,Medium
SP-00573,Damper,North,southwest_monsoon,2024-06-03,0.21,1157.7,0.5180969905487461,High
SP-00573,Damper,North,summer_storm,2024-04-22,0.16,1157.7,0.4880969905487461,Medium
SP-00573,Spacer,North,southwest_monsoon,2024-06-03,0.215,1452.8,0.5190824979435247,High
SP-00573,Spacer,North,summer_storm,2024-04-22,0.15,1452.8,0.48008249794352464,Medium
SP-00573,Insulator,North,southwest_monsoon,2024-06-03,0.16,619.4,0.49177168173610897,Medium
SP-00573,Insulator,North,summer_storm,2024-04-22,0.165,619.4,0.49477168173610897,Medium
SP-00573,Fittings,North,southwest_monsoon,2024-06-03,0.2,8056.1,0.46500523931912746,Medium
SP-00573,Fittings,North,summer_storm,2024-04-22,0.165,8056.1,0.4440052393191275,Medium
SP-00573,Arrester,North,southwest_monsoon,2024-06-03,0.185,0.0,0.511,High
SP-00573,Arrester,North,summer_storm,2024-04-22,0.16,0.0,0.496,Medium
SP-00574,Conductor,North,southwest_monsoon,2024-08-11,0.1,36065.4,0.21380046897879357,Low
SP-00574,Conductor,North,tropical_cyclone,2024-09-06,0.15,36065.4,0.24380046897879357,Low
SP-00574,Damper,North,southwest_monsoon,2024-08-11,0.09,2414.9,0.4375147468913942,Medium
SP-00574,Damper,North,tropical_cyclone,2024-09-06,0.325,2414.9,0.5785147468913943,High
SP-00574,Spacer,North,southwest_monsoon,2024-08-11,0.125,14756.4,0.37426581267471515,Medium
SP-00574,Spacer,North,tropical_cyclone,2024-09-06,0.17,14756.4,0.40126581267471517,Medium
SP-00574,Insulator,North,southwest_monsoon,2024-08-11,0.105,5574.2,0.4249478662147541,Medium
SP-00574,Insulator,North,tropical_cyclone,2024-09-06,0.285,5574.2,0.5329478662147541,High
SP-00574,Fittings,North,southwest_monsoon,2024-08-11,0.09,23001.7,0.2969794830310912,Low
SP-00574,Fittings,North,tropical_cyclone,2024-09-06,0.165,23001.7,0.34197948303109116,Medium
SP-00574,Arrester,North,southwest_monsoon,2024-08-11,0.145,1381.7,0.4775678602757213,Medium
SP-00574,Arrester,North,tropical_cyclone,2024-09-06,0.36,1381.7,0.6065678602757213,High
SP-00575,Conductor,North,tropical_cyclone,2024-09-25,0.165,19693.6,0.36456214310338353,Medium
SP-00575,Damper,North,tropical_cyclone,2024-09-25,0.27,1935.4,0.548788041382088,High
SP-00575,Spacer,North,tropical_cyclone,2024-09-25,0.285,2329.6,0.5550970451605417,High
SP-00575,Insulator,North,tropical_cyclone,2024-09-25,0.27,1394.9,0.5524777508132038,High
SP-00575,Fittings,North,tropical_cyclone,2024-09-25,0.215,11390.0,0.4512464562064599,Medium
SP-00575,Arrester,North,tropical_cyclone,2024-09-25,0.25,1342.1,0.5408381886632739,High
SP-00576,Conductor,North,tropical_cyclone,2024-10-15,0.255,42201.8,0.2649104912672326,Low
SP-00576,Conductor,North,southwest_monsoon,2024-06-21,0.085,42201.8,0.1629104912672326,Low
SP-00576,Damper,North,tropical_cyclone,2024-10-15,0.23,7112.0,0.4894501138314612,Medium
SP-00576,Damper,North,southwest_monsoon,2024-06-21,0.135,7112.0,0.4324501138314612,Medium
SP-00576,Spacer,North,tropical_cyclone,2024-10-15,0.315,2983.3,0.5686345788235937,High
SP-00576,Spacer,North,southwest_monsoon,2024-06-21,0.165,2983.3,0.4786345788235937,Medium
SP-00576,Insulator,North,tropical_cyclone,2024-10-15,0.235,1396.9,0.5314640978643375,High
SP-00576,Insulator,North,southwest_monsoon,2024-06-21,0.115,1396.9,0.4594640978643375,Medium
SP-00576,Fittings,North,tropical_cyclone,2024-10-15,0.28,31354.5,0.35395930738590403,Medium
SP-00576,Fittings,North,southwest_monsoon,2024-06-21,0.06,31354.5,0.22195930738590403,Low
SP-00576,Arrester,North,tropical_cyclone,2024-10-15,0.305,864.1,0.577101243442318,High
SP-00576,Arrester,North,southwest_monsoon,2024-06-21,0.145,864.1,0.48110124344231797,Medium
SP-00577,Conductor,North,summer_storm,2024-04-09,0.195,15271.8,0.4127474477518713,Medium
SP-00577,Conductor,North,tropical_cyclone,2024-11-07,0.245,15271.8,0.44274744775187125,Medium
SP-00577,Damper,North,summer_storm,2024-04-09,0.24,1635.8,0.5328332531222587,High
SP-00577,Damper,North,tropical_cyclone,2024-11-07,0.38,1635.8,0.6168332531222587,High
SP-00577,Spacer,North,summer_storm,2024-04-09,0.175,2125.1,0.4904930591821201,Medium
SP-00577,Spacer,North,tropical_cyclone,2024-11-07,0.305,2125.1,0.5684930591821201,High
SP-00577,Insulator,North,summer_storm,2024-04-09,0.18,559.3,0.5041819528495411,High
SP-00577,Insulator,North,tropical_cyclone,2024-11-07,0.415,559.3,0.645181952849541,High
SP-00577,Fittings,North,summer_storm,2024-04-09,0.095,15901.6,0.3484481341538756,Medium
SP-00577,Fittings,North,tropical_cyclone,2024-11-07,0.285,15901.6,0.4624481341538756,Medium
SP-00577,Arrester,North,summer_storm,2024-04-09,0.195,783.9,0.5116487266918563,High
SP-00577,Arrester,North,tropical_cyclone,2024-11-07,0.28,783.9,0.5626487266918564,High
SP-00578,Conductor,North,southwest_monsoon,2024-07-10,0.08,33813.8,0.2171709588124665,Low
SP-00578,Conductor,North,tropical_cyclone,2024-11-15,0.195,33813.8,0.28617095881246646,Low
SP-00578,Conductor,North,summer_storm,2024-05-20,0.085,33813.8,0.2201709588124665,Low
SP-00578,Damper,North,southwest_monsoon,2024-07-10,0.115,10122.4,0.3998996951979166,Medium
SP-00578,Damper,North,tropical_cyclone,2024-11-15,0.22,10122.4,0.4628996951979166,Medium
SP-00578,Damper,North,summer_storm,2024-05-20,0.12,10122.4,0.40289969519791663,Medium
SP-00578,Spacer,North,southwest_monsoon,2024-07-10,0.125,9828.7,0.40790463073893174,Medium
SP-00578,Spacer,North,tropical_cyclone,2024-11-15,0.22,9828.7,0.46490463073893173,Medium
SP-00578,Spacer,North,summer_storm,2024-05-20,0.085,9828.7,0.3839046307389317,Medium
SP-00578,Insulator,North,southwest_monsoon,2024-07-10,0.16,4436.8,0.46571229823501503,Medium
SP-00578,Insulator,North,tropical_cyclone,2024-11-15,0.25,4436.8,0.5197122982350151,High
SP-00578,Insulator,North,summer_storm,2024-05-20,0.12,4436.8,0.44171229823501507,Medium
SP-00578,Fittings,North,southwest_monsoon,2024-07-10,0.09,36768.7,0.20299940950996156,Low
SP-00578,Fittings,North,tropical_cyclone,2024-11-15,0.235,36768.7,0.28999940950996156,Low
SP-00578,Fittings,North,summer_storm,2024-05-20,0.12,36768.7,0.22099940950996155,Low
SP-00578,Arrester,North,southwest_monsoon,2024-07-10,0.19,1482.9,0.5038770210630868,High
SP-00578,Arrester,North,tropical_cyclone,2024-11-15,0.315,1482.9,0.5788770210630869,High
SP-00578,Arrester,North,summer_storm,2024-05-20,0.2,1482.9,0.5098770210630869,High
SP-00579,Conductor,North,heatwave,2024-04-06,0.095,31875.3,0.23940407950112125,Low
SP-00579,Damper,North,heatwave,2024-04-06,0.125,1573.6,0.46425785983200046,Medium
SP-00579,Spacer,North,heatwave,2024-04-06,0.085,7064.5,0.40277437136703564,Medium
SP-00579,Insulator,North,heatwave,2024-04-06,0.115,2037.9,0.45508832775269054,Medium
SP-00579,Fittings,North,heatwave,2024-04-06,0.13,5453.5,0.44077182167883494,Medium
SP-00579,Arrester,North,heatwave,2024-04-06,0.125,646.7,0.4705853189840841,Medium
SP-00580,Conductor,North,summer_storm,2024-05-17,0.075,25089.2,0.2737292176518976,Low
SP-00580,Damper,North,summer_storm,2024-05-17,0.12,1888.2,0.4591102509753326,Medium
SP-00580,Spacer,North,summer_storm,2024-05-17,0.105,2060.3,0.448935414725388,Medium
SP-00580,Insulator,North,summer_storm,2024-05-17,0.11,2538.4,0.4486716772989006,Medium
SP-00580,Fittings,North,summer_storm,2024-05-17,0.09,15440.5,0.34859582151499946,Medium
SP-00580,Arrester,North,summer_storm,2024-05-17,0.11,798.7,0.46054769487024577,Medium
SP-00581,Conductor,North,summer_storm,2024-05-28,0.23,11149.2,0.4618902712499616,Medium
SP-00581,Conductor,North,tropical_cyclone,2024-08-25,0.245,11149.2,0.47089027124996163,Medium
SP-00581,Damper,North,summer_storm,2024-05-28,0.1,1697.5,0.4484120596497336,Medium
SP-00581,Damper,North,tropical_cyclone,2024-08-25,0.265,1697.5,0.5474120596497336,High
SP-00581,Spacer,North,summer_storm,2024-05-28,0.125,1859.2,0.4623082187338938,Medium
SP-00581,Spacer,North,tropical_cyclone,2024-08-25,0.22,1859.2,0.5193082187338938,High
SP-00581,Insulator,North,summer_storm,2024-05-28,0.18,2104.4,0.4936343672028862,Medium
SP-00581,Insulator,North,tropical_cyclone,2024-08-25,0.395,2104.4,0.6226343672028862,High
SP-00581,Fittings,North,summer_storm,2024-05-28,0.105,15652.2,0.35615065687750236,Medium
SP-00581,Fittings,North,tropical_cyclone,2024-08-25,0.185,15652.2,0.40415065687750235,Medium
SP-00581,Arrester,North,summer_storm,2024-05-28,0.135,230.9,0.47942376705338646,Medium
SP-00581,Arrester,North,tropical_cyclone,2024-08-25,0.32,230.9,0.5904237670533865,High
SP-00582,Conductor,North,tropical_cyclone,2024-11-14,0.185,38538.6,0.24791723241073532,Low
SP-00582,Damper,North,tropical_cyclone,2024-11-14,0.305,2445.9,0.5663031261839666,High
SP-00582,Spacer,North,tropical_cyclone,2024-11-14,0.38,3001.6,0.6075096543414671,High
SP-00582,Insulator,North,tropical_cyclone,2024-11-14,0.4,946.3,0.6335401072439133,High
SP-00582,Fittings,North,tropical_cyclone,2024-11-14,0.115,22288.3,0.31684948989169803,Medium
SP-00582,Arrester,North,tropical_cyclone,2024-11-14,0.285,1077.2,0.5636465217406145,High
SP-00587,Conductor,North,heatwave,2024-04-25,0.025,20876.6,0.2724864238489711,Low
SP-00587,Damper,North,heatwave,2024-04-25,0.235,3404.6,0.517758585144909,High
SP-00587,Spacer,North,heatwave,2024-04-25,0.08,5714.1,0.40899284244155687,Medium
SP-00587,Insulator,North,heatwave,2024-04-25,0.09,494.6,0.4506236257453657,Medium
SP-00587,Fittings,North,heatwave,2024-04-25,0.03,22762.1,0.2626151063052732,Low
SP-00587,Arrester,North,heatwave,2024-04-25,0.08,499.1,0.44459290661041656,Medium
SP-00588,Conductor,North,tropical_cyclone,2024-10-13,0.175,29970.5,0.30040714800137897,Medium
SP-00588,Damper,North,tropical_cyclone,2024-10-13,0.215,3789.7,0.5031297098407043,High
SP-00588,Spacer,North,tropical_cyclone,2024-10-13,0.25,2296.9,0.5343202708745055,High
SP-00588,Insulator,North,tropical_cyclone,2024-10-13,0.24,1403.6,0.5344183604856354,High
SP-00588,Fittings,North,tropical_cyclone,2024-10-13,0.27,5451.8,0.5247834266853713,High
SP-00588,Arrester,North,tropical_cyclone,2024-10-13,0.255,695.6,0.5482515043843033,High
SP-00589,Conductor,North,summer_storm,2024-04-03,0.13,20504.0,0.33802996822276155,Medium
SP-00589,Damper,North,summer_storm,2024-04-03,0.2,14322.4,0.42222850257870076,Medium
SP-00589,Spacer,North,summer_storm,2024-04-03,0.11,17308.6,0.34784328462643826,Medium
SP-00589,Insulator,North,summer_storm,2024-04-03,0.105,13927.2,0.36792632527468033,Medium
SP-00589,Fittings,North,summer_storm,2024-04-03,0.175,5759.3,0.46568428579717863,Medium
SP-00589,Arrester,North,summer_storm,2024-04-03,0.125,943.1,0.46856195196209943,Medium
SP-00590,Conductor,North,heatwave,2024-04-21,0.105,13085.8,0.3736701208627299,Medium
SP-00590,Damper,North,heatwave,2024-04-21,0.065,3801.6,0.41304847479494977,Medium
SP-00590,Spacer,North,heatwave,2024-04-21,0.085,2981.0,0.4306502797147899,Medium
SP-00590,Insulator,North,heatwave,2024-04-21,0.1,391.0,0.4573308484966397,Medium
SP-00590,Fittings,North,heatwave,2024-04-21,0.1,34249.6,0.22619598125450122,Low
SP-00590,Arrester,North,heatwave,2024-04-21,0.1,978.2,0.453322342709496,Medium
SP-00591,Conductor,North,southwest_monsoon,2024-09-07,0.2,28729.9,0.32387607218314063,Medium
SP-00591,Damper,North,southwest_monsoon,2024-09-07,0.185,2518.6,0.4938068414926769,Medium
SP-00591,Spacer,North,southwest_monsoon,2024-09-07,0.24,3887.7,0.5174607153462559,High
SP-00591,Insulator,North,southwest_monsoon,2024-09-07,0.185,9101.0,0.4488722561839325,Medium
SP-00591,Fittings,North,southwest_monsoon,2024-09-07,0.16,24045.6,0.33185332637032944,Medium
SP-00591,Arrester,North,southwest_monsoon,2024-09-07,0.225,125.8,0.5341412295163102,High
SP-00592,Conductor,North,tropical_cyclone,2024-11-18,0.19,21531.6,0.36701508309526004,Medium
SP-00592,Conductor,North,heatwave,2024-04-10,0.01,21531.6,0.25901508309526006,Low
SP-00592,Damper,North,tropical_cyclone,2024-11-18,0.335,2661.9,0.5828286077064071,High
SP-00592,Damper,North,heatwave,2024-04-10,0.12,2661.9,0.45382860770640704,Medium
SP-00592,Spacer,North,tropical_cyclone,2024-11-18,0.205,13053.8,0.43388856804459053,Medium
SP-00592,Spacer,North,heatwave,2024-04-10,0.035,13053.8,0.33188856804459055,Medium
SP-00592,Insulator,North,tropical_cyclone,2024-11-18,0.355,728.7,0.6080255480805661,High
SP-00592,Insulator,North,heatwave,2024-04-10,0.075,728.7,0.44002554808056604,Medium
SP-00592,Fittings,North,tropical_cyclone,2024-11-18,0.215,21021.9,0.3854945371138349,Medium
SP-00592,Fittings,North,heatwave,2024-04-10,0.04,21021.9,0.28049453711383493,Low
SP-00592,Arrester,North,tropical_cyclone,2024-11-18,0.375,1098.8,0.6174990698928585,High
SP-00592,Arrester,North,heatwave,2024-04-10,0.075,1098.8,0.4374990698928585,Medium
SP-00593,Conductor,North,southwest_monsoon,2024-07-28,0.07,31916.0,0.22412624199169223,Low
SP-00593,Conductor,North,heatwave,2024-04-08,0.065,31916.0,0.22112624199169223,Low
SP-00593,Damper,North,southwest_monsoon,2024-07-28,0.215,1998.0,0.5153607040825731,High
SP-00593,Damper,North,heatwave,2024-04-08,0.085,1998.0,0.43736070408257305,Medium
SP-00593,Spacer,North,southwest_monsoon,2024-07-28,0.125,2315.1,0.45919602903982226,Medium
SP-00593,Spacer,North,heatwave,2024-04-08,0.095,2315.1,0.44119602903982225,Medium
SP-00593,Insulator,North,southwest_monsoon,2024-07-28,0.14,1499.3,0.4737650668823833,Medium
SP-00593,Insulator,North,heatwave,2024-04-08,0.09,1499.3,0.44376506688238326,Medium
SP-00593,Fittings,North,southwest_monsoon,2024-07-28,0.17,35940.3,0.25665446093038025,Low
SP-00593,Fittings,North,heatwave,2024-04-08,0.065,35940.3,0.19365446093038022,Low
SP-00593,Arrester,North,southwest_monsoon,2024-07-28,0.19,617.5,0.509784652037532,High
SP-00593,Arrester,North,heatwave,2024-04-08,0.1,617.5,0.455784652037532,Medium
SP-00595,Conductor,North,summer_storm,2024-04-13,0.15,20292.9,0.3514710369755988,Medium
SP-00595,Damper,North,summer_storm,2024-04-13,0.145,1798.2,0.4747246336743157,Medium
SP-00595,Spacer,North,summer_storm,2024-04-13,0.165,11708.9,0.41906949350972944,Medium
SP-00595,Insulator,North,summer_storm,2024-04-13,0.16,673.3,0.49140373476416244,Medium
SP-00595,Fittings,North,summer_storm,2024-04-13,0.14,4947.9,0.4502232871522338,Medium
SP-00595,Arrester,North,summer_storm,2024-04-13,0.15,0.0,0.49,Medium
SP-00598,Conductor,North,southwest_monsoon,2024-07-20,0.23,10804.2,0.46424540492939725,Medium
SP-00598,Damper,North,southwest_monsoon,2024-07-20,0.265,1661.7,0.5476564474344403,High
SP-00598,Spacer,North,southwest_monsoon,2024-07-20,0.165,2093.0,0.4847121890114241,Medium
SP-00598,Insulator,North,southwest_monsoon,2024-07-20,0.175,3387.2,0.4818773658000457,Medium
SP-00598,Fittings,North,southwest_monsoon,2024-07-20,0.135,21712.1,0.33278290446007713,Medium
SP-00598,Arrester,North,southwest_monsoon,2024-07-20,0.205,2427.0,0.5064321465507531,High
SP-00599,Conductor,North,southwest_monsoon,2024-07-01,0.165,13685.4,0.4055769667926151,Medium
SP-00599,Conductor,North,heatwave,2025-03-02,0.035,13685.4,0.32757696679261517,Medium
SP-00599,Conductor,North,tropical_cyclone,2024-10-06,0.26,13685.4,0.4625769667926152,Medium
SP-00599,Damper,North,southwest_monsoon,2024-07-01,0.21,4768.0,0.4934513699027569,Medium
SP-00599,Damper,North,heatwave,2025-03-02,0.045,4768.0,0.3944513699027569,Medium
SP-00599,Damper,North,tropical_cyclone,2024-10-06,0.255,4768.0,0.5204513699027569,High
SP-00599,Spacer,North,southwest_monsoon,2024-07-01,0.195,5103.9,0.4821583571406629,Medium
SP-00599,Spacer,North,heatwave,2025-03-02,0.055,5103.9,0.39815835714066294,Medium
SP-00599,Spacer,North,tropical_cyclone,2024-10-06,0.265,5103.9,0.524158357140663,High
SP-00599,Insulator,North,southwest_monsoon,2024-07-01,0.1,947.9,0.45352918488482036,Medium
SP-00599,Insulator,North,heatwave,2025-03-02,0.065,947.9,0.43252918488482034,Medium
SP-00599,Insulator,North,tropical_cyclone,2024-10-06,0.335,947.9,0.5945291848848204,High
SP-00599,Fittings,North,southwest_monsoon,2024-07-01,0.14,3858.5,0.45766004839970376,Medium
SP-00599,Fittings,North,heatwave,2025-03-02,0.085,3858.5,0.4246600483997037,Medium
SP-00599,Fittings,North,tropical_cyclone,2024-10-06,0.26,3858.5,0.5296600483997037,High
SP-00599,Arrester,North,southwest_monsoon,2024-07-01,0.125,0.0,0.47500000000000003,Medium
SP-00599,Arrester,North,heatwave,2025-03-02,0.07,0.0,0.442,Medium
SP-00599,Arrester,North,tropical_cyclone,2024-10-06,0.275,0.0,0.5650000000000001,High
SP-00600,Conductor,North,heatwave,2024-04-15,0.025,29350.3,0.2146409274448165,Low
SP-00600,Damper,North,heatwave,2024-04-15,0.03,17503.0,0.2985162179966346,Low
SP-00600,Spacer,North,heatwave,2024-04-15,0.045,8975.3,0.3657303440201791,Medium
SP-00600,Insulator,North,heatwave,2024-04-15,0.12,1586.2,0.46117184625414287,Medium
SP-00600,Fittings,North,heatwave,2024-04-15,0.06,16436.2,0.3237987009219153,Medium
SP-00600,Arrester,North,heatwave,2024-04-15,0.045,979.3,0.42031483358761956,Medium
SP-00602,Conductor,North,summer_storm,2024-04-14,0.195,35608.8,0.2739174372049683,Low
SP-00602,Damper,North,summer_storm,2024-04-14,0.205,1573.1,0.5122612730692171,High
SP-00602,Spacer,North,summer_storm,2024-04-14,0.165,1556.4,0.48837527519225055,Medium
SP-00602,Insulator,North,summer_storm,2024-04-14,0.14,0.0,0.48400000000000004,Medium
SP-00602,Fittings,North,summer_storm,2024-04-14,0.135,10002.8,0.41271614154012093,Medium
SP-00602,Arrester,North,summer_storm,2024-04-14,0.145,357.1,0.48456226597992336,Medium
SP-00603,Conductor,North,tropical_cyclone,2024-09-21,0.225,36650.4,0.28480698143540284,Low
SP-00603,Damper,North,tropical_cyclone,2024-09-21,0.355,1642.6,0.6017868330961134,High
SP-00603,Spacer,North,tropical_cyclone,2024-09-21,0.3,1849.4,0.5673751181833386,High
SP-00603,Insulator,North,tropical_cyclone,2024-09-21,0.27,132.9,0.5610927615478348,High
SP-00603,Fittings,North,tropical_cyclone,2024-09-21,0.28,5502.3,0.5304386897264973,High
SP-00603,Arrester,North,tropical_cyclone,2024-09-21,0.265,319.9,0.5568162108288364,High
SP-00605,Conductor,North,tropical_cyclone,2024-10-09,0.2,32916.5,0.29529635432132895,Low
SP-00605,Conductor,North,summer_storm,2024-04-02,0.085,32916.5,0.226296354321329,Low
SP-00605,Damper,North,tropical_cyclone,2024-10-09,0.205,11607.3,0.44376306331213716,Medium
SP-00605,Damper,North,summer_storm,2024-04-02,0.17,11607.3,0.4227630633121372,Medium
SP-00605,Spacer,North,tropical_cyclone,2024-10-09,0.145,16085.1,0.37719547609539317,Medium
SP-00605,Spacer,North,summer_storm,2024-04-02,0.07,16085.1,0.3321954760953932,Medium
SP-00605,Insulator,North,tropical_cyclone,2024-10-09,0.215,8300.8,0.47233480102533654,Medium
SP-00605,Insulator,North,summer_storm,2024-04-02,0.06,8300.8,0.3793348010253365,Medium
SP-00605,Fittings,North,tropical_cyclone,2024-10-09,0.21,14797.5,0.4249852445755128,Medium
SP-00605,Fittings,North,summer_storm,2024-04-02,0.05,14797.5,0.3289852445755128,Medium
SP-00605,Arrester,North,tropical_cyclone,2024-10-09,0.38,1330.6,0.6189166931192551,High
SP-00605,Arrester,North,summer_storm,2024-04-02,0.155,1330.6,0.4839166931192551,Medium
SP-00606,Conductor,North,heatwave,2025-03-11,0.055,18827.1,0.30447728319970513,Medium
SP-00606,Conductor,North,tropical_cyclone,2024-10-25,0.19,18827.1,0.3854772831997051,Medium
SP-00606,Damper,North,heatwave,2025-03-11,0.08,5487.5,0.41053972154810786,Medium
SP-00606,Damper,North,tropical_cyclone,2024-10-25,0.3,5487.5,0.5425397215481078,High
SP-00606,Spacer,North,heatwave,2025-03-11,0.025,19385.0,0.28266879311345267,Low
SP-00606,Spacer,North,tropical_cyclone,2024-10-25,0.15,19385.0,0.3576687931134527,Medium
SP-00606,Insulator,North,heatwave,2025-03-11,0.1,1179.1,0.45195090399587684,Medium
SP-00606,Insulator,North,tropical_cyclone,2024-10-25,0.325,1179.1,0.5869509039958769,High
SP-00606,Fittings,North,heatwave,2025-03-11,0.08,7938.6,0.39380735006502215,Medium
SP-00606,Fittings,North,tropical_cyclone,2024-10-25,0.26,7938.6,0.5018073500650222,High
SP-00606,Arrester,North,heatwave,2025-03-11,0.055,4610.6,0.40152585697853416,Medium
SP-00606,Arrester,North,tropical_cyclone,2024-10-25,0.27,4610.6,0.5305258569785342,High
SP-00607,Conductor,North,heatwave,2025-03-03,0.15,6054.2,0.4486711584868437,Medium
SP-00607,Conductor,North,tropical_cyclone,2024-10-21,0.36,6054.2,0.5746711584868437,High
SP-00607,Damper,North,heatwave,2025-03-03,0.095,2380.2,0.4407516255542244,Medium
SP-00607,Damper,North,tropical_cyclone,2024-10-21,0.2,2380.2,0.5037516255542245,High
SP-00607,Spacer,North,heatwave,2025-03-03,0.1,2777.7,0.4410381019670486,Medium
SP-00607,Spacer,North,tropical_cyclone,2024-10-21,0.23,2777.7,0.5190381019670487,High
SP-00607,Insulator,North,heatwave,2025-03-03,0.075,1206.2,0.43676590653873854,Medium
SP-00607,Insulator,North,tropical_cyclone,2024-10-21,0.215,1206.2,0.5207659065387386,High
SP-00607,Fittings,North,heatwave,2025-03-03,0.07,7825.8,0.3885773763810811,Medium
SP-00607,Fittings,North,tropical_cyclone,2024-10-21,0.225,7825.8,0.4815773763810811,Medium
SP-00607,Arrester,North,heatwave,2025-03-03,0.035,19658.0,0.2868051655932036,Low
SP-00607,Arrester,North,tropical_cyclone,2024-10-21,0.125,19658.0,0.3408051655932036,Medium
SP-00608,Conductor,North,summer_storm,2024-05-20,0.145,5708.6,0.4480303880509392,Medium
SP-00608,Conductor,North,southwest_monsoon,2024-08-09,0.155,5708.6,0.4540303880509392,Medium
SP-00608,Damper,North,summer_storm,2024-05-20,0.1,4423.2,0.4298051382873058,Medium
SP-00608,Damper,North,southwest_monsoon,2024-08-09,0.11,4423.2,0.4358051382873058,Medium
SP-00608,Spacer,North,summer_storm,2024-05-20,0.145,2812.1,0.4678032712465484,Medium
SP-00608,Spacer,North,southwest_monsoon,2024-08-09,0.15,2812.1,0.4708032712465484,Medium
SP-00608,Insulator,North,summer_storm,2024-05-20,0.14,4522.2,0.4531293173184244,Medium
SP-00608,Insulator,North,southwest_monsoon,2024-08-09,0.13,4522.2,0.44712931731842437,Medium
SP-00608,Fittings,North,summer_storm,2024-05-20,0.125,12893.5,0.386982851896224,Medium
SP-00608,Fittings,North,southwest_monsoon,2024-08-09,0.13,12893.5,0.389982851896224,Medium
SP-00608,Arrester,North,summer_storm,2024-05-20,0.19,1805.0,0.5016782136481703,High
SP-00608,Arrester,North,southwest_monsoon,2024-08-09,0.21,1805.0,0.5136782136481703,High
SP-00609,Conductor,North,summer_storm,2024-05-13,0.09,22285.7,0.30186723872522414,Medium
SP-00609,Conductor,North,southwest_monsoon,2024-07-18,0.11,22285.7,0.31386723872522415,Medium
SP-00609,Damper,North,summer_storm,2024-05-13,0.115,2888.4,0.44928241124729934,Medium
SP-00609,Damper,North,southwest_monsoon,2024-07-18,0.11,2888.4,0.44628241124729934,Medium
SP-00609,Spacer,North,summer_storm,2024-05-13,0.095,12645.7,0.3706744522607577,Medium
SP-00609,Spacer,North,southwest_monsoon,2024-07-18,0.145,12645.7,0.4006744522607577,Medium
SP-00609,Insulator,North,summer_storm,2024-05-13,0.165,889.1,0.4929305815814894,Medium
SP-00609,Insulator,North,southwest_monsoon,2024-07-18,0.21,889.1,0.5199305815814894,High
SP-00609,Fittings,North,summer_storm,2024-05-13,0.105,19232.7,0.3317084651696208,Medium
SP-00609,Fittings,North,southwest_monsoon,2024-07-18,0.135,19232.7,0.34970846516962084,Medium
SP-00609,Arrester,North,summer_storm,2024-05-13,0.18,647.9,0.5035771272147643,High
SP-00609,Arrester,North,southwest_monsoon,2024-07-18,0.095,647.9,0.45257712721476434,Medium
SP-00610,Conductor,North,tropical_cyclone,2024-11-25,0.25,12589.6,0.46405741747645723,Medium
SP-00610,Damper,North,tropical_cyclone,2024-11-25,0.36,1924.8,0.6028604020110794,High
SP-00610,Spacer,North,tropical_cyclone,2024-11-25,0.32,2840.5,0.5726093993726471,High
SP-00610,Insulator,North,tropical_cyclone,2024-11-25,0.39,465.8,0.6308202282090403,High
SP-00610,Fittings,North,tropical_cyclone,2024-11-25,0.255,19640.7,0.41892326360089704,Medium
SP-00610,Arrester,North,tropical_cyclone,2024-11-25,0.365,415.2,0.6161656478153575,High
SP-00615,Conductor,North,heatwave,2025-03-21,0.05,12025.5,0.34790823170419527,Medium
SP-00615,Damper,North,heatwave,2025-03-21,0.085,2071.7,0.43685759291685017,Medium
SP-00615,Spacer,North,heatwave,2025-03-21,0.055,6219.9,0.39054001167327135,Medium
SP-00615,Insulator,North,heatwave,2025-03-21,0.085,161.9,0.44989479378927355,Medium
SP-00615,Fittings,North,heatwave,2025-03-21,0.04,23481.9,0.26370141000829417,Low
SP-00615,Arrester,North,heatwave,2025-03-21,0.07,509.0,0.4385253245135284,Medium
SP-00616,Conductor,North,tropical_cyclone,2024-08-19,0.115,23822.7,0.3063749475214778,Medium
SP-00616,Conductor,North,southwest_monsoon,2024-09-07,0.065,23822.7,0.2763749475214778,Low
SP-00616,Conductor,North,summer_storm,2024-05-31,0.1,23822.7,0.2973749475214778,Low
SP-00616,Conductor,North,heatwave,2025-03-13,0.07,23822.7,0.2793749475214778,Low
SP-00616,Damper,North,tropical_cyclone,2024-08-19,0.395,3508.4,0.6130499970987484,High
SP-00616,Damper,North,southwest_monsoon,2024-09-07,0.21,3508.4,0.5020499970987484,High
SP-00616,Damper,North,summer_storm,2024-05-31,0.215,3508.4,0.5050499970987483,High
SP-00616,Damper,North,heatwave,2025-03-13,0.215,3508.4,0.5050499970987483,High
SP-00616,Spacer,North,tropical_cyclone,2024-08-19,0.14,15440.5,0.3785958215149995,Medium
SP-00616,Spacer,North,southwest_monsoon,2024-09-07,0.085,15440.5,0.34559582151499946,Medium
SP-00616,Spacer,North,summer_storm,2024-05-31,0.105,15440.5,0.35759582151499947,Medium
SP-00616,Spacer,North,heatwave,2025-03-13,0.1,15440.5,0.35459582151499947,Medium
SP-00616,Insulator,North,tropical_cyclone,2024-08-19,0.21,5928.3,0.48553061161797684,Medium
SP-00616,Insulator,North,southwest_monsoon,2024-09-07,0.13,5928.3,0.43753061161797685,Medium
SP-00616,Insulator,North,summer_storm,2024-05-31,0.09,5928.3,0.41353061161797683,Medium
SP-00616,Insulator,North,heatwave,2025-03-13,0.085,5928.3,0.4105306116179768,Medium
SP-00616,Fittings,North,tropical_cyclone,2024-08-19,0.145,33293.0,0.2597261866972493,Low
SP-00616,Fittings,North,southwest_monsoon,2024-09-07,0.125,33293.0,0.24772618669724927,Low
SP-00616,Fittings,North,summer_storm,2024-05-31,0.09,33293.0,0.22672618669724928,Low
SP-00616,Fittings,North,heatwave,2025-03-13,0.085,33293.0,0.2237261866972493,Low
SP-00616,Arrester,North,tropical_cyclone,2024-08-19,0.235,1146.5,0.5331734470623974,High
SP-00616,Arrester,North,southwest_monsoon,2024-09-07,0.13,1146.5,0.47017344706239744,Medium
SP-00616,Arrester,North,summer_storm,2024-05-31,0.13,1146.5,0.47017344706239744,Medium
SP-00616,Arrester,North,heatwave,2025-03-13,0.15,1146.5,0.4821734470623974,Medium
SP-00618,Conductor,North,southwest_monsoon,2024-06-07,0.15,10610.4,0.4175683756745411,Medium
SP-00618,Damper,North,southwest_monsoon,2024-06-07,0.175,1138.0,0.4972314720950792,Medium
SP-00618,Spacer,North,southwest_monsoon,2024-06-07,0.3,1612.7,0.5689909446816644,High
SP-00618,Insulator,North,southwest_monsoon,2024-06-07,0.125,675.6,0.4703880338729662,Medium
SP-00618,Fittings,North,southwest_monsoon,2024-06-07,0.17,3903.3,0.4753542223450987,Medium
SP-00618,Arrester,North,southwest_monsoon,2024-06-07,0.145,0.0,0.487,Medium
SP-00621,Conductor,North,southwest_monsoon,2024-07-20,0.105,18769.7,0.3348691228321677,Medium
SP-00621,Damper,North,southwest_monsoon,2024-07-20,0.115,1743.7,0.45709667653092223,Medium
SP-00621,Spacer,North,southwest_monsoon,2024-07-20,0.135,1978.2,0.46749586827634937,Medium
SP-00621,Insulator,North,southwest_monsoon,2024-07-20,0.15,1683.3,0.47850899558668425,Medium
SP-00621,Fittings,North,southwest_monsoon,2024-07-20,0.175,6494.3,0.46066682708881584,Medium
SP-00621,Arrester,North,southwest_monsoon,2024-07-20,0.215,806.3,0.5234958136645539,High
SP-00623,Conductor,North,summer_storm,2024-04-20,0.13,34223.3,0.24437551753209297,Low
SP-00623,Damper,North,summer_storm,2024-04-20,0.28,3141.6,0.5465539479208266,High
SP-00623,Spacer,North,summer_storm,2024-04-20,0.09,7052.6,0.4058556064127901,Medium
SP-00623,Insulator,North,summer_storm,2024-04-20,0.325,1508.8,0.5847002153752684,High
SP-00623,Fittings,North,summer_storm,2024-04-20,0.215,25133.8,0.35742475689217923,Medium
SP-00623,Arrester,North,summer_storm,2024-04-20,0.1,3708.2,0.43468606750700567,Medium
SP-00626,Conductor,North,southwest_monsoon,2024-08-15,0.06,33752.7,0.20558805640033181,Low
SP-00626,Conductor,North,tropical_cyclone,2024-11-24,0.195,33752.7,0.2865880564003318,Low
SP-00626,Damper,North,southwest_monsoon,2024-08-15,0.125,10008.9,0.40667450004607875,Medium
SP-00626,Damper,North,tropical_cyclone,2024-11-24,0.28,10008.9,0.4996745000460787,Medium
SP-00626,Spacer,North,southwest_monsoon,2024-08-15,0.09,14718.8,0.3535224881134014,Medium
SP-00626,Spacer,North,tropical_cyclone,2024-11-24,0.195,14718.8,0.4165224881134014,Medium
SP-00626,Insulator,North,southwest_monsoon,2024-08-15,0.175,1505.5,0.4947227427408978,Medium
SP-00626,Insulator,North,tropical_cyclone,2024-11-24,0.285,1505.5,0.5607227427408978,High
SP-00626,Fittings,North,southwest_monsoon,2024-08-15,0.095,21390.8,0.3109762506954471,Medium
SP-00626,Fittings,North,tropical_cyclone,2024-11-24,0.21,21390.8,0.3799762506954471,Medium
SP-00626,Arrester,North,southwest_monsoon,2024-08-15,0.16,3571.4,0.47161992920946016,Medium
SP-00626,Arrester,North,tropical_cyclone,2024-11-24,0.31,3571.4,0.5616199292094601,High
SP-00627,Conductor,North,tropical_cyclone,2024-11-17,0.215,21835.3,0.3799418828099134,Medium
SP-00627,Conductor,North,southwest_monsoon,2024-08-31,0.08,21835.3,0.2989418828099134,Low
SP-00627,Damper,North,tropical_cyclone,2024-11-17,0.28,1662.1,0.556653716844667,High
SP-00627,Damper,North,southwest_monsoon,2024-08-31,0.165,1662.1,0.4876537168446671,Medium
SP-00627,Spacer,North,tropical_cyclone,2024-11-17,0.215,10849.0,0.45493957887479225,Medium
SP-00627,Spacer,North,southwest_monsoon,2024-08-31,0.14,10849.0,0.40993957887479227,Medium
SP-00627,Insulator,North,tropical_cyclone,2024-11-17,0.255,944.1,0.5465551254876663,High
SP-00627,Insulator,North,southwest_monsoon,2024-08-31,0.12,944.1,0.4655551254876663,Medium
SP-00627,Fittings,North,tropical_cyclone,2024-11-17,0.285,5207.3,0.5354524996842756,High
SP-00627,Fittings,North,southwest_monsoon,2024-08-31,0.15,5207.3,0.4544524996842756,Medium
SP-00627,Arrester,North,tropical_cyclone,2024-11-17,0.27,577.2,0.5580597589571877,High
SP-00627,Arrester,North,southwest_monsoon,2024-08-31,0.215,577.2,0.5250597589571877,High
SP-00632,Conductor,North,southwest_monsoon,2024-08-01,0.155,16403.3,0.3810232919307659,Medium
SP-00632,Damper,North,southwest_monsoon,2024-08-01,0.155,1402.0,0.4834292828447284,Medium
SP-00632,Spacer,North,southwest_monsoon,2024-08-01,0.155,2757.6,0.47417531410315483,Medium
SP-00632,Insulator,North,southwest_monsoon,2024-08-01,0.165,335.5,0.49670971782767936,Medium
SP-00632,Fittings,North,southwest_monsoon,2024-08-01,0.13,28695.4,0.28211158555108423,Low
SP-00632,Arrester,North,southwest_monsoon,2024-08-01,0.16,5992.5,0.4550923519593688,Medium
SP-00634,Conductor,North,tropical_cyclone,2024-10-24,0.23,20884.0,0.3954359079381658,Medium
SP-00634,Damper,North,tropical_cyclone,2024-10-24,0.21,5947.1,0.4854022738986337,Medium
SP-00634,Spacer,North,tropical_cyclone,2024-10-24,0.16,19188.9,0.3650074647497926,Medium
SP-00634,Insulator,North,tropical_cyclone,2024-10-24,0.25,2290.1,0.5343666909006509,High
SP-00634,Fittings,North,tropical_cyclone,2024-10-24,0.225,31741.3,0.3183188270751629,Medium
SP-00634,Arrester,North,tropical_cyclone,2024-10-24,0.175,4658.7,0.4731975035582998,Medium
SP-00636,Conductor,North,southwest_monsoon,2024-06-19,0.135,6778.0,0.4347301562921322,Medium
SP-00636,Damper,North,southwest_monsoon,2024-06-19,0.18,4082.1,0.48013364871645214,Medium
SP-00636,Spacer,North,southwest_monsoon,2024-06-19,0.125,5802.7,0.43538801680678013,Medium
SP-00636,Insulator,North,southwest_monsoon,2024-06-19,0.13,671.2,0.473418070360472,Medium
SP-00636,Fittings,North,southwest_monsoon,2024-06-19,0.085,25235.2,0.27873255238465816,Low
SP-00636,Arrester,North,southwest_monsoon,2024-06-19,0.15,736.8,0.48497025363765756,Medium
SP-00638,Conductor,North,summer_storm,2024-04-17,0.09,23165.1,0.29586403710871506,Low
SP-00638,Damper,North,summer_storm,2024-04-17,0.11,1799.8,0.4537137113152227,Medium
SP-00638,Spacer,North,summer_storm,2024-04-17,0.12,2152.2,0.45730806172498184,Medium
SP-00638,Insulator,North,summer_storm,2024-04-17,0.145,1550.0,0.47641896462862277,Medium
SP-00638,Fittings,North,summer_storm,2024-04-17,0.165,27137.7,0.3137451847755967,Medium
SP-00638,Arrester,North,summer_storm,2024-04-17,0.09,1668.9,0.4426072968185216,Medium
SP-00639,Conductor,North,summer_storm,2024-05-19,0.16,6028.0,0.45485001211699216,Medium
SP-00639,Conductor,North,southwest_monsoon,2024-07-29,0.215,6028.0,0.48785001211699214,Medium
SP-00639,Damper,North,summer_storm,2024-05-19,0.215,1359.9,0.5197166774183639,High
SP-00639,Damper,North,southwest_monsoon,2024-07-29,0.21,1359.9,0.5167166774183639,High
SP-00639,Spacer,North,summer_storm,2024-05-19,0.175,1461.5,0.4950231076159562,Medium
SP-00639,Spacer,North,southwest_monsoon,2024-07-29,0.175,1461.5,0.4950231076159562,Medium
SP-00639,Insulator,North,summer_storm,2024-05-19,0.19,0.0,0.514,High
SP-00639,Insulator,North,southwest_monsoon,2024-07-29,0.215,0.0,0.529,High
SP-00639,Fittings,North,summer_storm,2024-05-19,0.16,23959.0,0.3324444990562399,Medium
SP-00639,Fittings,North,southwest_monsoon,2024-07-29,0.155,23959.0,0.3294444990562399,Medium
SP-00639,Arrester,North,summer_storm,2024-05-19,0.17,0.0,0.502,High
SP-00639,Arrester,North,southwest_monsoon,2024-07-29,0.18,0.0,0.508,High
SP-00641,Conductor,North,tropical_cyclone,2024-08-29,0.305,8378.2,0.525806431904211,High
SP-00641,Damper,North,tropical_cyclone,2024-08-29,0.195,1075.4,0.5096588093945942,High
SP-00641,Spacer,North,tropical_cyclone,2024-08-29,0.215,1358.7,0.5197248691876837,High
SP-00641,Insulator,North,tropical_cyclone,2024-08-29,0.205,243.5,0.5213377534755288,High
SP-00641,Fittings,North,tropical_cyclone,2024-08-29,0.295,10561.5,0.5049021902743219,High
SP-00641,Arrester,North,tropical_cyclone,2024-08-29,0.31,648.9,0.5815703007403312,High
SP-00644,Conductor,North,southwest_monsoon,2024-09-27,0.16,7820.8,0.44261150875324684,Medium
SP-00644,Conductor,North,summer_storm,2024-05-18,0.185,7820.8,0.45761150875324685,Medium
SP-00644,Damper,North,southwest_monsoon,2024-09-27,0.195,2700.8,0.4985630578509576,Medium
SP-00644,Damper,North,summer_storm,2024-05-18,0.13,2700.8,0.45956305785095763,Medium
SP-00644,Spacer,North,southwest_monsoon,2024-09-27,0.16,3755.2,0.4703652232086478,Medium
SP-00644,Spacer,North,summer_storm,2024-05-18,0.155,3755.2,0.4673652232086478,Medium
SP-00644,Insulator,North,southwest_monsoon,2024-09-27,0.17,3684.8,0.47684580700874135,Medium
SP-00644,Insulator,North,summer_storm,2024-05-18,0.135,3684.8,0.45584580700874133,Medium
SP-00644,Fittings,North,southwest_monsoon,2024-09-27,0.115,18729.9,0.341140816514607,Medium
SP-00644,Fittings,North,summer_storm,2024-05-18,0.1,18729.9,0.332140816514607,Medium
SP-00644,Arrester,North,southwest_monsoon,2024-09-27,0.185,471.3,0.5077826825996581,High
SP-00644,Arrester,North,summer_storm,2024-05-18,0.14,471.3,0.48078268259965806,Medium
SP-00646,Conductor,North,southwest_monsoon,2024-07-29,0.1,24466.4,0.2929807459288613,Low
SP-00646,Damper,North,southwest_monsoon,2024-07-29,0.155,8035.2,0.43814791263478026,Medium
SP-00646,Spacer,North,southwest_monsoon,2024-07-29,0.145,5807.8,0.447353201787171,Medium
SP-00646,Insulator,North,southwest_monsoon,2024-07-29,0.22,876.6,0.5260159125119037,High
SP-00646,Fittings,North,southwest_monsoon,2024-07-29,0.215,28819.1,0.33226715066370405,Medium
SP-00646,Arrester,North,southwest_monsoon,2024-07-29,0.165,2001.2,0.48533885936438703,Medium
SP-00647,Conductor,North,summer_storm,2024-05-02,0.095,23556.7,0.2961907897206948,Low
SP-00647,Damper,North,summer_storm,2024-05-02,0.11,2085.1,0.451766118159446,Medium
SP-00647,Spacer,North,summer_storm,2024-05-02,0.175,2097.0,0.4906848831136915,Medium
SP-00647,Insulator,North,summer_storm,2024-05-02,0.175,2434.6,0.48838026534506124,Medium
SP-00647,Fittings,North,summer_storm,2024-05-02,0.115,5486.0,0.4315499612597576,Medium
SP-00647,Arrester,North,summer_storm,2024-05-02,0.12,1483.4,0.46187360782587034,Medium
SP-00649,Conductor,North,southwest_monsoon,2024-06-24,0.155,14988.2,0.39068343590111176,Medium
SP-00649,Damper,North,southwest_monsoon,2024-06-24,0.16,4847.4,0.46290934783276505,Medium
SP-00649,Spacer,North,southwest_monsoon,2024-06-24,0.17,8030.4,0.4471806797120593,Medium
SP-00649,Insulator,North,southwest_monsoon,2024-06-24,0.21,248.8,0.5243015731610332,High
SP-00649,Fittings,North,southwest_monsoon,2024-06-24,0.21,10951.0,0.4512432784826113,Medium
SP-00649,Arrester,North,southwest_monsoon,2024-06-24,0.15,212.2,0.48855142212528635,Medium
SP-00650,Conductor,North,heatwave,2025-03-22,0.04,14129.9,0.3275425989070815,Medium
SP-00650,Conductor,North,tropical_cyclone,2024-10-23,0.18,14129.9,0.41154259890708145,Medium
SP-00650,Conductor,North,summer_storm,2024-05-03,0.065,14129.9,0.34254259890708144,Medium
SP-00650,Damper,North,heatwave,2025-03-22,0.065,12248.1,0.35538865849537676,Medium
SP-00650,Damper,North,tropical_cyclone,2024-10-23,0.255,12248.1,0.4693886584953768,Medium
SP-00650,Damper,North,summer_storm,2024-05-03,0.08,12248.1,0.36438865849537677,Medium
SP-00650,Spacer,North,heatwave,2025-03-22,0.05,21665.7,0.28209965287377503,Low
SP-00650,Spacer,North,tropical_cyclone,2024-10-23,0.235,21665.7,0.393099652873775,Medium
SP-00650,Spacer,North,summer_storm,2024-05-03,0.06,21665.7,0.28809965287377504,Low
SP-00650,Insulator,North,heatwave,2025-03-22,0.105,1348.9,0.4537917686371285,Medium
SP-00650,Insulator,North,tropical_cyclone,2024-10-23,0.34,1348.9,0.5947917686371285,High
SP-00650,Insulator,North,summer_storm,2024-05-03,0.11,1348.9,0.4567917686371285,Medium
SP-00650,Fittings,North,heatwave,2025-03-22,0.105,4106.0,0.4349704959775,Medium
SP-00650,Fittings,North,tropical_cyclone,2024-10-23,0.28,4106.0,0.5399704959775,High
SP-00650,Fittings,North,summer_storm,2024-05-03,0.21,4106.0,0.4979704959775,Medium
SP-00650,Arrester,North,heatwave,2025-03-22,0.11,847.9,0.460211832328135,Medium
SP-00650,Arrester,North,tropical_cyclone,2024-10-23,0.235,847.9,0.535211832328135,High
SP-00650,Arrester,North,summer_storm,2024-05-03,0.085,847.9,0.445211832328135,Medium
SP-00651,Conductor,North,tropical_cyclone,2024-11-16,0.195,26429.6,0.33657901132170787,Medium
SP-00651,Damper,North,tropical_cyclone,2024-11-16,0.365,2555.8,0.6015528966437639,High
SP-00651,Spacer,North,tropical_cyclone,2024-11-16,0.12,16979.9,0.35608714677261355,Medium
SP-00651,Insulator,North,tropical_cyclone,2024-11-16,0.245,4895.1,0.513583725002304,High
SP-00651,Fittings,North,tropical_cyclone,2024-11-16,0.17,12497.0,0.4166895490089666,Medium
SP-00651,Arrester,North,tropical_cyclone,2024-11-16,0.31,883.7,0.5799674445434284,High
SP-00653,Conductor,North,southwest_monsoon,2024-08-19,0.125,20508.2,0.3350012970301423,Medium
SP-00653,Conductor,North,heatwave,2024-04-16,0.035,20508.2,0.2810012970301423,Low
SP-00653,Conductor,North,tropical_cyclone,2024-10-17,0.16,20508.2,0.35600129703014227,Medium
SP-00653,Damper,North,southwest_monsoon,2024-08-19,0.155,6800.0,0.4465799738546029,Medium
SP-00653,Damper,North,heatwave,2024-04-16,0.055,6800.0,0.38657997385460297,Medium
SP-00653,Damper,North,tropical_cyclone,2024-10-17,0.32,6800.0,0.545579973854603,High
SP-00653,Spacer,North,southwest_monsoon,2024-08-19,0.195,2361.4,0.5008799632735675,High
SP-00653,Spacer,North,heatwave,2024-04-16,0.07,2361.4,0.42587996327356753,Medium
SP-00653,Spacer,North,tropical_cyclone,2024-10-17,0.28,2361.4,0.5518799632735676,High
SP-00653,Insulator,North,southwest_monsoon,2024-08-19,0.115,497.1,0.4656065595592828,Medium
SP-00653,Insulator,North,heatwave,2024-04-16,0.095,497.1,0.4536065595592828,Medium
SP-00653,Insulator,North,tropical_cyclone,2024-10-17,0.25,497.1,0.5466065595592828,High
SP-00653,Fittings,North,southwest_monsoon,2024-08-19,0.09,32173.1,0.2343711554149302,Low
SP-00653,Fittings,North,heatwave,2024-04-16,0.035,32173.1,0.2013711554149302,Low
SP-00653,Fittings,North,tropical_cyclone,2024-10-17,0.205,32173.1,0.3033711554149302,Medium
SP-00653,Arrester,North,southwest_monsoon,2024-08-19,0.135,1498.7,0.4707691627670432,Medium
SP-00653,Arrester,North,heatwave,2024-04-16,0.065,1498.7,0.4287691627670432,Medium
SP-00653,Arrester,North,tropical_cyclone,2024-10-17,0.33,1498.7,0.5877691627670432,High
SP-00654,Conductor,North,summer_storm,2024-04-22,0.145,8409.6,0.42959208060701015,Medium
SP-00654,Conductor,North,heatwave,2025-03-14,0.045,8409.6,0.36959208060701015,Medium
SP-00654,Damper,North,summer_storm,2024-04-22,0.075,20542.6,0.30476646630964205,Medium
SP-00654,Damper,North,heatwave,2025-03-14,0.03,20542.6,0.2777664663096421,Low
SP-00654,Spacer,North,summer_storm,2024-04-22,0.215,7348.0,0.4788390658652386,Medium
SP-00654,Spacer,North,heatwave,2025-03-14,0.07,7348.0,0.3918390658652386,Medium
SP-00654,Insulator,North,summer_storm,2024-04-22,0.11,3563.2,0.44167590629981196,Medium
SP-00654,Insulator,North,heatwave,2025-03-14,0.055,3563.2,0.408675906299812,Medium
SP-00654,Fittings,North,summer_storm,2024-04-22,0.07,28600.9,0.24675668738501655,Low
SP-00654,Fittings,North,heatwave,2025-03-14,0.02,28600.9,0.21675668738501655,Low
SP-00654,Arrester,North,summer_storm,2024-04-22,0.12,4052.4,0.44433639500711664,Medium
SP-00654,Arrester,North,heatwave,2025-03-14,0.07,4052.4,0.4143363950071166,Medium
SP-00655,Conductor,North,heatwave,2025-03-03,0.01,28779.1,0.2095402096410299,Low
SP-00655,Conductor,North,tropical_cyclone,2024-10-20,0.175,28779.1,0.3085402096410299,Medium
SP-00655,Damper,North,heatwave,2025-03-03,0.07,8995.0,0.3805958624738461,Medium
SP-00655,Damper,North,tropical_cyclone,2024-10-20,0.315,8995.0,0.5275958624738462,High
SP-00655,Spacer,North,heatwave,2025-03-03,0.05,3980.9,0.40282448792908665,Medium
SP-00655,Spacer,North,tropical_cyclone,2024-10-20,0.4,3980.9,0.6128244879290866,High
SP-00655,Insulator,North,heatwave,2025-03-03,0.035,899.6,0.4148589035999414,Medium
SP-00655,Insulator,North,tropical_cyclone,2024-10-20,0.345,899.6,0.6008589035999413,High
SP-00655,Fittings,North,heatwave,2025-03-03,0.03,25803.7,0.24185170166941433,Low
SP-00655,Fittings,North,tropical_cyclone,2024-10-20,0.2,25803.7,0.34385170166941437,Medium
SP-00655,Arrester,North,heatwave,2025-03-03,0.07,1436.2,0.43219581741911484,Medium
SP-00655,Arrester,North,tropical_cyclone,2024-10-20,0.37,1436.2,0.6121958174191149,High
SP-00656,Conductor,North,summer_storm,2024-05-10,0.16,4959.8,0.4621420521064794,Medium
SP-00656,Conductor,North,tropical_cyclone,2024-11-15,0.4,4959.8,0.6061420521064793,High
SP-00656,Conductor,North,southwest_monsoon,2024-06-23,0.19,4959.8,0.48014205210647937,Medium
SP-00656,Damper,North,summer_storm,2024-05-10,0.18,2181.8,0.4931059980817607,Medium
SP-00656,Damper,North,tropical_cyclone,2024-11-15,0.435,2181.8,0.6461059980817607,High
SP-00656,Damper,North,southwest_monsoon,2024-06-23,0.155,2181.8,0.4781059980817607,Medium
SP-00656,Spacer,North,summer_storm,2024-05-10,0.21,2302.7,0.5102806773227933,High
SP-00656,Spacer,North,tropical_cyclone,2024-11-15,0.37,2302.7,0.6062806773227933,High
SP-00656,Spacer,North,southwest_monsoon,2024-06-23,0.16,2302.7,0.48028067732279334,Medium
SP-00656,Insulator,North,summer_storm,2024-05-10,0.15,1846.7,0.47739354966430814,Medium
SP-00656,Insulator,North,tropical_cyclone,2024-11-15,0.37,1846.7,0.6093935496643081,High
SP-00656,Insulator,North,southwest_monsoon,2024-06-23,0.18,1846.7,0.49539354966430815,Medium
SP-00656,Fittings,North,summer_storm,2024-05-10,0.075,17106.4,0.3282235977568205,Medium
SP-00656,Fittings,North,tropical_cyclone,2024-11-15,0.225,17106.4,0.4182235977568205,Medium
SP-00656,Fittings,North,southwest_monsoon,2024-06-23,0.14,17106.4,0.3672235977568205,Medium
SP-00656,Arrester,North,summer_storm,2024-05-10,0.11,1892.0,0.4530843103724866,Medium
SP-00656,Arrester,North,tropical_cyclone,2024-11-15,0.43,1892.0,0.6450843103724866,High
SP-00656,Arrester,North,southwest_monsoon,2024-06-23,0.13,1892.0,0.4650843103724866,Medium
SP-00657,Conductor,North,heatwave,2024-04-15,0.03,19179.6,0.28707095096202095,Low
SP-00657,Damper,North,heatwave,2024-04-15,0.085,5311.2,0.4147432289906717,Medium
SP-00657,Spacer,North,heatwave,2024-04-15,0.095,5925.0,0.41655313898360624,Medium
SP-00657,Insulator,North,heatwave,2024-04-15,0.065,1916.2,0.42591910969120444,Medium
SP-00657,Fittings,North,heatwave,2024-04-15,0.055,8820.8,0.37278503432010024,Medium
SP-00657,Arrester,North,heatwave,2024-04-15,0.085,1019.3,0.44404177461029365,Medium
SP-00658,Conductor,North,heatwave,2024-04-24,0.03,25833.2,0.24165032067363648,Low
SP-00658,Conductor,North,tropical_cyclone,2024-09-13,0.22,25833.2,0.3556503206736365,Medium
SP-00658,Damper,North,heatwave,2024-04-24,0.09,2471.2,0.4371304163808081,Medium
SP-00658,Damper,North,tropical_cyclone,2024-09-13,0.315,2471.2,0.5721304163808081,High
SP-00658,Spacer,North,heatwave,2024-04-24,0.045,5150.0,0.39184365666929494,Medium
SP-00658,Spacer,North,tropical_cyclone,2024-09-13,0.25,5150.0,0.5148436566692949,High
SP-00658,Insulator,North,heatwave,2024-04-24,0.075,87.4,0.444403366134543,Medium
SP-00658,Insulator,North,tropical_cyclone,2024-09-13,0.345,87.4,0.606403366134543,High
SP-00658,Fittings,North,heatwave,2024-04-24,0.035,11931.2,0.33955196824324096,Medium
SP-00658,Fittings,North,tropical_cyclone,2024-09-13,0.265,11931.2,0.477551968243241,Medium
SP-00658,Arrester,North,heatwave,2024-04-24,0.07,1379.2,0.4325849264618042,Medium
SP-00658,Arrester,North,tropical_cyclone,2024-09-13,0.32,1379.2,0.5825849264618042,High
SP-00659,Conductor,North,summer_storm,2024-05-10,0.11,13702.8,0.3724581861374784,Medium
SP-00659,Conductor,North,tropical_cyclone,2024-08-10,0.265,13702.8,0.46545818613747836,Medium
SP-00659,Damper,North,summer_storm,2024-05-10,0.17,4430.7,0.4717539397290572,Medium
SP-00659,Damper,North,tropical_cyclone,2024-08-10,0.2,4430.7,0.48975393972905723,Medium
SP-00659,Spacer,North,summer_storm,2024-05-10,0.09,8790.7,0.3939905112005379,Medium
SP-00659,Spacer,North,tropical_cyclone,2024-08-10,0.24,8790.7,0.48399051120053793,Medium
SP-00659,Insulator,North,summer_storm,2024-05-10,0.13,581.4,0.4740310877645686,Medium
SP-00659,Insulator,North,tropical_cyclone,2024-08-10,0.34,581.4,0.6000310877645686,High
SP-00659,Fittings,North,summer_storm,2024-05-10,0.1,13326.4,0.3690276711141148,Medium
SP-00659,Fittings,North,tropical_cyclone,2024-08-10,0.22,13326.4,0.4410276711141148,Medium
SP-00659,Arrester,North,summer_storm,2024-05-10,0.14,422.5,0.4811158145519956,Medium
SP-00659,Arrester,North,tropical_cyclone,2024-08-10,0.36,422.5,0.6131158145519956,High
SP-00660,Conductor,North,southwest_monsoon,2024-09-13,0.065,19922.8,0.3029975151633063,Medium
SP-00660,Damper,North,southwest_monsoon,2024-09-13,0.12,4117.2,0.44389403946384876,Medium
SP-00660,Spacer,North,southwest_monsoon,2024-09-13,0.145,1977.5,0.4735006468084526,Medium
SP-00660,Insulator,North,southwest_monsoon,2024-09-13,0.285,587.5,0.5669894462705264,High
SP-00660,Fittings,North,southwest_monsoon,2024-09-13,0.27,3832.1,0.5358402673247388,High
SP-00660,Arrester,North,southwest_monsoon,2024-09-13,0.17,600.8,0.49789865416056556,Medium
SP-00661,Conductor,North,southwest_monsoon,2024-07-18,0.155,25715.4,0.31745447936186116,Medium
SP-00661,Damper,North,southwest_monsoon,2024-07-18,0.19,1381.9,0.5045664949808347,High
SP-00661,Spacer,North,southwest_monsoon,2024-07-18,0.18,1829.6,0.4955102823771149,Medium
SP-00661,Insulator,North,southwest_monsoon,2024-07-18,0.185,1379.5,0.5015828785194743,High
SP-00661,Fittings,North,southwest_monsoon,2024-07-18,0.15,11294.9,0.4128956539250521,Medium
SP-00661,Arrester,North,southwest_monsoon,2024-07-18,0.17,2002.5,0.4883299849476239,Medium
SP-00662,Conductor,North,southwest_monsoon,2024-07-18,0.12,51093.6,0.12321084590257939,Low
SP-00662,Conductor,North,summer_storm,2024-05-01,0.12,51093.6,0.12321084590257939,Low
SP-00662,Damper,North,southwest_monsoon,2024-07-18,0.215,2416.3,0.5125051898271878,High
SP-00662,Damper,North,summer_storm,2024-05-01,0.125,2416.3,0.45850518982718785,Medium
SP-00662,Spacer,North,southwest_monsoon,2024-07-18,0.135,9010.3,0.419491417415019,Medium
SP-00662,Spacer,North,summer_storm,2024-05-01,0.115,9010.3,0.407491417415019,Medium
SP-00662,Insulator,North,southwest_monsoon,2024-07-18,0.19,1364.4,0.5046859582834148,High
SP-00662,Insulator,North,summer_storm,2024-05-01,0.18,1364.4,0.4986859582834148,Medium
SP-00662,Fittings,North,southwest_monsoon,2024-07-18,0.115,36442.6,0.22022552282261068,Low
SP-00662,Fittings,North,summer_storm,2024-05-01,0.1,36442.6,0.21122552282261067,Low
SP-00662,Arrester,North,southwest_monsoon,2024-07-18,0.115,14980.8,0.366733951811917,Medium
SP-00662,Arrester,North,summer_storm,2024-05-01,0.1,14980.8,0.357733951811917,Medium
SP-00665,Conductor,North,southwest_monsoon,2024-09-06,0.13,5397.0,0.44115751748430765,Medium
SP-00665,Damper,North,southwest_monsoon,2024-09-06,0.165,1173.1,0.49099186284247565,Medium
SP-00665,Spacer,North,southwest_monsoon,2024-09-06,0.12,8962.8,0.41081567495059346,Medium
SP-00665,Insulator,North,southwest_monsoon,2024-09-06,0.14,697.9,0.479235803493107,Medium
SP-00665,Fittings,North,southwest_monsoon,2024-09-06,0.08,21073.0,0.3041457042703011,Medium
SP-00665,Arrester,North,southwest_monsoon,2024-09-06,0.12,0.0,0.47200000000000003,Medium
SP-00666,Conductor,North,heatwave,2025-03-08,0.075,32108.5,0.22581214566331148,Low
SP-00666,Conductor,North,tropical_cyclone,2024-08-02,0.24,32108.5,0.3248121456633115,Medium
SP-00666,Damper,North,heatwave,2025-03-08,0.085,1758.0,0.4389990579465282,Medium
SP-00666,Damper,North,tropical_cyclone,2024-08-02,0.335,1758.0,0.5889990579465283,High
SP-00666,Spacer,North,heatwave,2025-03-08,0.075,4268.1,0.41586392447188686,Medium
SP-00666,Spacer,North,tropical_cyclone,2024-08-02,0.24,4268.1,0.5148639244718869,High
SP-00666,Insulator,North,heatwave,2025-03-08,0.055,552.3,0.4292297381705731,Medium
SP-00666,Insulator,North,tropical_cyclone,2024-08-02,0.285,552.3,0.5672297381705731,High
SP-00666,Fittings,North,heatwave,2025-03-08,0.075,30025.5,0.24003169190755586,Low
SP-00666,Fittings,North,tropical_cyclone,2024-08-02,0.23,30025.5,0.3330316919075559,Medium
SP-00666,Arrester,North,heatwave,2025-03-08,0.105,839.3,0.45727054000826006,Medium
SP-00666,Arrester,North,tropical_cyclone,2024-08-02,0.29,839.3,0.56827054000826,High
SP-00668,Conductor,North,summer_storm,2024-04-17,0.195,19375.6,0.3847329619731242,Medium
SP-00668,Conductor,North,tropical_cyclone,2024-10-10,0.295,19375.6,0.4447329619731242,Medium
SP-00668,Damper,North,summer_storm,2024-04-17,0.205,1932.3,0.5098092034528308,High
SP-00668,Damper,North,tropical_cyclone,2024-10-10,0.29,1932.3,0.5608092034528307,High
SP-00668,Spacer,North,summer_storm,2024-04-17,0.175,3850.6,0.4787139775477256,Medium
SP-00668,Spacer,North,tropical_cyclone,2024-10-10,0.365,3850.6,0.5927139775477256,High
SP-00668,Insulator,North,summer_storm,2024-04-17,0.27,119.3,0.5611856016001256,High
SP-00668,Insulator,North,tropical_cyclone,2024-10-10,0.3,119.3,0.5791856016001256,High
SP-00668,Fittings,North,summer_storm,2024-04-17,0.165,6893.9,0.4519389679053305,Medium
SP-00668,Fittings,North,tropical_cyclone,2024-10-10,0.28,6893.9,0.5209389679053305,High
SP-00668,Arrester,North,summer_storm,2024-04-17,0.16,1240.5,0.48753175846568164,Medium
SP-00668,Arrester,North,tropical_cyclone,2024-10-10,0.265,1240.5,0.5505317584656817,High
SP-00671,Conductor,North,summer_storm,2024-04-18,0.15,24845.6,0.3203921468238121,Medium
SP-00671,Damper,North,summer_storm,2024-04-18,0.12,5893.2,0.4317702208705803,Medium
SP-00671,Spacer,North,summer_storm,2024-04-18,0.14,7911.7,0.42999098222727383,Medium
SP-00671,Insulator,North,summer_storm,2024-04-18,0.12,1187.9,0.46389083102086515,Medium
SP-00671,Fittings,North,summer_storm,2024-04-18,0.13,27584.5,0.2896951159988668,Low
SP-00671,Arrester,North,summer_storm,2024-04-18,0.21,766.2,0.5207695552893231,High
SP-00672,Conductor,North,heatwave,2025-03-19,0.03,21038.8,0.27437916969591475,Low
SP-00672,Damper,North,heatwave,2025-03-19,0.075,5313.2,0.4087295760418053,Medium
SP-00672,Spacer,North,heatwave,2025-03-19,0.17,2615.0,0.48414876935732154,Medium
SP-00672,Insulator,North,heatwave,2025-03-19,0.055,3976.0,0.40585793765380906,Medium
SP-00672,Fittings,North,heatwave,2025-03-19,0.13,5598.7,0.439780617591142,Medium
SP-00672,Arrester,North,heatwave,2025-03-19,0.16,793.3,0.4905845578321848,Medium
SP-00673,Conductor,North,heatwave,2024-04-22,0.02,13433.3,0.32029792099721144,Medium
SP-00673,Damper,North,heatwave,2024-04-22,0.075,1554.4,0.4343889281411169,Medium
SP-00673,Spacer,North,heatwave,2024-04-22,0.075,1544.6,0.4344558275905617,Medium
SP-00673,Insulator,North,heatwave,2024-04-22,0.195,2075.4,0.5028323349614474,High
SP-00673,Fittings,North,heatwave,2024-04-22,0.035,11505.7,0.3424566331145449,Medium
SP-00673,Arrester,North,heatwave,2024-04-22,0.05,429.1,0.42707075982073683,Medium
SP-00675,Conductor,North,tropical_cyclone,2024-11-27,0.235,14357.7,0.44298752803121066,Medium
SP-00675,Damper,North,tropical_cyclone,2024-11-27,0.34,4098.5,0.5760216945357486,High
SP-00675,Spacer,North,tropical_cyclone,2024-11-27,0.295,3609.2,0.5523618884758872,High
SP-00675,Insulator,North,tropical_cyclone,2024-11-27,0.275,0.0,0.5650000000000001,High
SP-00675,Fittings,North,tropical_cyclone,2024-11-27,0.265,4418.5,0.5288372227171416,High
SP-00675,Arrester,North,tropical_cyclone,2024-11-27,0.37,2642.1,0.6039637719001834,High
SP-00676,Conductor,North,heatwave,2024-04-12,0.15,32859.8,0.2656834154216884,Low
SP-00676,Damper,North,heatwave,2024-04-12,0.145,2417.5,0.47049699805786804,Medium
SP-00676,Spacer,North,heatwave,2024-04-12,0.105,6364.7,0.4195515381753517,Medium
SP-00676,Insulator,North,heatwave,2024-04-12,0.065,8149.8,0.38336559866474157,Medium
SP-00676,Fittings,North,heatwave,2024-04-12,0.055,19385.2,0.3006674278185659,Medium
SP-00676,Arrester,North,heatwave,2024-04-12,0.12,857.5,0.46614629817357683,Medium
SP-00677,Conductor,North,tropical_cyclone,2024-09-14,0.165,38376.6,0.23702312126890512,Low
SP-00677,Damper,North,tropical_cyclone,2024-09-14,0.365,2811.6,0.599806684483765,High
SP-00677,Spacer,North,tropical_cyclone,2024-09-14,0.2,17732.9,0.39894681152445416,Medium
SP-00677,Insulator,North,tropical_cyclone,2024-09-14,0.255,893.2,0.5469025930363134,High
SP-00677,Fittings,North,tropical_cyclone,2024-09-14,0.225,28515.2,0.3403417162439373,Medium
SP-00677,Arrester,North,tropical_cyclone,2024-09-14,0.245,5333.9,0.5105882680210392,High
SP-00679,Conductor,North,heatwave,2024-04-11,0.085,4996.3,0.4168928857896695,Medium
SP-00679,Conductor,North,tropical_cyclone,2024-08-22,0.35,4996.3,0.5758928857896695,High
SP-00679,Damper,North,heatwave,2024-04-11,0.085,1710.6,0.4393226328346594,Medium
SP-00679,Damper,North,tropical_cyclone,2024-08-22,0.29,1710.6,0.5623226328346593,High
SP-00679,Spacer,North,heatwave,2024-04-11,0.05,1722.1,0.4182441283786782,Medium
SP-00679,Spacer,North,tropical_cyclone,2024-08-22,0.305,1722.1,0.5712441283786782,High
SP-00679,Insulator,North,heatwave,2024-04-11,0.135,1522.6,0.47060601002809094,Medium
SP-00679,Insulator,North,tropical_cyclone,2024-08-22,0.485,1522.6,0.6806060100280908,High
SP-00679,Fittings,North,heatwave,2024-04-11,0.05,22283.3,0.27788362226386376,Low
SP-00679,Fittings,North,tropical_cyclone,2024-08-22,0.2,22283.3,0.36788362226386373,Medium
SP-00679,Arrester,North,heatwave,2024-04-11,0.09,352.4,0.45159435040975915,Medium
SP-00679,Arrester,North,tropical_cyclone,2024-08-22,0.32,352.4,0.5895943504097592,High
SP-00681,Conductor,North,heatwave,2024-04-24,0.105,36238.4,0.2156194889018592,Low
SP-00681,Damper,North,heatwave,2024-04-24,0.165,2151.8,0.48431079231475516,Medium
SP-00681,Spacer,North,heatwave,2024-04-24,0.115,4910.1,0.4354813278858068,Medium
SP-00681,Insulator,North,heatwave,2024-04-24,0.125,2730.1,0.45636304215006646,Medium
SP-00681,Fittings,North,heatwave,2024-04-24,0.075,11348.0,0.367533168132652,Medium
SP-00681,Arrester,North,heatwave,2024-04-24,0.18,832.8,0.5023149120920755,High
SP-00683,Conductor,North,tropical_cyclone,2024-10-01,0.255,14022.2,0.4572778102035313,Medium
SP-00683,Conductor,North,heatwave,2024-04-04,0.04,14022.2,0.32827781020353136,Medium
SP-00683,Damper,North,tropical_cyclone,2024-10-01,0.28,4462.5,0.5375368578420832,High
SP-00683,Damper,North,heatwave,2024-04-04,0.025,4462.5,0.3845368578420832,Medium
SP-00683,Spacer,North,tropical_cyclone,2024-10-01,0.345,3667.3,0.5819652703113214,High
SP-00683,Spacer,North,heatwave,2024-04-04,0.08,3667.3,0.42296527031132136,Medium
SP-00683,Insulator,North,tropical_cyclone,2024-10-01,0.28,130.2,0.5671111930288043,High
SP-00683,Insulator,North,heatwave,2024-04-04,0.045,130.2,0.42611119302880435,Medium
SP-00683,Fittings,North,tropical_cyclone,2024-10-01,0.275,18009.3,0.4420599739911324,Medium
SP-00683,Fittings,North,heatwave,2024-04-04,0.025,18009.3,0.2920599739911324,Low
SP-00683,Arrester,North,tropical_cyclone,2024-10-01,0.265,1048.2,0.5518444894991757,High
SP-00683,Arrester,North,heatwave,2024-04-04,0.08,1048.2,0.4408444894991757,Medium
SP-00685,Conductor,North,southwest_monsoon,2024-08-21,0.085,45517.9,0.14027321939947507,Low
SP-00685,Conductor,North,heatwave,2025-03-22,0.055,45517.9,0.12227321939947507,Low
SP-00685,Damper,North,southwest_monsoon,2024-08-21,0.175,8994.2,0.4436013236533926,Medium
SP-00685,Damper,North,heatwave,2025-03-22,0.055,8994.2,0.3716013236533926,Medium
SP-00685,Spacer,North,southwest_monsoon,2024-08-21,0.15,6975.2,0.4423839755339156,Medium
SP-00685,Spacer,North,heatwave,2025-03-22,0.075,6975.2,0.39738397553391563,Medium
SP-00685,Insulator,North,southwest_monsoon,2024-08-21,0.19,1427.9,0.5042524771569099,High
SP-00685,Insulator,North,heatwave,2025-03-22,0.145,1427.9,0.47725247715691,Medium
SP-00685,Fittings,North,southwest_monsoon,2024-08-21,0.05,33535.9,0.20106803605743798,Low
SP-00685,Fittings,North,heatwave,2025-03-22,0.035,33535.9,0.19206803605743797,Low
SP-00685,Arrester,North,southwest_monsoon,2024-08-21,0.17,956.6,0.49546979455725193,Medium
SP-00685,Arrester,North,heatwave,2025-03-22,0.1,956.6,0.45346979455725195,Medium
SP-00686,Conductor,North,heatwave,2024-04-09,0.06,29645.8,0.23362370424982168,Low
SP-00686,Damper,North,heatwave,2024-04-09,0.07,1922.5,0.42887610290227557,Medium
SP-00686,Spacer,North,heatwave,2024-04-09,0.075,2143.3,0.4303688173474368,Medium
SP-00686,Insulator,North,heatwave,2024-04-09,0.09,718.9,0.4490924475300109,Medium
SP-00686,Fittings,North,heatwave,2024-04-09,0.06,24447.5,0.2691097662956478,Low
SP-00686,Arrester,North,heatwave,2024-04-09,0.095,568.2,0.4531211972270861,Medium
SP-00687,Conductor,North,summer_storm,2024-04-22,0.12,33116.3,0.24593242472958626,Low
SP-00687,Damper,North,summer_storm,2024-04-22,0.115,12671.6,0.3824976465729392,Medium
SP-00687,Spacer,North,summer_storm,2024-04-22,0.11,5218.6,0.430375360523181,Medium
SP-00687,Insulator,North,summer_storm,2024-04-22,0.105,1380.4,0.45357673469248444,Medium
SP-00687,Fittings,North,summer_storm,2024-04-22,0.175,13561.2,0.41242481491721195,Medium
SP-00687,Arrester,North,summer_storm,2024-04-22,0.075,897.7,0.4388718739013643,Medium
SP-00688,Conductor,North,summer_storm,2024-04-16,0.045,26589.3,0.24548882335473432,Low
SP-00688,Damper,North,summer_storm,2024-04-16,0.08,4952.8,0.4141898374275114,Medium
SP-00688,Spacer,North,summer_storm,2024-04-16,0.075,2842.5,0.42559574642378073,Medium
SP-00688,Insulator,North,summer_storm,2024-04-16,0.035,12981.1,0.3323848527358803,Medium
SP-00688,Fittings,North,summer_storm,2024-04-16,0.15,5898.4,0.4497347232035279,Medium
SP-00688,Arrester,North,summer_storm,2024-04-16,0.055,7237.0,0.3835968045273178,Medium
SP-00691,Conductor,North,heatwave,2025-03-18,0.07,24615.2,0.27396496653320906,Low
SP-00691,Conductor,North,summer_storm,2024-04-24,0.22,24615.2,0.3639649665332091,Medium
SP-00691,Damper,North,heatwave,2025-03-18,0.055,8921.4,0.37209829099212566,Medium
SP-00691,Damper,North,summer_storm,2024-04-24,0.17,8921.4,0.4410982909921257,Medium
SP-00691,Spacer,North,heatwave,2025-03-18,0.13,2612.0,0.46016924878062104,Medium
SP-00691,Spacer,North,summer_storm,2024-04-24,0.08,2612.0,0.430169248780621,Medium
SP-00691,Insulator,North,heatwave,2025-03-18,0.17,1340.7,0.49284774572748036,Medium
SP-00691,Insulator,North,summer_storm,2024-04-24,0.085,1340.7,0.44184774572748037,Medium
SP-00691,Fittings,North,heatwave,2025-03-18,0.095,27474.5,0.269446028186513,Low
SP-00691,Fittings,North,summer_storm,2024-04-24,0.12,27474.5,0.28444602818651293,Low
SP-00691,Arrester,North,heatwave,2025-03-18,0.135,1502.0,0.4707466354014138,Medium
SP-00691,Arrester,North,summer_storm,2024-04-24,0.12,1502.0,0.4617466354014138,Medium
SP-00692,Conductor,North,southwest_monsoon,2024-06-29,0.08,33317.0,0.22056235131085378,Low
SP-00692,Conductor,North,tropical_cyclone,2024-11-26,0.14,33317.0,0.25656235131085375,Low
SP-00692,Damper,North,southwest_monsoon,2024-06-29,0.14,2201.9,0.4689687859456545,Medium
SP-00692,Damper,North,tropical_cyclone,2024-11-26,0.415,2201.9,0.6339687859456544,High
SP-00692,Spacer,North,southwest_monsoon,2024-06-29,0.135,2897.6,0.4612196076825144,Medium
SP-00692,Spacer,North,tropical_cyclone,2024-11-26,0.305,2897.6,0.5632196076825144,High
SP-00692,Insulator,North,southwest_monsoon,2024-06-29,0.085,23701.9,0.2891995856330019,Low
SP-00692,Insulator,North,tropical_cyclone,2024-11-26,0.185,23701.9,0.3491995856330019,Medium
SP-00692,Fittings,North,southwest_monsoon,2024-06-29,0.075,22254.5,0.29308022472753836,Low
SP-00692,Fittings,North,tropical_cyclone,2024-11-26,0.195,22254.5,0.3650802247275383,Medium
SP-00692,Arrester,North,southwest_monsoon,2024-06-29,0.12,650.8,0.4675573304389082,Medium
SP-00692,Arrester,North,tropical_cyclone,2024-11-26,0.345,650.8,0.6025573304389081,High
SP-00693,Conductor,North,summer_storm,2024-04-24,0.13,4929.9,0.44434616369203045,Medium
SP-00693,Damper,North,summer_storm,2024-04-24,0.09,4226.5,0.4251479058083058,Medium
SP-00693,Spacer,North,summer_storm,2024-04-24,0.12,7230.8,0.4226391286688034,Medium
SP-00693,Insulator,North,summer_storm,2024-04-24,0.09,1189.3,0.4458812739566587,Medium
SP-00693,Fittings,North,summer_storm,2024-04-24,0.11,7117.6,0.41741188557463554,Medium
SP-00693,Arrester,North,summer_storm,2024-04-24,0.1,2085.0,0.4457668008068893,Medium
SP-00694,Conductor,North,southwest_monsoon,2024-06-03,0.16,14987.9,0.3936854838434417,Medium
SP-00694,Conductor,North,tropical_cyclone,2024-11-24,0.185,14987.9,0.40868548384344167,Medium
SP-00694,Damper,North,southwest_monsoon,2024-06-03,0.2,2707.6,0.5015166378248122,High
SP-00694,Damper,North,tropical_cyclone,2024-11-24,0.34,2707.6,0.5855166378248122,High
SP-00694,Spacer,North,southwest_monsoon,2024-06-03,0.16,4736.5,0.463666403847401,Medium
SP-00694,Spacer,North,tropical_cyclone,2024-11-24,0.33,4736.5,0.5656664038474011,High
SP-00694,Insulator,North,southwest_monsoon,2024-06-03,0.17,1938.8,0.4887648313690153,Medium
SP-00694,Insulator,North,tropical_cyclone,2024-11-24,0.32,1938.8,0.5787648313690152,High
SP-00694,Fittings,North,southwest_monsoon,2024-06-03,0.25,8497.6,0.4919913508568933,Medium
SP-00694,Fittings,North,tropical_cyclone,2024-11-24,0.29,8497.6,0.5159913508568932,High
SP-00694,Arrester,North,southwest_monsoon,2024-06-03,0.12,12351.5,0.38768280103898944,Medium
SP-00694,Arrester,North,tropical_cyclone,2024-11-24,0.215,12351.5,0.44468280103898944,Medium
SP-00697,Conductor,North,tropical_cyclone,2024-08-15,0.295,19291.5,0.4453070684729518,Medium
SP-00697,Damper,North,tropical_cyclone,2024-08-15,0.33,2660.8,0.5798361168282835,High
SP-00697,Spacer,North,tropical_cyclone,2024-08-15,0.235,1946.4,0.5277129501633234,High
SP-00697,Insulator,North,tropical_cyclone,2024-08-15,0.315,4361.7,0.5592249664649445,High
SP-00697,Fittings,North,tropical_cyclone,2024-08-15,0.2,26209.8,0.3410794704021135,Medium
SP-00697,Arrester,North,tropical_cyclone,2024-08-15,0.315,528.3,0.5853935735569686,High
SP-00698,Conductor,North,tropical_cyclone,2024-10-06,0.16,5137.3,0.46093035289459583,Medium
SP-00698,Damper,North,tropical_cyclone,2024-10-06,0.205,3691.0,0.4978034828672558,Medium
SP-00698,Spacer,North,tropical_cyclone,2024-10-06,0.22,3421.5,0.5086432177269888,High
SP-00698,Insulator,North,tropical_cyclone,2024-10-06,0.285,258.1,0.569238086948805,High
SP-00698,Fittings,North,tropical_cyclone,2024-10-06,0.215,6556.0,0.48424563361629075,Medium
SP-00698,Arrester,North,tropical_cyclone,2024-10-06,0.355,1444.1,0.6031418882710929,High
SP-00700,Conductor,North,tropical_cyclone,2024-11-02,0.31,18913.6,0.4568867931612379,Medium
SP-00700,Damper,North,tropical_cyclone,2024-11-02,0.32,1975.2,0.5785163476996488,High
SP-00700,Spacer,North,tropical_cyclone,2024-11-02,0.29,8809.2,0.5138642214235247,High
SP-00700,Insulator,North,tropical_cyclone,2024-11-02,0.41,1780.4,0.6338461449192258,High
SP-00700,Fittings,North,tropical_cyclone,2024-11-02,0.31,17871.0,0.4640040754052366,Medium
SP-00700,Arrester,North,tropical_cyclone,2024-11-02,0.255,192.8,0.5516838557292894,High
SP-00703,Conductor,North,tropical_cyclone,2024-11-21,0.28,5040.2,0.5335932035620544,High
SP-00703,Damper,North,tropical_cyclone,2024-11-21,0.195,6888.0,0.46997924410448605,Medium
SP-00703,Spacer,North,tropical_cyclone,2024-11-21,0.195,20107.4,0.37973734798294745,Medium
SP-00703,Insulator,North,tropical_cyclone,2024-11-21,0.285,2081.2,0.5567927414097353,High
SP-00703,Fittings,North,tropical_cyclone,2024-11-21,0.17,27688.5,0.31298516265781956,Medium
SP-00703,Arrester,North,tropical_cyclone,2024-11-21,0.245,411.3,0.5441922710656468,High
SP-00704,Conductor,North,tropical_cyclone,2024-09-15,0.2,34996.5,0.281097287500384,Low
SP-00704,Conductor,North,summer_storm,2024-04-24,0.2,34996.5,0.281097287500384,Low
SP-00704,Conductor,North,heatwave,2024-04-27,0.035,34996.5,0.18209728750038398,Low
SP-00704,Damper,North,tropical_cyclone,2024-09-15,0.235,11105.4,0.4651892708301334,Medium
SP-00704,Damper,North,summer_storm,2024-04-24,0.215,11105.4,0.45318927083013344,Medium
SP-00704,Damper,North,heatwave,2024-04-27,0.065,11105.4,0.3631892708301334,Medium
SP-00704,Spacer,North,tropical_cyclone,2024-09-15,0.315,4554.5,0.5579088221942337,High
SP-00704,Spacer,North,summer_storm,2024-04-24,0.145,4554.5,0.4559088221942337,Medium
SP-00704,Spacer,North,heatwave,2024-04-27,0.06,4554.5,0.4049088221942337,Medium
SP-00704,Insulator,North,tropical_cyclone,2024-09-15,0.235,1785.5,0.5288113298996167,High
SP-00704,Insulator,North,summer_storm,2024-04-24,0.105,1785.5,0.4508113298996167,Medium
SP-00704,Insulator,North,heatwave,2024-04-27,0.07,1785.5,0.4298113298996167,Medium
SP-00704,Fittings,North,tropical_cyclone,2024-09-15,0.2,30031.0,0.31499414629817357,Medium
SP-00704,Fittings,North,summer_storm,2024-04-24,0.105,30031.0,0.25799414629817363,Low
SP-00704,Fittings,North,heatwave,2024-04-27,0.035,30031.0,0.2159941462981736,Low
SP-00704,Arrester,North,tropical_cyclone,2024-09-15,0.395,1679.9,0.625532205599757,High
SP-00704,Arrester,North,summer_storm,2024-04-24,0.145,1679.9,0.47553220559975695,Medium
SP-00704,Arrester,North,heatwave,2024-04-27,0.05,1679.9,0.418532205599757,Medium
SP-00707,Conductor,North,tropical_cyclone,2024-08-16,0.19,14992.2,0.4116561300033791,Medium
SP-00707,Damper,North,tropical_cyclone,2024-08-16,0.275,2921.9,0.545053724353789,High
SP-00707,Spacer,North,tropical_cyclone,2024-08-16,0.19,6443.2,0.4700156599323496,Medium
SP-00707,Insulator,North,tropical_cyclone,2024-08-16,0.48,1467.7,0.6779807834744707,High
SP-00707,Fittings,North,tropical_cyclone,2024-08-16,0.17,33586.3,0.2727239817460073,Low
SP-00707,Arrester,North,tropical_cyclone,2024-08-16,0.195,9810.4,0.4500295552210583,Medium
SP-00708,Conductor,North,heatwave,2024-04-23,0.04,18737.3,0.29609030060380176,Low
SP-00708,Damper,North,heatwave,2024-04-23,0.145,2747.1,0.4682469920847029,Medium
SP-00708,Spacer,North,heatwave,2024-04-23,0.05,14511.3,0.3309389815582794,Medium
SP-00708,Insulator,North,heatwave,2024-04-23,0.095,454.8,0.4538953194278049,Medium
SP-00708,Fittings,North,heatwave,2024-04-23,0.05,11522.4,0.3513426309915113,Medium
SP-00708,Arrester,North,heatwave,2024-04-23,0.11,1014.4,0.4590752243350161,Medium
SP-00709,Conductor,North,heatwave,2025-03-19,0.04,30619.0,0.21498017933148336,Low
SP-00709,Conductor,North,summer_storm,2024-04-01,0.05,30619.0,0.22098017933148337,Low
SP-00709,Damper,North,heatwave,2025-03-19,0.08,2461.1,0.43119936377258283,Medium
SP-00709,Damper,North,summer_storm,2024-04-01,0.125,2461.1,0.45819936377258286,Medium
SP-00709,Spacer,North,heatwave,2025-03-19,0.075,9442.8,0.38053896722268304,Medium
SP-00709,Spacer,North,summer_storm,2024-04-01,0.12,9442.8,0.40753896722268307,Medium
SP-00709,Insulator,North,heatwave,2025-03-19,0.1,1416.7,0.4503289336705612,Medium
SP-00709,Insulator,North,summer_storm,2024-04-01,0.16,1416.7,0.4863289336705612,Medium
SP-00709,Fittings,North,heatwave,2025-03-19,0.06,22031.5,0.28560252852613005,Low
SP-00709,Fittings,North,summer_storm,2024-04-01,0.11,22031.5,0.31560252852613,Medium
SP-00709,Arrester,North,heatwave,2025-03-19,0.135,1514.1,0.47066403506077276,Medium
SP-00709,Arrester,North,summer_storm,2024-04-01,0.155,1514.1,0.4826640350607727,Medium
SP-00710,Conductor,North,summer_storm,2024-05-09,0.11,24289.0,0.30019176249330154,Medium
SP-00710,Damper,North,summer_storm,2024-05-09,0.24,9895.2,0.47645067018912746,Medium
SP-00710,Spacer,North,summer_storm,2024-05-09,0.125,4946.4,0.44123352686388356,Medium
SP-00710,Insulator,North,summer_storm,2024-05-09,0.115,2370.8,0.452815794413896,Medium
SP-00710,Fittings,North,summer_storm,2024-05-09,0.12,5802.2,0.43239143004399666,Medium
SP-00710,Arrester,North,summer_storm,2024-05-09,0.1,618.8,0.4557757776207689,Medium
SP-00711,Conductor,North,tropical_cyclone,2024-09-17,0.215,27781.1,0.3393530311253102,Medium
SP-00711,Damper,North,tropical_cyclone,2024-09-17,0.26,1385.6,0.546541237025432,High
SP-00711,Spacer,North,tropical_cyclone,2024-09-17,0.29,1833.8,0.5614816111844958,High
SP-00711,Insulator,North,tropical_cyclone,2024-09-17,0.27,913.7,0.5557626503104339,High
SP-00711,Fittings,North,tropical_cyclone,2024-09-17,0.235,25513.4,0.3668334271973568,Medium
SP-00711,Arrester,North,tropical_cyclone,2024-09-17,0.395,1777.8,0.624863893752752,High
SP-00713,Conductor,North,heatwave,2024-04-08,0.055,14371.7,0.33489195738914657,Medium
SP-00713,Damper,North,heatwave,2024-04-08,0.18,2875.0,0.48837388600470344,Medium
SP-00713,Spacer,North,heatwave,2024-04-08,0.13,1619.0,0.46694793789273564,Medium
SP-00713,Insulator,North,heatwave,2024-04-08,0.12,1249.7,0.4634689549008967,Medium
SP-00713,Fittings,North,heatwave,2024-04-08,0.085,25588.8,0.2763187110250976,Low
SP-00713,Arrester,North,heatwave,2024-04-08,0.13,0.0,0.47800000000000004,Medium
SP-00714,Conductor,North,southwest_monsoon,2024-09-30,0.185,7213.0,0.46176063991371336,Medium
SP-00714,Damper,North,southwest_monsoon,2024-09-30,0.205,1180.1,0.5149440775214437,High
SP-00714,Spacer,North,southwest_monsoon,2024-09-30,0.21,1681.0,0.5145246964778806,High
SP-00714,Insulator,North,southwest_monsoon,2024-09-30,0.215,1059.7,0.5217659850431946,High
SP-00714,Fittings,North,southwest_monsoon,2024-09-30,0.19,8340.0,0.4570672032275571,Medium
SP-00714,Arrester,North,southwest_monsoon,2024-09-30,0.155,1148.4,0.4851604767609744,Medium
SP-00716,Conductor,North,heatwave,2024-04-13,0.08,27734.4,0.25867182748133816,Low
SP-00716,Damper,North,heatwave,2024-04-13,0.05,8891.7,0.3693010372827902,Medium
SP-00716,Spacer,North,heatwave,2024-04-13,0.05,10027.3,0.3615488929165088,Medium
SP-00716,Insulator,North,heatwave,2024-04-13,0.075,7078.2,0.3966808486673015,Medium
SP-00716,Fittings,North,heatwave,2024-04-13,0.05,15449.9,0.3245316526553279,Medium
SP-00716,Arrester,North,heatwave,2024-04-13,0.105,696.1,0.45824809114708664,Medium
SP-00718,Conductor,North,summer_storm,2024-04-08,0.12,20174.9,0.33427656095871006,Medium
SP-00718,Damper,North,summer_storm,2024-04-08,0.155,2149.1,0.4783292237957246,Medium
SP-00718,Spacer,North,summer_storm,2024-04-08,0.17,4396.8,0.4719853572123409,Medium
SP-00718,Insulator,North,summer_storm,2024-04-08,0.21,882.6,0.5199749536653048,High
SP-00718,Fittings,North,summer_storm,2024-04-08,0.065,36875.8,0.18726829409817153,Low
SP-00718,Arrester,North,summer_storm,2024-04-08,0.155,1253.9,0.4844402837082775,Medium
SP-00719,Conductor,North,southwest_monsoon,2024-07-19,0.17,16071.6,0.39228763350024065,Medium
SP-00719,Conductor,North,tropical_cyclone,2024-08-15,0.175,16071.6,0.3952876335002406,Medium
SP-00719,Damper,North,southwest_monsoon,2024-07-19,0.21,3108.0,0.5047833174617803,High
SP-00719,Damper,North,tropical_cyclone,2024-08-15,0.31,3108.0,0.5647833174617802,High
SP-00719,Spacer,North,southwest_monsoon,2024-07-19,0.12,1925.1,0.4588583540687495,Medium
SP-00719,Spacer,North,tropical_cyclone,2024-08-15,0.3,1925.1,0.5668583540687495,High
SP-00719,Insulator,North,southwest_monsoon,2024-07-19,0.23,20757.0,0.39630287019117544,Medium
SP-00719,Insulator,North,tropical_cyclone,2024-08-15,0.215,20757.0,0.38730287019117543,Medium
SP-00719,Fittings,North,southwest_monsoon,2024-07-19,0.125,22056.4,0.3244325493127447,Medium
SP-00719,Fittings,North,tropical_cyclone,2024-08-15,0.185,22056.4,0.3604325493127447,Medium
SP-00719,Arrester,North,southwest_monsoon,2024-07-19,0.175,743.1,0.49992724684872875,Medium
SP-00719,Arrester,North,tropical_cyclone,2024-08-15,0.275,743.1,0.5599272468487287,High
SP-00720,Conductor,North,southwest_monsoon,2024-07-05,0.15,7306.9,0.44011963396444087,Medium
SP-00720,Conductor,North,summer_storm,2024-04-28,0.185,7306.9,0.4611196339644409,Medium
SP-00720,Damper,North,southwest_monsoon,2024-07-05,0.21,2014.1,0.5122507978441994,High
SP-00720,Damper,North,summer_storm,2024-04-28,0.2,2014.1,0.5062507978441994,High
SP-00720,Spacer,North,southwest_monsoon,2024-07-05,0.21,1756.1,0.5140120282479512,High
SP-00720,Spacer,North,summer_storm,2024-04-28,0.165,1756.1,0.4870120282479512,Medium
SP-00720,Insulator,North,southwest_monsoon,2024-07-05,0.23,15.5,0.5378941896462863,High
SP-00720,Insulator,North,summer_storm,2024-04-28,0.145,15.5,0.4868941896462863,Medium
SP-00720,Fittings,North,southwest_monsoon,2024-07-05,0.16,22889.2,0.33974746140482015,Medium
SP-00720,Fittings,North,summer_storm,2024-04-28,0.15,22889.2,0.33374746140482014,Medium
SP-00720,Arrester,North,southwest_monsoon,2024-07-05,0.165,2500.8,0.48192835273758694,Medium
SP-00720,Arrester,North,summer_storm,2024-04-28,0.17,2500.8,0.48492835273758694,Medium
SP-00721,Conductor,North,southwest_monsoon,2024-06-09,0.115,25639.0,0.2939760220085536,Low
SP-00721,Damper,North,southwest_monsoon,2024-06-09,0.23,3233.9,0.5159238643306472,High
SP-00721,Spacer,North,southwest_monsoon,2024-06-09,0.215,1439.3,0.519174655348372,High
SP-00721,Insulator,North,southwest_monsoon,2024-06-09,0.175,121.0,0.5041739965935893,High
SP-00721,Fittings,North,southwest_monsoon,2024-06-09,0.165,11635.6,0.41956987408567914,Medium
SP-00721,Arrester,North,southwest_monsoon,2024-06-09,0.27,0.0,0.562,High
SP-00722,Conductor,North,summer_storm,2024-04-08,0.21,17035.4,0.40970827744157395,Medium
SP-00722,Damper,North,summer_storm,2024-04-08,0.11,1721.6,0.4542475416158948,Medium
SP-00722,Spacer,North,summer_storm,2024-04-08,0.13,9949.9,0.4100772620376344,Medium
SP-00722,Insulator,North,summer_storm,2024-04-08,0.125,1447.0,0.46512209149523687,Medium
SP-00722,Fittings,North,summer_storm,2024-04-08,0.24,6129.5,0.5021571249620278,High
SP-00722,Arrester,North,summer_storm,2024-04-08,0.09,181.9,0.45275826430061067,Medium
SP-00723,Conductor,North,tropical_cyclone,2024-10-30,0.2,17420.1,0.4010821327271424,Medium
SP-00723,Damper,North,tropical_cyclone,2024-10-30,0.335,2320.2,0.5851612140202133,High
SP-00723,Spacer,North,tropical_cyclone,2024-10-30,0.325,6953.2,0.5475341579714449,High
SP-00723,Insulator,North,tropical_cyclone,2024-10-30,0.28,5151.1,0.5328361475474185,High
SP-00723,Fittings,North,tropical_cyclone,2024-10-30,0.205,23926.9,0.3596636288855439,Medium
SP-00723,Arrester,North,tropical_cyclone,2024-10-30,0.315,701.4,0.5842119108325909,High
SP-00726,Conductor,North,southwest_monsoon,2024-06-22,0.24,31496.3,0.32899131331128384,Medium
SP-00726,Damper,North,southwest_monsoon,2024-06-22,0.12,23011.3,0.31491394887653296,Medium
SP-00726,Spacer,North,southwest_monsoon,2024-06-22,0.205,8774.0,0.4631045133235715,Medium
SP-00726,Insulator,North,southwest_monsoon,2024-06-22,0.285,528.4,0.5673928909095254,High
SP-00726,Fittings,North,southwest_monsoon,2024-06-22,0.11,49136.0,0.13057435225290726,Low
SP-00726,Arrester,North,southwest_monsoon,2024-06-22,0.205,651.4,0.5185532345542483,High
SP-00727,Conductor,North,heatwave,2025-03-14,0.035,18334.4,0.2958406871529165,Low
SP-00727,Conductor,North,tropical_cyclone,2024-08-27,0.24,18334.4,0.41884068715291645,Medium
SP-00727,Conductor,North,summer_storm,2024-05-17,0.085,18334.4,0.3258406871529165,Medium
SP-00727,Damper,North,heatwave,2025-03-14,0.095,7382.8,0.4066015045549651,Medium
SP-00727,Damper,North,tropical_cyclone,2024-08-27,0.22,7382.8,0.4816015045549651,Medium
SP-00727,Damper,North,summer_storm,2024-05-17,0.125,7382.8,0.4246015045549651,Medium
SP-00727,Spacer,North,heatwave,2025-03-14,0.09,3401.6,0.43077906456820847,Medium
SP-00727,Spacer,North,tropical_cyclone,2024-08-27,0.35,3401.6,0.5867790645682085,High
SP-00727,Spacer,North,summer_storm,2024-05-17,0.3,3401.6,0.5567790645682085,High
SP-00727,Insulator,North,heatwave,2025-03-14,0.105,6103.3,0.4213359785921762,Medium
SP-00727,Insulator,North,tropical_cyclone,2024-08-27,0.215,6103.3,0.4873359785921762,Medium
SP-00727,Insulator,North,summer_storm,2024-05-17,0.13,6103.3,0.4363359785921762,Medium
SP-00727,Fittings,North,heatwave,2025-03-14,0.05,30902.2,0.21904692177201623,Low
SP-00727,Fittings,North,tropical_cyclone,2024-08-27,0.195,30902.2,0.3060469217720162,Medium
SP-00727,Fittings,North,summer_storm,2024-05-17,0.08,30902.2,0.23704692177201625,Low
SP-00727,Arrester,North,heatwave,2025-03-14,0.12,1585.7,0.4611752594913594,Medium
SP-00727,Arrester,North,tropical_cyclone,2024-08-27,0.24,1585.7,0.5331752594913594,High
SP-00727,Arrester,North,summer_storm,2024-05-17,0.295,1585.7,0.5661752594913594,High
SP-00728,Conductor,North,southwest_monsoon,2024-07-14,0.075,45053.4,0.13744411677367163,Low
SP-00728,Conductor,North,summer_storm,2024-04-20,0.06,45053.4,0.12844411677367165,Low
SP-00728,Damper,North,southwest_monsoon,2024-07-14,0.165,13063.1,0.4098250818323623,Medium
SP-00728,Damper,North,summer_storm,2024-04-20,0.085,13063.1,0.3618250818323623,Medium
SP-00728,Spacer,North,southwest_monsoon,2024-07-14,0.115,15929.0,0.3602610887544074,Medium
SP-00728,Spacer,North,summer_storm,2024-04-20,0.095,15929.0,0.34826108875440737,Medium
SP-00728,Insulator,North,southwest_monsoon,2024-07-14,0.19,1062.8,0.5067448229724518,High
SP-00728,Insulator,North,summer_storm,2024-04-20,0.145,1062.8,0.4797448229724518,Medium
SP-00728,Fittings,North,southwest_monsoon,2024-07-14,0.095,38039.3,0.1973256910952054,Low
SP-00728,Fittings,North,summer_storm,2024-04-20,0.115,38039.3,0.2093256910952054,Low
SP-00728,Arrester,North,southwest_monsoon,2024-07-14,0.26,1506.2,0.5457179642087946,High
SP-00728,Arrester,North,summer_storm,2024-04-20,0.195,1506.2,0.5067179642087946,High
SP-00730,Conductor,North,tropical_cyclone,2024-11-06,0.27,24999.9,0.39133882181877755,Medium
SP-00730,Damper,North,tropical_cyclone,2024-11-06,0.32,1726.5,0.5802140918911723,High
SP-00730,Spacer,North,tropical_cyclone,2024-11-06,0.295,5950.1,0.5363817944753342,High
SP-00730,Insulator,North,tropical_cyclone,2024-11-06,0.295,1218.1,0.5686846714929841,High
SP-00730,Fittings,North,tropical_cyclone,2024-11-06,0.24,25880.6,0.3673267457855054,Medium
SP-00730,Arrester,North,tropical_cyclone,2024-11-06,0.3,3479.5,0.5562472822098663,High
SP-00731,Conductor,North,heatwave,2024-04-10,0.075,34940.7,0.20647820477375362,Low
SP-00731,Damper,North,heatwave,2024-04-10,0.105,3052.8,0.44216013885049,Medium
SP-00731,Spacer,North,heatwave,2024-04-10,0.06,17400.1,0.31721866221580536,Medium
SP-00731,Insulator,North,heatwave,2024-04-10,0.135,2082.5,0.4667838669929722,Medium
SP-00731,Fittings,North,heatwave,2024-04-10,0.05,31407.2,0.21559955218327717,Low
SP-00731,Arrester,North,heatwave,2024-04-10,0.06,903.2,0.429834328291982,Medium
SP-00732,Conductor,North,heatwave,2025-03-15,0.085,34487.5,0.2155719629868556,Low
SP-00732,Damper,North,heatwave,2025-03-15,0.03,12086.3,0.33549318205865997,Medium
SP-00732,Spacer,North,heatwave,2025-03-15,0.025,10683.1,0.34207209098325125,Medium
SP-00732,Insulator,North,heatwave,2025-03-15,0.04,10418.0,0.3528817893554785,Medium
SP-00732,Fittings,North,heatwave,2025-03-15,0.055,53071.5,0.07070876212125868,Low
SP-00732,Arrester,North,heatwave,2025-03-15,0.16,1865.6,0.4832645292975216,Medium
SP-00733,Conductor,North,heatwave,2025-03-09,0.055,17243.1,0.3152904187018094,Medium
SP-00733,Conductor,North,tropical_cyclone,2024-10-14,0.285,17243.1,0.45329041870180936,Medium
SP-00733,Damper,North,heatwave,2025-03-09,0.085,5574.2,0.4129478662147541,Medium
SP-00733,Damper,North,tropical_cyclone,2024-10-14,0.24,5574.2,0.5059478662147541,High
SP-00733,Spacer,North,heatwave,2025-03-09,0.075,1893.7,0.4320727053659502,Medium
SP-00733,Spacer,North,tropical_cyclone,2024-10-14,0.275,1893.7,0.5520727053659502,High
SP-00733,Insulator,North,heatwave,2025-03-09,0.08,4708.2,0.41585959307385906,Medium
SP-00733,Insulator,North,tropical_cyclone,2024-10-14,0.275,4708.2,0.5328595930738591,High
SP-00733,Fittings,North,heatwave,2025-03-09,0.045,13249.9,0.3365498964082505,Medium
SP-00733,Fittings,North,tropical_cyclone,2024-10-14,0.205,13249.9,0.4325498964082505,Medium
SP-00733,Arrester,North,heatwave,2025-03-09,0.085,0.0,0.451,Medium
SP-00733,Arrester,North,tropical_cyclone,2024-10-14,0.33,0.0,0.5980000000000001,High
SP-00734,Conductor,North,heatwave,2025-03-11,0.07,27593.6,0.2536329950815252,Low
SP-00734,Conductor,North,tropical_cyclone,2024-08-14,0.24,27593.6,0.3556329950815252,Medium
SP-00734,Damper,North,heatwave,2025-03-11,0.06,1759.4,0.4239895008823218,Medium
SP-00734,Damper,North,tropical_cyclone,2024-08-14,0.27,1759.4,0.5499895008823218,High
SP-00734,Spacer,North,heatwave,2025-03-11,0.09,2357.6,0.43790590387641354,Medium
SP-00734,Spacer,North,tropical_cyclone,2024-08-14,0.24,2357.6,0.5279059038764136,High
SP-00734,Insulator,North,heatwave,2025-03-11,0.065,1348.1,0.42979722981667506,Medium
SP-00734,Insulator,North,tropical_cyclone,2024-08-14,0.25,1348.1,0.5407972298166751,High
SP-00734,Fittings,North,heatwave,2025-03-11,0.09,8598.7,0.39530119429170213,Medium
SP-00734,Fittings,North,tropical_cyclone,2024-08-14,0.265,8598.7,0.5003011942917022,High
SP-00734,Arrester,North,heatwave,2025-03-11,0.08,449.5,0.44493149974230056,Medium
SP-00734,Arrester,North,tropical_cyclone,2024-08-14,0.22,449.5,0.5289314997423006,High
SP-00735,Conductor,North,summer_storm,2024-05-13,0.045,39472.8,0.1575399399952897,Low
SP-00735,Damper,North,summer_storm,2024-05-13,0.2,2518.5,0.5028075241401202,High
SP-00735,Spacer,North,summer_storm,2024-05-13,0.125,2639.2,0.45698356867603945,Medium
SP-00735,Insulator,North,summer_storm,2024-05-13,0.095,814.5,0.4514398365742021,Medium
SP-00735,Fittings,North,summer_storm,2024-05-13,0.095,29471.9,0.2558108281537459,Low
SP-00735,Arrester,North,summer_storm,2024-05-13,0.28,1717.3,0.5562768954559574,High
SP-00737,Conductor,North,southwest_monsoon,2024-08-07,0.13,36759.4,0.2270628957221898,Low
SP-00737,Conductor,North,summer_storm,2024-05-18,0.105,36759.4,0.21206289572218978,Low
SP-00737,Conductor,North,tropical_cyclone,2024-09-26,0.17,36759.4,0.25106289572218976,Low
SP-00737,Damper,North,southwest_monsoon,2024-08-07,0.17,3849.5,0.4757214866696021,Medium
SP-00737,Damper,North,summer_storm,2024-05-18,0.13,3849.5,0.4517214866696021,Medium
SP-00737,Damper,North,tropical_cyclone,2024-09-26,0.265,3849.5,0.5327214866696021,High
SP-00737,Spacer,North,southwest_monsoon,2024-08-07,0.12,6090.0,0.4304267707021371,Medium
SP-00737,Spacer,North,summer_storm,2024-05-18,0.125,6090.0,0.4334267707021371,Medium
SP-00737,Spacer,North,tropical_cyclone,2024-09-26,0.285,6090.0,0.5294267707021371,High
SP-00737,Insulator,North,southwest_monsoon,2024-08-07,0.175,1248.3,0.49647851196510306,Medium
SP-00737,Insulator,North,summer_storm,2024-05-18,0.125,1248.3,0.4664785119651031,Medium
SP-00737,Insulator,North,tropical_cyclone,2024-09-26,0.285,1248.3,0.562478511965103,High
SP-00737,Fittings,North,southwest_monsoon,2024-08-07,0.085,39595.1,0.1807050621721159,Low
SP-00737,Fittings,North,summer_storm,2024-05-18,0.095,39595.1,0.1867050621721159,Low
SP-00737,Fittings,North,tropical_cyclone,2024-09-26,0.235,39595.1,0.2707050621721159,Low
SP-00737,Arrester,North,southwest_monsoon,2024-08-07,0.135,2197.5,0.4659988224331603,Medium
SP-00737,Arrester,North,summer_storm,2024-05-18,0.13,2197.5,0.4629988224331603,Medium
SP-00737,Arrester,North,tropical_cyclone,2024-09-26,0.285,2197.5,0.5559988224331602,High
SP-00739,Conductor,North,heatwave,2025-03-22,0.06,18749.3,0.3080083829106039,Medium
SP-00739,Conductor,North,tropical_cyclone,2024-10-12,0.22,18749.3,0.4040083829106039,Medium
SP-00739,Damper,North,heatwave,2025-03-22,0.125,2271.5,0.4594936633251075,Medium
SP-00739,Damper,North,tropical_cyclone,2024-10-12,0.335,2271.5,0.5854936633251075,High
SP-00739,Spacer,North,heatwave,2025-03-22,0.145,1453.6,0.47707703676397806,Medium
SP-00739,Spacer,North,tropical_cyclone,2024-10-12,0.255,1453.6,0.5430770367639781,High
SP-00739,Insulator,North,heatwave,2025-03-22,0.14,1938.0,0.4707702925485619,Medium
SP-00739,Insulator,North,tropical_cyclone,2024-10-12,0.34,1938.0,0.5907702925485618,High
SP-00739,Fittings,North,heatwave,2025-03-22,0.06,8790.5,0.3759918764954246,Medium
SP-00739,Fittings,North,tropical_cyclone,2024-10-12,0.29,8790.5,0.5139918764954245,High
SP-00739,Arrester,North,heatwave,2025-03-22,0.13,285.6,0.47605035890189334,Medium
SP-00739,Arrester,North,tropical_cyclone,2024-10-12,0.28,285.6,0.5660503589018934,High
SP-00744,Conductor,North,summer_storm,2024-05-22,0.27,18368.3,0.43660926966963276,Medium
SP-00744,Conductor,North,heatwave,2025-03-23,0.025,18368.3,0.2896092696696328,Low
SP-00744,Damper,North,summer_storm,2024-05-22,0.265,4727.4,0.5267285247647426,High
SP-00744,Damper,North,heatwave,2025-03-23,0.045,4727.4,0.3947285247647427,Medium
SP-00744,Spacer,North,summer_storm,2024-05-22,0.175,5072.6,0.4703720257904204,Medium
SP-00744,Spacer,North,heatwave,2025-03-23,0.065,5072.6,0.4043720257904204,Medium
SP-00744,Insulator,North,summer_storm,2024-05-22,0.15,0.0,0.49,Medium
SP-00744,Insulator,North,heatwave,2025-03-23,0.08,0.0,0.448,Medium
SP-00744,Fittings,North,summer_storm,2024-05-22,0.17,12308.1,0.41797907002938806,Medium
SP-00744,Fittings,North,heatwave,2025-03-23,0.015,12308.1,0.32497907002938803,Medium
SP-00744,Arrester,North,summer_storm,2024-05-22,0.195,230.5,0.5154264976431597,High
SP-00744,Arrester,North,heatwave,2025-03-23,0.08,230.5,0.4464264976431597,Medium
SP-00746,Conductor,North,southwest_monsoon,2024-07-05,0.055,20317.1,0.2943058362943166,Low
SP-00746,Conductor,North,heatwave,2025-03-16,0.02,20317.1,0.27330583629431665,Low
SP-00746,Conductor,North,summer_storm,2024-04-17,0.07,20317.1,0.3033058362943166,Medium
SP-00746,Conductor,North,tropical_cyclone,2024-11-25,0.205,20317.1,0.38430583629431664,Medium
SP-00746,Damper,North,southwest_monsoon,2024-07-05,0.2,2229.8,0.5047783273089697,High
SP-00746,Damper,North,heatwave,2025-03-16,0.13,2229.8,0.4627783273089697,Medium
SP-00746,Damper,North,summer_storm,2024-04-17,0.135,2229.8,0.4657783273089697,Medium
SP-00746,Damper,North,tropical_cyclone,2024-11-25,0.345,2229.8,0.5917783273089696,High
SP-00746,Spacer,North,southwest_monsoon,2024-07-05,0.12,3511.3,0.44803020032289226,Medium
SP-00746,Spacer,North,heatwave,2025-03-16,0.09,3511.3,0.43003020032289224,Medium
SP-00746,Spacer,North,summer_storm,2024-04-17,0.12,3511.3,0.44803020032289226,Medium
SP-00746,Spacer,North,tropical_cyclone,2024-11-25,0.35,3511.3,0.5860302003228922,High
SP-00746,Insulator,North,southwest_monsoon,2024-07-05,0.065,12966.9,0.350481788672831,Medium
SP-00746,Insulator,North,heatwave,2025-03-16,0.02,12966.9,0.323481788672831,Medium
SP-00746,Insulator,North,summer_storm,2024-04-17,0.075,12966.9,0.356481788672831,Medium
SP-00746,Insulator,North,tropical_cyclone,2024-11-25,0.2,12966.9,0.431481788672831,Medium
SP-00746,Fittings,North,southwest_monsoon,2024-07-05,0.1,14981.8,0.35772712533748385,Medium
SP-00746,Fittings,North,heatwave,2025-03-16,0.055,14981.8,0.33072712533748383,Medium
SP-00746,Fittings,North,summer_storm,2024-04-17,0.085,14981.8,0.34872712533748385,Medium
SP-00746,Fittings,North,tropical_cyclone,2024-11-25,0.175,14981.8,0.40272712533748384,Medium
SP-00746,Arrester,North,southwest_monsoon,2024-07-05,0.16,900.2,0.48985480771528145,Medium
SP-00746,Arrester,North,heatwave,2025-03-16,0.09,900.2,0.4478548077152814,Medium
SP-00746,Arrester,North,summer_storm,2024-04-17,0.145,900.2,0.48085480771528144,Medium
SP-00746,Arrester,North,tropical_cyclone,2024-11-25,0.325,900.2,0.5888548077152814,High
SP-00748,Conductor,North,summer_storm,2024-05-05,0.065,22457.8,0.28569240247527966,Low
SP-00748,Damper,North,summer_storm,2024-05-05,0.065,6718.7,0.3931349662260178,Medium
SP-00748,Spacer,North,summer_storm,2024-05-05,0.15,2364.6,0.4738581185553815,Medium
SP-00748,Insulator,North,summer_storm,2024-05-05,0.12,2300.4,0.4562963782139895,Medium
SP-00748,Fittings,North,summer_storm,2024-05-05,0.07,20801.9,0.2999963614891271,Low
SP-00748,Arrester,North,summer_storm,2024-05-05,0.15,640.0,0.48563105636278614,Medium
SP-00750,Conductor,North,summer_storm,2024-04-23,0.19,21041.9,0.37035800762517196,Medium
SP-00750,Conductor,North,southwest_monsoon,2024-08-20,0.165,21041.9,0.355358007625172,Medium
SP-00750,Damper,North,summer_storm,2024-04-23,0.175,2654.6,0.48687844096976896,Medium
SP-00750,Damper,North,southwest_monsoon,2024-08-20,0.25,2654.6,0.531878440969769,High
SP-00750,Spacer,North,summer_storm,2024-04-23,0.175,2084.7,0.4907688487492192,Medium
SP-00750,Spacer,North,southwest_monsoon,2024-08-20,0.15,2084.7,0.4757688487492192,Medium
SP-00750,Insulator,North,summer_storm,2024-04-23,0.205,974.4,0.516348283312342,High
SP-00750,Insulator,North,southwest_monsoon,2024-08-20,0.18,974.4,0.5013482833123419,High
SP-00750,Fittings,North,summer_storm,2024-04-23,0.09,24973.1,0.28352177133358597,Low
SP-00750,Fittings,North,southwest_monsoon,2024-08-20,0.11,24973.1,0.2955217713335859,Low
SP-00750,Arrester,North,summer_storm,2024-04-23,0.205,462.5,0.5198427555746696,High
SP-00750,Arrester,North,southwest_monsoon,2024-08-20,0.24,462.5,0.5408427555746697,High
SP-00752,Conductor,North,tropical_cyclone,2024-11-02,0.23,14086.2,0.44184091583981,Medium
SP-00752,Damper,North,tropical_cyclone,2024-11-02,0.355,1564.8,0.6023179328070122,High
SP-00752,Spacer,North,tropical_cyclone,2024-11-02,0.425,2969.3,0.6347301494656578,High
SP-00752,Insulator,North,tropical_cyclone,2024-11-02,0.39,1225.5,0.6256341555821788,High
SP-00752,Fittings,North,tropical_cyclone,2024-11-02,0.245,10296.1,0.47671393658887906,Medium
SP-00752,Arrester,North,tropical_cyclone,2024-11-02,0.38,56.3,0.6276156694894138,High
SP-00753,Conductor,North,tropical_cyclone,2024-08-18,0.245,25220.4,0.3748335842062688,Medium
SP-00753,Damper,North,tropical_cyclone,2024-08-18,0.21,5957.5,0.48533127856452896,Medium
SP-00753,Spacer,North,tropical_cyclone,2024-08-18,0.29,2968.2,0.5537376585875342,High
SP-00753,Insulator,North,tropical_cyclone,2024-08-18,0.315,4168.6,0.560543158677985,High
SP-00753,Fittings,North,tropical_cyclone,2024-08-18,0.25,21424.8,0.40374415056472013,Medium
SP-00753,Arrester,North,tropical_cyclone,2024-08-18,0.365,1382.0,0.6095658123333914,High
SP-00754,Conductor,North,tropical_cyclone,2024-10-27,0.185,36532.7,0.26161045747618417,Low
SP-00754,Damper,North,tropical_cyclone,2024-10-27,0.18,13005.0,0.4192216999969281,Medium
SP-00754,Spacer,North,tropical_cyclone,2024-10-27,0.27,3596.0,0.5374519979384048,High
SP-00754,Insulator,North,tropical_cyclone,2024-10-27,0.165,16717.8,0.38487636572154127,Medium
SP-00754,Fittings,North,tropical_cyclone,2024-10-27,0.16,29489.7,0.2946893169088359,Low
SP-00754,Arrester,North,tropical_cyclone,2024-10-27,0.205,9632.7,0.4572426197278285,Medium
SP-00756,Conductor,North,southwest_monsoon,2024-08-10,0.19,7486.5,0.4628935991562478,Medium
SP-00756,Damper,North,southwest_monsoon,2024-08-10,0.17,1921.6,0.4888822467292655,Medium
SP-00756,Spacer,North,southwest_monsoon,2024-08-10,0.135,2097.8,0.4666794219341451,Medium
SP-00756,Insulator,North,southwest_monsoon,2024-08-10,0.145,1209.9,0.47874064858333587,Medium
SP-00756,Fittings,North,southwest_monsoon,2024-08-10,0.205,9729.5,0.4565818170026999,Medium
SP-00756,Arrester,North,southwest_monsoon,2024-08-10,0.225,2030.4,0.5211395263109391,High
SP-00757,Conductor,North,summer_storm,2024-05-22,0.165,6797.8,0.45259499209835585,Medium
SP-00757,Damper,North,summer_storm,2024-05-22,0.115,10836.7,0.39502354451031996,Medium
SP-00757,Spacer,North,summer_storm,2024-05-22,0.1,6498.2,0.4156402038385266,Medium
SP-00757,Insulator,North,summer_storm,2024-05-22,0.155,1687.9,0.4814775938042918,Medium
SP-00757,Fittings,North,summer_storm,2024-05-22,0.065,25968.3,0.2617280639777184,Low
SP-00757,Arrester,North,summer_storm,2024-05-22,0.1,6334.0,0.41676111094044926,Medium
SP-00758,Conductor,North,heatwave,2024-04-19,0.035,26873.3,0.23755010461572068,Low
SP-00758,Damper,North,heatwave,2024-04-19,0.04,5687.4,0.3851751093089219,Medium
SP-00758,Spacer,North,heatwave,2024-04-19,0.025,10523.9,0.34315886571300824,Medium
SP-00758,Insulator,North,heatwave,2024-04-19,0.145,1501.9,0.47674731804885706,Medium
SP-00758,Fittings,North,heatwave,2024-04-19,0.045,10350.0,0.3563459896169324,Medium
SP-00758,Arrester,North,heatwave,2024-04-19,0.14,887.6,0.4779408212931391,Medium
SP-00759,Conductor,North,summer_storm,2024-05-13,0.095,50925.0,0.10936178949200792,Low
SP-00759,Conductor,North,southwest_monsoon,2024-08-12,0.105,50925.0,0.11536178949200793,Low
SP-00759,Damper,North,summer_storm,2024-05-13,0.15,11572.3,0.4110019899172973,Medium
SP-00759,Damper,North,southwest_monsoon,2024-08-12,0.14,11572.3,0.4050019899172973,Medium
SP-00759,Spacer,North,summer_storm,2024-05-13,0.17,2894.6,0.4822400871058138,Medium
SP-00759,Spacer,North,southwest_monsoon,2024-08-12,0.17,2894.6,0.4822400871058138,Medium
SP-00759,Insulator,North,summer_storm,2024-05-13,0.165,1457.6,0.4890497308662455,Medium
SP-00759,Insulator,North,southwest_monsoon,2024-08-12,0.225,1457.6,0.5250497308662455,High
SP-00759,Fittings,North,summer_storm,2024-05-13,0.125,35161.2,0.23497296716124477,Low
SP-00759,Fittings,North,southwest_monsoon,2024-08-12,0.095,35161.2,0.21697296716124478,Low
SP-00759,Arrester,North,summer_storm,2024-05-13,0.09,14265.5,0.35661692897394676,Medium
SP-00759,Arrester,North,southwest_monsoon,2024-08-12,0.155,14265.5,0.39561692897394674,Medium
SP-00760,Conductor,North,tropical_cyclone,2024-08-06,0.28,16018.2,0.4586521672349707,Medium
SP-00760,Conductor,North,heatwave,2024-04-22,0.02,16018.2,0.3026521672349707,Medium
SP-00760,Damper,North,tropical_cyclone,2024-08-06,0.22,8587.2,0.47337969874768326,Medium
SP-00760,Damper,North,heatwave,2024-04-22,0.04,8587.2,0.3653796987476833,Medium
SP-00760,Spacer,North,tropical_cyclone,2024-08-06,0.22,11925.0,0.4505942923847265,Medium
SP-00760,Spacer,North,heatwave,2024-04-22,0.035,11925.0,0.3395942923847265,Medium
SP-00760,Insulator,North,tropical_cyclone,2024-08-06,0.3,1495.2,0.5697930554275592,High
SP-00760,Insulator,North,heatwave,2024-04-22,0.12,1495.2,0.4617930554275592,Medium
SP-00760,Fittings,North,tropical_cyclone,2024-08-06,0.27,25923.1,0.38503662062209665,Medium
SP-00760,Fittings,North,heatwave,2024-04-22,0.04,25923.1,0.24703662062209666,Low
SP-00760,Arrester,North,tropical_cyclone,2024-08-06,0.245,8905.7,0.48620546664072606,Medium
SP-00760,Arrester,North,heatwave,2024-04-22,0.035,8905.7,0.3602054666407261,Medium
SP-00761,Conductor,North,heatwave,2025-03-15,0.065,22350.0,0.28642829641917283,Low
SP-00761,Damper,North,heatwave,2025-03-15,0.1,2154.2,0.44529440877611554,Medium
SP-00761,Spacer,North,heatwave,2025-03-15,0.11,2138.6,0.4514009017772726,Medium
SP-00761,Insulator,North,heatwave,2025-03-15,0.16,2143.6,0.4813667694051069,Medium
SP-00761,Fittings,North,heatwave,2025-03-15,0.08,4096.0,0.4200387607218314,Medium
SP-00761,Arrester,North,heatwave,2025-03-15,0.13,607.9,0.47385018619209024,Medium
SP-00762,Conductor,North,heatwave,2024-04-27,0.04,28686.4,0.22817302382098256,Low
SP-00762,Conductor,North,tropical_cyclone,2024-09-17,0.19,28686.4,0.31817302382098256,Medium
SP-00762,Conductor,North,summer_storm,2024-04-21,0.085,28686.4,0.25517302382098256,Low
SP-00762,Damper,North,heatwave,2024-04-27,0.09,1825.1,0.4415410015120641,Medium
SP-00762,Damper,North,tropical_cyclone,2024-09-17,0.335,1825.1,0.5885410015120641,High
SP-00762,Damper,North,summer_storm,2024-04-21,0.135,1825.1,0.4685410015120641,Medium
SP-00762,Spacer,North,heatwave,2024-04-27,0.095,1966.1,0.4435784686169904,Medium
SP-00762,Spacer,North,tropical_cyclone,2024-09-17,0.235,1966.1,0.5275784686169904,High
SP-00762,Spacer,North,summer_storm,2024-04-21,0.115,1966.1,0.4555784686169904,Medium
SP-00762,Insulator,North,heatwave,2024-04-27,0.19,1207.8,0.5057549841796455,High
SP-00762,Insulator,North,tropical_cyclone,2024-09-17,0.33,1207.8,0.5897549841796454,High
SP-00762,Insulator,North,summer_storm,2024-04-21,0.15,1207.8,0.48175498417964546,Medium
SP-00762,Fittings,North,heatwave,2024-04-27,0.075,14625.8,0.345157350235684,Medium
SP-00762,Fittings,North,tropical_cyclone,2024-09-17,0.26,14625.8,0.45615735023568404,Medium
SP-00762,Fittings,North,summer_storm,2024-04-21,0.105,14625.8,0.363157350235684,Medium
SP-00762,Arrester,North,heatwave,2024-04-27,0.075,347.5,0.44262780013448155,Medium
SP-00762,Arrester,North,tropical_cyclone,2024-09-17,0.29,347.5,0.5716278001344816,High
SP-00762,Arrester,North,summer_storm,2024-04-21,0.15,347.5,0.4876278001344816,Medium
SP-00763,Conductor,North,heatwave,2025-03-05,0.06,15906.1,0.32741741501892635,Medium
SP-00763,Damper,North,heatwave,2025-03-05,0.075,1578.4,0.4342250927547214,Medium
SP-00763,Spacer,North,heatwave,2025-03-05,0.11,2578.0,0.44840134891134803,Medium
SP-00763,Insulator,North,heatwave,2025-03-05,0.165,2427.3,0.48243009860842323,Medium
SP-00763,Fittings,North,heatwave,2025-03-05,0.055,20060.8,0.2960554616915321,Low
SP-00763,Arrester,North,heatwave,2025-03-05,0.065,464.7,0.4358277373309168,Medium
SP-00767,Conductor,North,southwest_monsoon,2024-06-02,0.14,17309.9,0.36583441020967516,Medium
SP-00767,Conductor,North,heatwave,2025-03-08,0.07,17309.9,0.3238344102096751,Medium
SP-00767,Damper,North,southwest_monsoon,2024-06-02,0.095,1795.5,0.4447430651552852,Medium
SP-00767,Damper,North,heatwave,2025-03-08,0.095,1795.5,0.4447430651552852,Medium
SP-00767,Spacer,North,southwest_monsoon,2024-06-02,0.24,4130.6,0.5158025647064446,High
SP-00767,Spacer,North,heatwave,2025-03-08,0.105,4130.6,0.43480256470644457,Medium
SP-00767,Insulator,North,southwest_monsoon,2024-06-02,0.125,1820.3,0.46257376858934324,Medium
SP-00767,Insulator,North,heatwave,2025-03-08,0.175,1820.3,0.4925737685893432,Medium
SP-00767,Fittings,North,southwest_monsoon,2024-06-02,0.29,8552.5,0.5156165774105135,High
SP-00767,Fittings,North,heatwave,2025-03-08,0.06,8552.5,0.37761657741051347,Medium
SP-00767,Arrester,North,southwest_monsoon,2024-06-02,0.105,180.0,0.4617712346020336,Medium
SP-00767,Arrester,North,heatwave,2025-03-08,0.155,180.0,0.49177123460203365,Medium
SP-00769,Conductor,North,tropical_cyclone,2024-09-23,0.195,11877.5,0.4359185499203009,Medium
SP-00769,Conductor,North,southwest_monsoon,2024-08-27,0.185,11877.5,0.4299185499203009,Medium
SP-00769,Damper,North,tropical_cyclone,2024-09-23,0.34,2213.7,0.5888882335473433,High
SP-00769,Damper,North,southwest_monsoon,2024-08-27,0.155,2213.7,0.47788823354734333,Medium
SP-00769,Spacer,North,tropical_cyclone,2024-09-23,0.295,2336.8,0.5610478945446229,High
SP-00769,Spacer,North,southwest_monsoon,2024-08-27,0.095,2336.8,0.44104789454462295,Medium
SP-00769,Insulator,North,tropical_cyclone,2024-09-23,0.155,10996.5,0.41793267389590305,Medium
SP-00769,Insulator,North,southwest_monsoon,2024-08-27,0.12,10996.5,0.3969326738959031,Medium
SP-00769,Fittings,North,tropical_cyclone,2024-09-23,0.21,7410.0,0.4754158244503835,Medium
SP-00769,Fittings,North,southwest_monsoon,2024-08-27,0.175,7410.0,0.4544158244503835,Medium
SP-00769,Arrester,North,tropical_cyclone,2024-09-23,0.27,497.5,0.5586038289695096,High
SP-00769,Arrester,North,southwest_monsoon,2024-08-27,0.135,497.5,0.4776038289695096,Medium
SP-00770,Conductor,North,southwest_monsoon,2024-07-27,0.145,36203.6,0.2398570502121327,Low
SP-00770,Conductor,North,heatwave,2024-04-18,0.045,36203.6,0.1798570502121327,Low
SP-00770,Conductor,North,summer_storm,2024-05-23,0.085,36203.6,0.20385705021213268,Low
SP-00770,Damper,North,southwest_monsoon,2024-07-27,0.11,20058.1,0.32907389317250163,Medium
SP-00770,Damper,North,heatwave,2024-04-18,0.035,20058.1,0.28407389317250165,Low
SP-00770,Damper,North,summer_storm,2024-05-23,0.115,20058.1,0.33207389317250163,Medium
SP-00770,Spacer,North,southwest_monsoon,2024-07-27,0.175,7534.0,0.4535693416206733,Medium
SP-00770,Spacer,North,heatwave,2024-04-18,0.065,7534.0,0.3875693416206733,Medium
SP-00770,Spacer,North,summer_storm,2024-05-23,0.15,7534.0,0.4385693416206733,Medium
SP-00770,Insulator,North,southwest_monsoon,2024-07-27,0.185,1245.7,0.5024962607986293,High
SP-00770,Insulator,North,heatwave,2024-04-18,0.15,1245.7,0.4814962607986293,Medium
SP-00770,Insulator,North,summer_storm,2024-05-23,0.14,1245.7,0.4754962607986293,Medium
SP-00770,Fittings,North,southwest_monsoon,2024-07-27,0.135,28486.8,0.2865355881178386,Low
SP-00770,Fittings,North,heatwave,2024-04-18,0.075,28486.8,0.2505355881178386,Low
SP-00770,Fittings,North,summer_storm,2024-05-23,0.085,28486.8,0.2565355881178386,Low
SP-00770,Arrester,North,southwest_monsoon,2024-07-27,0.18,1464.3,0.49800399348754343,Medium
SP-00770,Arrester,North,heatwave,2024-04-18,0.09,1464.3,0.44400399348754344,Medium
SP-00770,Arrester,North,summer_storm,2024-05-23,0.18,1464.3,0.49800399348754343,Medium
SP-00771,Conductor,North,heatwave,2024-04-21,0.05,26354.7,0.25009031425675055,Low
SP-00771,Damper,North,heatwave,2024-04-21,0.085,1810.3,0.4386420333336747,Medium
SP-00771,Spacer,North,heatwave,2024-04-21,0.025,8239.2,0.3587553118504183,Medium
SP-00771,Insulator,North,heatwave,2024-04-21,0.11,1808.5,0.45365432098765435,Medium
SP-00771,Fittings,North,heatwave,2024-04-21,0.02,16287.2,0.3008158456124543,Medium
SP-00771,Arrester,North,heatwave,2024-04-21,0.085,331.1,0.44873975431518515,Medium
SP-00772,Conductor,North,summer_storm,2024-04-27,0.145,8295.3,0.4303723466347188,Medium
SP-00772,Damper,North,summer_storm,2024-04-27,0.125,4330.1,0.4454406830570318,Medium
SP-00772,Spacer,North,summer_storm,2024-04-27,0.18,1558.7,0.4973595743010544,Medium
SP-00772,Insulator,North,summer_storm,2024-04-27,0.15,0.0,0.49,Medium
SP-00772,Fittings,North,summer_storm,2024-04-27,0.115,18943.6,0.3396819989282435,Medium
SP-00772,Arrester,North,summer_storm,2024-04-27,0.115,780.1,0.46367466729470236,Medium
SP-00774,Conductor,North,southwest_monsoon,2024-09-16,0.045,27789.3,0.23729705403495838,Low
SP-00774,Damper,North,southwest_monsoon,2024-09-16,0.125,4192.0,0.44638341917624935,Medium
SP-00774,Spacer,North,southwest_monsoon,2024-09-16,0.19,3834.3,0.4878252490809859,Medium
SP-00774,Insulator,North,southwest_monsoon,2024-09-16,0.28,1793.4,0.5557574007515949,High
SP-00774,Fittings,North,southwest_monsoon,2024-09-16,0.075,22225.5,0.2932781924860996,Low
SP-00774,Arrester,North,southwest_monsoon,2024-09-16,0.165,813.8,0.49344461510630533,Medium
SP-00775,Conductor,North,southwest_monsoon,2024-06-23,0.095,24562.5,0.2893247217358359,Low
SP-00775,Damper,North,southwest_monsoon,2024-06-23,0.155,7396.6,0.44250729920778764,Medium
SP-00775,Spacer,North,southwest_monsoon,2024-06-23,0.105,12238.4,0.3794548752973783,Medium
SP-00775,Insulator,North,southwest_monsoon,2024-06-23,0.165,660.0,0.4944945268741232,Medium
SP-00775,Fittings,North,southwest_monsoon,2024-06-23,0.115,21435.4,0.32267178993572876,Medium
SP-00775,Arrester,North,southwest_monsoon,2024-06-23,0.26,792.6,0.550589336364288,High
SP-00776,Conductor,North,heatwave,2024-04-20,0.04,36521.5,0.17468691398983538,Low
SP-00776,Damper,North,heatwave,2024-04-20,0.075,4703.5,0.4128916775036949,Medium
SP-00776,Spacer,North,heatwave,2024-04-20,0.1,2369.6,0.4438239861832158,Medium
SP-00776,Insulator,North,heatwave,2024-04-20,0.075,961.9,0.4384336142427563,Medium
SP-00776,Fittings,North,heatwave,2024-04-20,0.035,15850.1,0.3127996975871826,Medium
SP-00776,Arrester,North,heatwave,2024-04-20,0.125,740.5,0.46994499568225495,Medium
SP-00779,Conductor,North,tropical_cyclone,2024-08-22,0.225,26946.3,0.351051771982101,Medium
SP-00779,Damper,North,tropical_cyclone,2024-08-22,0.275,2171.0,0.5501797240056387,High
SP-00779,Spacer,North,tropical_cyclone,2024-08-22,0.31,2788.1,0.5669671066329438,High
SP-00779,Insulator,North,tropical_cyclone,2024-08-22,0.25,5332.3,0.5135991903801322,High
SP-00779,Fittings,North,tropical_cyclone,2024-08-22,0.245,4473.7,0.516460401328432,High
SP-00779,Arrester,North,tropical_cyclone,2024-08-22,0.24,865.2,0.5380937343204416,High
SP-00782,Conductor,North,tropical_cyclone,2024-08-21,0.275,13412.1,0.47344264225519406,Medium
SP-00782,Conductor,North,heatwave,2024-04-08,0.05,13412.1,0.33844264225519405,Medium
SP-00782,Damper,North,tropical_cyclone,2024-08-21,0.275,1869.6,0.5522372233997891,High
SP-00782,Damper,North,heatwave,2024-04-08,0.065,1869.6,0.4262372233997891,Medium
SP-00782,Spacer,North,tropical_cyclone,2024-08-21,0.345,2718.5,0.5884422292534909,High
SP-00782,Spacer,North,heatwave,2024-04-08,0.1,2718.5,0.4414422292534909,Medium
SP-00782,Insulator,North,tropical_cyclone,2024-08-21,0.265,2529.8,0.5417303849790257,High
SP-00782,Insulator,North,heatwave,2024-04-08,0.135,2529.8,0.4637303849790257,Medium
SP-00782,Fittings,North,tropical_cyclone,2024-08-21,0.245,18976.1,0.4174601385091663,Medium
SP-00782,Fittings,North,heatwave,2024-04-08,0.05,18976.1,0.3004601385091663,Medium
SP-00782,Arrester,North,tropical_cyclone,2024-08-21,0.475,1755.5,0.6730161241326111,High
SP-00782,Arrester,North,heatwave,2024-04-08,0.155,1755.5,0.4810161241326111,Medium
SP-00785,Conductor,North,summer_storm,2024-05-26,0.06,37676.9,0.17879960542977777,Low
SP-00785,Conductor,North,heatwave,2025-03-26,0.04,37676.9,0.16679960542977776,Low
SP-00785,Damper,North,summer_storm,2024-05-26,0.14,2917.9,0.4640810302515215,Medium
SP-00785,Damper,North,heatwave,2025-03-26,0.06,2917.9,0.41608103025152143,Medium
SP-00785,Spacer,North,summer_storm,2024-05-26,0.12,2569.9,0.4544566433542565,Medium
SP-00785,Spacer,North,heatwave,2025-03-26,0.08,2569.9,0.4304566433542565,Medium
SP-00785,Insulator,North,summer_storm,2024-05-26,0.16,1805.0,0.4836782136481703,Medium
SP-00785,Insulator,North,heatwave,2025-03-26,0.09,1805.0,0.44167821364817034,Medium
SP-00785,Fittings,North,summer_storm,2024-05-26,0.07,41285.7,0.16016422449543824,Low
SP-00785,Fittings,North,heatwave,2025-03-26,0.02,41285.7,0.13016422449543824,Low
SP-00785,Arrester,North,summer_storm,2024-05-26,0.1,1064.8,0.4527311700235855,Medium
SP-00785,Arrester,North,heatwave,2025-03-26,0.07,1064.8,0.43473117002358547,Medium
SP-00787,Conductor,North,heatwave,2025-03-25,0.08,25484.2,0.2740327602508047,Low
SP-00787,Damper,North,heatwave,2025-03-25,0.19,1969.0,0.5005586718411343,High
SP-00787,Spacer,North,heatwave,2025-03-25,0.17,2288.2,0.4863796612020739,Medium
SP-00787,Insulator,North,heatwave,2025-03-25,0.21,1306.8,0.517079163210764,High
SP-00787,Fittings,North,heatwave,2025-03-25,0.09,20825.0,0.3118386699297214,Medium
SP-00787,Arrester,North,heatwave,2025-03-25,0.17,1039.7,0.4949025145318574,Medium
SP-00788,Conductor,North,southwest_monsoon,2024-08-03,0.13,4844.1,0.44493187519839444,Medium
SP-00788,Damper,North,southwest_monsoon,2024-08-03,0.175,2773.7,0.4860654078647812,Medium
SP-00788,Spacer,North,southwest_monsoon,2024-08-03,0.17,3726.5,0.47656114302487906,Medium
SP-00788,Insulator,North,southwest_monsoon,2024-08-03,0.19,2842.8,0.4945936984814508,Medium
SP-00788,Fittings,North,southwest_monsoon,2024-08-03,0.09,21660.3,0.3061365158357141,Medium
SP-00788,Arrester,North,southwest_monsoon,2024-08-03,0.215,2999.6,0.5085233072903335,High
SP-00789,Conductor,North,tropical_cyclone,2024-11-15,0.22,33036.2,0.30647922533168137,Medium
SP-00789,Damper,North,tropical_cyclone,2024-11-15,0.205,13752.7,0.4291175450632644,Medium
SP-00789,Spacer,North,tropical_cyclone,2024-11-15,0.25,9437.7,0.4855737822422921,Medium
SP-00789,Insulator,North,tropical_cyclone,2024-11-15,0.37,2604.8,0.6042183993965397,High
SP-00789,Fittings,North,tropical_cyclone,2024-11-15,0.235,27220.1,0.35518268328230546,Medium
SP-00789,Arrester,North,tropical_cyclone,2024-11-15,0.3,1372.2,0.5706327117828363,High
SP-00790,Conductor,North,tropical_cyclone,2024-09-08,0.18,34898.6,0.2697655993473891,Low
SP-00790,Damper,North,tropical_cyclone,2024-09-08,0.29,2075.3,0.5598330176088908,High
SP-00790,Spacer,North,tropical_cyclone,2024-09-08,0.27,2528.5,0.5447392593957888,High
SP-00790,Insulator,North,tropical_cyclone,2024-09-08,0.265,4534.4,0.5280460343303399,High
SP-00790,Fittings,North,tropical_cyclone,2024-09-08,0.175,25653.2,0.3298790860716029,Medium
SP-00790,Arrester,North,tropical_cyclone,2024-09-08,0.265,2710.0,0.5405002542861727,High
SP-00791,Conductor,North,tropical_cyclone,2024-09-09,0.175,18756.1,0.3769619628844585,Medium
SP-00791,Damper,North,tropical_cyclone,2024-09-09,0.395,2366.0,0.6208485614911751,High
SP-00791,Spacer,North,tropical_cyclone,2024-09-09,0.345,1981.9,0.5934706103209467,High
SP-00791,Insulator,North,tropical_cyclone,2024-09-09,0.37,847.3,0.6162159282127949,High
SP-00791,Fittings,North,tropical_cyclone,2024-09-09,0.295,4949.8,0.5432103168508109,High
SP-00791,Arrester,North,tropical_cyclone,2024-09-09,0.29,2225.1,0.5588104117388054,High
SP-00792,Conductor,North,heatwave,2025-03-10,0.08,11293.9,0.3709024803994853,Medium
SP-00792,Conductor,North,southwest_monsoon,2024-06-03,0.115,11293.9,0.39190248039948533,Medium
SP-00792,Damper,North,heatwave,2025-03-10,0.07,2096.9,0.42768556576113487,Medium
SP-00792,Damper,North,southwest_monsoon,2024-06-03,0.12,2096.9,0.4576855657611349,Medium
SP-00792,Spacer,North,heatwave,2025-03-10,0.06,10448.5,0.36467358188526744,Medium
SP-00792,Spacer,North,southwest_monsoon,2024-06-03,0.105,10448.5,0.39167358188526746,Medium
SP-00792,Insulator,North,heatwave,2025-03-10,0.115,321.5,0.4668052884697434,Medium
SP-00792,Insulator,North,southwest_monsoon,2024-06-03,0.14,321.5,0.4818052884697434,Medium
SP-00792,Fittings,North,heatwave,2025-03-10,0.065,18915.4,0.30987450550725826,Medium
SP-00792,Fittings,North,southwest_monsoon,2024-06-03,0.325,18915.4,0.4658745055072583,Medium
SP-00792,Arrester,North,heatwave,2025-03-10,0.085,959.4,0.4444506804288391,Medium
SP-00792,Arrester,North,southwest_monsoon,2024-06-03,0.115,959.4,0.46245068042883913,Medium
SP-00797,Conductor,North,heatwave,2025-03-14,0.1,12787.4,0.3727071408335808,Medium
SP-00797,Conductor,North,tropical_cyclone,2024-09-24,0.255,12787.4,0.4657071408335808,Medium
SP-00797,Conductor,North,southwest_monsoon,2024-07-14,0.3,12787.4,0.4927071408335808,Medium
SP-00797,Damper,North,heatwave,2025-03-14,0.065,13019.6,0.35012203347020415,Medium
SP-00797,Damper,North,tropical_cyclone,2024-09-24,0.165,13019.6,0.41012203347020415,Medium
SP-00797,Damper,North,southwest_monsoon,2024-07-14,0.205,13019.6,0.43412203347020417,Medium
SP-00797,Spacer,North,heatwave,2025-03-14,0.08,13079.8,0.35871107970932875,Medium
SP-00797,Spacer,North,tropical_cyclone,2024-09-24,0.175,13079.8,0.41571107970932875,Medium
SP-00797,Spacer,North,southwest_monsoon,2024-07-14,0.105,13079.8,0.37371107970932876,Medium
SP-00797,Insulator,North,heatwave,2025-03-14,0.125,1242.7,0.46651674022192874,Medium
SP-00797,Insulator,North,tropical_cyclone,2024-09-24,0.3,1242.7,0.5715167402219288,High
SP-00797,Insulator,North,southwest_monsoon,2024-07-14,0.14,1242.7,0.47551674022192875,Medium
SP-00797,Fittings,North,heatwave,2025-03-14,0.045,35022.8,0.18791775122279222,Low
SP-00797,Fittings,North,tropical_cyclone,2024-09-24,0.17,35022.8,0.26291775122279226,Low
SP-00797,Fittings,North,southwest_monsoon,2024-07-14,0.07,35022.8,0.20291775122279224,Low
SP-00797,Arrester,North,heatwave,2025-03-14,0.155,1066.9,0.48571683442727587,Medium
SP-00797,Arrester,North,tropical_cyclone,2024-09-24,0.325,1066.9,0.5877168344272758,High
SP-00797,Arrester,North,southwest_monsoon,2024-07-14,0.12,1066.9,0.4647168344272759,Medium
SP-00798,Conductor,North,heatwave,2024-04-06,0.22,5775.5,0.49257369691136166,Medium
SP-00798,Conductor,North,southwest_monsoon,2024-09-05,0.185,5775.5,0.47157369691136164,Medium
SP-00798,Conductor,North,tropical_cyclone,2024-09-05,0.415,5775.5,0.6095736969113617,High
SP-00798,Damper,North,heatwave,2024-04-06,0.04,4353.4,0.39428162620273954,Medium
SP-00798,Damper,North,southwest_monsoon,2024-09-05,0.225,4353.4,0.5052816262027395,High
SP-00798,Damper,North,tropical_cyclone,2024-09-05,0.28,4353.4,0.5382816262027396,High
SP-00798,Spacer,North,heatwave,2024-04-06,0.055,8222.1,0.3768720445632251,Medium
SP-00798,Spacer,North,southwest_monsoon,2024-09-05,0.065,8222.1,0.3828720445632251,Medium
SP-00798,Spacer,North,tropical_cyclone,2024-09-05,0.245,8222.1,0.4908720445632251,Medium
SP-00798,Insulator,North,heatwave,2024-04-06,0.085,1015.1,0.4440704458029128,Medium
SP-00798,Insulator,North,southwest_monsoon,2024-09-05,0.245,1015.1,0.5400704458029129,High
SP-00798,Insulator,North,tropical_cyclone,2024-09-05,0.26,1015.1,0.5490704458029129,High
SP-00798,Fittings,North,heatwave,2024-04-06,0.045,5027.3,0.392681265082242,Medium
SP-00798,Fittings,North,southwest_monsoon,2024-09-05,0.2,5027.3,0.48568126508224196,Medium
SP-00798,Fittings,North,tropical_cyclone,2024-09-05,0.365,5027.3,0.5846812650822419,High
SP-00798,Arrester,North,heatwave,2024-04-06,0.085,936.6,0.4446063240459149,Medium
SP-00798,Arrester,North,southwest_monsoon,2024-09-05,0.21,936.6,0.5196063240459149,High
SP-00798,Arrester,North,tropical_cyclone,2024-09-05,0.3,936.6,0.5736063240459148,High
SP-00800,Conductor,North,heatwave,2025-03-01,0.055,10815.8,0.3591662178259727,Medium
SP-00800,Conductor,North,summer_storm,2024-05-04,0.145,10815.8,0.41316621782597274,Medium
SP-00800,Conductor,North,southwest_monsoon,2024-07-31,0.15,10815.8,0.41616621782597274,Medium
SP-00800,Damper,North,heatwave,2025-03-01,0.085,1202.8,0.44278911655181125,Medium
SP-00800,Damper,North,summer_storm,2024-05-04,0.19,1202.8,0.5057891165518112,High
SP-00800,Damper,North,southwest_monsoon,2024-07-31,0.165,1202.8,0.49078911655181123,Medium
SP-00800,Spacer,North,heatwave,2025-03-01,0.12,1945.2,0.45872114193264324,Medium
SP-00800,Spacer,North,summer_storm,2024-05-04,0.145,1945.2,0.47372114193264325,Medium
SP-00800,Spacer,North,southwest_monsoon,2024-07-31,0.09,1945.2,0.4407211419326432,Medium
SP-00800,Insulator,North,heatwave,2025-03-01,0.15,1604.5,0.47904692177201624,Medium
SP-00800,Insulator,North,summer_storm,2024-05-04,0.23,1604.5,0.5270469217720163,High
SP-00800,Insulator,North,southwest_monsoon,2024-07-31,0.2,1604.5,0.5090469217720163,High
SP-00800,Fittings,North,heatwave,2025-03-01,0.065,12468.9,0.353881372940538,Medium
SP-00800,Fittings,North,summer_storm,2024-05-04,0.095,12468.9,0.371881372940538,Medium
SP-00800,Fittings,North,southwest_monsoon,2024-07-31,0.135,12468.9,0.39588137294053805,Medium
SP-00800,Arrester,North,heatwave,2025-03-01,0.085,754.5,0.44584942504019087,Medium
SP-00800,Arrester,North,summer_storm,2024-05-04,0.155,754.5,0.4878494250401909,Medium
SP-00800,Arrester,North,southwest_monsoon,2024-07-31,0.135,754.5,0.4758494250401909,Medium
SP-00802,Conductor,North,southwest_monsoon,2024-07-22,0.165,23025.8,0.34181496499725234,Medium
SP-00802,Damper,North,southwest_monsoon,2024-07-22,0.165,2201.4,0.48397219918287104,Medium
SP-00802,Spacer,North,southwest_monsoon,2024-07-22,0.135,2132.8,0.4664404953289849,Medium
SP-00802,Insulator,North,southwest_monsoon,2024-07-22,0.23,163.3,0.5368852367250672,High
SP-00802,Fittings,North,southwest_monsoon,2024-07-22,0.175,28987.0,0.3071209856063787,Medium
SP-00802,Arrester,North,southwest_monsoon,2024-07-22,0.155,552.7,0.48922700758079984,Medium
SP-00804,Conductor,North,tropical_cyclone,2024-10-25,0.18,11501.7,0.42948393901227744,Medium
SP-00804,Damper,North,tropical_cyclone,2024-10-25,0.3,1536.1,0.5695138526232435,High
SP-00804,Spacer,North,tropical_cyclone,2024-10-25,0.205,7445.3,0.47217484990289343,Medium
SP-00804,Insulator,North,tropical_cyclone,2024-10-25,0.235,0.0,0.541,High
SP-00804,Fittings,North,tropical_cyclone,2024-10-25,0.27,4341.9,0.5323601306587207,High
SP-00804,Arrester,North,tropical_cyclone,2024-10-25,0.22,0.0,0.532,High
SP-00806,Conductor,North,southwest_monsoon,2024-08-13,0.13,17544.0,0.3582363325448756,Medium
SP-00806,Conductor,North,summer_storm,2024-05-09,0.105,17544.0,0.34323633254487557,Medium
SP-00806,Damper,North,southwest_monsoon,2024-08-13,0.18,4168.8,0.4795417933830983,Medium
SP-00806,Damper,North,summer_storm,2024-05-09,0.135,4168.8,0.45254179338309836,Medium
SP-00806,Spacer,North,southwest_monsoon,2024-08-13,0.2,6678.3,0.47441075579311687,Medium
SP-00806,Spacer,North,summer_storm,2024-05-09,0.085,6678.3,0.40541075579311686,Medium
SP-00806,Insulator,North,southwest_monsoon,2024-08-13,0.16,8590.9,0.4373544407922806,Medium
SP-00806,Insulator,North,summer_storm,2024-05-09,0.105,8590.9,0.4043544407922806,Medium
SP-00806,Fittings,North,southwest_monsoon,2024-08-13,0.09,24397.8,0.28744904207497524,Low
SP-00806,Fittings,North,summer_storm,2024-05-09,0.085,24397.8,0.28444904207497523,Low
SP-00806,Arrester,North,southwest_monsoon,2024-08-13,0.175,5325.2,0.46864765834860755,Medium
SP-00806,Arrester,North,summer_storm,2024-05-09,0.11,5325.2,0.4296476583486076,Medium
SP-00807,Conductor,North,summer_storm,2024-04-02,0.07,36925.0,0.1899324315560607,Low
SP-00807,Conductor,North,southwest_monsoon,2024-08-13,0.105,36925.0,0.2109324315560607,Low
SP-00807,Damper,North,summer_storm,2024-04-02,0.125,2959.9,0.45479431832532935,Medium
SP-00807,Damper,North,southwest_monsoon,2024-08-13,0.115,2959.9,0.44879431832532934,Medium
SP-00807,Spacer,North,summer_storm,2024-04-02,0.06,15098.4,0.3329311584185789,Medium
SP-00807,Spacer,North,southwest_monsoon,2024-08-13,0.135,15098.4,0.37793115841857894,Medium
SP-00807,Insulator,North,summer_storm,2024-04-02,0.055,16181.2,0.32253945190236777,Medium
SP-00807,Insulator,North,southwest_monsoon,2024-08-13,0.095,16181.2,0.3465394519023678,Medium
SP-00807,Fittings,North,summer_storm,2024-04-02,0.045,34248.7,0.1932021250814911,Low
SP-00807,Fittings,North,southwest_monsoon,2024-08-13,0.105,34248.7,0.2292021250814911,Low
SP-00807,Arrester,North,summer_storm,2024-04-02,0.16,1411.7,0.48636306604272694,Medium
SP-00807,Arrester,North,southwest_monsoon,2024-08-13,0.21,1411.7,0.516363066042727,High
SP-00808,Conductor,North,southwest_monsoon,2024-07-15,0.165,8015.6,0.4442817115336699,Medium
SP-00808,Damper,North,southwest_monsoon,2024-07-15,0.175,4829.0,0.47203495496233494,Medium
SP-00808,Spacer,North,southwest_monsoon,2024-07-15,0.085,2202.4,0.4359653727084379,Medium
SP-00808,Insulator,North,southwest_monsoon,2024-07-15,0.235,2221.1,0.5258377176365381,High
SP-00808,Fittings,North,southwest_monsoon,2024-07-15,0.165,11211.2,0.42246702983510653,Medium
SP-00808,Arrester,North,southwest_monsoon,2024-07-15,0.12,364.6,0.46951106742167475,Medium
SP-00811,Conductor,North,summer_storm,2024-05-30,0.125,9635.7,0.4092221403045291,Medium
SP-00811,Damper,North,summer_storm,2024-05-30,0.105,4917.3,0.42943217726988814,Medium
SP-00811,Spacer,North,summer_storm,2024-05-30,0.175,1928.6,0.49183446140823345,Medium
SP-00811,Insulator,North,summer_storm,2024-05-30,0.155,786.1,0.4876337084481035,Medium
SP-00811,Fittings,North,summer_storm,2024-05-30,0.26,7228.5,0.5066548295599996,High
SP-00811,Arrester,North,summer_storm,2024-05-30,0.15,445.0,0.4869622188772498,Medium
SP-00812,Conductor,North,summer_storm,2024-04-12,0.13,18427.6,0.3522044597357472,Medium
SP-00812,Damper,North,summer_storm,2024-04-12,0.08,1817.9,0.43559015212798274,Medium
SP-00812,Spacer,North,summer_storm,2024-04-12,0.13,1527.8,0.46757051236103864,Medium
SP-00812,Insulator,North,summer_storm,2024-04-12,0.215,11360.4,0.4514485198496811,Medium
SP-00812,Fittings,North,summer_storm,2024-04-12,0.345,3884.7,0.5804811947695553,High
SP-00812,Arrester,North,summer_storm,2024-04-12,0.085,638.7,0.4466399307795493,Medium
SP-00815,Conductor,North,southwest_monsoon,2024-08-30,0.18,14650.0,0.4079921495544019,Medium
SP-00815,Damper,North,southwest_monsoon,2024-08-30,0.185,1955.3,0.4976521945408684,Medium
SP-00815,Spacer,North,southwest_monsoon,2024-08-30,0.185,2710.3,0.4924982063438427,Medium
SP-00815,Insulator,North,southwest_monsoon,2024-08-30,0.24,1330.1,0.5349201063564717,High
SP-00815,Fittings,North,southwest_monsoon,2024-08-30,0.18,8176.2,0.4521853797397065,Medium
SP-00815,Arrester,North,southwest_monsoon,2024-08-30,0.275,579.3,0.5610454233608781,High
SP-00818,Conductor,North,summer_storm,2024-04-14,0.065,31740.4,0.22232497090215272,Low
SP-00818,Damper,North,summer_storm,2024-04-14,0.085,9385.6,0.386929441560259,Medium
SP-00818,Spacer,North,summer_storm,2024-04-14,0.07,6896.6,0.394920536424361,Medium
SP-00818,Insulator,North,summer_storm,2024-04-14,0.115,793.1,0.4635859231270714,Medium
SP-00818,Fittings,North,summer_storm,2024-04-14,0.095,11076.5,0.38138655594125137,Medium
SP-00818,Arrester,North,summer_storm,2024-04-14,0.115,944.5,0.462552394897893,Medium
SP-00819,Conductor,North,southwest_monsoon,2024-08-22,0.085,15060.5,0.3481898817995952,Medium
SP-00819,Damper,North,southwest_monsoon,2024-08-22,0.2,2148.9,0.5053305890906112,High
SP-00819,Spacer,North,southwest_monsoon,2024-08-22,0.085,11806.6,0.37040254695761105,Medium
SP-00819,Insulator,North,southwest_monsoon,2024-08-22,0.15,1850.8,0.4773655611191322,Medium
SP-00819,Fittings,North,southwest_monsoon,2024-08-22,0.15,3910.9,0.4633023411394068,Medium
SP-00819,Arrester,North,southwest_monsoon,2024-08-22,0.1,900.6,0.4538520771255082,Medium
SP-00820,Conductor,North,southwest_monsoon,2024-09-17,0.12,9838.1,0.4048404618792602,Medium
SP-00820,Damper,North,southwest_monsoon,2024-09-17,0.16,1722.2,0.4842434457312349,Medium
SP-00820,Spacer,North,southwest_monsoon,2024-09-17,0.115,11796.0,0.38847490758660236,Medium
SP-00820,Insulator,North,southwest_monsoon,2024-09-17,0.34,1615.8,0.5929697826109217,High
SP-00820,Fittings,North,southwest_monsoon,2024-09-17,0.12,15523.6,0.366028541489605,Medium
SP-00820,Arrester,North,southwest_monsoon,2024-09-17,0.16,577.1,0.49206044160463114,Medium
SP-00823,Conductor,North,southwest_monsoon,2024-06-23,0.075,19171.9,0.3141235148151561,Medium
SP-00823,Damper,North,southwest_monsoon,2024-06-23,0.125,2059.1,0.4609436064947078,Medium
SP-00823,Spacer,North,southwest_monsoon,2024-06-23,0.145,3092.5,0.4658891278154941,Medium
SP-00823,Insulator,North,southwest_monsoon,2024-06-23,0.225,1706.6,0.523349938732392,High
SP-00823,Fittings,North,southwest_monsoon,2024-06-23,0.035,35678.0,0.17744504517419454,Low
SP-00823,Arrester,North,southwest_monsoon,2024-06-23,0.185,994.8,0.5042090232339058,High
SP-00824,Conductor,North,heatwave,2024-04-03,0.105,5474.7,0.42562710042085217,Medium
SP-00824,Damper,North,heatwave,2024-04-03,0.075,1642.0,0.43379092898077326,Medium
SP-00824,Spacer,North,heatwave,2024-04-03,0.095,2329.2,0.4410997757503149,Medium
SP-00824,Insulator,North,heatwave,2024-04-03,0.09,1557.5,0.44336776607037415,Medium
SP-00824,Fittings,North,heatwave,2024-04-03,0.055,19160.2,0.3022033845660239,Medium
SP-00824,Arrester,North,heatwave,2024-04-03,0.105,481.3,0.4597144178553266,Medium
SP-00825,Conductor,North,summer_storm,2024-04-06,0.075,34004.7,0.21286778484317886,Low
SP-00825,Conductor,North,heatwave,2025-03-16,0.08,34004.7,0.21586778484317887,Low
SP-00825,Damper,North,summer_storm,2024-04-06,0.225,2415.0,0.518514064243951,High
SP-00825,Damper,North,heatwave,2025-03-16,0.105,2415.0,0.4465140642439509,Medium
SP-00825,Spacer,North,summer_storm,2024-04-06,0.195,7024.7,0.4690460650494749,Medium
SP-00825,Spacer,North,heatwave,2025-03-16,0.06,7024.7,0.38804606504947486,Medium
SP-00825,Insulator,North,summer_storm,2024-04-06,0.135,916.8,0.4747414882396912,Medium
SP-00825,Insulator,North,heatwave,2025-03-16,0.125,916.8,0.4687414882396912,Medium
SP-00825,Fittings,North,summer_storm,2024-04-06,0.075,32521.7,0.22299144642753527,Low
SP-00825,Fittings,North,heatwave,2025-03-16,0.07,32521.7,0.2199914464275353,Low
SP-00825,Arrester,North,summer_storm,2024-04-06,0.11,6729.1,0.42006397089191305,Medium
SP-00825,Arrester,North,heatwave,2025-03-16,0.07,6729.1,0.39606397089191303,Medium
SP-00826,Conductor,North,tropical_cyclone,2024-09-25,0.19,34525.3,0.27831392225328266,Low
SP-00826,Conductor,North,heatwave,2025-03-16,0.07,34525.3,0.20631392225328268,Low
SP-00826,Damper,North,tropical_cyclone,2024-09-25,0.26,2434.3,0.5393823132873912,High
SP-00826,Damper,North,heatwave,2025-03-16,0.105,2434.3,0.4463823132873912,Medium
SP-00826,Spacer,North,tropical_cyclone,2024-09-25,0.185,7331.0,0.46095511593060207,Medium
SP-00826,Spacer,North,heatwave,2025-03-16,0.1,7331.0,0.4099551159306021,Medium
SP-00826,Insulator,North,tropical_cyclone,2024-09-25,0.23,9773.0,0.47128486536485803,Medium
SP-00826,Insulator,North,heatwave,2025-03-16,0.085,9773.0,0.384284865364858,Medium
SP-00826,Fittings,North,tropical_cyclone,2024-09-25,0.19,38167.1,0.2534532676626493,Low
SP-00826,Fittings,North,heatwave,2025-03-16,0.07,38167.1,0.1814532676626493,Low
SP-00826,Arrester,North,tropical_cyclone,2024-09-25,0.275,856.8,0.55915107670568,High
SP-00826,Arrester,North,heatwave,2025-03-16,0.14,856.8,0.47815107670567997,Medium
SP-00828,Conductor,North,southwest_monsoon,2024-06-07,0.185,4661.2,0.47918043737221694,Medium
SP-00828,Conductor,North,summer_storm,2024-05-30,0.22,4661.2,0.500180437372217,High
SP-00828,Damper,North,southwest_monsoon,2024-06-07,0.155,4649.7,0.46125894182819815,Medium
SP-00828,Damper,North,summer_storm,2024-05-30,0.115,4649.7,0.43725894182819813,Medium
SP-00828,Spacer,North,southwest_monsoon,2024-06-07,0.125,20313.1,0.33633314219204924,Medium
SP-00828,Spacer,North,summer_storm,2024-05-30,0.1,20313.1,0.3213331421920492,Medium
SP-00828,Insulator,North,southwest_monsoon,2024-06-07,0.25,494.5,0.546624308392809,High
SP-00828,Insulator,North,summer_storm,2024-05-30,0.22,494.5,0.528624308392809,High
SP-00828,Fittings,North,southwest_monsoon,2024-06-07,0.18,11578.5,0.4289596657758118,Medium
SP-00828,Fittings,North,summer_storm,2024-05-30,0.115,11578.5,0.3899596657758118,Medium
SP-00828,Arrester,North,southwest_monsoon,2024-06-07,0.19,665.1,0.5094597118545142,High
SP-00828,Arrester,North,summer_storm,2024-05-30,0.235,665.1,0.5364597118545142,High
SP-00829,Conductor,North,tropical_cyclone,2024-09-18,0.17,27897.6,0.3115577468538486,Medium
SP-00829,Conductor,North,southwest_monsoon,2024-07-11,0.075,27897.6,0.2545577468538486,Low
SP-00829,Damper,North,tropical_cyclone,2024-09-18,0.295,2773.0,0.5580701863968844,High
SP-00829,Damper,North,southwest_monsoon,2024-07-11,0.18,2773.0,0.4890701863968844,Medium
SP-00829,Spacer,North,tropical_cyclone,2024-09-18,0.255,2320.0,0.5371625793150998,High
SP-00829,Spacer,North,southwest_monsoon,2024-07-11,0.115,2320.0,0.45316257931509984,Medium
SP-00829,Insulator,North,tropical_cyclone,2024-09-18,0.26,1251.0,0.5474600804841336,High
SP-00829,Insulator,North,southwest_monsoon,2024-07-11,0.175,1251.0,0.4964600804841336,Medium
SP-00829,Fittings,North,tropical_cyclone,2024-09-18,0.2,12786.0,0.4327166978977872,Medium
SP-00829,Fittings,North,southwest_monsoon,2024-07-11,0.155,12786.0,0.4057166978977872,Medium
SP-00829,Arrester,North,tropical_cyclone,2024-09-18,0.25,742.9,0.5449286121436154,High
SP-00829,Arrester,North,southwest_monsoon,2024-07-11,0.205,742.9,0.5179286121436154,High
SP-00830,Conductor,North,heatwave,2025-03-21,0.03,13198.3,0.3279021424890009,Medium
SP-00830,Conductor,North,tropical_cyclone,2024-08-02,0.225,13198.3,0.4449021424890009,Medium
SP-00830,Damper,North,heatwave,2025-03-21,0.065,1605.9,0.4280373647078098,Medium
SP-00830,Damper,North,tropical_cyclone,2024-08-02,0.395,1605.9,0.6260373647078098,High
SP-00830,Spacer,North,heatwave,2025-03-21,0.135,3723.9,0.4555788918584053,Medium
SP-00830,Spacer,North,tropical_cyclone,2024-08-02,0.385,3723.9,0.6055788918584053,High
SP-00830,Insulator,North,heatwave,2025-03-21,0.075,409.3,0.4422059240145131,Medium
SP-00830,Insulator,North,tropical_cyclone,2024-08-02,0.26,409.3,0.5532059240145131,High
SP-00830,Fittings,North,heatwave,2025-03-21,0.07,18553.5,0.31534500660461406,Medium
SP-00830,Fittings,North,tropical_cyclone,2024-08-02,0.215,18553.5,0.4023450066046141,Medium
SP-00830,Arrester,North,heatwave,2025-03-21,0.12,695.6,0.46725150438430324,Medium
SP-00830,Arrester,North,tropical_cyclone,2024-08-02,0.305,695.6,0.5782515043843033,High
SP-00831,Conductor,North,tropical_cyclone,2024-08-11,0.155,39381.3,0.22416456240592264,Low
SP-00831,Conductor,North,summer_storm,2024-04-25,0.075,39381.3,0.17616456240592265,Low
SP-00831,Conductor,North,southwest_monsoon,2024-09-19,0.09,39381.3,0.18516456240592263,Low
SP-00831,Damper,North,tropical_cyclone,2024-08-11,0.435,2009.7,0.6472808343317052,High
SP-00831,Damper,North,summer_storm,2024-04-25,0.145,2009.7,0.4732808343317052,Medium
SP-00831,Damper,North,southwest_monsoon,2024-09-19,0.17,2009.7,0.4882808343317052,Medium
SP-00831,Spacer,North,tropical_cyclone,2024-08-11,0.26,5859.9,0.5159975424692042,High
SP-00831,Spacer,North,summer_storm,2024-04-25,0.215,5859.9,0.4889975424692041,Medium
SP-00831,Spacer,North,southwest_monsoon,2024-09-19,0.165,5859.9,0.4589975424692041,Medium
SP-00831,Insulator,North,tropical_cyclone,2024-08-11,0.215,203.6,0.5276101298054114,High
SP-00831,Insulator,North,summer_storm,2024-04-25,0.14,203.6,0.4826101298054114,Medium
SP-00831,Insulator,North,southwest_monsoon,2024-09-19,0.16,203.6,0.4946101298054114,Medium
SP-00831,Fittings,North,tropical_cyclone,2024-08-11,0.16,21034.7,0.3524071582410906,Medium
SP-00831,Fittings,North,summer_storm,2024-04-25,0.18,21034.7,0.3644071582410906,Medium
SP-00831,Fittings,North,southwest_monsoon,2024-09-19,0.125,21034.7,0.3314071582410906,Medium
SP-00831,Arrester,North,tropical_cyclone,2024-08-11,0.3,941.4,0.5735735569686358,High
SP-00831,Arrester,North,summer_storm,2024-04-25,0.145,941.4,0.4805735569686358,Medium
SP-00831,Arrester,North,southwest_monsoon,2024-09-19,0.18,941.4,0.5015735569686358,High
SP-00832,Conductor,North,heatwave,2024-04-13,0.085,37596.2,0.19435050191653275,Low
SP-00832,Conductor,North,southwest_monsoon,2024-09-26,0.12,37596.2,0.2153505019165327,Low
SP-00832,Damper,North,heatwave,2024-04-13,0.155,2839.3,0.4736175911419668,Medium
SP-00832,Damper,North,southwest_monsoon,2024-09-26,0.19,2839.3,0.4946175911419668,Medium
SP-00832,Spacer,North,heatwave,2024-04-13,0.145,2763.5,0.46813503790399924,Medium
SP-00832,Spacer,North,southwest_monsoon,2024-09-26,0.31,2763.5,0.5671350379039992,High
SP-00832,Insulator,North,heatwave,2024-04-13,0.04,1568.0,0.4132960880888261,Medium
SP-00832,Insulator,North,southwest_monsoon,2024-09-26,0.16,1568.0,0.48529608808882607,Medium
SP-00832,Fittings,North,heatwave,2024-04-13,0.065,28865.4,0.2419510848974493,Low
SP-00832,Fittings,North,southwest_monsoon,2024-09-26,0.095,28865.4,0.2599510848974493,Low
SP-00832,Arrester,North,heatwave,2024-04-13,0.085,1115.2,0.4433871157121549,Medium
SP-00832,Arrester,North,southwest_monsoon,2024-09-26,0.195,1115.2,0.5093871157121549,High
SP-00834,Conductor,North,southwest_monsoon,2024-08-29,0.175,13519.4,0.4127101615485175,Medium
SP-00834,Conductor,North,summer_storm,2024-05-22,0.145,13519.4,0.39471016154851746,Medium
SP-00834,Damper,North,southwest_monsoon,2024-08-29,0.135,1712.6,0.4693089798857931,Medium
SP-00834,Damper,North,summer_storm,2024-05-22,0.175,1712.6,0.4933089798857931,Medium
SP-00834,Spacer,North,southwest_monsoon,2024-08-29,0.155,3125.2,0.47166590210153014,Medium
SP-00834,Spacer,North,summer_storm,2024-05-22,0.17,3125.2,0.48066590210153015,Medium
SP-00834,Insulator,North,southwest_monsoon,2024-08-29,0.19,1710.3,0.5023246807769893,High
SP-00834,Insulator,North,summer_storm,2024-05-22,0.23,1710.3,0.5263246807769894,High
SP-00834,Fittings,North,southwest_monsoon,2024-08-29,0.175,6337.6,0.4617365356324899,Medium
SP-00834,Fittings,North,summer_storm,2024-05-22,0.175,6337.6,0.4617365356324899,Medium
SP-00834,Arrester,North,southwest_monsoon,2024-08-29,0.19,207.2,0.512585554497452,High
SP-00834,Arrester,North,summer_storm,2024-05-22,0.165,207.2,0.497585554497452,Medium
SP-00836,Conductor,North,tropical_cyclone,2024-08-20,0.27,19506.2,0.4288414244121552,Medium
SP-00836,Damper,North,tropical_cyclone,2024-08-20,0.325,1749.4,0.5830577656266533,High
SP-00836,Spacer,North,tropical_cyclone,2024-08-20,0.25,9806.6,0.4830554958239043,Medium
SP-00836,Insulator,North,tropical_cyclone,2024-08-20,0.31,858.6,0.5801387890517002,High
SP-00836,Fittings,North,tropical_cyclone,2024-08-20,0.36,5774.4,0.5765812060332381,High
SP-00836,Arrester,North,tropical_cyclone,2024-08-20,0.29,413.0,0.5711806660591104,High
SP-00838,Conductor,North,southwest_monsoon,2024-09-12,0.105,26885.0,0.2794702348648529,Low
SP-00838,Damper,North,southwest_monsoon,2024-09-12,0.1,24524.4,0.29258481041173884,Low
SP-00838,Spacer,North,southwest_monsoon,2024-09-12,0.165,3007.0,0.47847279137952814,Medium
SP-00838,Insulator,North,southwest_monsoon,2024-09-12,0.175,885.7,0.49895379159456205,Medium
SP-00838,Fittings,North,southwest_monsoon,2024-09-12,0.08,35733.2,0.2040682237854849,Low
SP-00838,Arrester,North,southwest_monsoon,2024-09-12,0.185,979.4,0.5043141509401763,High
SP-00839,Conductor,North,heatwave,2025-03-05,0.045,24958.7,0.2566200725654233,Low
SP-00839,Conductor,North,summer_storm,2024-05-28,0.11,24958.7,0.2956200725654233,Low
SP-00839,Damper,North,heatwave,2025-03-05,0.05,1099.3,0.4224956566556419,Medium
SP-00839,Damper,North,summer_storm,2024-05-28,0.255,1099.3,0.5454956566556419,High
SP-00839,Spacer,North,heatwave,2025-03-05,0.05,1280.6,0.42125801684091246,Medium
SP-00839,Spacer,North,summer_storm,2024-05-28,0.175,1280.6,0.4962580168409124,Medium
SP-00839,Insulator,North,heatwave,2025-03-05,0.065,0.0,0.439,Medium
SP-00839,Insulator,North,summer_storm,2024-05-28,0.155,0.0,0.493,Medium
SP-00839,Fittings,North,heatwave,2025-03-05,0.025,20088.7,0.27786500305484735,Low
SP-00839,Fittings,North,summer_storm,2024-05-28,0.12,20088.7,0.33486500305484734,Medium
SP-00839,Arrester,North,heatwave,2025-03-05,0.045,0.0,0.42700000000000005,Medium
SP-00839,Arrester,North,summer_storm,2024-05-28,0.21,0.0,0.526,High
SP-00841,Conductor,Central,summer_storm,2024-05-23,0.095,26883.2,0.27348252251883254,Low
SP-00841,Damper,Central,summer_storm,2024-05-23,0.1,19447.6,0.32724145581393765,Medium
SP-00841,Spacer,Central,summer_storm,2024-05-23,0.205,5554.2,0.485084395703417,Medium
SP-00841,Insulator,Central,summer_storm,2024-05-23,0.13,6010.4,0.4369701580670155,Medium
SP-00841,Fittings,Central,summer_storm,2024-05-23,0.085,24882.5,0.281140249917229,Low
SP-00841,Arrester,Central,summer_storm,2024-05-23,0.195,1192.2,0.5088614771808027,High
SP-00842,Conductor,Central,heatwave,2025-03-16,0.065,14140.1,0.3424729688678634,Medium
SP-00842,Conductor,Central,tropical_cyclone,2024-10-29,0.245,14140.1,0.45047296886786337,Medium
SP-00842,Damper,Central,heatwave,2025-03-16,0.06,22492.3,0.2824568891073361,Low
SP-00842,Damper,Central,tropical_cyclone,2024-10-29,0.15,22492.3,0.33645688910733607,Medium
SP-00842,Spacer,Central,heatwave,2025-03-16,0.035,11146.3,0.3449100680258178,Medium
SP-00842,Spacer,Central,tropical_cyclone,2024-10-29,0.22,11146.3,0.4559100680258178,Medium
SP-00842,Insulator,Central,heatwave,2025-03-16,0.115,2816.7,0.4497718694641559,Medium
SP-00842,Insulator,Central,tropical_cyclone,2024-10-29,0.45,2816.7,0.650771869464156,High
SP-00842,Fittings,Central,heatwave,2025-03-16,0.045,11670.8,0.34732958218563237,Medium
SP-00842,Fittings,Central,tropical_cyclone,2024-10-29,0.195,11670.8,0.43732958218563234,Medium
SP-00842,Arrester,Central,heatwave,2025-03-16,0.13,1679.7,0.46653357089464365,Medium
SP-00842,Arrester,Central,tropical_cyclone,2024-10-29,0.37,1679.7,0.6105335708946437,High
SP-00843,Conductor,Central,tropical_cyclone,2024-09-12,0.33,16544.0,0.4850628069780222,Medium
SP-00843,Damper,Central,tropical_cyclone,2024-09-12,0.32,2992.8,0.5715697273164788,High
SP-00843,Spacer,Central,tropical_cyclone,2024-09-12,0.255,5268.1,0.5170374500387402,High
SP-00843,Insulator,Central,tropical_cyclone,2024-09-12,0.29,14402.3,0.4756830672714923,Medium
SP-00843,Fittings,Central,tropical_cyclone,2024-09-12,0.255,11166.8,0.47677012529993823,Medium
SP-00843,Arrester,Central,tropical_cyclone,2024-09-12,0.275,345.3,0.5626428183782345,High
SP-00846,Conductor,Central,southwest_monsoon,2024-08-30,0.065,25909.3,0.26213082596927406,Low
SP-00846,Damper,Central,southwest_monsoon,2024-08-30,0.18,12798.3,0.4206327322622595,Medium
SP-00846,Spacer,Central,southwest_monsoon,2024-08-30,0.135,5712.1,0.4420064953904232,Medium
SP-00846,Insulator,Central,southwest_monsoon,2024-08-30,0.15,12482.3,0.4047898981831338,Medium
SP-00846,Fittings,Central,southwest_monsoon,2024-08-30,0.085,20828.3,0.30881614256409207,Medium
SP-00846,Arrester,Central,southwest_monsoon,2024-08-30,0.16,1555.3,0.48538278431412707,Medium
SP-00847,Conductor,Central,summer_storm,2024-05-20,0.135,26179.1,0.3022890431672111,Medium
SP-00847,Damper,Central,summer_storm,2024-05-20,0.16,2631.4,0.478036815176618,Medium
SP-00847,Spacer,Central,summer_storm,2024-05-20,0.205,2487.3,0.5060205101424344,High
SP-00847,Insulator,Central,summer_storm,2024-05-20,0.155,5557.2,0.45506391628011755,Medium
SP-00847,Fittings,Central,summer_storm,2024-05-20,0.1,11377.3,0.3823331524317609,Medium
SP-00847,Arrester,Central,summer_storm,2024-05-20,0.21,822.2,0.5203872727210669,High
SP-00852,Conductor,Central,heatwave,2025-03-26,0.04,12825.7,0.3364456868627913,Medium
SP-00852,Damper,Central,heatwave,2025-03-26,0.065,1412.8,0.4293555569208504,Medium
SP-00852,Spacer,Central,heatwave,2025-03-26,0.105,1566.2,0.45230837574280575,Medium
SP-00852,Insulator,Central,heatwave,2025-03-26,0.07,0.0,0.442,Medium
SP-00852,Fittings,Central,heatwave,2025-03-26,0.035,9898.1,0.3534308734132714,Medium
SP-00852,Arrester,Central,heatwave,2025-03-26,0.08,1223.6,0.43964712588360183,Medium
SP-00854,Conductor,Central,southwest_monsoon,2024-07-23,0.135,17313.5,0.36280983490171587,Medium
SP-00854,Conductor,Central,tropical_cyclone,2024-11-07,0.205,17313.5,0.40480983490171585,Medium
SP-00854,Damper,Central,southwest_monsoon,2024-07-23,0.17,2831.5,0.48267083764254537,Medium
SP-00854,Damper,Central,tropical_cyclone,2024-11-07,0.33,2831.5,0.5786708376425453,High
SP-00854,Spacer,Central,southwest_monsoon,2024-07-23,0.145,6070.2,0.44556193489591334,Medium
SP-00854,Spacer,Central,tropical_cyclone,2024-11-07,0.275,6070.2,0.5235619348959134,High
SP-00854,Insulator,Central,southwest_monsoon,2024-07-23,0.145,1140.4,0.4792150885564396,Medium
SP-00854,Insulator,Central,tropical_cyclone,2024-11-07,0.235,1140.4,0.5332150885564396,High
SP-00854,Fittings,Central,southwest_monsoon,2024-07-23,0.185,4425.2,0.4807914853384396,Medium
SP-00854,Fittings,Central,tropical_cyclone,2024-11-07,0.32,4425.2,0.5617914853384396,High
SP-00854,Arrester,Central,southwest_monsoon,2024-07-23,0.185,1424.9,0.5012729565802094,High
SP-00854,Arrester,Central,tropical_cyclone,2024-11-07,0.38,1424.9,0.6182729565802094,High
SP-00855,Conductor,Central,summer_storm,2024-05-21,0.06,27954.1,0.2451720510483758,Low
SP-00855,Damper,Central,summer_storm,2024-05-21,0.295,5806.5,0.5373620762039342,High
SP-00855,Spacer,Central,summer_storm,2024-05-21,0.085,12422.7,0.36619675605934937,Medium
SP-00855,Insulator,Central,summer_storm,2024-05-21,0.155,1160.8,0.48507582847800346,Medium
SP-00855,Fittings,Central,summer_storm,2024-05-21,0.08,8629.1,0.3890936694689344,Medium
SP-00855,Arrester,Central,summer_storm,2024-05-21,0.24,2067.9,0.5298835335196961,High
SP-00856,Conductor,Central,summer_storm,2024-05-29,0.06,22619.2,0.28159060950176973,Low
SP-00856,Damper,Central,summer_storm,2024-05-29,0.09,13796.6,0.3598178628356492,Medium
SP-00856,Spacer,Central,summer_storm,2024-05-29,0.115,5357.8,0.43242511528208705,Medium
SP-00856,Insulator,Central,summer_storm,2024-05-29,0.115,6369.8,0.4255167231557426,Medium
SP-00856,Fittings,Central,summer_storm,2024-05-29,0.245,18093.3,0.42348655013874814,Medium
SP-00856,Arrester,Central,summer_storm,2024-05-29,0.25,1421.6,0.5402954839458388,High
SP-00857,Conductor,Central,southwest_monsoon,2024-08-04,0.085,35468.9,0.20887246097816553,Low
SP-00857,Damper,Central,southwest_monsoon,2024-08-04,0.11,14191.9,0.3691193574922264,Medium
SP-00857,Spacer,Central,southwest_monsoon,2024-08-04,0.2,14189.0,0.4231391542680825,Medium
SP-00857,Insulator,Central,southwest_monsoon,2024-08-04,0.135,14037.8,0.3851713172023743,Medium
SP-00857,Fittings,Central,southwest_monsoon,2024-08-04,0.11,29865.1,0.26212665840663263,Low
SP-00857,Arrester,Central,southwest_monsoon,2024-08-04,0.115,1349.6,0.45978699010502533,Medium
SP-00858,Conductor,Central,summer_storm,2024-05-12,0.13,9203.8,0.4151704946122051,Medium
SP-00858,Damper,Central,summer_storm,2024-05-12,0.205,1683.3,0.5115089955866843,High
SP-00858,Spacer,Central,summer_storm,2024-05-12,0.145,11943.2,0.40547005055004315,Medium
SP-00858,Insulator,Central,summer_storm,2024-05-12,0.165,13943.2,0.40381710168374996,Medium
SP-00858,Fittings,Central,summer_storm,2024-05-12,0.17,9212.3,0.4391124695795233,Medium
SP-00858,Arrester,Central,summer_storm,2024-05-12,0.22,2157.6,0.5172711987630428,High
SP-00860,Conductor,Central,southwest_monsoon,2024-07-21,0.16,5572.0,0.45796288445850697,Medium
SP-00860,Damper,Central,southwest_monsoon,2024-07-21,0.14,3203.4,0.46213207180085814,Medium
SP-00860,Spacer,Central,southwest_monsoon,2024-07-21,0.15,2081.8,0.4757886455250754,Medium
SP-00860,Insulator,Central,southwest_monsoon,2024-07-21,0.195,1090.6,0.5095550469832103,High
SP-00860,Fittings,Central,southwest_monsoon,2024-07-21,0.15,13387.0,0.39861398676346604,Medium
SP-00860,Arrester,Central,southwest_monsoon,2024-07-21,0.16,520.3,0.49244818535243384,Medium
SP-00861,Conductor,Central,heatwave,2024-04-08,0.035,18709.0,0.29328348983025976,Low
SP-00861,Damper,Central,heatwave,2024-04-08,0.12,1442.7,0.4621514453352994,Medium
SP-00861,Spacer,Central,heatwave,2024-04-08,0.02,9459.7,0.34742359980476284,Medium
SP-00861,Insulator,Central,heatwave,2024-04-08,0.04,4671.5,0.39211012468555556,Medium
SP-00861,Fittings,Central,heatwave,2024-04-08,0.015,11134.4,0.3329913030715722,Medium
SP-00861,Arrester,Central,heatwave,2024-04-08,0.16,529.7,0.4923840164927623,Medium
SP-00864,Conductor,Central,tropical_cyclone,2024-10-23,0.17,23575.2,0.3410644999436816,Medium
SP-00864,Conductor,Central,summer_storm,2024-04-28,0.085,23575.2,0.2900644999436816,Low
SP-00864,Damper,Central,tropical_cyclone,2024-10-23,0.2,14555.1,0.42063998197810754,Medium
SP-00864,Damper,Central,summer_storm,2024-04-28,0.07,14555.1,0.3426399819781075,Medium
SP-00864,Spacer,Central,tropical_cyclone,2024-10-23,0.23,14927.5,0.4360978028992037,Medium
SP-00864,Spacer,Central,summer_storm,2024-04-28,0.12,14927.5,0.3700978028992037,Medium
SP-00864,Insulator,Central,tropical_cyclone,2024-10-23,0.17,23626.4,0.3407149844527045,Medium
SP-00864,Insulator,Central,summer_storm,2024-04-28,0.11,23626.4,0.3047149844527045,Medium
SP-00864,Fittings,Central,tropical_cyclone,2024-10-23,0.38,3894.5,0.6014142953201105,High
SP-00864,Fittings,Central,summer_storm,2024-04-28,0.135,3894.5,0.4544142953201105,Medium
SP-00864,Arrester,Central,tropical_cyclone,2024-10-23,0.195,11227.4,0.44035644094928955,Medium
SP-00864,Arrester,Central,summer_storm,2024-04-28,0.12,11227.4,0.39535644094928957,Medium
SP-00865,Conductor,Central,summer_storm,2024-05-26,0.145,18290.2,0.36214241732286157,Medium
SP-00865,Damper,Central,summer_storm,2024-05-26,0.2,2310.7,0.5042260655273281,High
SP-00865,Spacer,Central,summer_storm,2024-05-26,0.085,18819.0,0.32253257764261356,Medium
SP-00865,Insulator,Central,summer_storm,2024-05-26,0.085,27388.9,0.2640303743979903,Low
SP-00865,Fittings,Central,summer_storm,2024-05-26,0.06,28281.7,0.242935698024077,Low
SP-00865,Arrester,Central,summer_storm,2024-05-26,0.105,2873.7,0.44338276042146657,Medium
SP-00866,Conductor,Central,tropical_cyclone,2024-08-22,0.255,9030.7,0.4913521573365828,Medium
SP-00866,Damper,Central,tropical_cyclone,2024-08-22,0.19,2973.2,0.49370352621536845,Medium
SP-00866,Spacer,Central,tropical_cyclone,2024-08-22,0.235,4972.9,0.5070526252914052,High
SP-00866,Insulator,Central,tropical_cyclone,2024-08-22,0.265,90.3,0.5583835693586869,High
SP-00866,Fittings,Central,tropical_cyclone,2024-08-22,0.225,13411.4,0.4434474207872974,Medium
SP-00866,Arrester,Central,tropical_cyclone,2024-08-22,0.235,178.3,0.53978283960857,High
SP-00869,Conductor,Central,southwest_monsoon,2024-07-26,0.105,40337.1,0.18763981814272113,Low
SP-00869,Conductor,Central,summer_storm,2024-04-10,0.11,40337.1,0.19063981814272113,Low
SP-00869,Damper,Central,southwest_monsoon,2024-07-26,0.095,22289.2,0.30484334606470814,Medium
SP-00869,Damper,Central,summer_storm,2024-04-10,0.085,22289.2,0.29884334606470814,Low
SP-00869,Spacer,Central,southwest_monsoon,2024-07-26,0.15,18835.8,0.36141789287213677,Medium
SP-00869,Spacer,Central,summer_storm,2024-04-10,0.085,18835.8,0.32241789287213674,Medium
SP-00869,Insulator,Central,southwest_monsoon,2024-07-26,0.29,2358.4,0.557900442696867,High
SP-00869,Insulator,Central,summer_storm,2024-04-10,0.215,2358.4,0.5129004426968671,High
SP-00869,Fittings,Central,southwest_monsoon,2024-07-26,0.355,4669.8,0.5811217296920919,High
SP-00869,Fittings,Central,summer_storm,2024-04-10,0.2,4669.8,0.4881217296920919,Medium
SP-00869,Arrester,Central,southwest_monsoon,2024-07-26,0.115,1115.6,0.4613843851223816,Medium
SP-00869,Arrester,Central,summer_storm,2024-04-10,0.085,1115.6,0.4433843851223816,Medium
SP-00870,Conductor,Central,summer_storm,2024-04-07,0.13,20299.3,0.33942734753922665,Medium
SP-00870,Conductor,Central,tropical_cyclone,2024-10-30,0.15,20299.3,0.35142734753922666,Medium
SP-00870,Damper,Central,summer_storm,2024-04-07,0.13,9227.1,0.41501143775791277,Medium
SP-00870,Damper,Central,tropical_cyclone,2024-10-30,0.25,9227.1,0.4870114377579128,Medium
SP-00870,Spacer,Central,summer_storm,2024-04-07,0.1,11938.8,0.37850008703754906,Medium
SP-00870,Spacer,Central,tropical_cyclone,2024-10-30,0.21,11938.8,0.44450008703754906,Medium
SP-00870,Insulator,Central,summer_storm,2024-04-07,0.11,6192.8,0.4237250091304096,Medium
SP-00870,Insulator,Central,tropical_cyclone,2024-10-30,0.245,6192.8,0.5047250091304096,High
SP-00870,Fittings,Central,summer_storm,2024-04-07,0.205,24819.8,0.3535682698641873,Medium
SP-00870,Fittings,Central,tropical_cyclone,2024-10-30,0.155,24819.8,0.3235682698641873,Medium
SP-00870,Arrester,Central,summer_storm,2024-04-07,0.11,1990.3,0.4524132679357083,Medium
SP-00870,Arrester,Central,tropical_cyclone,2024-10-30,0.29,1990.3,0.5604132679357083,High
SP-00871,Conductor,Central,summer_storm,2024-05-26,0.13,4836.9,0.44498102581431315,Medium
SP-00871,Damper,Central,summer_storm,2024-05-26,0.165,1667.1,0.4876195844725013,Medium
SP-00871,Spacer,Central,summer_storm,2024-05-26,0.115,2154.8,0.45429031289145566,Medium
SP-00871,Insulator,Central,summer_storm,2024-05-26,0.135,1933.9,0.4677982810937378,Medium
SP-00871,Fittings,Central,summer_storm,2024-05-26,0.13,4326.1,0.4484679889547644,Medium
SP-00871,Arrester,Central,summer_storm,2024-05-26,0.095,4295.9,0.42767414848264546,Medium
SP-00873,Conductor,Central,tropical_cyclone,2024-08-08,0.385,4382.5,0.6010829757967349,High
SP-00873,Conductor,Central,southwest_monsoon,2024-08-17,0.29,4382.5,0.5440829757967349,High
SP-00873,Damper,Central,tropical_cyclone,2024-08-08,0.12,22563.3,0.31797220942258264,Medium
SP-00873,Damper,Central,southwest_monsoon,2024-08-17,0.105,22563.3,0.30897220942258263,Medium
SP-00873,Spacer,Central,tropical_cyclone,2024-08-08,0.15,24846.8,0.32038395505449235,Medium
SP-00873,Spacer,Central,southwest_monsoon,2024-08-17,0.09,24846.8,0.2843839550544924,Low
SP-00873,Insulator,Central,tropical_cyclone,2024-08-08,0.15,26825.5,0.3068764100936251,Medium
SP-00873,Insulator,Central,southwest_monsoon,2024-08-17,0.115,26825.5,0.2858764100936251,Low
SP-00873,Fittings,Central,tropical_cyclone,2024-08-08,0.135,21267.5,0.33581795499305406,Medium
SP-00873,Fittings,Central,southwest_monsoon,2024-08-17,0.105,21267.5,0.31781795499305404,Medium
SP-00873,Arrester,Central,tropical_cyclone,2024-08-08,0.255,19272.3,0.4214381367820682,Medium
SP-00873,Arrester,Central,southwest_monsoon,2024-08-17,0.095,19272.3,0.32543813678206823,Medium
SP-00874,Conductor,Central,summer_storm,2024-05-10,0.105,21097.9,0.31897572505691574,Medium
SP-00874,Damper,Central,summer_storm,2024-05-10,0.12,8326.2,0.41516140857473455,Medium
SP-00874,Spacer,Central,summer_storm,2024-05-10,0.13,7031.3,0.43000101031821614,Medium
SP-00874,Insulator,Central,summer_storm,2024-05-10,0.07,41527.4,0.15851426562494667,Low
SP-00874,Fittings,Central,summer_storm,2024-05-10,0.185,3614.5,0.48632570816139153,Medium
SP-00874,Arrester,Central,summer_storm,2024-05-10,0.175,2287.3,0.4893858050290637,Medium
SP-00875,Conductor,Central,tropical_cyclone,2024-09-14,0.25,15530.3,0.44398280411090296,Medium
SP-00875,Conductor,Central,heatwave,2025-03-20,0.035,15530.3,0.31498280411090296,Medium
SP-00875,Damper,Central,tropical_cyclone,2024-09-14,0.31,6006.4,0.5449974639647481,High
SP-00875,Damper,Central,heatwave,2025-03-20,0.04,6006.4,0.38299746396474815,Medium
SP-00875,Spacer,Central,tropical_cyclone,2024-09-14,0.395,2745.7,0.6182565491489094,High
SP-00875,Spacer,Central,heatwave,2025-03-20,0.135,2745.7,0.46225654914890935,Medium
SP-00875,Insulator,Central,tropical_cyclone,2024-09-14,0.31,9979.9,0.51787246780464,High
SP-00875,Insulator,Central,heatwave,2025-03-20,0.025,9979.9,0.34687246780464,Medium
SP-00875,Fittings,Central,tropical_cyclone,2024-09-14,0.21,15484.9,0.42029272605016776,Medium
SP-00875,Fittings,Central,heatwave,2025-03-20,0.05,15484.9,0.3242927260501678,Medium
SP-00875,Arrester,Central,tropical_cyclone,2024-09-14,0.39,905.5,0.6278186274007858,High
SP-00875,Arrester,Central,heatwave,2025-03-20,0.075,905.5,0.43881862740078575,Medium
SP-00876,Conductor,Central,tropical_cyclone,2024-10-20,0.27,4500.3,0.5312788171085102,High
SP-00876,Conductor,Central,summer_storm,2024-04-11,0.125,4500.3,0.44427881710851025,Medium
SP-00876,Damper,Central,tropical_cyclone,2024-10-20,0.315,1507.0,0.5787125030292481,High
SP-00876,Damper,Central,summer_storm,2024-04-11,0.19,1507.0,0.5037125030292481,High
SP-00876,Spacer,Central,tropical_cyclone,2024-10-20,0.29,6929.8,0.5266938974731805,High
SP-00876,Spacer,Central,summer_storm,2024-04-11,0.23,6929.8,0.49069389747318054,Medium
SP-00876,Insulator,Central,tropical_cyclone,2024-10-20,0.205,501.4,0.5195772057192203,High
SP-00876,Insulator,Central,summer_storm,2024-04-11,0.19,501.4,0.5105772057192203,High
SP-00876,Fittings,Central,tropical_cyclone,2024-10-20,0.215,2202.7,0.513963324766108,High
SP-00876,Fittings,Central,summer_storm,2024-04-11,0.19,2202.7,0.49896332476610794,Medium
SP-00876,Arrester,Central,tropical_cyclone,2024-10-20,0.29,1402.7,0.5644245043126253,High
SP-00876,Arrester,Central,summer_storm,2024-04-11,0.115,1402.7,0.45942450431262527,Medium
SP-00878,Conductor,Central,tropical_cyclone,2024-10-07,0.13,29949.7,0.2735491386695884,Low
SP-00878,Damper,Central,tropical_cyclone,2024-10-07,0.265,11939.0,0.4774987217426624,Medium
SP-00878,Spacer,Central,tropical_cyclone,2024-10-07,0.27,9044.0,0.5002613652266219,High
SP-00878,Insulator,Central,tropical_cyclone,2024-10-07,0.415,2311.7,0.6332192390528949,High
SP-00878,Fittings,Central,tropical_cyclone,2024-10-07,0.17,21991.2,0.3518776354457859,Medium
SP-00878,Arrester,Central,tropical_cyclone,2024-10-07,0.38,2843.9,0.6085861893595743,High
SP-00879,Conductor,Central,tropical_cyclone,2024-10-22,0.155,26552.6,0.3117393549664308,Medium
SP-00879,Damper,Central,tropical_cyclone,2024-10-22,0.34,7369.3,0.5536936619598125,High
SP-00879,Spacer,Central,tropical_cyclone,2024-10-22,0.165,27402.6,0.31193685169825625,Medium
SP-00879,Insulator,Central,tropical_cyclone,2024-10-22,0.4,1487.9,0.6298428886909211,High
SP-00879,Fittings,Central,tropical_cyclone,2024-10-22,0.22,16513.4,0.41927169709567647,Medium
SP-00879,Arrester,Central,tropical_cyclone,2024-10-22,0.225,12660.1,0.44857615102892034,Medium
SP-00880,Conductor,Central,summer_storm,2024-05-28,0.06,35642.2,0.19268943295890126,Low
SP-00880,Conductor,Central,southwest_monsoon,2024-07-25,0.08,35642.2,0.20468943295890124,Low
SP-00880,Damper,Central,summer_storm,2024-05-28,0.215,2620.7,0.5111098584530527,High
SP-00880,Damper,Central,southwest_monsoon,2024-07-25,0.185,2620.7,0.49310985845305266,Medium
SP-00880,Spacer,Central,summer_storm,2024-05-28,0.095,10390.8,0.38606746946006004,Medium
SP-00880,Spacer,Central,southwest_monsoon,2024-07-25,0.09,10390.8,0.38306746946006004,Medium
SP-00880,Insulator,Central,summer_storm,2024-05-28,0.185,1583.2,0.5001923256774423,High
SP-00880,Insulator,Central,southwest_monsoon,2024-07-25,0.175,1583.2,0.49419232567744226,Medium
SP-00880,Fittings,Central,summer_storm,2024-05-28,0.09,12332.6,0.3698118214057759,Medium
SP-00880,Fittings,Central,southwest_monsoon,2024-07-25,0.12,12332.6,0.3878118214057759,Medium
SP-00880,Arrester,Central,summer_storm,2024-05-28,0.105,12409.5,0.37828686552186697,Medium
SP-00880,Arrester,Central,southwest_monsoon,2024-07-25,0.11,12409.5,0.38128686552186697,Medium
SP-00883,Conductor,Central,heatwave,2024-04-25,0.03,14362.0,0.31995817419114814,Medium
SP-00883,Conductor,Central,southwest_monsoon,2024-08-13,0.095,14362.0,0.3589581741911481,Medium
SP-00883,Conductor,Central,tropical_cyclone,2024-08-07,0.165,14362.0,0.4009581741911481,Medium
SP-00883,Damper,Central,heatwave,2024-04-25,0.07,5493.6,0.4044980800540657,Medium
SP-00883,Damper,Central,southwest_monsoon,2024-08-13,0.135,5493.6,0.4434980800540657,Medium
SP-00883,Damper,Central,tropical_cyclone,2024-08-07,0.23,5493.6,0.5004980800540657,High
SP-00883,Spacer,Central,heatwave,2024-04-25,0.09,4848.9,0.4208991081211153,Medium
SP-00883,Spacer,Central,southwest_monsoon,2024-08-13,0.19,4848.9,0.4808991081211153,Medium
SP-00883,Spacer,Central,tropical_cyclone,2024-08-07,0.28,4848.9,0.5348991081211153,High
SP-00883,Insulator,Central,heatwave,2024-04-25,0.085,1275.4,0.4422935145079648,Medium
SP-00883,Insulator,Central,southwest_monsoon,2024-08-13,0.2,1275.4,0.5112935145079648,High
SP-00883,Insulator,Central,tropical_cyclone,2024-08-07,0.32,1275.4,0.5832935145079647,High
SP-00883,Fittings,Central,heatwave,2024-04-25,0.07,7412.3,0.39140012355918724,Medium
SP-00883,Fittings,Central,southwest_monsoon,2024-08-13,0.145,7412.3,0.4364001235591872,Medium
SP-00883,Fittings,Central,tropical_cyclone,2024-08-07,0.165,7412.3,0.44840012355918724,Medium
SP-00883,Arrester,Central,heatwave,2024-04-25,0.065,12332.4,0.35481318670066253,Medium
SP-00883,Arrester,Central,southwest_monsoon,2024-08-13,0.085,12332.4,0.36681318670066254,Medium
SP-00883,Arrester,Central,tropical_cyclone,2024-08-07,0.175,12332.4,0.42081318670066253,Medium
SP-00884,Conductor,Central,heatwave,2025-03-04,0.035,36688.1,0.17054962334927315,Low
SP-00884,Conductor,Central,southwest_monsoon,2024-08-01,0.11,36688.1,0.21554962334927316,Low
SP-00884,Damper,Central,heatwave,2025-03-04,0.075,28573.3,0.24994509807937143,Low
SP-00884,Damper,Central,southwest_monsoon,2024-08-01,0.155,28573.3,0.2979450980793714,Low
SP-00884,Spacer,Central,heatwave,2025-03-04,0.11,3163.2,0.44440649607307064,Medium
SP-00884,Spacer,Central,southwest_monsoon,2024-08-01,0.235,3163.2,0.5194064960730707,High
SP-00884,Insulator,Central,heatwave,2025-03-04,0.08,6897.4,0.40091507524481446,Medium
SP-00884,Insulator,Central,southwest_monsoon,2024-08-01,0.095,6897.4,0.40991507524481446,Medium
SP-00884,Fittings,Central,heatwave,2025-03-04,0.025,25935.7,0.23795060704423898,Low
SP-00884,Fittings,Central,southwest_monsoon,2024-08-01,0.16,25935.7,0.31895060704423894,Medium
SP-00884,Arrester,Central,heatwave,2025-03-04,0.08,6620.9,0.4028025954255795,Medium
SP-00884,Arrester,Central,southwest_monsoon,2024-08-01,0.115,6620.9,0.4238025954255795,Medium
SP-00885,Conductor,Central,summer_storm,2024-05-12,0.11,12880.7,0.37807023076896823,Medium
SP-00885,Conductor,Central,tropical_cyclone,2024-08-24,0.27,12880.7,0.47407023076896826,Medium
SP-00885,Damper,Central,summer_storm,2024-05-12,0.155,1669.1,0.48160593152363496,Medium
SP-00885,Damper,Central,tropical_cyclone,2024-08-24,0.35,1669.1,0.598605931523635,High
SP-00885,Spacer,Central,summer_storm,2024-05-12,0.09,11388.3,0.37625806121299626,Medium
SP-00885,Spacer,Central,tropical_cyclone,2024-08-24,0.36,11388.3,0.5382580612129962,High
SP-00885,Insulator,Central,summer_storm,2024-05-12,0.225,1449.3,0.5251063906040406,High
SP-00885,Insulator,Central,tropical_cyclone,2024-08-24,0.335,1449.3,0.5911063906040406,High
SP-00885,Fittings,Central,summer_storm,2024-05-12,0.155,3106.4,0.4717942398208733,Medium
SP-00885,Fittings,Central,tropical_cyclone,2024-08-24,0.255,3106.4,0.5317942398208734,High
SP-00885,Arrester,Central,summer_storm,2024-05-12,0.14,956.4,0.4774711598521386,Medium
SP-00885,Arrester,Central,tropical_cyclone,2024-08-24,0.305,956.4,0.5764711598521386,High
SP-00886,Conductor,Central,tropical_cyclone,2024-09-06,0.08,37907.0,0.18922883366271076,Low
SP-00886,Damper,Central,tropical_cyclone,2024-09-06,0.285,2657.1,0.5528613747836861,High
SP-00886,Spacer,Central,tropical_cyclone,2024-09-06,0.195,15833.6,0.40891233441532954,Medium
SP-00886,Insulator,Central,tropical_cyclone,2024-09-06,0.175,7224.1,0.45568486604750547,Medium
SP-00886,Fittings,Central,tropical_cyclone,2024-09-06,0.1,24670.4,0.2915881451444994,Low
SP-00886,Arrester,Central,tropical_cyclone,2024-09-06,0.305,1936.3,0.5697818975550982,High
SP-00887,Conductor,Central,tropical_cyclone,2024-08-02,0.165,32778.4,0.2752390904405465,Low
SP-00887,Damper,Central,tropical_cyclone,2024-08-02,0.33,9038.6,0.5362982281885609,High
SP-00887,Spacer,Central,tropical_cyclone,2024-08-02,0.3,13964.2,0.48467374572065386,Medium
SP-00887,Insulator,Central,tropical_cyclone,2024-08-02,0.555,2393.0,0.7166642466814801,Critical
SP-00887,Fittings,Central,tropical_cyclone,2024-08-02,0.485,5705.8,0.652049502179352,High
SP-00887,Arrester,Central,tropical_cyclone,2024-08-02,0.31,12028.8,0.5038857043385658,High
SP-00888,Conductor,Central,tropical_cyclone,2024-11-23,0.395,3847.3,0.610736504913355,High
SP-00888,Conductor,Central,summer_storm,2024-05-27,0.18,3847.3,0.48173650491335496,Medium
SP-00888,Damper,Central,tropical_cyclone,2024-11-23,0.19,19938.1,0.3778930701044792,Medium
SP-00888,Damper,Central,summer_storm,2024-05-27,0.105,19938.1,0.3268930701044792,Medium
SP-00888,Spacer,Central,tropical_cyclone,2024-11-23,0.245,10640.7,0.4743615334992167,Medium
SP-00888,Spacer,Central,summer_storm,2024-05-27,0.08,10640.7,0.3753615334992167,Medium
SP-00888,Insulator,Central,tropical_cyclone,2024-11-23,0.3,7730.3,0.5272293046894466,High
SP-00888,Insulator,Central,summer_storm,2024-05-27,0.1,7730.3,0.4072293046894466,Medium
SP-00888,Fittings,Central,tropical_cyclone,2024-11-23,0.245,10686.7,0.4740475156752919,Medium
SP-00888,Fittings,Central,summer_storm,2024-05-27,0.135,10686.7,0.40804751567529196,Medium
SP-00888,Arrester,Central,tropical_cyclone,2024-11-23,0.325,5552.2,0.5570980486522834,High
SP-00888,Arrester,Central,summer_storm,2024-05-27,0.105,5552.2,0.42509804865228334,Medium
SP-00891,Conductor,Central,summer_storm,2024-05-04,0.1,15998.7,0.350785283486417,Medium
SP-00891,Damper,Central,summer_storm,2024-05-04,0.105,17662.3,0.3424287606194343,Medium
SP-00891,Spacer,Central,summer_storm,2024-05-04,0.09,30006.7,0.24916002962689904,Low
SP-00891,Insulator,Central,summer_storm,2024-05-04,0.22,1872.5,0.519217426623933,High
SP-00891,Fittings,Central,summer_storm,2024-05-04,0.08,30036.0,0.24296001392600786,Low
SP-00891,Arrester,Central,summer_storm,2024-05-04,0.125,10398.7,0.4040135403120382,Medium
SP-00892,Conductor,Central,summer_storm,2024-04-21,0.105,25281.7,0.2904151213235169,Low
SP-00892,Conductor,Central,heatwave,2025-03-14,0.075,25281.7,0.2724151213235169,Low
SP-00892,Damper,Central,summer_storm,2024-04-21,0.13,3665.8,0.4529755100229711,Medium
SP-00892,Damper,Central,heatwave,2025-03-14,0.13,3665.8,0.4529755100229711,Medium
SP-00892,Spacer,Central,summer_storm,2024-04-21,0.095,20771.2,0.3152059342542247,Medium
SP-00892,Spacer,Central,heatwave,2025-03-14,0.095,20771.2,0.3152059342542247,Medium
SP-00892,Insulator,Central,summer_storm,2024-04-21,0.215,24058.2,0.36476731279247177,Medium
SP-00892,Insulator,Central,heatwave,2025-03-14,0.11,24058.2,0.30176731279247176,Medium
SP-00892,Fittings,Central,summer_storm,2024-04-21,0.085,20137.9,0.3135291405127365,Medium
SP-00892,Fittings,Central,heatwave,2025-03-14,0.095,20137.9,0.3195291405127365,Medium
SP-00892,Arrester,Central,summer_storm,2024-04-21,0.12,1069.7,0.4646977202988631,Medium
SP-00892,Arrester,Central,heatwave,2025-03-14,0.07,1069.7,0.43469772029886306,Medium
SP-00893,Conductor,Central,southwest_monsoon,2024-06-18,0.16,10536.1,0.42407558272492385,Medium
SP-00893,Conductor,Central,summer_storm,2024-05-11,0.085,10536.1,0.3790755827249238,Medium
SP-00893,Damper,Central,southwest_monsoon,2024-06-18,0.125,2174.1,0.46015856193489596,Medium
SP-00893,Damper,Central,summer_storm,2024-05-11,0.165,2174.1,0.4841585619348959,Medium
SP-00893,Spacer,Central,southwest_monsoon,2024-06-18,0.12,8844.7,0.41162188158114804,Medium
SP-00893,Spacer,Central,summer_storm,2024-05-11,0.11,8844.7,0.40562188158114804,Medium
SP-00893,Insulator,Central,southwest_monsoon,2024-06-18,0.11,3996.0,0.4387214081651461,Medium
SP-00893,Insulator,Central,summer_storm,2024-05-11,0.1,3996.0,0.4327214081651461,Medium
SP-00893,Fittings,Central,southwest_monsoon,2024-06-18,0.175,3579.0,0.4805680480037682,Medium
SP-00893,Fittings,Central,summer_storm,2024-05-11,0.13,3579.0,0.4535680480037682,Medium
SP-00893,Arrester,Central,southwest_monsoon,2024-06-18,0.185,456.9,0.5078809838314954,High
SP-00893,Arrester,Central,summer_storm,2024-05-11,0.13,456.9,0.47488098383149535,Medium
SP-00895,Conductor,Central,heatwave,2025-03-09,0.035,26988.8,0.23676164681869225,Low
SP-00895,Damper,Central,heatwave,2025-03-09,0.045,12823.5,0.33946070510654425,Medium
SP-00895,Spacer,Central,heatwave,2025-03-09,0.03,17685.4,0.2972710690600286,Low
SP-00895,Insulator,Central,heatwave,2025-03-09,0.06,9867.4,0.36864044617836894,Medium
SP-00895,Fittings,Central,heatwave,2025-03-09,0.035,11895.7,0.3397943080856177,Medium
SP-00895,Arrester,Central,heatwave,2025-03-09,0.055,2312.0,0.417217191110565,Medium
SP-00898,Conductor,Central,southwest_monsoon,2024-07-19,0.185,17374.3,0.39239478525618054,Medium
SP-00898,Damper,Central,southwest_monsoon,2024-07-19,0.15,2759.3,0.47116370909661853,Medium
SP-00898,Spacer,Central,southwest_monsoon,2024-07-19,0.075,23372.2,0.28545027425361036,Low
SP-00898,Insulator,Central,southwest_monsoon,2024-07-19,0.1,5137.3,0.42493035289459585,Medium
SP-00898,Fittings,Central,southwest_monsoon,2024-07-19,0.085,12684.4,0.3644102677001949,Medium
SP-00898,Arrester,Central,southwest_monsoon,2024-07-19,0.15,1194.8,0.4818437283472764,Medium
SP-00900,Conductor,Central,heatwave,2024-04-26,0.065,32004.3,0.22052346429924535,Low
SP-00900,Damper,Central,heatwave,2024-04-26,0.085,2134.3,0.43643025561733517,Medium
SP-00900,Spacer,Central,heatwave,2024-04-26,0.055,4498.7,0.40228973946760327,Medium
SP-00900,Insulator,Central,heatwave,2024-04-26,0.02,16858.3,0.2969172460636842,Low
SP-00900,Fittings,Central,heatwave,2024-04-26,0.02,15210.2,0.30816795857695317,Medium
SP-00900,Arrester,Central,heatwave,2024-04-26,0.11,1001.8,0.4591612379128737,Medium
SP-00904,Conductor,Central,summer_storm,2024-04-16,0.115,28047.8,0.27753241039399,Low
SP-00904,Damper,Central,summer_storm,2024-04-16,0.115,7830.7,0.41554392665635875,Medium
SP-00904,Spacer,Central,summer_storm,2024-04-16,0.16,3378.4,0.47293743877505745,Medium
SP-00904,Insulator,Central,summer_storm,2024-04-16,0.115,4384.8,0.4390672749055387,Medium
SP-00904,Fittings,Central,summer_storm,2024-04-16,0.08,22428.2,0.2948944661185008,Low
SP-00904,Arrester,Central,summer_storm,2024-04-16,0.215,898.2,0.5228684606641477,High
SP-00905,Conductor,Central,tropical_cyclone,2024-11-24,0.12,28688.7,0.2761573229297863,Low
SP-00905,Damper,Central,tropical_cyclone,2024-11-24,0.22,10788.8,0.4583505326356677,Medium
SP-00905,Spacer,Central,tropical_cyclone,2024-11-24,0.235,7097.6,0.4925484150632985,Medium
SP-00905,Insulator,Central,tropical_cyclone,2024-11-24,0.265,6354.8,0.5156191202722398,High
SP-00905,Fittings,Central,tropical_cyclone,2024-11-24,0.21,13741.2,0.43219604951924556,Medium
SP-00905,Arrester,Central,tropical_cyclone,2024-11-24,0.38,1882.8,0.6151471139372715,High
SP-00909,Conductor,Central,heatwave,2024-04-28,0.04,22857.2,0.2679659085866809,Low
SP-00909,Damper,Central,heatwave,2024-04-28,0.045,18530.7,0.3005006502216898,Medium
SP-00909,Spacer,Central,heatwave,2024-04-28,0.02,20790.7,0.2700728180027784,Low
SP-00909,Insulator,Central,heatwave,2024-04-28,0.065,1397.4,0.4294606846271209,Medium
SP-00909,Fittings,Central,heatwave,2024-04-28,0.045,18773.0,0.29884659546653836,Low
SP-00909,Arrester,Central,heatwave,2024-04-28,0.035,30119.9,0.21538727272106684,Low
SP-00910,Conductor,Central,southwest_monsoon,2024-09-27,0.105,35692.1,0.21934879188468723,Low
SP-00910,Damper,Central,southwest_monsoon,2024-09-27,0.15,15791.4,0.3822004116364083,Medium
SP-00910,Spacer,Central,southwest_monsoon,2024-09-27,0.12,10006.2,0.4036929315270482,Medium
SP-00910,Insulator,Central,southwest_monsoon,2024-09-27,0.09,1855.1,0.4413362072790697,Medium
SP-00910,Fittings,Central,southwest_monsoon,2024-09-27,0.135,17765.7,0.35972290316304695,Medium
SP-00910,Arrester,Central,southwest_monsoon,2024-09-27,0.12,12375.8,0.387516917710264,Medium
SP-00911,Conductor,Central,southwest_monsoon,2024-07-04,0.24,5130.5,0.5089767729207413,High
SP-00911,Conductor,Central,summer_storm,2024-05-21,0.23,5130.5,0.5029767729207413,High
SP-00911,Damper,Central,southwest_monsoon,2024-07-04,0.145,8646.1,0.42797761940357093,Medium
SP-00911,Damper,Central,summer_storm,2024-05-21,0.19,8646.1,0.45497761940357095,Medium
SP-00911,Spacer,Central,southwest_monsoon,2024-07-04,0.105,22206.7,0.31140653020544273,Medium
SP-00911,Spacer,Central,summer_storm,2024-05-21,0.075,22206.7,0.2934065302054428,Low
SP-00911,Insulator,Central,southwest_monsoon,2024-07-04,0.085,11301.7,0.37384923389890673,Medium
SP-00911,Insulator,Central,summer_storm,2024-05-21,0.16,11301.7,0.4188492338989067,Medium
SP-00911,Fittings,Central,southwest_monsoon,2024-07-04,0.065,29590.3,0.23700257358086133,Low
SP-00911,Fittings,Central,summer_storm,2024-05-21,0.065,29590.3,0.23700257358086133,Low
SP-00911,Arrester,Central,southwest_monsoon,2024-07-04,0.14,7877.2,0.4302264955952174,Medium
SP-00911,Arrester,Central,summer_storm,2024-05-21,0.135,7877.2,0.4272264955952174,Medium
SP-00912,Conductor,Central,southwest_monsoon,2024-07-18,0.115,18489.7,0.3427805356734488,Medium
SP-00912,Conductor,Central,heatwave,2025-03-15,0.03,18489.7,0.2917805356734488,Low
SP-00912,Damper,Central,southwest_monsoon,2024-07-18,0.13,1409.2,0.4683801322288098,Medium
SP-00912,Damper,Central,heatwave,2025-03-15,0.07,1409.2,0.4323801322288098,Medium
SP-00912,Spacer,Central,southwest_monsoon,2024-07-18,0.105,4783.5,0.43034555954904313,Medium
SP-00912,Spacer,Central,heatwave,2025-03-15,0.055,4783.5,0.40034555954904316,Medium
SP-00912,Insulator,Central,southwest_monsoon,2024-07-18,0.16,76.6,0.49547709205842094,Medium
SP-00912,Insulator,Central,heatwave,2025-03-15,0.095,76.6,0.45647709205842096,Medium
SP-00912,Fittings,Central,southwest_monsoon,2024-07-18,0.09,13333.9,0.3629764725558662,Medium
SP-00912,Fittings,Central,heatwave,2025-03-15,0.04,13333.9,0.3329764725558662,Medium
SP-00912,Arrester,Central,southwest_monsoon,2024-07-18,0.315,2233.1,0.5737557999433403,High
SP-00912,Arrester,Central,heatwave,2025-03-15,0.12,2233.1,0.4567557999433403,Medium
SP-00914,Conductor,Central,heatwave,2025-03-12,0.085,11580.1,0.37194874341671874,Medium
SP-00914,Damper,Central,heatwave,2025-03-12,0.085,1234.3,0.44257408260716713,Medium
SP-00914,Spacer,Central,heatwave,2025-03-12,0.065,1651.3,0.42772744276854496,Medium
SP-00914,Insulator,Central,heatwave,2025-03-12,0.065,5657.0,0.4003826341316895,Medium
SP-00914,Fittings,Central,heatwave,2025-03-12,0.055,12755.4,0.3459255880154415,Medium
SP-00914,Arrester,Central,heatwave,2025-03-12,0.085,227.6,0.44944629441901585,Medium
SP-00915,Conductor,Central,summer_storm,2024-04-30,0.105,11658.3,0.3834149131160467,Medium
SP-00915,Damper,Central,summer_storm,2024-04-30,0.125,1122.2,0.4673393303911229,Medium
SP-00915,Spacer,Central,summer_storm,2024-04-30,0.095,1756.1,0.4450120282479512,Medium
SP-00915,Insulator,Central,summer_storm,2024-04-30,0.115,1720.1,0.4572577813275445,Medium
SP-00915,Fittings,Central,summer_storm,2024-04-30,0.105,3097.5,0.44185499544332835,Medium
SP-00915,Arrester,Central,summer_storm,2024-04-30,0.12,160.7,0.47090298555859333,Medium
SP-00916,Conductor,Central,summer_storm,2024-05-24,0.2,31830.7,0.3027085402608396,Medium
SP-00916,Conductor,Central,heatwave,2025-03-16,0.045,31830.7,0.2097085402608396,Low
SP-00916,Damper,Central,summer_storm,2024-05-24,0.145,13919.8,0.3919768411854856,Medium
SP-00916,Damper,Central,heatwave,2025-03-16,0.035,13919.8,0.3259768411854856,Medium
SP-00916,Spacer,Central,summer_storm,2024-05-24,0.075,23003.1,0.28796992596688475,Low
SP-00916,Spacer,Central,heatwave,2025-03-16,0.06,23003.1,0.27896992596688475,Low
SP-00916,Insulator,Central,summer_storm,2024-05-24,0.09,6596.9,0.40896643081197503,Medium
SP-00916,Insulator,Central,heatwave,2025-03-16,0.05,6596.9,0.384966430811975,Medium
SP-00916,Fittings,Central,summer_storm,2024-05-24,0.075,21100.3,0.3009593415182762,Medium
SP-00916,Fittings,Central,heatwave,2025-03-16,0.05,21100.3,0.2859593415182762,Low
SP-00916,Arrester,Central,summer_storm,2024-05-24,0.165,1478.7,0.4889056922557061,Medium
SP-00916,Arrester,Central,heatwave,2025-03-16,0.09,1478.7,0.4439056922557061,Medium
SP-00918,Conductor,Central,summer_storm,2024-04-05,0.14,18132.4,0.36021963498841203,Medium
SP-00918,Damper,Central,summer_storm,2024-04-05,0.07,21985.0,0.2919199595872714,Low
SP-00918,Spacer,Central,summer_storm,2024-04-05,0.11,10916.2,0.3914808397928848,Medium
SP-00918,Insulator,Central,summer_storm,2024-04-05,0.145,1072.1,0.4796813367602235,Medium
SP-00918,Fittings,Central,summer_storm,2024-04-05,0.06,22798.0,0.28037003587312315,Low
SP-00918,Arrester,Central,summer_storm,2024-04-05,0.225,4673.1,0.5030992023264624,High
SP-00919,Conductor,Central,heatwave,2025-03-20,0.135,3529.1,0.45690868907798227,Medium
SP-00919,Conductor,Central,southwest_monsoon,2024-07-18,0.16,3529.1,0.4719086890779822,Medium
SP-00919,Damper,Central,heatwave,2025-03-20,0.04,11007.9,0.3488548520873653,Medium
SP-00919,Damper,Central,southwest_monsoon,2024-07-18,0.105,11007.9,0.38785485208736525,Medium
SP-00919,Spacer,Central,heatwave,2025-03-20,0.04,11635.3,0.34457192202800907,Medium
SP-00919,Spacer,Central,southwest_monsoon,2024-07-18,0.125,11635.3,0.39557192202800906,Medium
SP-00919,Insulator,Central,heatwave,2025-03-20,0.105,706.4,0.45817777846042523,Medium
SP-00919,Insulator,Central,southwest_monsoon,2024-07-18,0.295,706.4,0.5721777784604252,High
SP-00919,Fittings,Central,heatwave,2025-03-20,0.085,5338.9,0.41455413564887345,Medium
SP-00919,Fittings,Central,southwest_monsoon,2024-07-18,0.235,5338.9,0.5045541356488734,High
SP-00919,Arrester,Central,heatwave,2025-03-20,0.095,341.9,0.45466602839130715,Medium
SP-00919,Arrester,Central,southwest_monsoon,2024-07-18,0.115,341.9,0.46666602839130716,Medium
SP-00920,Conductor,Central,heatwave,2025-03-13,0.045,13224.5,0.33672328885885244,Medium
SP-00920,Damper,Central,heatwave,2025-03-13,0.12,2177.3,0.4571367172167099,Medium
SP-00920,Spacer,Central,heatwave,2025-03-13,0.06,5928.9,0.39552651573331693,Medium
SP-00920,Insulator,Central,heatwave,2025-03-13,0.09,1268.3,0.44534198247644013,Medium
SP-00920,Fittings,Central,heatwave,2025-03-13,0.095,3558.4,0.43270867337709107,Medium
SP-00920,Arrester,Central,heatwave,2025-03-13,0.105,2708.9,0.4445077634080491,Medium
SP-00921,Conductor,Central,tropical_cyclone,2024-09-17,0.24,8772.3,0.4841161183301078,Medium
SP-00921,Conductor,Central,southwest_monsoon,2024-06-28,0.065,8772.3,0.37911611833010783,Medium
SP-00921,Damper,Central,tropical_cyclone,2024-09-17,0.31,8478.2,0.5281237844608963,High
SP-00921,Damper,Central,southwest_monsoon,2024-06-28,0.12,8478.2,0.41412378446089626,Medium
SP-00921,Spacer,Central,tropical_cyclone,2024-09-17,0.245,9833.3,0.4798732289565393,Medium
SP-00921,Spacer,Central,southwest_monsoon,2024-06-28,0.075,9833.3,0.37787322895653924,Medium
SP-00921,Insulator,Central,tropical_cyclone,2024-09-17,0.245,27373.4,0.36013618475170406,Medium
SP-00921,Insulator,Central,southwest_monsoon,2024-06-28,0.09,27373.4,0.2671361847517041,Low
SP-00921,Fittings,Central,tropical_cyclone,2024-09-17,0.42,3710.8,0.6266683186734795,High
SP-00921,Fittings,Central,southwest_monsoon,2024-06-28,0.155,3710.8,0.46766831867347947,Medium
SP-00921,Arrester,Central,tropical_cyclone,2024-09-17,0.245,21008.2,0.40358805981356893,Medium
SP-00921,Arrester,Central,southwest_monsoon,2024-06-28,0.095,21008.2,0.31358805981356896,Medium
SP-00923,Conductor,Central,summer_storm,2024-04-30,0.08,24109.8,0.2834150667117214,Low
SP-00923,Damper,Central,summer_storm,2024-04-30,0.075,21315.0,0.29949369745747956,Low
SP-00923,Spacer,Central,summer_storm,2024-04-30,0.1,14129.5,0.3635453294968547,Medium
SP-00923,Insulator,Central,summer_storm,2024-04-30,0.12,6301.2,0.42898501930185645,Medium
SP-00923,Fittings,Central,summer_storm,2024-04-30,0.165,5155.0,0.4638095242971292,Medium
SP-00923,Arrester,Central,summer_storm,2024-04-30,0.095,6747.5,0.41093836376234316,Medium
SP-00924,Conductor,Central,tropical_cyclone,2024-08-09,0.18,29103.6,0.30932501868747375,Medium
SP-00924,Conductor,Central,summer_storm,2024-05-27,0.03,29103.6,0.21932501868747376,Low
SP-00924,Conductor,Central,heatwave,2024-04-23,0.04,29103.6,0.22532501868747376,Low
SP-00924,Damper,Central,tropical_cyclone,2024-08-09,0.225,7167.9,0.4860685139106483,Medium
SP-00924,Damper,Central,summer_storm,2024-05-27,0.1,7167.9,0.4110685139106483,Medium
SP-00924,Damper,Central,heatwave,2024-04-23,0.03,7167.9,0.3690685139106483,Medium
SP-00924,Spacer,Central,tropical_cyclone,2024-08-09,0.21,11957.6,0.4443717493182059,Medium
SP-00924,Spacer,Central,summer_storm,2024-05-27,0.06,11957.6,0.35437174931820586,Medium
SP-00924,Spacer,Central,heatwave,2024-04-23,0.05,11957.6,0.3483717493182059,Medium
SP-00924,Insulator,Central,tropical_cyclone,2024-08-09,0.225,13323.7,0.4440461025950843,Medium
SP-00924,Insulator,Central,summer_storm,2024-05-27,0.075,13323.7,0.3540461025950843,Medium
SP-00924,Insulator,Central,heatwave,2024-04-23,0.04,13323.7,0.3330461025950843,Medium
SP-00924,Fittings,Central,tropical_cyclone,2024-08-09,0.195,24623.8,0.3489062588530841,Medium
SP-00924,Fittings,Central,summer_storm,2024-05-27,0.105,24623.8,0.2949062588530841,Low
SP-00924,Fittings,Central,heatwave,2024-04-23,0.025,24623.8,0.2469062588530841,Low
SP-00924,Arrester,Central,tropical_cyclone,2024-08-09,0.34,1528.0,0.5935691470661519,High
SP-00924,Arrester,Central,summer_storm,2024-05-27,0.195,1528.0,0.506569147066152,High
SP-00924,Arrester,Central,heatwave,2024-04-23,0.08,1528.0,0.43756914706615196,Medium
SP-00925,Conductor,Central,summer_storm,2024-05-25,0.05,14798.0,0.32898183133829617,Medium
SP-00925,Conductor,Central,heatwave,2025-03-25,0.02,14798.0,0.3109818313382962,Medium
SP-00925,Damper,Central,summer_storm,2024-05-25,0.125,1805.7,0.4626734351160671,Medium
SP-00925,Damper,Central,heatwave,2025-03-25,0.09,1805.7,0.4416734351160671,Medium
SP-00925,Spacer,Central,summer_storm,2024-05-25,0.085,6189.4,0.40874821914348225,Medium
SP-00925,Spacer,Central,heatwave,2025-03-25,0.05,6189.4,0.38774821914348223,Medium
SP-00925,Insulator,Central,summer_storm,2024-05-25,0.14,757.7,0.47882758032200484,Medium
SP-00925,Insulator,Central,heatwave,2025-03-25,0.075,757.7,0.4398275803220048,Medium
SP-00925,Fittings,Central,summer_storm,2024-05-25,0.13,3946.4,0.45106000129703017,Medium
SP-00925,Fittings,Central,heatwave,2025-03-25,0.055,3946.4,0.4060600012970301,Medium
SP-00925,Arrester,Central,summer_storm,2024-05-25,0.075,10171.4,0.3755651979506924,Medium
SP-00925,Arrester,Central,heatwave,2025-03-25,0.035,10171.4,0.3515651979506924,Medium
SP-00926,Conductor,Central,summer_storm,2024-04-06,0.21,15972.8,0.41696208917423555,Medium
SP-00926,Damper,Central,summer_storm,2024-04-06,0.185,1950.4,0.4976856442655908,Medium
SP-00926,Spacer,Central,summer_storm,2024-04-06,0.065,8562.4,0.3805489953136253,Medium
SP-00926,Insulator,Central,summer_storm,2024-04-06,0.14,3564.6,0.45966634923560556,Medium
SP-00926,Fittings,Central,summer_storm,2024-04-06,0.14,16459.8,0.3716375961252931,Medium
SP-00926,Arrester,Central,summer_storm,2024-04-06,0.135,810.1,0.47546987306170796,Medium
SP-00929,Conductor,Central,heatwave,2025-03-04,0.035,7279.9,0.3713039487741359,Medium
SP-00929,Damper,Central,heatwave,2025-03-04,0.1,3296.8,0.4374944790888022,Medium
SP-00929,Spacer,Central,heatwave,2025-03-04,0.06,13806.5,0.34175028073876107,Medium
SP-00929,Insulator,Central,heatwave,2025-03-04,0.15,2762.6,0.4711411817309892,Medium
SP-00929,Fittings,Central,heatwave,2025-03-04,0.055,21821.6,0.28403540550964756,Low
SP-00929,Arrester,Central,heatwave,2025-03-04,0.12,580.9,0.4680345010017852,Medium
SP-00932,Conductor,Central,summer_storm,2024-05-14,0.275,23974.3,0.4013400539974128,Medium
SP-00932,Conductor,Central,tropical_cyclone,2024-08-21,0.175,23974.3,0.3413400539974128,Medium
SP-00932,Damper,Central,summer_storm,2024-05-14,0.145,5579.6,0.4489110032528151,Medium
SP-00932,Damper,Central,tropical_cyclone,2024-08-21,0.25,5579.6,0.5119110032528151,High
SP-00932,Spacer,Central,summer_storm,2024-05-14,0.14,26263.9,0.30471015813528024,Medium
SP-00932,Spacer,Central,tropical_cyclone,2024-08-21,0.13,26263.9,0.29871015813528023,Low
SP-00932,Insulator,Central,summer_storm,2024-05-14,0.28,2702.7,0.5495500875495346,High
SP-00932,Insulator,Central,tropical_cyclone,2024-08-21,0.29,2702.7,0.5555500875495346,High
SP-00932,Fittings,Central,summer_storm,2024-05-14,0.135,8872.3,0.4204334708867932,Medium
SP-00932,Fittings,Central,tropical_cyclone,2024-08-21,0.235,8872.3,0.4804334708867932,Medium
SP-00932,Arrester,Central,summer_storm,2024-05-14,0.17,2109.2,0.48760160012560716,Medium
SP-00932,Arrester,Central,tropical_cyclone,2024-08-21,0.3,2109.2,0.5656016001256071,High
SP-00933,Conductor,Central,heatwave,2024-04-02,0.105,36356.2,0.21481533021363458,Low
SP-00933,Conductor,Central,southwest_monsoon,2024-08-26,0.215,36356.2,0.2808153302136346,Low
SP-00933,Damper,Central,heatwave,2024-04-02,0.105,4379.7,0.4331020899251477,Medium
SP-00933,Damper,Central,southwest_monsoon,2024-08-26,0.135,4379.7,0.4511020899251477,Medium
SP-00933,Spacer,Central,heatwave,2024-04-02,0.07,6639.0,0.39667903623833956,Medium
SP-00933,Spacer,Central,southwest_monsoon,2024-08-26,0.145,6639.0,0.4416790362383396,Medium
SP-00933,Insulator,Central,heatwave,2024-04-02,0.095,1845.8,0.444399693491298,Medium
SP-00933,Insulator,Central,southwest_monsoon,2024-08-26,0.16,1845.8,0.48339969349129797,Medium
SP-00933,Fittings,Central,heatwave,2024-04-02,0.075,21244.1,0.2999776944947897,Low
SP-00933,Fittings,Central,southwest_monsoon,2024-08-26,0.13,21244.1,0.33297769449478976,Medium
SP-00933,Arrester,Central,heatwave,2024-04-02,0.06,9988.4,0.36781444277195824,Medium
SP-00933,Arrester,Central,southwest_monsoon,2024-08-26,0.285,9988.4,0.5028144427719583,High
SP-00935,Conductor,Central,tropical_cyclone,2024-11-08,0.165,23334.7,0.33970626704485335,Medium
SP-00935,Conductor,Central,southwest_monsoon,2024-07-22,0.15,23334.7,0.33070626704485334,Medium
SP-00935,Damper,Central,tropical_cyclone,2024-11-08,0.175,11753.9,0.42476230216023786,Medium
SP-00935,Damper,Central,southwest_monsoon,2024-07-22,0.155,11753.9,0.4127623021602379,Medium
SP-00935,Spacer,Central,tropical_cyclone,2024-11-08,0.315,5690.3,0.5501553125330658,High
SP-00935,Spacer,Central,southwest_monsoon,2024-07-22,0.225,5690.3,0.4961553125330658,Medium
SP-00935,Insulator,Central,tropical_cyclone,2024-11-08,0.33,1834.6,0.5854761500049492,High
SP-00935,Insulator,Central,southwest_monsoon,2024-07-22,0.085,1834.6,0.4384761500049492,Medium
SP-00935,Fittings,Central,tropical_cyclone,2024-11-08,0.25,3910.2,0.5233071196715101,High
SP-00935,Fittings,Central,southwest_monsoon,2024-07-22,0.085,3910.2,0.4243071196715101,Medium
SP-00935,Arrester,Central,tropical_cyclone,2024-11-08,0.345,2637.6,0.5889944910351325,High
SP-00935,Arrester,Central,southwest_monsoon,2024-07-22,0.17,2637.6,0.4839944910351325,Medium
SP-00936,Conductor,Central,southwest_monsoon,2024-06-07,0.105,13729.6,0.36927523662267003,Medium
SP-00936,Damper,Central,southwest_monsoon,2024-06-07,0.075,11003.3,0.3698862538697577,Medium
SP-00936,Spacer,Central,southwest_monsoon,2024-06-07,0.075,15945.5,0.3361484519262604,Medium
SP-00936,Insulator,Central,southwest_monsoon,2024-06-07,0.09,10395.1,0.3830381156199975,Medium
SP-00936,Fittings,Central,southwest_monsoon,2024-06-07,0.1,18915.7,0.33087245756492834,Medium
SP-00936,Arrester,Central,southwest_monsoon,2024-06-07,0.07,4141.1,0.4137308867248965,Medium
SP-00939,Conductor,Central,southwest_monsoon,2024-07-14,0.12,27727.9,0.2827161995651536,Low
SP-00939,Damper,Central,southwest_monsoon,2024-07-14,0.195,2840.0,0.49761281260986356,Medium
SP-00939,Spacer,Central,southwest_monsoon,2024-07-14,0.19,4183.6,0.4854407615614878,Medium
SP-00939,Insulator,Central,southwest_monsoon,2024-07-14,0.14,1169.8,0.4760143902081051,Medium
SP-00939,Fittings,Central,southwest_monsoon,2024-07-14,0.09,10890.0,0.37965969342303324,Medium
SP-00939,Arrester,Central,southwest_monsoon,2024-07-14,0.14,470.5,0.48078814377920454,Medium
SP-00940,Conductor,Central,heatwave,2025-03-17,0.04,17003.8,0.3079239940336614,Medium
SP-00940,Conductor,Central,summer_storm,2024-05-12,0.2,17003.8,0.40392399403366136,Medium
SP-00940,Damper,Central,heatwave,2025-03-17,0.055,1983.2,0.4194617359041837,Medium
SP-00940,Damper,Central,summer_storm,2024-05-12,0.14,1983.2,0.47046173590418366,Medium
SP-00940,Spacer,Central,heatwave,2025-03-17,0.06,10985.1,0.36101049570444094,Medium
SP-00940,Spacer,Central,summer_storm,2024-05-12,0.095,10985.1,0.38201049570444096,Medium
SP-00940,Insulator,Central,heatwave,2025-03-17,0.07,3486.3,0.41820086218372093,Medium
SP-00940,Insulator,Central,summer_storm,2024-05-12,0.115,3486.3,0.44520086218372096,Medium
SP-00940,Fittings,Central,heatwave,2025-03-17,0.055,4598.4,0.4016091399666185,Medium
SP-00940,Fittings,Central,summer_storm,2024-05-12,0.095,4598.4,0.42560913996661853,Medium
SP-00940,Arrester,Central,heatwave,2025-03-17,0.055,4481.0,0.40241056806507003,Medium
SP-00940,Arrester,Central,summer_storm,2024-05-12,0.115,4481.0,0.43841056806507,Medium
SP-00941,Conductor,Central,tropical_cyclone,2024-11-25,0.275,14849.1,0.46363299849476236,Medium
SP-00941,Damper,Central,tropical_cyclone,2024-11-25,0.315,11214.5,0.5124445024694771,High
SP-00941,Spacer,Central,tropical_cyclone,2024-11-25,0.415,2289.8,0.6333687388429808,High
SP-00941,Insulator,Central,tropical_cyclone,2024-11-25,0.3,280.6,0.578084491274059,High
SP-00941,Fittings,Central,tropical_cyclone,2024-11-25,0.215,2601.4,0.5112416094096124,High
SP-00941,Arrester,Central,tropical_cyclone,2024-11-25,0.3,752.8,0.5748610300467272,High
SP-00942,Conductor,Central,southwest_monsoon,2024-06-12,0.105,15714.8,0.35572331957798736,Medium
SP-00942,Damper,Central,southwest_monsoon,2024-06-12,0.105,1850.7,0.4503662437665755,Medium
SP-00942,Spacer,Central,southwest_monsoon,2024-06-12,0.195,7004.9,0.4691812292432512,Medium
SP-00942,Insulator,Central,southwest_monsoon,2024-06-12,0.125,1854.9,0.46233757257395636,Medium
SP-00942,Fittings,Central,southwest_monsoon,2024-06-12,0.095,19533.4,0.3236557443075736,Medium
SP-00942,Arrester,Central,southwest_monsoon,2024-06-12,0.115,695.5,0.46425218703174653,Medium
SP-00944,Conductor,Central,summer_storm,2024-04-13,0.075,15153.7,0.3415536543824259,Medium
SP-00944,Damper,Central,summer_storm,2024-04-13,0.22,1505.8,0.5217206947985679,High
SP-00944,Spacer,Central,summer_storm,2024-04-13,0.2,1950.6,0.5066842789707042,High
SP-00944,Insulator,Central,summer_storm,2024-04-13,0.21,3038.7,0.5052563921399974,High
SP-00944,Fittings,Central,summer_storm,2024-04-13,0.255,4380.5,0.5230966287456013,High
SP-00944,Arrester,Central,summer_storm,2024-04-13,0.215,331.9,0.5267342931356387,High
SP-00945,Conductor,Central,heatwave,2025-03-13,0.01,13924.8,0.31094270881331987,Medium
SP-00945,Conductor,Central,summer_storm,2024-04-10,0.1,13924.8,0.36494270881331986,Medium
SP-00945,Damper,Central,heatwave,2025-03-13,0.06,1467.1,0.4259848793591306,Medium
SP-00945,Damper,Central,summer_storm,2024-04-10,0.205,1467.1,0.5129848793591306,High
SP-00945,Spacer,Central,heatwave,2025-03-13,0.04,13284.4,0.33331438304030697,Medium
SP-00945,Spacer,Central,summer_storm,2024-04-10,0.115,13284.4,0.37831438304030696,Medium
SP-00945,Insulator,Central,heatwave,2025-03-13,0.07,583.8,0.438014704225929,Medium
SP-00945,Insulator,Central,summer_storm,2024-04-10,0.195,583.8,0.513014704225929,High
SP-00945,Fittings,Central,heatwave,2025-03-13,0.015,9428.6,0.3446359031596337,Medium
SP-00945,Fittings,Central,summer_storm,2024-04-10,0.1,9428.6,0.3956359031596337,Medium
SP-00945,Arrester,Central,heatwave,2025-03-13,0.07,471.9,0.43877858671499814,Medium
SP-00945,Arrester,Central,summer_storm,2024-04-10,0.21,471.9,0.5227785867149981,High
SP-00948,Conductor,Central,tropical_cyclone,2024-10-12,0.28,16768.4,0.45353094611522404,Medium
SP-00948,Damper,Central,tropical_cyclone,2024-10-12,0.245,1479.3,0.5369015963710462,High
SP-00948,Spacer,Central,tropical_cyclone,2024-10-12,0.255,2061.5,0.5389272229560682,High
SP-00948,Insulator,Central,tropical_cyclone,2024-10-12,0.315,3468.1,0.5653251040184042,High
SP-00948,Fittings,Central,tropical_cyclone,2024-10-12,0.14,23210.2,0.3255561631117801,Medium
SP-00948,Arrester,Central,tropical_cyclone,2024-10-12,0.195,1752.6,0.5050359209084672,High
SP-00949,Conductor,Central,summer_storm,2024-05-16,0.085,21654.0,0.30317952262464287,Medium
SP-00949,Damper,Central,summer_storm,2024-05-16,0.14,2723.2,0.4654101448236551,Medium
SP-00949,Spacer,Central,summer_storm,2024-05-16,0.17,3093.7,0.4808809360461743,Medium
SP-00949,Insulator,Central,summer_storm,2024-05-16,0.225,16608.1,0.4216252299668575,Medium
SP-00949,Fittings,Central,summer_storm,2024-05-16,0.08,21038.2,0.3043832655805746,Medium
SP-00949,Arrester,Central,summer_storm,2024-05-16,0.175,1080.1,0.49762672496475835,Medium
SP-00950,Conductor,Central,southwest_monsoon,2024-07-17,0.085,33541.8,0.22202775985828238,Low
SP-00950,Damper,Central,southwest_monsoon,2024-07-17,0.22,2780.8,0.5130169398963059,High
SP-00950,Spacer,Central,southwest_monsoon,2024-07-17,0.16,5127.8,0.4609952044017107,Medium
SP-00950,Insulator,Central,southwest_monsoon,2024-07-17,0.115,10567.7,0.3968598661328364,Medium
SP-00950,Fittings,Central,southwest_monsoon,2024-07-17,0.1,15334.1,0.3553221583946863,Medium
SP-00950,Arrester,Central,southwest_monsoon,2024-07-17,0.17,1085.3,0.494591227297706,Medium
SP-00951,Conductor,Central,summer_storm,2024-05-13,0.07,19351.9,0.3098947494171897,Medium
SP-00951,Damper,Central,summer_storm,2024-05-13,0.065,24385.6,0.2725323250630596,Low
SP-00951,Spacer,Central,summer_storm,2024-05-13,0.125,9806.7,0.408054813176461,Medium
SP-00951,Insulator,Central,summer_storm,2024-05-13,0.11,7000.4,0.41821194837820036,Medium
SP-00951,Fittings,Central,summer_storm,2024-05-13,0.1,11080.2,0.3843612979858488,Medium
SP-00951,Arrester,Central,summer_storm,2024-05-13,0.06,26408.5,0.25572304993224726,Low
SP-00955,Conductor,Central,tropical_cyclone,2024-09-27,0.195,24715.3,0.34828163644245114,Medium
SP-00955,Damper,Central,tropical_cyclone,2024-09-27,0.29,4084.1,0.5461199957675859,High
SP-00955,Spacer,Central,tropical_cyclone,2024-09-27,0.37,1928.1,0.60883787464545,High
SP-00955,Insulator,Central,tropical_cyclone,2024-09-27,0.315,136.7,0.5880668209449889,High
SP-00955,Fittings,Central,tropical_cyclone,2024-09-27,0.235,7757.5,0.48804362458486505,Medium
SP-00955,Arrester,Central,tropical_cyclone,2024-09-27,0.34,278.9,0.6020960962805955,High
SP-00956,Conductor,Central,summer_storm,2024-04-03,0.16,26312.0,0.31638180471504584,Medium
SP-00956,Conductor,Central,tropical_cyclone,2024-08-07,0.145,26312.0,0.30738180471504584,Medium
SP-00956,Damper,Central,summer_storm,2024-04-03,0.22,1704.8,0.5203622263863716,High
SP-00956,Damper,Central,tropical_cyclone,2024-08-07,0.315,1704.8,0.5773622263863716,High
SP-00956,Spacer,Central,summer_storm,2024-04-03,0.105,6974.6,0.41538807141857553,Medium
SP-00956,Spacer,Central,tropical_cyclone,2024-08-07,0.35,6974.6,0.5623880714185755,High
SP-00956,Insulator,Central,summer_storm,2024-04-03,0.165,800.2,0.49353745515859604,Medium
SP-00956,Insulator,Central,tropical_cyclone,2024-08-07,0.45,800.2,0.6645374551585961,High
SP-00956,Fittings,Central,summer_storm,2024-04-03,0.145,3737.9,0.46148332121634117,Medium
SP-00956,Fittings,Central,tropical_cyclone,2024-08-07,0.34,3737.9,0.5784833212163412,High
SP-00956,Arrester,Central,summer_storm,2024-04-03,0.13,313.8,0.47585785232287864,Medium
SP-00956,Arrester,Central,tropical_cyclone,2024-08-07,0.29,313.8,0.5718578523228786,High
SP-00958,Conductor,Central,southwest_monsoon,2024-08-09,0.145,24209.2,0.3217365151530666,Medium
SP-00958,Damper,Central,southwest_monsoon,2024-08-09,0.175,3336.3,0.4822248333486929,Medium
SP-00958,Spacer,Central,southwest_monsoon,2024-08-09,0.09,26032.8,0.27628775637678044,Low
SP-00958,Insulator,Central,southwest_monsoon,2024-08-09,0.2,15352.9,0.41519382067534316,Medium
SP-00958,Fittings,Central,southwest_monsoon,2024-08-09,0.17,18858.5,0.37326293190250437,Medium
SP-00958,Arrester,Central,southwest_monsoon,2024-08-09,0.11,27878.0,0.2756915457527383,Low
SP-00960,Conductor,Central,heatwave,2025-03-09,0.1,6247.6,0.41735091833147314,Medium
SP-00960,Damper,Central,heatwave,2025-03-09,0.11,1828.5,0.4535177914989914,Medium
SP-00960,Spacer,Central,heatwave,2025-03-09,0.095,3097.3,0.43585636073821493,Medium
SP-00960,Insulator,Central,heatwave,2025-03-09,0.09,1773.4,0.44189393024025775,Medium
SP-00960,Fittings,Central,heatwave,2025-03-09,0.065,14029.5,0.3432279769401694,Medium
SP-00960,Arrester,Central,heatwave,2025-03-09,0.095,761.7,0.45180027442427223,Medium
SP-00961,Conductor,Central,summer_storm,2024-04-20,0.105,12767.2,0.3758450356171304,Medium
SP-00961,Damper,Central,summer_storm,2024-04-20,0.135,2215.1,0.4658786764831369,Medium
SP-00961,Spacer,Central,summer_storm,2024-04-20,0.165,1535.4,0.48851863115534666,Medium
SP-00961,Insulator,Central,summer_storm,2024-04-20,0.125,2417.1,0.4584997286476413,Medium
SP-00961,Fittings,Central,summer_storm,2024-04-20,0.11,14797.6,0.36498456192806944,Medium
SP-00961,Arrester,Central,summer_storm,2024-04-20,0.18,12.7,0.5079133037746991,High
SP-00962,Conductor,Central,summer_storm,2024-05-26,0.21,20280.2,0.38755773320089976,Medium
SP-00962,Conductor,Central,tropical_cyclone,2024-10-14,0.25,20280.2,0.4115577332008997,Medium
SP-00962,Damper,Central,summer_storm,2024-05-26,0.085,8383.1,0.3937729821794885,Medium
SP-00962,Damper,Central,tropical_cyclone,2024-10-14,0.25,8383.1,0.4927729821794885,Medium
SP-00962,Spacer,Central,summer_storm,2024-05-26,0.125,19858.1,0.339439188059131,Medium
SP-00962,Spacer,Central,tropical_cyclone,2024-10-14,0.165,19858.1,0.363439188059131,Medium
SP-00962,Insulator,Central,summer_storm,2024-05-26,0.095,10052.2,0.38837891370312344,Medium
SP-00962,Insulator,Central,tropical_cyclone,2024-10-14,0.24,10052.2,0.47537891370312346,Medium
SP-00962,Fittings,Central,summer_storm,2024-05-26,0.12,13193.2,0.38193695750860995,Medium
SP-00962,Fittings,Central,tropical_cyclone,2024-10-14,0.255,13193.2,0.46293695750860997,Medium
SP-00962,Arrester,Central,summer_storm,2024-05-26,0.05,8619.0,0.37116261686070917,Medium
SP-00962,Arrester,Central,tropical_cyclone,2024-10-14,0.295,8619.0,0.5181626168607092,High
SP-00966,Conductor,Central,heatwave,2025-03-22,0.035,20343.1,0.28212834795905484,Low
SP-00966,Damper,Central,heatwave,2025-03-22,0.04,11474.1,0.3456723497066323,Medium
SP-00966,Spacer,Central,heatwave,2025-03-22,0.065,16309.1,0.3276663458223683,Medium
SP-00966,Insulator,Central,heatwave,2025-03-22,0.05,1957.9,0.4166344457073422,Medium
SP-00966,Fittings,Central,heatwave,2025-03-22,0.065,17992.6,0.316173976114166,Medium
SP-00966,Arrester,Central,heatwave,2025-03-22,0.055,805.7,0.4274999095492138,Medium
SP-00968,Conductor,Central,tropical_cyclone,2024-08-05,0.245,13530.2,0.4546364356246395,Medium
SP-00968,Damper,Central,tropical_cyclone,2024-08-05,0.31,4729.8,0.553712141226103,High
SP-00968,Spacer,Central,tropical_cyclone,2024-08-05,0.36,1902.4,0.6030133150383818,High
SP-00968,Insulator,Central,tropical_cyclone,2024-08-05,0.35,1755.8,0.5980140761902811,High
SP-00968,Fittings,Central,tropical_cyclone,2024-08-05,0.225,12572.6,0.4491734675418207,Medium
SP-00968,Arrester,Central,tropical_cyclone,2024-08-05,0.44,1341.1,0.6548450151377071,High
SP-00972,Conductor,Central,tropical_cyclone,2024-09-24,0.295,12544.1,0.4913680220631654,Medium
SP-00972,Damper,Central,tropical_cyclone,2024-09-24,0.27,1383.3,0.5525569379166283,High
SP-00972,Spacer,Central,tropical_cyclone,2024-09-24,0.255,3904.6,0.5263453479283358,High
SP-00972,Insulator,Central,tropical_cyclone,2024-09-24,0.3,0.0,0.5800000000000001,High
SP-00972,Fittings,Central,tropical_cyclone,2024-09-24,0.175,7156.7,0.4561449704242995,Medium
SP-00972,Arrester,Central,tropical_cyclone,2024-09-24,0.3,832.3,0.5743183253292921,High
SP-00973,Conductor,Central,summer_storm,2024-04-16,0.09,12002.3,0.37206660591104423,Medium
SP-00973,Damper,Central,summer_storm,2024-04-16,0.105,4432.9,0.43273892148530435,Medium
SP-00973,Spacer,Central,summer_storm,2024-04-16,0.16,1793.2,0.4837587660464815,Medium
SP-00973,Insulator,Central,summer_storm,2024-04-16,0.1,17071.8,0.34345979377220737,Medium
SP-00973,Fittings,Central,summer_storm,2024-04-16,0.105,15526.6,0.35700806206630553,Medium
SP-00973,Arrester,Central,summer_storm,2024-04-16,0.155,152.8,0.4919569147066152,Medium
SP-00974,Conductor,Central,tropical_cyclone,2024-09-04,0.28,8770.4,0.5081290886315308,High
SP-00974,Damper,Central,tropical_cyclone,2024-09-04,0.14,31173.0,0.2711983124955202,Low
SP-00974,Spacer,Central,tropical_cyclone,2024-09-04,0.16,19783.7,0.3609470777569571,Medium
SP-00974,Insulator,Central,tropical_cyclone,2024-09-04,0.145,14724.0,0.38648699044634904,Medium
SP-00974,Fittings,Central,tropical_cyclone,2024-09-04,0.2,24033.8,0.3559338787686406,Medium
SP-00974,Arrester,Central,tropical_cyclone,2024-09-04,0.295,4483.8,0.5463914539366572,High
SP-00975,Conductor,Central,summer_storm,2024-04-19,0.205,2933.0,0.5029779504875809,High
SP-00975,Damper,Central,summer_storm,2024-04-19,0.175,1300.0,0.49612558323690936,Medium
SP-00975,Spacer,Central,summer_storm,2024-04-19,0.065,7839.5,0.385483853681347,Medium
SP-00975,Insulator,Central,summer_storm,2024-04-19,0.145,72.8,0.48650303266126693,Medium
SP-00975,Fittings,Central,summer_storm,2024-04-19,0.09,4606.0,0.42255725876092665,Medium
SP-00975,Arrester,Central,summer_storm,2024-04-19,0.175,606.9,0.5008570126665233,High
SP-00976,Conductor,Central,heatwave,2025-03-24,0.035,11466.3,0.3427255962072108,Medium
SP-00976,Damper,Central,heatwave,2025-03-24,0.11,1230.4,0.45760070585745644,Medium
SP-00976,Spacer,Central,heatwave,2025-03-24,0.075,11151.4,0.3688752530062087,Medium
SP-00976,Insulator,Central,heatwave,2025-03-24,0.145,972.2,0.48036330155609486,Medium
SP-00976,Fittings,Central,heatwave,2025-03-24,0.075,8340.0,0.3880672032275571,Medium
SP-00976,Arrester,Central,heatwave,2025-03-24,0.175,1087.3,0.4975775743488397,Medium
SP-00978,Conductor,Central,heatwave,2024-04-19,0.095,4581.2,0.4257265553268687,Medium
SP-00978,Damper,Central,heatwave,2024-04-19,0.055,2442.8,0.41632428825470946,Medium
SP-00978,Spacer,Central,heatwave,2024-04-19,0.155,3281.2,0.4706009720899593,Medium
SP-00978,Insulator,Central,heatwave,2024-04-19,0.13,2769.3,0.4590954443522871,Medium
SP-00978,Fittings,Central,heatwave,2024-04-19,0.12,4456.9,0.44157508609890883,Medium
SP-00978,Arrester,Central,heatwave,2024-04-19,0.06,10828.5,0.36207952160067175,Medium
SP-00984,Conductor,Central,heatwave,2024-04-18,0.06,12485.5,0.35076805346494777,Medium
SP-00984,Conductor,Central,summer_storm,2024-04-17,0.1,12485.5,0.3747680534649478,Medium
SP-00984,Damper,Central,heatwave,2024-04-18,0.045,12170.4,0.3439190755588323,Medium
SP-00984,Damper,Central,summer_storm,2024-04-17,0.1,12170.4,0.37691907555883225,Medium
SP-00984,Spacer,Central,heatwave,2024-04-18,0.05,33651.7,0.2002775303180796,Low
SP-00984,Spacer,Central,summer_storm,2024-04-17,0.07,33651.7,0.2122775303180796,Low
SP-00984,Insulator,Central,heatwave,2024-04-18,0.04,17675.0,0.30334206439413336,Medium
SP-00984,Insulator,Central,summer_storm,2024-04-17,0.145,17675.0,0.3663420643941333,Medium
SP-00984,Fittings,Central,heatwave,2024-04-18,0.04,16177.4,0.31356539250521376,Medium
SP-00984,Fittings,Central,summer_storm,2024-04-17,0.17,16177.4,0.3915653925052137,Medium
SP-00984,Arrester,Central,heatwave,2024-04-18,0.055,7243.7,0.38355106714861575,Medium
SP-00984,Arrester,Central,summer_storm,2024-04-17,0.075,7243.7,0.39555106714861576,Medium
SP-00987,Conductor,Central,summer_storm,2024-05-18,0.09,29739.1,0.2509867941852091,Low
SP-00987,Conductor,Central,tropical_cyclone,2024-11-27,0.155,29739.1,0.2899867941852091,Low
SP-00987,Damper,Central,summer_storm,2024-05-18,0.11,12365.5,0.3815872303969254,Medium
SP-00987,Damper,Central,tropical_cyclone,2024-11-27,0.26,12365.5,0.4715872303969254,Medium
SP-00987,Spacer,Central,summer_storm,2024-05-18,0.105,9990.7,0.39479874188076197,Medium
SP-00987,Spacer,Central,tropical_cyclone,2024-11-27,0.265,9990.7,0.490798741880762,Medium
SP-00987,Insulator,Central,summer_storm,2024-05-18,0.135,7468.0,0.430019888933261,Medium
SP-00987,Insulator,Central,tropical_cyclone,2024-11-27,0.275,7468.0,0.514019888933261,High
SP-00987,Fittings,Central,summer_storm,2024-05-18,0.08,22212.6,0.2963662540062872,Low
SP-00987,Fittings,Central,tropical_cyclone,2024-11-27,0.17,22212.6,0.3503662540062872,Medium
SP-00987,Arrester,Central,summer_storm,2024-05-18,0.165,14055.1,0.40305321919468085,Medium
SP-00987,Arrester,Central,tropical_cyclone,2024-11-27,0.27,14055.1,0.4660532191946808,Medium
SP-00988,Conductor,Central,summer_storm,2024-05-19,0.105,8203.7,0.406997651692795,Medium
SP-00988,Damper,Central,summer_storm,2024-05-19,0.145,4184.9,0.4584318871447247,Medium
SP-00988,Spacer,Central,summer_storm,2024-05-19,0.105,7000.7,0.4152099004358704,Medium
SP-00988,Insulator,Central,summer_storm,2024-05-19,0.12,2185.4,0.45708142277380137,Medium
SP-00988,Fittings,Central,summer_storm,2024-05-19,0.14,11342.5,0.4065707137420344,Medium
SP-00988,Arrester,Central,summer_storm,2024-05-19,0.115,1020.8,0.46203153489864396,Medium
SP-00990,Conductor,Central,southwest_monsoon,2024-06-20,0.155,24055.2,0.32878779221577126,Medium
SP-00990,Damper,Central,southwest_monsoon,2024-06-20,0.165,8027.8,0.44419842854558556,Medium
SP-00990,Spacer,Central,southwest_monsoon,2024-06-20,0.265,12594.0,0.47302738098895136,Medium
SP-00990,Insulator,Central,southwest_monsoon,2024-06-20,0.15,1179.2,0.48195022134843357,Medium
SP-00990,Fittings,Central,southwest_monsoon,2024-06-20,0.225,8395.3,0.47768969919140414,Medium
SP-00990,Arrester,Central,southwest_monsoon,2024-06-20,0.14,1448.0,0.47411526502080376,Medium
SP-00991,Conductor,Central,heatwave,2024-04-14,0.04,12494.3,0.3387079804899361,Medium
SP-00991,Damper,Central,heatwave,2024-04-14,0.105,2731.3,0.4443548503807466,Medium
SP-00991,Spacer,Central,heatwave,2024-04-14,0.07,3276.3,0.4196344218146817,Medium
SP-00991,Insulator,Central,heatwave,2024-04-14,0.015,14481.0,0.3101458237336037,Medium
SP-00991,Fittings,Central,heatwave,2024-04-14,0.055,9214.7,0.37009608604088384,Medium
SP-00991,Arrester,Central,heatwave,2024-04-14,0.045,7881.1,0.37319987234492813,Medium
SP-00992,Conductor,Central,heatwave,2025-03-14,0.105,13158.5,0.3731738361714401,Medium
SP-00992,Conductor,Central,summer_storm,2024-04-22,0.08,13158.5,0.3581738361714401,Medium
SP-00992,Damper,Central,heatwave,2025-03-14,0.09,1903.2,0.44100785385883534,Medium
SP-00992,Damper,Central,summer_storm,2024-04-22,0.295,1903.2,0.5640078538588353,High
SP-00992,Spacer,Central,heatwave,2025-03-14,0.115,13413.1,0.37743581578076096,Medium
SP-00992,Spacer,Central,summer_storm,2024-04-22,0.06,13413.1,0.34443581578076093,Medium
SP-00992,Insulator,Central,heatwave,2025-03-14,0.145,25858.2,0.3104796588128078,Medium
SP-00992,Insulator,Central,summer_storm,2024-04-22,0.085,25858.2,0.27447965881280784,Low
SP-00992,Fittings,Central,heatwave,2025-03-14,0.14,4237.4,0.4550734972369845,Medium
SP-00992,Fittings,Central,summer_storm,2024-04-22,0.215,4237.4,0.5000734972369845,High
SP-00992,Arrester,Central,heatwave,2025-03-14,0.105,446.9,0.4599492485758268,Medium
SP-00992,Arrester,Central,summer_storm,2024-04-22,0.21,446.9,0.5229492485758268,High
SP-00996,Conductor,Central,tropical_cyclone,2024-11-02,0.28,18109.8,0.44437391331060117,Medium
SP-00996,Damper,Central,tropical_cyclone,2024-11-02,0.285,3326.5,0.5482917327981378,High
SP-00996,Spacer,Central,tropical_cyclone,2024-11-02,0.23,1793.1,0.5257594486939248,High
SP-00996,Insulator,Central,tropical_cyclone,2024-11-02,0.25,797.8,0.5445538386972356,High
SP-00996,Fittings,Central,tropical_cyclone,2024-11-02,0.275,2526.6,0.5477522296972117,High
SP-00996,Arrester,Central,tropical_cyclone,2024-11-02,0.225,250.1,0.5332926987442701,High
SP-00998,Conductor,Central,summer_storm,2024-04-24,0.06,11272.8,0.35904651901002466,Medium
SP-00998,Damper,Central,summer_storm,2024-04-24,0.135,1600.7,0.47007286237486223,Medium
SP-00998,Spacer,Central,summer_storm,2024-04-24,0.12,1885.6,0.45912799980885877,Medium
SP-00998,Insulator,Central,summer_storm,2024-04-24,0.115,934.2,0.4626227075845544,Medium
SP-00998,Fittings,Central,summer_storm,2024-04-24,0.065,17283.5,0.32101462913471024,Medium
SP-00998,Arrester,Central,summer_storm,2024-04-24,0.18,2627.4,0.49006412107435054,Medium
SP-01000,Conductor,Central,tropical_cyclone,2024-08-05,0.305,9485.8,0.5182454288220577,High
SP-01000,Conductor,Central,summer_storm,2024-04-23,0.13,9485.8,0.4132454288220577,Medium
SP-01000,Damper,Central,tropical_cyclone,2024-08-05,0.26,1701.8,0.5443827058096711,High
SP-01000,Damper,Central,summer_storm,2024-04-23,0.235,1701.8,0.5293827058096711,High
SP-01000,Spacer,Central,tropical_cyclone,2024-08-05,0.265,1788.3,0.546792215771204,High
SP-01000,Spacer,Central,summer_storm,2024-04-23,0.175,1788.3,0.4927922157712039,Medium
SP-01000,Insulator,Central,tropical_cyclone,2024-08-05,0.29,314.7,0.5718517084958887,High
SP-01000,Insulator,Central,summer_storm,2024-04-23,0.2,314.7,0.5178517084958888,High
SP-01000,Fittings,Central,tropical_cyclone,2024-08-05,0.305,7272.6,0.5333537820374978,High
SP-01000,Fittings,Central,summer_storm,2024-04-23,0.125,7272.6,0.42535378203749785,Medium
SP-01000,Arrester,Central,tropical_cyclone,2024-08-05,0.275,616.7,0.5607901132170785,High
SP-01000,Arrester,Central,summer_storm,2024-04-23,0.21,616.7,0.5217901132170785,High
SP-01001,Conductor,Central,southwest_monsoon,2024-09-09,0.185,14860.1,0.4095579072759978,Medium
SP-01001,Damper,Central,southwest_monsoon,2024-09-09,0.105,2462.9,0.4461870761186032,Medium
SP-01001,Spacer,Central,southwest_monsoon,2024-09-09,0.11,6232.4,0.42345468074285697,Medium
SP-01001,Insulator,Central,southwest_monsoon,2024-09-09,0.135,2693.7,0.462611525819433,Medium
SP-01001,Fittings,Central,southwest_monsoon,2024-09-09,0.12,5951.8,0.43137018946879796,Medium
SP-01001,Arrester,Central,southwest_monsoon,2024-09-09,0.15,3161.7,0.4684167357847203,Medium
SP-01002,Conductor,Central,southwest_monsoon,2024-07-14,0.085,31488.3,0.23604592510674904,Low
SP-01002,Conductor,Central,tropical_cyclone,2024-09-18,0.21,31488.3,0.311045925106749,Medium
SP-01002,Damper,Central,southwest_monsoon,2024-07-14,0.16,2449.2,0.4792805988183373,Medium
SP-01002,Damper,Central,tropical_cyclone,2024-09-18,0.39,2449.2,0.6172805988183373,High
SP-01002,Spacer,Central,southwest_monsoon,2024-07-14,0.065,15049.3,0.3362663383132464,Medium
SP-01002,Spacer,Central,tropical_cyclone,2024-09-18,0.3,15049.3,0.47726633831324644,Medium
SP-01002,Insulator,Central,southwest_monsoon,2024-07-14,0.08,21609.8,0.300481252794588,Medium
SP-01002,Insulator,Central,tropical_cyclone,2024-09-18,0.21,21609.8,0.378481252794588,Medium
SP-01002,Fittings,Central,southwest_monsoon,2024-07-14,0.1,21083.9,0.3160712956989798,Medium
SP-01002,Fittings,Central,tropical_cyclone,2024-09-18,0.18,21083.9,0.3640712956989798,Medium
SP-01002,Arrester,Central,southwest_monsoon,2024-07-14,0.08,4418.5,0.41783722271714163,Medium
SP-01002,Arrester,Central,tropical_cyclone,2024-09-18,0.255,4418.5,0.5228372227171416,High
SP-01003,Conductor,Central,southwest_monsoon,2024-06-22,0.16,13193.3,0.40593627486116657,Medium
SP-01003,Damper,Central,southwest_monsoon,2024-06-22,0.14,4098.3,0.4560230598306352,Medium
SP-01003,Spacer,Central,southwest_monsoon,2024-06-22,0.09,17019.4,0.3378175010325043,Medium
SP-01003,Insulator,Central,southwest_monsoon,2024-06-22,0.095,6078.6,0.4155045925106749,Medium
SP-01003,Fittings,Central,southwest_monsoon,2024-06-22,0.23,8354.7,0.4809668540533899,Medium
SP-01003,Arrester,Central,southwest_monsoon,2024-06-22,0.215,721.5,0.5240746986964848,High
SP-01005,Conductor,Central,summer_storm,2024-04-19,0.135,16318.5,0.36960217696269676,Medium
SP-01005,Conductor,Central,tropical_cyclone,2024-11-05,0.32,16318.5,0.48060217696269675,Medium
SP-01005,Damper,Central,summer_storm,2024-04-19,0.15,5315.0,0.45371728838782566,Medium
SP-01005,Damper,Central,tropical_cyclone,2024-11-05,0.26,5315.0,0.5197172883878257,High
SP-01005,Spacer,Central,summer_storm,2024-04-19,0.12,2048.8,0.4580139191813692,Medium
SP-01005,Spacer,Central,tropical_cyclone,2024-11-05,0.25,2048.8,0.5360139191813692,High
SP-01005,Insulator,Central,summer_storm,2024-04-19,0.09,7983.6,0.39950015871553063,Medium
SP-01005,Insulator,Central,tropical_cyclone,2024-11-05,0.245,7983.6,0.49250015871553066,Medium
SP-01005,Fittings,Central,summer_storm,2024-04-19,0.085,20297.9,0.312436904603433,Medium
SP-01005,Fittings,Central,tropical_cyclone,2024-11-05,0.24,20297.9,0.40543690460343296,Medium
SP-01005,Arrester,Central,summer_storm,2024-04-19,0.125,887.3,0.468942869235469,Medium
SP-01005,Arrester,Central,tropical_cyclone,2024-11-05,0.335,887.3,0.594942869235469,High
SP-01008,Conductor,Central,heatwave,2024-04-29,0.03,24516.7,0.25063737426487404,Low
SP-01008,Conductor,Central,summer_storm,2024-04-05,0.055,24516.7,0.265637374264874,Low
SP-01008,Damper,Central,heatwave,2024-04-29,0.06,7616.2,0.3840082054222686,Medium
SP-01008,Damper,Central,summer_storm,2024-04-05,0.105,7616.2,0.4110082054222686,Medium
SP-01008,Spacer,Central,heatwave,2024-04-29,0.09,11406.4,0.3761345020257563,Medium
SP-01008,Spacer,Central,summer_storm,2024-04-05,0.11,11406.4,0.38813450202575633,Medium
SP-01008,Insulator,Central,heatwave,2024-04-29,0.095,2344.7,0.44099396539660113,Medium
SP-01008,Insulator,Central,summer_storm,2024-04-05,0.14,2344.7,0.46799396539660115,Medium
SP-01008,Fittings,Central,heatwave,2024-04-29,0.035,20476.4,0.2812183789171164,Low
SP-01008,Fittings,Central,summer_storm,2024-04-05,0.08,20476.4,0.30821837891711634,Medium
SP-01008,Arrester,Central,heatwave,2024-04-29,0.07,1350.5,0.4327808462780355,Medium
SP-01008,Arrester,Central,summer_storm,2024-04-05,0.18,1350.5,0.4987808462780355,Medium
SP-01009,Conductor,Central,heatwave,2025-03-17,0.12,33999.9,0.2399005519204579,Low
SP-01009,Damper,Central,heatwave,2025-03-17,0.035,12136.1,0.33815322363188927,Medium
SP-01009,Spacer,Central,heatwave,2025-03-17,0.08,21184.0,0.3033879656082218,Medium
SP-01009,Insulator,Central,heatwave,2025-03-17,0.11,5667.6,0.4273102735026982,Medium
SP-01009,Fittings,Central,heatwave,2025-03-17,0.085,21985.1,0.30091927693982806,Medium
SP-01009,Arrester,Central,heatwave,2025-03-17,0.085,1341.7,0.4418409192530472,Medium
SP-01011,Conductor,Central,southwest_monsoon,2024-08-21,0.15,20106.3,0.35274485710482395,Medium
SP-01011,Damper,Central,southwest_monsoon,2024-08-21,0.205,3911.2,0.4963002931970769,Medium
SP-01011,Spacer,Central,southwest_monsoon,2024-08-21,0.17,7203.3,0.4528268567157149,Medium
SP-01011,Insulator,Central,southwest_monsoon,2024-08-21,0.205,1472.6,0.5129473337497483,High
SP-01011,Fittings,Central,southwest_monsoon,2024-08-21,0.155,8491.5,0.4350329923509354,Medium
SP-01011,Arrester,Central,southwest_monsoon,2024-08-21,0.165,4012.6,0.47160808868955584,Medium
SP-01014,Conductor,Central,heatwave,2024-04-29,0.065,24452.5,0.27207563392348205,Low
SP-01014,Damper,Central,heatwave,2024-04-29,0.07,19180.9,0.3110620765452578,Medium
SP-01014,Spacer,Central,heatwave,2024-04-29,0.075,3717.6,0.4196218986473341,Medium
SP-01014,Insulator,Central,heatwave,2024-04-29,0.075,1273.4,0.4363071674568311,Medium
SP-01014,Fittings,Central,heatwave,2024-04-29,0.08,3483.4,0.42422065895957706,Medium
SP-01014,Arrester,Central,heatwave,2024-04-29,0.085,940.5,0.44457970079562564,Medium
SP-01015,Conductor,Central,southwest_monsoon,2024-08-08,0.125,25371.5,0.3018021039194203,Medium
SP-01015,Conductor,Central,tropical_cyclone,2024-11-21,0.175,25371.5,0.33180210391942033,Medium
SP-01015,Damper,Central,southwest_monsoon,2024-08-08,0.13,20545.5,0.33774666953378596,Medium
SP-01015,Damper,Central,tropical_cyclone,2024-11-21,0.21,20545.5,0.38574666953378595,Medium
SP-01015,Spacer,Central,southwest_monsoon,2024-08-08,0.155,5044.9,0.45856111913221853,Medium
SP-01015,Spacer,Central,tropical_cyclone,2024-11-21,0.305,5044.9,0.5485611191322186,High
SP-01015,Insulator,Central,southwest_monsoon,2024-08-08,0.115,4144.0,0.4407110899490404,Medium
SP-01015,Insulator,Central,tropical_cyclone,2024-11-21,0.355,4144.0,0.5847110899490404,High
SP-01015,Fittings,Central,southwest_monsoon,2024-08-08,0.15,7997.3,0.43540663601579654,Medium
SP-01015,Fittings,Central,tropical_cyclone,2024-11-21,0.29,7997.3,0.5194066360157965,High
SP-01015,Arrester,Central,southwest_monsoon,2024-08-08,0.135,1426.1,0.47126476481088964,Medium
SP-01015,Arrester,Central,tropical_cyclone,2024-11-21,0.31,1426.1,0.5762647648108896,High
SP-01019,Conductor,Central,heatwave,2024-04-20,0.03,21473.2,0.27141374920215583,Low
SP-01019,Conductor,Central,southwest_monsoon,2024-07-17,0.11,21473.2,0.3194137492021558,Medium
SP-01019,Damper,Central,heatwave,2024-04-20,0.055,20520.6,0.29291664874717127,Low
SP-01019,Damper,Central,southwest_monsoon,2024-07-17,0.125,20520.6,0.3349166487471713,Medium
SP-01019,Spacer,Central,heatwave,2024-04-20,0.08,3422.7,0.42463502595766905,Medium
SP-01019,Spacer,Central,southwest_monsoon,2024-07-17,0.275,3422.7,0.5416350259576691,High
SP-01019,Insulator,Central,heatwave,2024-04-20,0.07,1853.3,0.4293484949330494,Medium
SP-01019,Insulator,Central,southwest_monsoon,2024-07-17,0.215,1853.3,0.5163484949330495,High
SP-01019,Fittings,Central,heatwave,2024-04-20,0.06,5386.0,0.39923260870307226,Medium
SP-01019,Fittings,Central,southwest_monsoon,2024-07-17,0.175,5386.0,0.46823260870307226,Medium
SP-01019,Arrester,Central,heatwave,2024-04-20,0.08,1704.7,0.43636290903381497,Medium
SP-01019,Arrester,Central,southwest_monsoon,2024-07-17,0.17,1704.7,0.49036290903381496,Medium
SP-01020,Conductor,Central,summer_storm,2024-05-24,0.085,22092.0,0.3001895268229247,Medium
SP-01020,Conductor,Central,tropical_cyclone,2024-09-24,0.195,22092.0,0.3661895268229247,Medium
SP-01020,Damper,Central,summer_storm,2024-05-24,0.105,14886.0,0.3613811015881793,Medium
SP-01020,Damper,Central,tropical_cyclone,2024-09-24,0.18,14886.0,0.4063811015881793,Medium
SP-01020,Spacer,Central,summer_storm,2024-05-24,0.2,17071.2,0.40346388965686725,Medium
SP-01020,Spacer,Central,tropical_cyclone,2024-09-24,0.16,17071.2,0.3794638896568673,Medium
SP-01020,Insulator,Central,summer_storm,2024-05-24,0.135,6574.4,0.4361200264867208,Medium
SP-01020,Insulator,Central,tropical_cyclone,2024-09-24,0.31,6574.4,0.5411200264867209,High
SP-01020,Fittings,Central,summer_storm,2024-05-24,0.085,23321.7,0.29179501121248425,Low
SP-01020,Fittings,Central,tropical_cyclone,2024-09-24,0.215,23321.7,0.36979501121248426,Medium
SP-01020,Arrester,Central,summer_storm,2024-05-24,0.17,1596.6,0.4911008509200381,Medium
SP-01020,Arrester,Central,tropical_cyclone,2024-09-24,0.39,1596.6,0.6231008509200381,High
SP-01021,Conductor,Central,southwest_monsoon,2024-09-20,0.08,21820.7,0.29904154933663735,Low
SP-01021,Conductor,Central,heatwave,2025-03-12,0.04,21820.7,0.2750415493366374,Low
SP-01021,Damper,Central,southwest_monsoon,2024-09-20,0.17,2693.5,0.4836128911143196,Medium
SP-01021,Damper,Central,heatwave,2025-03-12,0.09,2693.5,0.43561289111431956,Medium
SP-01021,Spacer,Central,southwest_monsoon,2024-09-20,0.18,2395.2,0.4916492284377272,Medium
SP-01021,Spacer,Central,heatwave,2025-03-12,0.19,2395.2,0.4976492284377272,Medium
SP-01021,Insulator,Central,southwest_monsoon,2024-09-20,0.14,9460.1,0.4194208692149896,Medium
SP-01021,Insulator,Central,heatwave,2025-03-12,0.035,9460.1,0.3564208692149896,Medium
SP-01021,Fittings,Central,southwest_monsoon,2024-09-20,0.105,31384.9,0.24875178256313635,Low
SP-01021,Fittings,Central,heatwave,2025-03-12,0.05,31384.9,0.21575178256313635,Low
SP-01021,Arrester,Central,southwest_monsoon,2024-09-20,0.13,961.3,0.4714377101274162,Medium
SP-01021,Arrester,Central,heatwave,2025-03-12,0.125,961.3,0.4684377101274162,Medium
SP-01025,Conductor,Central,tropical_cyclone,2024-09-28,0.255,12873.4,0.4651200640323302,Medium
SP-01025,Damper,Central,tropical_cyclone,2024-09-28,0.2,17044.0,0.4036495697614489,Medium
SP-01025,Spacer,Central,tropical_cyclone,2024-09-28,0.245,10227.6,0.4771815500875496,Medium
SP-01025,Insulator,Central,tropical_cyclone,2024-09-28,0.35,1252.5,0.6014498407724839,High
SP-01025,Fittings,Central,tropical_cyclone,2024-09-28,0.19,13496.5,0.42186648781303654,Medium
SP-01025,Arrester,Central,tropical_cyclone,2024-09-28,0.375,1172.8,0.6169939107848057,High
SP-01026,Conductor,Central,summer_storm,2024-04-14,0.09,19116.5,0.32350170149875246,Medium
SP-01026,Damper,Central,summer_storm,2024-04-14,0.105,1847.1,0.4503908190745349,Medium
SP-01026,Spacer,Central,summer_storm,2024-04-14,0.16,2400.9,0.4796103175334583,Medium
SP-01026,Insulator,Central,summer_storm,2024-04-14,0.135,1029.9,0.4739694139813023,Medium
SP-01026,Fittings,Central,summer_storm,2024-04-14,0.1,10235.7,0.39012625564464104,Medium
SP-01026,Arrester,Central,summer_storm,2024-04-14,0.165,637.0,0.49465153578608567,Medium
SP-01027,Conductor,Central,summer_storm,2024-05-21,0.12,10286.4,0.4017801533908805,Medium
SP-01027,Damper,Central,summer_storm,2024-05-21,0.105,9522.4,0.3979955798578046,Medium
SP-01027,Spacer,Central,summer_storm,2024-05-21,0.105,10051.5,0.3943836922352267,Medium
SP-01027,Insulator,Central,summer_storm,2024-05-21,0.09,21099.0,0.3099682159350393,Medium
SP-01027,Fittings,Central,summer_storm,2024-05-21,0.155,18182.5,0.3688776286193114,Medium
SP-01027,Arrester,Central,summer_storm,2024-05-21,0.115,2227.3,0.45379539349505255,Medium
SP-01029,Conductor,Central,tropical_cyclone,2024-11-11,0.34,4703.1,0.571894408093468,High
SP-01029,Conductor,Central,heatwave,2024-04-08,0.1,4703.1,0.42789440809346807,Medium
SP-01029,Damper,Central,tropical_cyclone,2024-11-11,0.27,1489.0,0.5518353795690447,High
SP-01029,Damper,Central,heatwave,2024-04-08,0.105,1489.0,0.4528353795690447,Medium
SP-01029,Spacer,Central,tropical_cyclone,2024-11-11,0.42,7178.2,0.602998201223987,High
SP-01029,Spacer,Central,heatwave,2024-04-08,0.06,7178.2,0.38699820122398687,Medium
SP-01029,Insulator,Central,tropical_cyclone,2024-11-11,0.365,8280.7,0.5624720131614427,High
SP-01029,Insulator,Central,heatwave,2024-04-08,0.025,8280.7,0.3584720131614427,Medium
SP-01029,Fittings,Central,tropical_cyclone,2024-11-11,0.255,3188.3,0.5312351515647986,High
SP-01029,Fittings,Central,heatwave,2024-04-08,0.05,3188.3,0.4082351515647986,Medium
SP-01029,Arrester,Central,tropical_cyclone,2024-11-11,0.38,1977.8,0.6144985988661227,High
SP-01029,Arrester,Central,heatwave,2024-04-08,0.155,1977.8,0.47949859886612267,Medium
SP-01030,Conductor,Central,tropical_cyclone,2024-11-08,0.34,14259.4,0.5066585704679889,High
SP-01030,Damper,Central,tropical_cyclone,2024-11-08,0.305,15993.8,0.47381873321113943,Medium
SP-01030,Spacer,Central,tropical_cyclone,2024-11-08,0.355,1971.2,0.5995436535973814,High
SP-01030,Insulator,Central,tropical_cyclone,2024-11-08,0.38,371.3,0.6254653300429727,High
SP-01030,Fittings,Central,tropical_cyclone,2024-11-08,0.31,2959.2,0.5657990968574325,High
SP-01030,Arrester,Central,tropical_cyclone,2024-11-08,0.425,939.3,0.6485878925649454,High
SP-01033,Conductor,Central,heatwave,2025-03-08,0.055,15598.2,0.3265192864968922,Medium
SP-01033,Damper,Central,heatwave,2025-03-08,0.06,8705.9,0.37656939623246877,Medium
SP-01033,Spacer,Central,heatwave,2025-03-08,0.065,17985.9,0.316219713492868,Medium
SP-01033,Insulator,Central,heatwave,2025-03-08,0.125,1654.1,0.46370832864013223,Medium
SP-01033,Fittings,Central,heatwave,2025-03-08,0.055,16611.2,0.31960406789611473,Medium
SP-01033,Arrester,Central,heatwave,2025-03-08,0.11,1418.3,0.45631801131146815,Medium
SP-01034,Conductor,Central,summer_storm,2024-04-13,0.085,30344.2,0.24385609450571205,Low
SP-01034,Conductor,Central,heatwave,2024-04-21,0.11,30344.2,0.25885609450571206,Low
SP-01034,Damper,Central,summer_storm,2024-04-13,0.105,10322.4,0.3925344003112872,Medium
SP-01034,Damper,Central,heatwave,2024-04-21,0.075,10322.4,0.3745344003112872,Medium
SP-01034,Spacer,Central,summer_storm,2024-04-13,0.08,17869.5,0.3260143151168863,Medium
SP-01034,Spacer,Central,heatwave,2024-04-21,0.06,17869.5,0.31401431511688627,Medium
SP-01034,Insulator,Central,summer_storm,2024-04-13,0.145,3736.7,0.46149151298566093,Medium
SP-01034,Insulator,Central,heatwave,2024-04-21,0.095,3736.7,0.43149151298566096,Medium
SP-01034,Fittings,Central,summer_storm,2024-04-13,0.095,7538.3,0.4055399877806108,Medium
SP-01034,Fittings,Central,heatwave,2024-04-21,0.095,7538.3,0.4055399877806108,Medium
SP-01034,Arrester,Central,summer_storm,2024-04-13,0.075,19882.8,0.3092705741406322,Medium
SP-01034,Arrester,Central,heatwave,2024-04-21,0.06,19882.8,0.3002705741406322,Medium
SP-01035,Conductor,Central,tropical_cyclone,2024-11-30,0.22,28332.1,0.3385916437126464,Medium
SP-01035,Damper,Central,tropical_cyclone,2024-11-30,0.275,10042.5,0.49644513050512495,Medium
SP-01035,Spacer,Central,tropical_cyclone,2024-11-30,0.28,12939.6,0.47966815142485586,Medium
SP-01035,Insulator,Central,tropical_cyclone,2024-11-30,0.315,6353.1,0.5456307252787762,High
SP-01035,Fittings,Central,tropical_cyclone,2024-11-30,0.26,12674.1,0.46948058038685636,Medium
SP-01035,Arrester,Central,tropical_cyclone,2024-11-30,0.4,1583.1,0.6291930083248856,High
SP-01036,Conductor,Central,tropical_cyclone,2024-08-05,0.25,17592.0,0.42990866177208453,Medium
SP-01036,Damper,Central,tropical_cyclone,2024-08-05,0.185,14209.8,0.41399716359987304,Medium
SP-01036,Spacer,Central,tropical_cyclone,2024-08-05,0.29,2276.7,0.5584581656580551,High
SP-01036,Insulator,Central,tropical_cyclone,2024-08-05,0.375,1764.5,0.6129546858627127,High
SP-01036,Fittings,Central,tropical_cyclone,2024-08-05,0.28,6893.7,0.5209403332002172,High
SP-01036,Arrester,Central,tropical_cyclone,2024-08-05,0.305,4132.9,0.5547868638152483,High
SP-01039,Conductor,Central,tropical_cyclone,2024-10-19,0.24,14657.1,0.44394368158592656,Medium
SP-01039,Conductor,Central,southwest_monsoon,2024-08-16,0.13,14657.1,0.3779436815859266,Medium
SP-01039,Damper,Central,tropical_cyclone,2024-10-19,0.355,2119.3,0.5985326527338324,High
SP-01039,Damper,Central,southwest_monsoon,2024-08-16,0.14,2119.3,0.4695326527338324,Medium
SP-01039,Spacer,Central,tropical_cyclone,2024-10-19,0.25,14928.2,0.4480930243671005,Medium
SP-01039,Spacer,Central,southwest_monsoon,2024-08-16,0.14,14928.2,0.3820930243671005,Medium
SP-01039,Insulator,Central,tropical_cyclone,2024-10-19,0.355,1654.8,0.601703550108029,High
SP-01039,Insulator,Central,southwest_monsoon,2024-08-16,0.17,1654.8,0.490703550108029,Medium
SP-01039,Fittings,Central,tropical_cyclone,2024-10-19,0.165,16999.8,0.382951299931394,Medium
SP-01039,Fittings,Central,southwest_monsoon,2024-08-16,0.145,16999.8,0.370951299931394,Medium
SP-01039,Arrester,Central,tropical_cyclone,2024-10-19,0.21,13646.2,0.4328445645903945,Medium
SP-01039,Arrester,Central,southwest_monsoon,2024-08-16,0.17,13646.2,0.40884456459039453,Medium
SP-01040,Conductor,Central,summer_storm,2024-04-15,0.105,18614.8,0.33592654372186215,Medium
SP-01040,Damper,Central,summer_storm,2024-04-15,0.12,2517.6,0.4548136679671101,Medium
SP-01040,Spacer,Central,summer_storm,2024-04-15,0.19,10363.0,0.44325724544930145,Medium
SP-01040,Insulator,Central,summer_storm,2024-04-15,0.205,1675.7,0.5115608767923762,High
SP-01040,Fittings,Central,summer_storm,2024-04-15,0.11,3939.5,0.43910710397061886,Medium
SP-01040,Arrester,Central,summer_storm,2024-04-15,0.11,840.1,0.46026507882871354,Medium
SP-01041,Conductor,Central,summer_storm,2024-05-09,0.185,4232.7,0.48210558166682027,Medium
SP-01041,Damper,Central,summer_storm,2024-05-09,0.12,10718.2,0.39883248173064784,Medium
SP-01041,Spacer,Central,summer_storm,2024-05-09,0.105,16603.4,0.34965731439669323,Medium
SP-01041,Insulator,Central,summer_storm,2024-05-09,0.2,6175.0,0.4778465203753196,Medium
SP-01041,Fittings,Central,summer_storm,2024-05-09,0.115,10959.9,0.3941825228601563,Medium
SP-01041,Arrester,Central,summer_storm,2024-05-09,0.11,2320.4,0.4501598487253266,Medium
SP-01042,Conductor,Central,summer_storm,2024-04-30,0.105,15352.5,0.3581965512651164,Medium
SP-01042,Damper,Central,summer_storm,2024-04-30,0.15,10115.5,0.42094679787150524,Medium
SP-01042,Spacer,Central,summer_storm,2024-04-30,0.115,5568.8,0.4309847291766931,Medium
SP-01042,Insulator,Central,summer_storm,2024-04-30,0.12,6197.5,0.4296929247005738,Medium
SP-01042,Fittings,Central,summer_storm,2024-04-30,0.175,10899.6,0.430594159268475,Medium
SP-01042,Arrester,Central,summer_storm,2024-04-30,0.185,5527.6,0.4732659799233387,Medium
SP-01045,Conductor,Central,summer_storm,2024-04-20,0.05,9916.4,0.36230594893114476,Medium
SP-01045,Damper,Central,summer_storm,2024-04-20,0.065,9162.4,0.3764531106537373,Medium
SP-01045,Spacer,Central,summer_storm,2024-04-20,0.065,18107.3,0.31539097949668404,Medium
SP-01045,Insulator,Central,summer_storm,2024-04-20,0.095,11009.4,0.38184461237571554,Medium
SP-01045,Fittings,Central,summer_storm,2024-04-20,0.07,12425.3,0.3571790072258232,Medium
SP-01045,Arrester,Central,summer_storm,2024-04-20,0.195,1369.5,0.5076511432638058,High
SP-01046,Conductor,Central,tropical_cyclone,2024-08-10,0.23,12136.4,0.4551511756895593,Medium
SP-01046,Conductor,Central,heatwave,2024-04-06,0.085,12136.4,0.3681511756895593,Medium
SP-01046,Damper,Central,tropical_cyclone,2024-08-10,0.29,2463.0,0.5571863934711598,High
SP-01046,Damper,Central,heatwave,2024-04-06,0.07,2463.0,0.4251863934711599,Medium
SP-01046,Spacer,Central,tropical_cyclone,2024-08-10,0.135,22841.9,0.325070353645508,Medium
SP-01046,Spacer,Central,heatwave,2024-04-06,0.05,22841.9,0.274070353645508,Low
SP-01046,Insulator,Central,tropical_cyclone,2024-08-10,0.24,4704.0,0.5118882642664783,High
SP-01046,Insulator,Central,heatwave,2024-04-06,0.07,4704.0,0.40988826426647823,Medium
SP-01046,Fittings,Central,tropical_cyclone,2024-08-10,0.125,24667.2,0.30660998986268545,Medium
SP-01046,Fittings,Central,heatwave,2024-04-06,0.055,24667.2,0.26460998986268547,Low
SP-01046,Arrester,Central,tropical_cyclone,2024-08-10,0.24,6685.5,0.4983616051771983,Medium
SP-01046,Arrester,Central,heatwave,2024-04-06,0.095,6685.5,0.4113616051771983,Medium
SP-01047,Conductor,Central,summer_storm,2024-05-19,0.065,37450.8,0.1833430712991122,Low
SP-01047,Conductor,Central,southwest_monsoon,2024-09-25,0.07,37450.8,0.1863430712991122,Low
SP-01047,Damper,Central,summer_storm,2024-05-19,0.09,11343.6,0.3765632046201579,Medium
SP-01047,Damper,Central,southwest_monsoon,2024-09-25,0.11,11343.6,0.3885632046201579,Medium
SP-01047,Spacer,Central,summer_storm,2024-05-19,0.185,3269.4,0.4886815244882704,Medium
SP-01047,Spacer,Central,southwest_monsoon,2024-09-25,0.19,3269.4,0.4916815244882704,Medium
SP-01047,Insulator,Central,summer_storm,2024-05-19,0.08,16654.2,0.33431052949548945,Medium
SP-01047,Insulator,Central,southwest_monsoon,2024-09-25,0.115,16654.2,0.35531052949548947,Medium
SP-01047,Fittings,Central,summer_storm,2024-05-19,0.065,29007.0,0.24098445611771574,Low
SP-01047,Fittings,Central,southwest_monsoon,2024-09-25,0.065,29007.0,0.24098445611771574,Low
SP-01047,Arrester,Central,summer_storm,2024-05-19,0.175,1308.8,0.4960655102618977,Medium
SP-01047,Arrester,Central,southwest_monsoon,2024-09-25,0.165,1308.8,0.4900655102618977,Medium
SP-01050,Conductor,Central,summer_storm,2024-05-10,0.085,29062.4,0.2526062694341194,Low
SP-01050,Damper,Central,summer_storm,2024-05-10,0.19,2384.9,0.4977195411243886,Medium
SP-01050,Spacer,Central,summer_storm,2024-05-10,0.09,16602.8,0.3406614102813531,Medium
SP-01050,Insulator,Central,summer_storm,2024-05-10,0.11,10692.3,0.3930092874184663,Medium
SP-01050,Fittings,Central,summer_storm,2024-05-10,0.14,25809.0,0.30781552135491863,Medium
SP-01050,Arrester,Central,summer_storm,2024-05-10,0.285,2539.3,0.5536655334719107,High
SP-01054,Conductor,Central,southwest_monsoon,2024-09-26,0.175,10380.0,0.43414119538393803,Medium
SP-01054,Damper,Central,southwest_monsoon,2024-09-26,0.14,9177.7,0.42134866559491024,Medium
SP-01054,Spacer,Central,southwest_monsoon,2024-09-26,0.13,2201.0,0.4629749297726443,Medium
SP-01054,Insulator,Central,southwest_monsoon,2024-09-26,0.19,1379.8,0.5045808305771443,High
SP-01054,Fittings,Central,southwest_monsoon,2024-09-26,0.15,16582.7,0.37679862241745943,Medium
SP-01054,Arrester,Central,southwest_monsoon,2024-09-26,0.155,448.4,0.4899390088641771,Medium
SP-01055,Conductor,Central,heatwave,2025-03-14,0.08,22595.9,0.2937496663560621,Low
SP-01055,Damper,Central,heatwave,2025-03-14,0.075,9922.5,0.37726430743710254,Medium
SP-01055,Spacer,Central,heatwave,2025-03-14,0.055,10422.0,0.36185448345774585,Medium
SP-01055,Insulator,Central,heatwave,2025-03-14,0.03,12313.1,0.3339449376572223,Medium
SP-01055,Fittings,Central,heatwave,2025-03-14,0.055,8970.8,0.37176106315512825,Medium
SP-01055,Arrester,Central,heatwave,2025-03-14,0.1,1128.9,0.4522935930124208,Medium
SP-01056,Conductor,Central,heatwave,2024-04-21,0.045,26388.9,0.2468568488311369,Low
SP-01056,Conductor,Central,summer_storm,2024-04-02,0.175,26388.9,0.3248568488311369,Medium
SP-01056,Conductor,Central,tropical_cyclone,2024-11-13,0.185,26388.9,0.3308568488311369,Medium
SP-01056,Damper,Central,heatwave,2024-04-21,0.065,12728.5,0.35210922017769314,Medium
SP-01056,Damper,Central,summer_storm,2024-04-02,0.075,12728.5,0.35810922017769314,Medium
SP-01056,Damper,Central,tropical_cyclone,2024-11-13,0.265,12728.5,0.4721092201776932,Medium
SP-01056,Spacer,Central,heatwave,2024-04-21,0.085,22084.9,0.30023799479140006,Medium
SP-01056,Spacer,Central,summer_storm,2024-04-02,0.125,22084.9,0.32423799479140003,Medium
SP-01056,Spacer,Central,tropical_cyclone,2024-11-13,0.19,22084.9,0.36323799479140007,Medium
SP-01056,Insulator,Central,heatwave,2024-04-21,0.08,1738.9,0.43612944360820133,Medium
SP-01056,Insulator,Central,summer_storm,2024-04-02,0.125,1738.9,0.46312944360820135,Medium
SP-01056,Insulator,Central,tropical_cyclone,2024-11-13,0.385,1738.9,0.6191294436082013,High
SP-01056,Fittings,Central,heatwave,2024-04-21,0.08,15181.0,0.34436729163040103,Medium
SP-01056,Fittings,Central,summer_storm,2024-04-02,0.065,15181.0,0.335367291630401,Medium
SP-01056,Fittings,Central,tropical_cyclone,2024-11-13,0.215,15181.0,0.42536729163040105,Medium
SP-01056,Arrester,Central,heatwave,2024-04-21,0.04,10369.2,0.353214921307816,Medium
SP-01056,Arrester,Central,summer_storm,2024-04-02,0.055,10369.2,0.36221492130781596,Medium
SP-01056,Arrester,Central,tropical_cyclone,2024-11-13,0.29,10369.2,0.503214921307816,High
SP-01058,Conductor,Central,southwest_monsoon,2024-07-20,0.11,23605.1,0.30486038835813056,Medium
SP-01058,Conductor,Central,summer_storm,2024-04-13,0.09,23605.1,0.29286038835813055,Low
SP-01058,Damper,Central,southwest_monsoon,2024-07-20,0.095,15289.3,0.3526279844492912,Medium
SP-01058,Damper,Central,summer_storm,2024-04-13,0.155,15289.3,0.38862798444929125,Medium
SP-01058,Spacer,Central,southwest_monsoon,2024-07-20,0.07,25152.6,0.2702964191728361,Low
SP-01058,Spacer,Central,summer_storm,2024-04-13,0.06,25152.6,0.2642964191728361,Low
SP-01058,Insulator,Central,southwest_monsoon,2024-07-20,0.115,26979.9,0.28482240244114726,Low
SP-01058,Insulator,Central,summer_storm,2024-04-13,0.11,26979.9,0.28182240244114726,Low
SP-01058,Fittings,Central,southwest_monsoon,2024-07-20,0.095,20951.1,0.3139778515037017,Medium
SP-01058,Fittings,Central,summer_storm,2024-04-13,0.1,20951.1,0.3169778515037017,Medium
SP-01058,Arrester,Central,southwest_monsoon,2024-07-20,0.135,1520.0,0.47062375886161717,Medium
SP-01058,Arrester,Central,summer_storm,2024-04-13,0.13,1520.0,0.46762375886161717,Medium
SP-01060,Conductor,Central,southwest_monsoon,2024-06-04,0.11,14219.6,0.36893026415042823,Medium
SP-01060,Damper,Central,southwest_monsoon,2024-06-04,0.15,7767.6,0.43697467719309024,Medium
SP-01060,Spacer,Central,southwest_monsoon,2024-06-04,0.11,16060.9,0.3563606767766753,Medium
SP-01060,Insulator,Central,southwest_monsoon,2024-06-04,0.175,1015.8,0.4980656672708097,Medium
SP-01060,Fittings,Central,southwest_monsoon,2024-06-04,0.14,10497.7,0.4123377193431567,Medium
SP-01060,Arrester,Central,southwest_monsoon,2024-06-04,0.185,328.0,0.5087609163859279,High
SP-01062,Conductor,Central,southwest_monsoon,2024-06-27,0.105,19356.5,0.3308633476347973,Medium
SP-01062,Damper,Central,southwest_monsoon,2024-06-27,0.125,10555.7,0.40294178382603413,Medium
SP-01062,Spacer,Central,southwest_monsoon,2024-06-27,0.25,2260.0,0.5345721677810886,High
SP-01062,Insulator,Central,southwest_monsoon,2024-06-27,0.23,6271.4,0.4951884482399643,Medium
SP-01062,Fittings,Central,southwest_monsoon,2024-06-27,0.14,13498.3,0.3918542001590569,Medium
SP-01062,Arrester,Central,southwest_monsoon,2024-06-27,0.275,453.2,0.561906241786898,High
SP-01063,Conductor,Central,southwest_monsoon,2024-09-27,0.115,16373.0,0.3572301341060902,Medium
SP-01063,Damper,Central,southwest_monsoon,2024-09-27,0.105,33730.3,0.23274096942763428,Low
SP-01063,Spacer,Central,southwest_monsoon,2024-09-27,0.165,2774.7,0.48005858139034807,Medium
SP-01063,Insulator,Central,southwest_monsoon,2024-09-27,0.155,3382.1,0.4699121808196548,Medium
SP-01063,Fittings,Central,southwest_monsoon,2024-09-27,0.105,13463.7,0.3710903961744437,Medium
SP-01063,Arrester,Central,southwest_monsoon,2024-09-27,0.26,13578.8,0.4633046689671886,Medium
SP-01064,Conductor,Central,summer_storm,2024-05-21,0.125,15473.2,0.3693725958010356,Medium
SP-01064,Damper,Central,summer_storm,2024-05-21,0.14,13236.4,0.39364205381309797,Medium
SP-01064,Spacer,Central,summer_storm,2024-05-21,0.05,27959.8,0.23913314014410691,Low
SP-01064,Insulator,Central,summer_storm,2024-05-21,0.255,1476.6,0.5429200278520157,High
SP-01064,Fittings,Central,summer_storm,2024-05-21,0.08,21805.9,0.2991425811582479,Low
SP-01064,Arrester,Central,summer_storm,2024-05-21,0.165,12269.9,0.4152398413527342,Medium
SP-01066,Conductor,Central,southwest_monsoon,2024-07-29,0.14,3262.9,0.4617258965720859,Medium
SP-01066,Damper,Central,southwest_monsoon,2024-07-29,0.075,18563.9,0.3182740112705093,Medium
SP-01066,Spacer,Central,southwest_monsoon,2024-07-29,0.065,21264.3,0.2938397997112401,Low
SP-01066,Insulator,Central,southwest_monsoon,2024-07-29,0.125,1804.9,0.4626788962956137,Medium
SP-01066,Fittings,Central,southwest_monsoon,2024-07-29,0.105,13198.2,0.3729028251364442,Medium
SP-01066,Arrester,Central,southwest_monsoon,2024-07-29,0.195,1088.9,0.5095666519897466,High
SP-01067,Conductor,Central,heatwave,2025-03-28,0.065,11640.8,0.35953437641862673,Medium
SP-01067,Conductor,Central,southwest_monsoon,2024-07-28,0.125,11640.8,0.39553437641862677,Medium
SP-01067,Damper,Central,heatwave,2025-03-28,0.035,3332.7,0.39824940865665226,Medium
SP-01067,Damper,Central,southwest_monsoon,2024-07-28,0.11,3332.7,0.44324940865665224,Medium
SP-01067,Spacer,Central,heatwave,2025-03-28,0.075,11045.5,0.36959817664867894,Medium
SP-01067,Spacer,Central,southwest_monsoon,2024-07-28,0.095,11045.5,0.38159817664867896,Medium
SP-01067,Insulator,Central,heatwave,2025-03-28,0.1,2098.7,0.4456732781071552,Medium
SP-01067,Insulator,Central,southwest_monsoon,2024-07-28,0.22,2098.7,0.5176732781071551,High
SP-01067,Fittings,Central,heatwave,2025-03-28,0.025,19090.8,0.28467714189168436,Low
SP-01067,Fittings,Central,southwest_monsoon,2024-07-28,0.13,19090.8,0.34767714189168436,Medium
SP-01067,Arrester,Central,heatwave,2025-03-28,0.075,2431.4,0.4284021100632473,Medium
SP-01067,Arrester,Central,southwest_monsoon,2024-07-28,0.135,2431.4,0.46440211006324733,Medium
SP-01069,Conductor,Central,summer_storm,2024-04-09,0.13,15010.7,0.37552984022636593,Medium
SP-01069,Damper,Central,summer_storm,2024-04-09,0.255,7742.6,0.5001453390539189,High
SP-01069,Spacer,Central,summer_storm,2024-04-09,0.15,2691.5,0.4716265440631858,Medium
SP-01069,Insulator,Central,summer_storm,2024-04-09,0.115,41495.7,0.18573066486447742,Low
SP-01069,Fittings,Central,summer_storm,2024-04-09,0.105,12158.3,0.38000167589947337,Medium
SP-01069,Arrester,Central,summer_storm,2024-04-09,0.125,1857.9,0.4623170931506569,Medium
SP-01070,Conductor,Central,summer_storm,2024-04-30,0.11,17468.5,0.34675173136457815,Medium
SP-01070,Damper,Central,summer_storm,2024-04-30,0.125,7760.9,0.42202041457179235,Medium
SP-01070,Spacer,Central,summer_storm,2024-04-30,0.145,2018.7,0.47321939606180696,Medium
SP-01070,Insulator,Central,summer_storm,2024-04-30,0.155,608.6,0.48884540765998696,Medium
SP-01070,Fittings,Central,summer_storm,2024-04-30,0.11,15072.8,0.3631059161640675,Medium
SP-01070,Arrester,Central,summer_storm,2024-04-30,0.305,2228.7,0.5677858364308461,High
SP-01072,Conductor,Central,tropical_cyclone,2024-10-23,0.365,4556.8,0.5878931213030375,High
SP-01072,Conductor,Central,heatwave,2025-03-08,0.09,4556.8,0.42289312130303747,Medium
SP-01072,Damper,Central,tropical_cyclone,2024-10-23,0.38,1681.7,0.6165199179457773,High
SP-01072,Damper,Central,heatwave,2025-03-08,0.085,1681.7,0.4395199179457773,Medium
SP-01072,Spacer,Central,tropical_cyclone,2024-10-23,0.41,4912.0,0.6124683575843838,High
SP-01072,Spacer,Central,heatwave,2025-03-08,0.125,4912.0,0.4414683575843838,Medium
SP-01072,Insulator,Central,tropical_cyclone,2024-10-23,0.315,1536.6,0.578510439386027,High
SP-01072,Insulator,Central,heatwave,2025-03-08,0.11,1536.6,0.4555104393860269,Medium
SP-01072,Fittings,Central,tropical_cyclone,2024-10-23,0.305,14269.9,0.48558689248644094,Medium
SP-01072,Fittings,Central,heatwave,2025-03-08,0.055,14269.9,0.3355868924864409,Medium
SP-01072,Arrester,Central,tropical_cyclone,2024-10-23,0.335,383.7,0.5983806817600017,High
SP-01072,Arrester,Central,heatwave,2025-03-08,0.09,383.7,0.4513806817600016,Medium
SP-01073,Conductor,Central,tropical_cyclone,2024-09-04,0.165,19732.3,0.36429795854282077,Medium
SP-01073,Conductor,Central,southwest_monsoon,2024-06-25,0.07,19732.3,0.3072979585428207,Medium
SP-01073,Damper,Central,tropical_cyclone,2024-09-04,0.38,6705.0,0.5822284889257519,High
SP-01073,Damper,Central,southwest_monsoon,2024-06-25,0.075,6705.0,0.39922848892575186,Medium
SP-01073,Spacer,Central,tropical_cyclone,2024-09-04,0.43,2749.1,0.6392333391358367,High
SP-01073,Spacer,Central,southwest_monsoon,2024-06-25,0.15,2749.1,0.47123333913583665,Medium
SP-01073,Insulator,Central,tropical_cyclone,2024-09-04,0.475,1852.6,0.6723532734651525,High
SP-01073,Insulator,Central,southwest_monsoon,2024-06-25,0.235,1852.6,0.5283532734651526,High
SP-01073,Fittings,Central,tropical_cyclone,2024-09-04,0.13,22834.4,0.3221215522037566,Medium
SP-01073,Fittings,Central,southwest_monsoon,2024-06-25,0.09,22834.4,0.2981215522037566,Low
SP-01073,Arrester,Central,tropical_cyclone,2024-09-04,0.405,1192.4,0.634860111885916,High
SP-01073,Arrester,Central,southwest_monsoon,2024-06-25,0.135,1192.4,0.472860111885916,Medium
SP-01074,Conductor,Central,summer_storm,2024-04-10,0.125,15458.2,0.3694749929175328,Medium
SP-01074,Damper,Central,summer_storm,2024-04-10,0.15,2612.6,0.47216515289596117,Medium
SP-01074,Spacer,Central,summer_storm,2024-04-10,0.08,17135.0,0.33102836058803253,Medium
SP-01074,Insulator,Central,summer_storm,2024-04-10,0.18,1571.6,0.4972715127808668,Medium
SP-01074,Fittings,Central,summer_storm,2024-04-10,0.045,30189.9,0.22090941951074658,Low
SP-01074,Arrester,Central,summer_storm,2024-04-10,0.165,3444.1,0.47548893940479975,Medium
SP-01075,Conductor,Central,southwest_monsoon,2024-06-22,0.11,18331.2,0.34086253187110255,Medium
SP-01075,Damper,Central,southwest_monsoon,2024-06-22,0.085,10109.3,0.3819891220129908,Medium
SP-01075,Spacer,Central,southwest_monsoon,2024-06-22,0.085,12372.3,0.36654081037077996,Medium
SP-01075,Insulator,Central,southwest_monsoon,2024-06-22,0.11,7769.4,0.4129623895391106,Medium
SP-01075,Fittings,Central,southwest_monsoon,2024-06-22,0.13,26908.7,0.2943084474207873,Low
SP-01075,Arrester,Central,southwest_monsoon,2024-06-22,0.085,37693.4,0.19368696860163087,Low
SP-01078,Conductor,Central,tropical_cyclone,2024-09-26,0.17,22796.6,0.34637959293732956,Medium
SP-01078,Damper,Central,tropical_cyclone,2024-09-26,0.285,13681.9,0.47760085945313113,Medium
SP-01078,Spacer,Central,tropical_cyclone,2024-09-26,0.12,32483.1,0.25025494834065476,Low
SP-01078,Insulator,Central,tropical_cyclone,2024-09-26,0.355,1826.9,0.6005287138580845,High
SP-01078,Fittings,Central,tropical_cyclone,2024-09-26,0.24,22671.1,0.3892363154786894,Medium
SP-01078,Arrester,Central,tropical_cyclone,2024-09-26,0.275,8297.1,0.5083600589807391,High
SP-01079,Conductor,Central,heatwave,2024-04-17,0.11,4035.4,0.4384524450724801,Medium
SP-01079,Conductor,Central,summer_storm,2024-05-21,0.165,4035.4,0.4714524450724801,Medium
SP-01079,Damper,Central,heatwave,2024-04-17,0.065,4323.4,0.40948642043573386,Medium
SP-01079,Damper,Central,summer_storm,2024-05-21,0.08,4323.4,0.41848642043573386,Medium
SP-01079,Spacer,Central,heatwave,2024-04-17,0.125,3716.3,0.4496307730640972,Medium
SP-01079,Spacer,Central,summer_storm,2024-05-21,0.44,3716.3,0.6386307730640972,High
SP-01079,Insulator,Central,heatwave,2024-04-17,0.08,3988.5,0.42077260672339467,Medium
SP-01079,Insulator,Central,summer_storm,2024-05-21,0.11,3988.5,0.4387726067233947,Medium
SP-01079,Fittings,Central,heatwave,2024-04-17,0.02,17097.3,0.29528571867416215,Low
SP-01079,Fittings,Central,summer_storm,2024-05-21,0.045,17097.3,0.31028571867416216,Medium
SP-01079,Arrester,Central,heatwave,2024-04-17,0.08,1223.4,0.4396484911784884,Medium
SP-01079,Arrester,Central,summer_storm,2024-05-21,0.235,1223.4,0.5326484911784884,High
SP-01083,Conductor,Central,tropical_cyclone,2024-11-08,0.39,3628.8,0.6092280895769975,High
SP-01083,Conductor,Central,summer_storm,2024-04-09,0.17,3628.8,0.47722808957699747,Medium
SP-01083,Conductor,Central,southwest_monsoon,2024-07-10,0.135,3628.8,0.4562280895769975,Medium
SP-01083,Damper,Central,tropical_cyclone,2024-11-08,0.225,11643.2,0.45551799287998723,Medium
SP-01083,Damper,Central,summer_storm,2024-04-09,0.105,11643.2,0.3835179928799872,Medium
SP-01083,Damper,Central,southwest_monsoon,2024-07-10,0.115,11643.2,0.38951799287998723,Medium
SP-01083,Spacer,Central,tropical_cyclone,2024-11-08,0.21,20071.1,0.3889851490048707,Medium
SP-01083,Spacer,Central,summer_storm,2024-04-09,0.085,20071.1,0.3139851490048707,Medium
SP-01083,Spacer,Central,southwest_monsoon,2024-07-10,0.15,20071.1,0.35298514900487066,Medium
SP-01083,Insulator,Central,tropical_cyclone,2024-11-08,0.37,1146.5,0.6141734470623974,High
SP-01083,Insulator,Central,summer_storm,2024-04-09,0.16,1146.5,0.4881734470623974,Medium
SP-01083,Insulator,Central,southwest_monsoon,2024-07-10,0.155,1146.5,0.4851734470623974,Medium
SP-01083,Fittings,Central,tropical_cyclone,2024-11-08,0.22,17926.8,0.40962315813186706,Medium
SP-01083,Fittings,Central,summer_storm,2024-04-09,0.075,17926.8,0.32262315813186704,Medium
SP-01083,Fittings,Central,southwest_monsoon,2024-07-10,0.165,17926.8,0.3766231581318671,Medium
SP-01083,Arrester,Central,tropical_cyclone,2024-11-08,0.34,1285.2,0.5952266150585199,High
SP-01083,Arrester,Central,summer_storm,2024-04-09,0.165,1285.2,0.49022661505851994,Medium
SP-01083,Arrester,Central,southwest_monsoon,2024-07-10,0.16,1285.2,0.48722661505851994,Medium
SP-01086,Conductor,Central,southwest_monsoon,2024-07-27,0.125,12598.4,0.3889973445014455,Medium
SP-01086,Conductor,Central,tropical_cyclone,2024-08-28,0.26,12598.4,0.4699973445014455,Medium
SP-01086,Damper,Central,southwest_monsoon,2024-07-27,0.145,1935.6,0.4737866760872014,Medium
SP-01086,Damper,Central,tropical_cyclone,2024-08-28,0.33,1935.6,0.5847866760872014,High
SP-01086,Spacer,Central,southwest_monsoon,2024-07-27,0.145,6328.2,0.44380070449216147,Medium
SP-01086,Spacer,Central,tropical_cyclone,2024-08-28,0.32,6328.2,0.5488007044921615,High
SP-01086,Insulator,Central,southwest_monsoon,2024-07-27,0.125,549.0,0.47125226553620253,Medium
SP-01086,Insulator,Central,tropical_cyclone,2024-08-28,0.385,549.0,0.6272522655362025,High
SP-01086,Fittings,Central,southwest_monsoon,2024-07-27,0.15,6035.6,0.44879813091130016,Medium
SP-01086,Fittings,Central,tropical_cyclone,2024-08-28,0.27,6035.6,0.5207981309113002,High
SP-01086,Arrester,Central,southwest_monsoon,2024-07-27,0.13,368.9,0.47548171358161223,Medium
SP-01086,Arrester,Central,tropical_cyclone,2024-08-28,0.275,368.9,0.5624817135816123,High
SP-01087,Conductor,Central,summer_storm,2024-04-24,0.115,7666.1,0.4166675643480547,Medium
SP-01087,Damper,Central,summer_storm,2024-04-24,0.115,3537.2,0.44485339463507373,Medium
SP-01087,Spacer,Central,summer_storm,2024-04-24,0.215,2852.7,0.5095261163845626,High
SP-01087,Insulator,Central,summer_storm,2024-04-24,0.125,13245.2,0.3845819808380863,Medium
SP-01087,Fittings,Central,summer_storm,2024-04-24,0.115,20826.5,0.32682843021807173,Medium
SP-01087,Arrester,Central,summer_storm,2024-04-24,0.16,480.5,0.492719879034873,Medium
SP-01088,Conductor,Central,tropical_cyclone,2024-09-12,0.225,9375.4,0.4709990715994771,Medium
SP-01088,Conductor,Central,summer_storm,2024-05-01,0.14,9375.4,0.41999907159947714,Medium
SP-01088,Damper,Central,tropical_cyclone,2024-09-12,0.34,2182.1,0.5891039501394308,High
SP-01088,Damper,Central,summer_storm,2024-05-01,0.15,2182.1,0.47510395013943074,Medium
SP-01088,Spacer,Central,tropical_cyclone,2024-09-12,0.205,12995.9,0.43428382091426976,Medium
SP-01088,Spacer,Central,summer_storm,2024-05-01,0.05,12995.9,0.3412838209142698,Medium
SP-01088,Insulator,Central,tropical_cyclone,2024-09-12,0.26,1709.0,0.5443335551937524,High
SP-01088,Insulator,Central,summer_storm,2024-05-01,0.11,1709.0,0.4543335551937524,Medium
SP-01088,Fittings,Central,tropical_cyclone,2024-09-12,0.195,14760.8,0.41623577618720925,Medium
SP-01088,Fittings,Central,summer_storm,2024-05-01,0.05,14760.8,0.32923577618720923,Medium
SP-01088,Arrester,Central,tropical_cyclone,2024-09-12,0.33,613.0,0.5938153711724812,High
SP-01088,Arrester,Central,summer_storm,2024-05-01,0.145,613.0,0.4828153711724812,Medium
SP-01090,Conductor,Central,summer_storm,2024-05-04,0.075,28763.2,0.24864875058451685,Low
SP-01090,Conductor,Central,heatwave,2024-04-10,0.07,28763.2,0.24564875058451688,Low
SP-01090,Damper,Central,summer_storm,2024-05-04,0.175,3060.0,0.4841109882345713,Medium
SP-01090,Damper,Central,heatwave,2024-04-10,0.075,3060.0,0.42411098823457133,Medium
SP-01090,Spacer,Central,summer_storm,2024-05-04,0.185,9581.7,0.445590769923919,Medium
SP-01090,Spacer,Central,heatwave,2024-04-10,0.095,9581.7,0.391590769923919,Medium
SP-01090,Insulator,Central,summer_storm,2024-05-04,0.09,26593.0,0.2724635653993317,Low
SP-01090,Insulator,Central,heatwave,2024-04-10,0.075,26593.0,0.2634635653993317,Low
SP-01090,Fittings,Central,summer_storm,2024-05-04,0.065,30887.4,0.22814795359362683,Low
SP-01090,Fittings,Central,heatwave,2024-04-10,0.075,30887.4,0.23414795359362683,Low
SP-01090,Arrester,Central,summer_storm,2024-05-04,0.27,2324.6,0.5461311775327073,High
SP-01090,Arrester,Central,heatwave,2024-04-10,0.065,2324.6,0.42313117753270735,Medium
SP-01091,Conductor,Central,southwest_monsoon,2024-06-14,0.115,22176.3,0.31761405502821044,Medium
SP-01091,Damper,Central,southwest_monsoon,2024-06-14,0.135,4047.3,0.4533712100267257,Medium
SP-01091,Spacer,Central,southwest_monsoon,2024-06-14,0.135,1955.1,0.4676535598357551,Medium
SP-01091,Insulator,Central,southwest_monsoon,2024-06-14,0.245,2962.6,0.5267758868443598,High
SP-01091,Fittings,Central,southwest_monsoon,2024-06-14,0.225,3677.2,0.5098976882144333,High
SP-01091,Arrester,Central,southwest_monsoon,2024-06-14,0.215,376.3,0.5264311976708069,High
SP-01093,Conductor,Central,heatwave,2024-04-14,0.045,19071.2,0.296810940790574,Low
SP-01093,Damper,Central,heatwave,2024-04-14,0.075,1592.9,0.43412610887544073,Medium
SP-01093,Spacer,Central,heatwave,2024-04-14,0.075,1971.3,0.43154297094993804,Medium
SP-01093,Insulator,Central,heatwave,2024-04-14,0.08,1378.6,0.4385890223464641,Medium
SP-01093,Fittings,Central,heatwave,2024-04-14,0.08,3611.6,0.42334550493724765,Medium
SP-01093,Arrester,Central,heatwave,2024-04-14,0.09,233.5,0.4524060182198603,Medium
SP-01095,Conductor,Central,heatwave,2025-03-10,0.045,24121.0,0.2623386101980702,Low
SP-01095,Conductor,Central,tropical_cyclone,2024-08-01,0.16,24121.0,0.3313386101980702,Medium
SP-01095,Damper,Central,heatwave,2025-03-10,0.035,7961.3,0.3666523890953898,Medium
SP-01095,Damper,Central,tropical_cyclone,2024-08-01,0.38,7961.3,0.5736523890953897,High
SP-01095,Spacer,Central,heatwave,2025-03-10,0.09,4699.5,0.4219189834014274,Medium
SP-01095,Spacer,Central,tropical_cyclone,2024-08-01,0.38,4699.5,0.5959189834014273,High
SP-01095,Insulator,Central,heatwave,2025-03-10,0.06,4228.3,0.40713561815432614,Medium
SP-01095,Insulator,Central,tropical_cyclone,2024-08-01,0.445,4228.3,0.6381356181543262,High
SP-01095,Fittings,Central,heatwave,2025-03-10,0.045,12447.6,0.34202677684596405,Medium
SP-01095,Fittings,Central,tropical_cyclone,2024-08-01,0.31,12447.6,0.501026776845964,High
SP-01095,Arrester,Central,heatwave,2025-03-10,0.06,4384.8,0.4060672749055387,Medium
SP-01095,Arrester,Central,tropical_cyclone,2024-08-01,0.385,4384.8,0.6010672749055387,High
SP-01097,Conductor,Central,southwest_monsoon,2024-07-16,0.11,18599.8,0.3390289408383594,Medium
SP-01097,Damper,Central,southwest_monsoon,2024-07-16,0.24,1644.0,0.5327772760319069,High
SP-01097,Spacer,Central,southwest_monsoon,2024-07-16,0.145,1811.1,0.47463657215412813,Medium
SP-01097,Insulator,Central,southwest_monsoon,2024-07-16,0.19,8130.3,0.458498714916188,Medium
SP-01097,Fittings,Central,southwest_monsoon,2024-07-16,0.11,4951.6,0.4321980291968312,Medium
SP-01097,Arrester,Central,southwest_monsoon,2024-07-16,0.135,401.8,0.4782571225727617,Medium
SP-01098,Conductor,Central,tropical_cyclone,2024-09-16,0.195,12563.7,0.4312342231642757,Medium
SP-01098,Conductor,Central,heatwave,2025-03-17,0.08,12563.7,0.36223422316427567,Medium
SP-01098,Damper,Central,tropical_cyclone,2024-09-16,0.29,6527.9,0.5294374575478622,High
SP-01098,Damper,Central,heatwave,2025-03-17,0.065,6527.9,0.39443745754786214,Medium
SP-01098,Spacer,Central,tropical_cyclone,2024-09-16,0.15,26268.2,0.3106808042952177,Medium
SP-01098,Spacer,Central,heatwave,2025-03-17,0.045,26268.2,0.24768080429521772,Low
SP-01098,Insulator,Central,tropical_cyclone,2024-09-16,0.245,11358.1,0.46946422074087724,Medium
SP-01098,Insulator,Central,heatwave,2025-03-17,0.09,11358.1,0.37646422074087726,Medium
SP-01098,Fittings,Central,tropical_cyclone,2024-09-16,0.2,16601.8,0.40666823675578634,Medium
SP-01098,Fittings,Central,heatwave,2025-03-17,0.1,16601.8,0.34666823675578634,Medium
SP-01098,Arrester,Central,tropical_cyclone,2024-09-16,0.235,6011.9,0.4999599183553658,Medium
SP-01098,Arrester,Central,heatwave,2025-03-17,0.08,6011.9,0.40695991835536577,Medium
SP-01099,Conductor,Central,heatwave,2025-03-18,0.11,3071.0,0.44503589701580676,Medium
SP-01099,Damper,Central,heatwave,2025-03-18,0.065,3346.3,0.4161565686043614,Medium
SP-01099,Spacer,Central,heatwave,2025-03-18,0.03,7751.7,0.3650832181365773,Medium
SP-01099,Insulator,Central,heatwave,2025-03-18,0.1,1668.6,0.44860934476085157,Medium
SP-01099,Fittings,Central,heatwave,2025-03-18,0.025,8407.6,0.35760573355587644,Medium
SP-01099,Arrester,Central,heatwave,2025-03-18,0.07,1585.2,0.43117867272857596,Medium
SP-01102,Conductor,Central,summer_storm,2024-05-24,0.09,22206.6,0.3024072128528861,Medium
SP-01102,Damper,Central,summer_storm,2024-05-24,0.115,2451.9,0.4522621673373678,Medium
SP-01102,Spacer,Central,summer_storm,2024-05-24,0.175,23575.1,0.34406518259112495,Medium
SP-01102,Insulator,Central,summer_storm,2024-05-24,0.145,3335.2,0.46423234247056944,Medium
SP-01102,Fittings,Central,summer_storm,2024-05-24,0.175,15606.7,0.39846126146421046,Medium
SP-01102,Arrester,Central,summer_storm,2024-05-24,0.15,926.1,0.4836780020274629,Medium
SP-01103,Conductor,Central,tropical_cyclone,2024-11-03,0.12,29934.3,0.2676542663758589,Low
SP-01103,Conductor,Central,summer_storm,2024-04-08,0.08,29934.3,0.2436542663758589,Low
SP-01103,Damper,Central,tropical_cyclone,2024-11-03,0.275,6535.2,0.5203876242845002,High
SP-01103,Damper,Central,summer_storm,2024-04-08,0.15,6535.2,0.4453876242845002,Medium
SP-01103,Spacer,Central,tropical_cyclone,2024-11-03,0.33,2542.9,0.5806409581639514,High
SP-01103,Spacer,Central,summer_storm,2024-04-08,0.145,2542.9,0.46964095816395146,Medium
SP-01103,Insulator,Central,tropical_cyclone,2024-11-03,0.355,1563.0,0.6023302204609918,High
SP-01103,Insulator,Central,summer_storm,2024-04-08,0.18,1563.0,0.49733022046099185,Medium
SP-01103,Fittings,Central,tropical_cyclone,2024-11-03,0.255,12259.2,0.46931288462916887,Medium
SP-01103,Fittings,Central,summer_storm,2024-04-08,0.115,12259.2,0.3853128846291689,Medium
SP-01103,Arrester,Central,tropical_cyclone,2024-11-03,0.405,2314.4,0.6272008075719254,High
SP-01103,Arrester,Central,summer_storm,2024-04-08,0.19,2314.4,0.4982008075719254,Medium
SP-01104,Conductor,Central,southwest_monsoon,2024-07-11,0.13,10107.3,0.4090027749618571,Medium
SP-01104,Damper,Central,southwest_monsoon,2024-07-11,0.1,1733.4,0.44816698921758363,Medium
SP-01104,Spacer,Central,southwest_monsoon,2024-07-11,0.175,2092.1,0.49071833283841393,Medium
SP-01104,Insulator,Central,southwest_monsoon,2024-07-11,0.16,11918.6,0.41463798182109857,Medium
SP-01104,Fittings,Central,southwest_monsoon,2024-07-11,0.1,4217.4,0.43121002672564746,Medium
SP-01104,Arrester,Central,southwest_monsoon,2024-07-11,0.135,346.1,0.478637357198688,Medium
SP-01105,Conductor,Central,heatwave,2024-04-15,0.03,12644.5,0.3316826440300775,Medium
SP-01105,Damper,Central,heatwave,2024-04-15,0.07,4190.7,0.41339229359301244,Medium
SP-01105,Spacer,Central,heatwave,2024-04-15,0.1,3560.5,0.4356943377807814,Medium
SP-01105,Insulator,Central,heatwave,2024-04-15,0.06,591.4,0.4319628230202371,Medium
SP-01105,Fittings,Central,heatwave,2024-04-15,0.075,15704.6,0.3377929496172054,Medium
SP-01105,Arrester,Central,heatwave,2024-04-15,0.085,476.6,0.44774650228516233,Medium
SP-01107,Conductor,Central,heatwave,2025-03-17,0.05,19716.9,0.2954030862490912,Low
SP-01107,Conductor,Central,summer_storm,2024-05-17,0.085,19716.9,0.3164030862490912,Medium
SP-01107,Damper,Central,heatwave,2025-03-17,0.04,13191.1,0.33395129310491956,Medium
SP-01107,Damper,Central,summer_storm,2024-05-17,0.11,13191.1,0.37595129310491954,Medium
SP-01107,Spacer,Central,heatwave,2025-03-17,0.095,4057.5,0.42930157998750756,Medium
SP-01107,Spacer,Central,summer_storm,2024-05-17,0.145,4057.5,0.45930157998750754,Medium
SP-01107,Insulator,Central,heatwave,2025-03-17,0.075,2005.7,0.4313081402294378,Medium
SP-01107,Insulator,Central,summer_storm,2024-05-17,0.145,2005.7,0.4733081402294378,Medium
SP-01107,Fittings,Central,heatwave,2025-03-17,0.02,21458.5,0.26551409837632306,Low
SP-01107,Fittings,Central,summer_storm,2024-05-17,0.07,21458.5,0.29551409837632303,Low
SP-01107,Arrester,Central,heatwave,2025-03-17,0.035,8261.7,0.36460171617567255,Medium
SP-01107,Arrester,Central,summer_storm,2024-05-17,0.065,8261.7,0.3826017161756725,Medium
SP-01109,Conductor,Central,tropical_cyclone,2024-11-14,0.14,30588.5,0.27518838680169433,Low
SP-01109,Conductor,Central,heatwave,2025-03-04,0.07,30588.5,0.23318838680169435,Low
SP-01109,Conductor,Central,summer_storm,2024-05-25,0.03,30588.5,0.20918838680169433,Low
SP-01109,Damper,Central,tropical_cyclone,2024-11-14,0.145,16925.3,0.3714598722766633,Medium
SP-01109,Damper,Central,heatwave,2025-03-04,0.06,16925.3,0.32045987227666334,Medium
SP-01109,Damper,Central,summer_storm,2024-05-25,0.11,16925.3,0.35045987227666336,Medium
SP-01109,Spacer,Central,tropical_cyclone,2024-11-14,0.22,13849.1,0.43745947292790904,Medium
SP-01109,Spacer,Central,heatwave,2025-03-04,0.075,13849.1,0.350459472927909,Medium
SP-01109,Spacer,Central,summer_storm,2024-05-25,0.115,13849.1,0.37445947292790904,Medium
SP-01109,Insulator,Central,tropical_cyclone,2024-11-14,0.195,14479.3,0.41815742874014,Medium
SP-01109,Insulator,Central,heatwave,2025-03-04,0.09,14479.3,0.35515742874014,Medium
SP-01109,Insulator,Central,summer_storm,2024-05-25,0.135,14479.3,0.38215742874014,Medium
SP-01109,Fittings,Central,tropical_cyclone,2024-11-14,0.19,17439.6,0.394949016475696,Medium
SP-01109,Fittings,Central,heatwave,2025-03-04,0.05,17439.6,0.31094901647569606,Medium
SP-01109,Fittings,Central,summer_storm,2024-05-25,0.075,17439.6,0.325949016475696,Medium
SP-01109,Arrester,Central,tropical_cyclone,2024-11-14,0.285,6476.7,0.5267869730388393,High
SP-01109,Arrester,Central,heatwave,2025-03-04,0.115,6476.7,0.4247869730388392,Medium
SP-01109,Arrester,Central,summer_storm,2024-05-25,0.095,6476.7,0.4127869730388392,Medium
SP-01110,Conductor,Central,tropical_cyclone,2024-08-12,0.225,12721.2,0.4481590534410551,Medium
SP-01110,Damper,Central,tropical_cyclone,2024-08-12,0.4,1430.7,0.6302333630284971,High
SP-01110,Spacer,Central,tropical_cyclone,2024-08-12,0.305,2166.9,0.5682077125508146,High
SP-01110,Insulator,Central,tropical_cyclone,2024-08-12,0.315,736.8,0.5839702536376576,High
SP-01110,Fittings,Central,tropical_cyclone,2024-08-12,0.215,12894.2,0.44097807336412076,Medium
SP-01110,Arrester,Central,tropical_cyclone,2024-08-12,0.315,2904.5,0.5691725050089256,High
SP-01113,Conductor,Central,heatwave,2024-04-29,0.11,4554.3,0.4349101874891203,Medium
SP-01113,Damper,Central,heatwave,2024-04-29,0.07,5307.1,0.40577121753584755,Medium
SP-01113,Spacer,Central,heatwave,2024-04-29,0.075,5541.7,0.40716972663383133,Medium
SP-01113,Insulator,Central,heatwave,2024-04-29,0.105,722.2,0.4580699201643815,Medium
SP-01113,Fittings,Central,heatwave,2024-04-29,0.095,5726.6,0.4179075115111425,Medium
SP-01113,Arrester,Central,heatwave,2024-04-29,0.155,520.5,0.48944682005754725,Medium
SP-01116,Conductor,Central,summer_storm,2024-04-09,0.09,13051.7,0.36490290364090017,Medium
SP-01116,Damper,Central,summer_storm,2024-04-09,0.16,1551.5,0.48540872491697307,Medium
SP-01116,Spacer,Central,summer_storm,2024-04-09,0.165,3351.2,0.4761231188796391,Medium
SP-01116,Insulator,Central,summer_storm,2024-04-09,0.135,383.4,0.4783827297023316,Medium
SP-01116,Fittings,Central,summer_storm,2024-04-09,0.165,3150.0,0.47749660553558815,Medium
SP-01116,Arrester,Central,summer_storm,2024-04-09,0.145,564.3,0.48314782047737537,Medium
SP-01118,Conductor,Central,heatwave,2024-04-10,0.065,16445.6,0.3267345320622438,Medium
SP-01118,Damper,Central,heatwave,2024-04-10,0.105,1791.9,0.4507676404632446,Medium
SP-01118,Spacer,Central,heatwave,2024-04-10,0.065,5973.1,0.3982247855633719,Medium
SP-01118,Insulator,Central,heatwave,2024-04-10,0.105,1175.9,0.4549727487140629,Medium
SP-01118,Fittings,Central,heatwave,2024-04-10,0.085,14856.8,0.34958043464162714,Medium
SP-01118,Arrester,Central,heatwave,2024-04-10,0.08,1746.8,0.4360755144601795,Medium
SP-01121,Conductor,Central,southwest_monsoon,2024-08-25,0.075,3903.2,0.4183549049925421,Medium
SP-01121,Damper,Central,southwest_monsoon,2024-08-25,0.15,7594.7,0.43815497462258135,Medium
SP-01121,Spacer,Central,southwest_monsoon,2024-08-25,0.17,11490.8,0.4235583475835988,Medium
SP-01121,Insulator,Central,southwest_monsoon,2024-08-25,0.25,381.4,0.5473963826511979,High
SP-01121,Fittings,Central,southwest_monsoon,2024-08-25,0.16,5254.4,0.46013097273847436,Medium
SP-01121,Arrester,Central,southwest_monsoon,2024-08-25,0.19,1746.1,0.5020802929922827,High
SP-01126,Conductor,Central,heatwave,2024-04-27,0.045,11960.0,0.3453553657795664,Medium
SP-01126,Damper,Central,heatwave,2024-04-27,0.045,10763.9,0.3535205118490531,Medium
SP-01126,Spacer,Central,heatwave,2024-04-27,0.05,10777.1,0.35643040238653545,Medium
SP-01126,Insulator,Central,heatwave,2024-04-27,0.105,2491.1,0.44599456953958844,Medium
SP-01126,Fittings,Central,heatwave,2024-04-27,0.05,12447.5,0.3450274594934073,Medium
SP-01126,Arrester,Central,heatwave,2024-04-27,0.105,1563.6,0.452326124576332,Medium
SP-01127,Conductor,Central,tropical_cyclone,2024-09-09,0.225,11227.5,0.45835575830184627,Medium
SP-01127,Damper,Central,tropical_cyclone,2024-09-09,0.31,2084.3,0.5717715793389925,High
SP-01127,Spacer,Central,tropical_cyclone,2024-09-09,0.42,2648.3,0.6339214477586979,High
SP-01127,Insulator,Central,tropical_cyclone,2024-09-09,0.34,3166.5,0.5823839687074412,High
SP-01127,Fittings,Central,tropical_cyclone,2024-09-09,0.26,5905.0,0.5156896684722692,High
SP-01127,Arrester,Central,tropical_cyclone,2024-09-09,0.33,581.1,0.5940331357068985,High
SP-01129,Conductor,Central,heatwave,2024-04-14,0.02,10692.6,0.33900723947613637,Medium
SP-01129,Damper,Central,heatwave,2024-04-14,0.12,27461.6,0.2845340897067005,Low
SP-01129,Spacer,Central,heatwave,2024-04-14,0.075,12111.7,0.36231978960805794,Medium
SP-01129,Insulator,Central,heatwave,2024-04-14,0.1,918.8,0.4537278352908249,Medium
SP-01129,Fittings,Central,heatwave,2024-04-14,0.08,18407.6,0.3223409892244101,Medium
SP-01129,Arrester,Central,heatwave,2024-04-14,0.11,789.5,0.46061049843503077,Medium
SP-01131,Conductor,Central,tropical_cyclone,2024-11-25,0.19,14751.4,0.41329994504688083,Medium
SP-01131,Damper,Central,tropical_cyclone,2024-11-25,0.36,3513.1,0.5920179126689126,High
SP-01131,Spacer,Central,tropical_cyclone,2024-11-25,0.275,9600.4,0.4994631148520191,Medium
SP-01131,Insulator,Central,tropical_cyclone,2024-11-25,0.145,21690.0,0.3389337695450496,Medium
SP-01131,Fittings,Central,tropical_cyclone,2024-11-25,0.26,5938.4,0.5154616642262021,High
SP-01131,Arrester,Central,tropical_cyclone,2024-11-25,0.32,917.5,0.5857367097075881,High
SP-01132,Conductor,Central,summer_storm,2024-04-27,0.095,16988.1,0.34103116968226177,Medium
SP-01132,Conductor,Central,heatwave,2025-03-24,0.045,16988.1,0.3110311696822618,Medium
SP-01132,Damper,Central,summer_storm,2024-04-27,0.185,6649.6,0.4656066756093482,Medium
SP-01132,Damper,Central,heatwave,2025-03-24,0.045,6649.6,0.38160667560934824,Medium
SP-01132,Spacer,Central,summer_storm,2024-04-27,0.225,3291.7,0.5125292941084112,High
SP-01132,Spacer,Central,heatwave,2025-03-24,0.075,3291.7,0.4225292941084112,Medium
SP-01132,Insulator,Central,summer_storm,2024-04-27,0.165,3209.7,0.47708906501192927,Medium
SP-01132,Insulator,Central,heatwave,2025-03-24,0.045,3209.7,0.4050890650119293,Medium
SP-01132,Fittings,Central,summer_storm,2024-04-27,0.1,12685.6,0.37340207593087515,Medium
SP-01132,Fittings,Central,heatwave,2025-03-24,0.025,12685.6,0.32840207593087517,Medium
SP-01132,Arrester,Central,summer_storm,2024-04-27,0.23,644.8,0.5335982892855071,High
SP-01132,Arrester,Central,heatwave,2025-03-24,0.11,644.8,0.46159828928550706,Medium
SP-01133,Conductor,Central,summer_storm,2024-05-26,0.14,3580.1,0.4595605388818918,Medium
SP-01133,Damper,Central,summer_storm,2024-05-26,0.125,1428.2,0.46525042921458004,Medium
SP-01133,Spacer,Central,summer_storm,2024-05-26,0.21,2028.6,0.5121518139649188,High
SP-01133,Insulator,Central,summer_storm,2024-05-26,0.25,1950.4,0.5366856442655908,High
SP-01133,Fittings,Central,summer_storm,2024-05-26,0.125,6490.7,0.4306914023967752,Medium
SP-01133,Arrester,Central,summer_storm,2024-05-26,0.18,556.6,0.5042003843305106,High
SP-01134,Conductor,Central,summer_storm,2024-04-14,0.09,17696.0,0.33319870843103727,Medium
SP-01134,Damper,Central,summer_storm,2024-04-14,0.145,8055.4,0.4320100178512306,Medium
SP-01134,Spacer,Central,summer_storm,2024-04-14,0.125,2547.8,0.45760750843922904,Medium
SP-01134,Insulator,Central,summer_storm,2024-04-14,0.125,1719.2,0.46326392515453435,Medium
SP-01134,Fittings,Central,summer_storm,2024-04-14,0.2,16805.4,0.40527836656119764,Medium
SP-01134,Arrester,Central,summer_storm,2024-04-14,0.155,1110.7,0.4854178348471041,Medium
SP-01136,Conductor,Central,summer_storm,2024-04-21,0.115,13030.6,0.38004694225143953,Medium
SP-01136,Conductor,Central,southwest_monsoon,2024-09-13,0.07,13030.6,0.3530469422514395,Medium
SP-01136,Damper,Central,summer_storm,2024-04-21,0.11,12140.3,0.38312455243927,Medium
SP-01136,Damper,Central,southwest_monsoon,2024-09-13,0.1,12140.3,0.37712455243927,Medium
SP-01136,Spacer,Central,summer_storm,2024-04-21,0.11,18745.2,0.3380363714557798,Medium
SP-01136,Spacer,Central,southwest_monsoon,2024-09-13,0.12,18745.2,0.3440363714557798,Medium
SP-01136,Insulator,Central,summer_storm,2024-04-21,0.12,16487.7,0.35944713748860835,Medium
SP-01136,Insulator,Central,southwest_monsoon,2024-09-13,0.11,16487.7,0.35344713748860834,Medium
SP-01136,Fittings,Central,summer_storm,2024-04-21,0.09,25469.5,0.28013310942497194,Low
SP-01136,Fittings,Central,southwest_monsoon,2024-09-13,0.17,25469.5,0.328133109424972,Medium
SP-01136,Arrester,Central,summer_storm,2024-04-21,0.155,651.6,0.48855186925936167,Medium
SP-01136,Arrester,Central,southwest_monsoon,2024-09-13,0.09,651.6,0.4495518692593617,Medium
SP-01137,Conductor,Central,tropical_cyclone,2024-09-08,0.13,20954.5,0.334954641490629,Medium
SP-01137,Damper,Central,tropical_cyclone,2024-09-08,0.185,20896.8,0.36834852906542154,Medium
SP-01137,Spacer,Central,tropical_cyclone,2024-09-08,0.415,2183.9,0.634091662485451,High
SP-01137,Insulator,Central,tropical_cyclone,2024-09-08,0.245,4387.6,0.5170481607771259,High
SP-01137,Fittings,Central,tropical_cyclone,2024-09-08,0.27,16768.3,0.4475316287626674,Medium
SP-01137,Arrester,Central,tropical_cyclone,2024-09-08,0.36,559.6,0.6121799049072112,High
SP-01138,Conductor,Central,summer_storm,2024-04-04,0.065,35988.2,0.19332747280503254,Low
SP-01138,Damper,Central,summer_storm,2024-04-04,0.075,29677.4,0.24240798765773425,Low
SP-01138,Spacer,Central,summer_storm,2024-04-04,0.075,15178.1,0.34138708840625714,Medium
SP-01138,Insulator,Central,summer_storm,2024-04-04,0.125,6400.4,0.43130783303808834,Medium
SP-01138,Fittings,Central,summer_storm,2024-04-04,0.05,28516.5,0.23533284182717415,Low
SP-01138,Arrester,Central,summer_storm,2024-04-04,0.285,1936.1,0.5577832628499848,High
SP-01141,Conductor,Central,summer_storm,2024-04-15,0.06,29752.8,0.23289327148547498,Low
SP-01141,Damper,Central,summer_storm,2024-04-15,0.11,11411.0,0.38810310024336386,Medium
SP-01141,Spacer,Central,summer_storm,2024-04-15,0.13,2938.2,0.45794245282052864,Medium
SP-01141,Insulator,Central,summer_storm,2024-04-15,0.11,28751.5,0.2697286203353847,Low
SP-01141,Fittings,Central,summer_storm,2024-04-15,0.025,32388.4,0.1939014154694737,Low
SP-01141,Arrester,Central,summer_storm,2024-04-15,0.27,2018.6,0.5482200787092503,High
SP-01142,Conductor,Central,tropical_cyclone,2024-10-19,0.105,41156.3,0.18204757028708737,Low
SP-01142,Conductor,Central,summer_storm,2024-04-24,0.06,41156.3,0.15504757028708738,Low
SP-01142,Damper,Central,tropical_cyclone,2024-10-19,0.395,3146.8,0.6155184502537742,High
SP-01142,Damper,Central,summer_storm,2024-04-24,0.145,3146.8,0.46551845025377414,Medium
SP-01142,Spacer,Central,tropical_cyclone,2024-10-19,0.195,18964.4,0.3875400082600341,Medium
SP-01142,Spacer,Central,summer_storm,2024-04-24,0.09,18964.4,0.3245400082600341,Medium
SP-01142,Insulator,Central,tropical_cyclone,2024-10-19,0.18,20971.8,0.36483654348293554,Medium
SP-01142,Insulator,Central,summer_storm,2024-04-24,0.18,20971.8,0.36483654348293554,Medium
SP-01142,Fittings,Central,tropical_cyclone,2024-10-19,0.255,15512.0,0.4471077285930295,Medium
SP-01142,Fittings,Central,summer_storm,2024-04-24,0.07,15512.0,0.3361077285930295,Medium
SP-01142,Arrester,Central,tropical_cyclone,2024-10-19,0.33,2609.7,0.5801849496718172,High
SP-01142,Arrester,Central,summer_storm,2024-04-24,0.13,2609.7,0.4601849496718173,Medium
SP-01143,Conductor,Central,southwest_monsoon,2024-09-05,0.16,16753.6,0.3816319779368347,Medium
SP-01143,Damper,Central,southwest_monsoon,2024-09-05,0.17,2086.1,0.48775929168501286,Medium
SP-01143,Spacer,Central,southwest_monsoon,2024-09-05,0.13,10996.8,0.40293062595357315,Medium
SP-01143,Insulator,Central,southwest_monsoon,2024-09-05,0.205,896.1,0.5168827962604573,High
SP-01143,Fittings,Central,southwest_monsoon,2024-09-05,0.145,13248.7,0.3965580881775702,Medium
SP-01143,Arrester,Central,southwest_monsoon,2024-09-05,0.215,1594.2,0.5181172344586777,High
SP-01144,Conductor,Central,summer_storm,2024-04-23,0.2,12359.3,0.4356295545384109,Medium
SP-01144,Damper,Central,summer_storm,2024-04-23,0.185,1602.2,0.5000626226632126,High
SP-01144,Spacer,Central,summer_storm,2024-04-23,0.085,18056.4,0.32773844704533117,Medium
SP-01144,Insulator,Central,summer_storm,2024-04-23,0.19,5938.1,0.473463712168532,Medium
SP-01144,Fittings,Central,summer_storm,2024-04-23,0.115,13378.2,0.3776740597384778,Medium
SP-01144,Arrester,Central,summer_storm,2024-04-23,0.205,226.9,0.521451072951119,High
SP-01146,Conductor,Central,heatwave,2024-04-04,0.015,17938.0,0.28654670161821577,Low
SP-01146,Damper,Central,heatwave,2024-04-04,0.08,2075.2,0.4338337002563341,Medium
SP-01146,Spacer,Central,heatwave,2024-04-04,0.015,12562.8,0.32324036699126557,Medium
SP-01146,Insulator,Central,heatwave,2024-04-04,0.115,1537.2,0.45850634350136704,Medium
SP-01146,Fittings,Central,heatwave,2024-04-04,0.03,15842.2,0.3098536267352045,Medium
SP-01146,Arrester,Central,heatwave,2024-04-04,0.1,429.6,0.4570673465835202,Medium
SP-01147,Conductor,Central,tropical_cyclone,2024-11-20,0.25,18917.5,0.42086016991094866,Medium
SP-01147,Damper,Central,tropical_cyclone,2024-11-20,0.355,1649.0,0.6017431436597412,High
SP-01147,Spacer,Central,tropical_cyclone,2024-11-20,0.305,1641.6,0.5717936595705465,High
SP-01147,Insulator,Central,tropical_cyclone,2024-11-20,0.35,1273.0,0.6013098980466043,High
SP-01147,Fittings,Central,tropical_cyclone,2024-11-20,0.235,9440.0,0.4765580813510958,Medium
SP-01147,Arrester,Central,tropical_cyclone,2024-11-20,0.345,2138.6,0.5924009017772726,High
SP-01149,Conductor,Central,southwest_monsoon,2024-08-04,0.11,29421.0,0.265158295702393,Low
SP-01149,Damper,Central,southwest_monsoon,2024-08-04,0.095,20931.3,0.314113015697478,Medium
SP-01149,Spacer,Central,southwest_monsoon,2024-08-04,0.125,2941.3,0.4549212907497858,Medium
SP-01149,Insulator,Central,southwest_monsoon,2024-08-04,0.105,6364.5,0.4195529034702383,Medium
SP-01149,Fittings,Central,southwest_monsoon,2024-08-04,0.13,21014.7,0.3345436877297535,Medium
SP-01149,Arrester,Central,southwest_monsoon,2024-08-04,0.105,4055.6,0.43531455028893057,Medium
SP-01150,Conductor,Central,summer_storm,2024-04-08,0.205,20385.0,0.38384231868030594,Medium
SP-01150,Damper,Central,summer_storm,2024-04-08,0.15,9103.0,0.4278586032350663,Medium
SP-01150,Spacer,Central,summer_storm,2024-04-08,0.145,6618.3,0.44182034425910566,Medium
SP-01150,Insulator,Central,summer_storm,2024-04-08,0.11,10625.5,0.39346529591060053,Medium
SP-01150,Fittings,Central,summer_storm,2024-04-08,0.075,27313.7,0.2585437252753629,Low
SP-01150,Arrester,Central,summer_storm,2024-04-08,0.105,7721.8,0.4102873297221284,Medium
SP-01154,Conductor,Central,southwest_monsoon,2024-09-10,0.095,33113.8,0.23094949091566913,Low
SP-01154,Damper,Central,southwest_monsoon,2024-09-10,0.065,14855.8,0.3375872611160603,Medium
SP-01154,Spacer,Central,southwest_monsoon,2024-09-10,0.13,19874.1,0.34232996446820063,Medium
SP-01154,Insulator,Central,southwest_monsoon,2024-09-10,0.12,4418.6,0.44183654006969836,Medium
SP-01154,Fittings,Central,southwest_monsoon,2024-09-10,0.09,14339.2,0.3561138178082239,Medium
SP-01154,Arrester,Central,southwest_monsoon,2024-09-10,0.14,1591.9,0.47313293534987394,Medium
SP-01155,Conductor,Central,heatwave,2025-03-09,0.04,14080.0,0.3278832399812955,Medium
SP-01155,Damper,Central,heatwave,2025-03-09,0.045,1476.3,0.41692207579434565,Medium
SP-01155,Spacer,Central,heatwave,2025-03-09,0.05,10815.9,0.35616553517852934,Medium
SP-01155,Insulator,Central,heatwave,2025-03-09,0.11,1400.4,0.4564402052038215,Medium
SP-01155,Fittings,Central,heatwave,2025-03-09,0.06,8368.9,0.37886991811643916,Medium
SP-01155,Arrester,Central,heatwave,2025-03-09,0.12,1696.7,0.46041752082928017,Medium
SP-01156,Conductor,Central,southwest_monsoon,2024-09-22,0.225,5122.1,0.5000341153059797,High
SP-01156,Damper,Central,southwest_monsoon,2024-09-22,0.17,8209.9,0.4459553275513095,Medium
SP-01156,Spacer,Central,southwest_monsoon,2024-09-22,0.09,12955.8,0.3655575625390389,Medium
SP-01156,Insulator,Central,southwest_monsoon,2024-09-22,0.075,28533.9,0.2502140611720374,Low
SP-01156,Fittings,Central,southwest_monsoon,2024-09-22,0.125,31572.3,0.2594725012543647,Low
SP-01156,Arrester,Central,southwest_monsoon,2024-09-22,0.18,1055.0,0.5007980694730303,High
SP-01158,Conductor,Central,summer_storm,2024-05-22,0.065,25422.3,0.26545531901821645,Low
SP-01158,Conductor,Central,heatwave,2024-04-15,0.065,25422.3,0.26545531901821645,Low
SP-01158,Damper,Central,summer_storm,2024-05-22,0.065,6362.7,0.39556519112421795,Medium
SP-01158,Damper,Central,heatwave,2024-04-15,0.075,6362.7,0.40156519112421796,Medium
SP-01158,Spacer,Central,summer_storm,2024-05-22,0.27,2845.9,0.542572536410708,High
SP-01158,Spacer,Central,heatwave,2024-04-15,0.085,2845.9,0.43157253641070803,Medium
SP-01158,Insulator,Central,summer_storm,2024-05-22,0.075,24514.1,0.27765512309840024,Low
SP-01158,Insulator,Central,heatwave,2024-04-15,0.085,24514.1,0.28365512309840024,Low
SP-01158,Fittings,Central,summer_storm,2024-05-22,0.075,20687.6,0.3037766275168358,Medium
SP-01158,Fittings,Central,heatwave,2024-04-15,0.055,20687.6,0.29177662751683586,Low
SP-01158,Arrester,Central,summer_storm,2024-05-22,0.07,7933.4,0.3878428477320745,Medium
SP-01158,Arrester,Central,heatwave,2024-04-15,0.065,7933.4,0.3848428477320745,Medium
SP-01160,Conductor,Central,summer_storm,2024-05-30,0.125,20235.9,0.3368601460182881,Medium
SP-01160,Conductor,Central,southwest_monsoon,2024-08-17,0.115,20235.9,0.3308601460182881,Medium
SP-01160,Damper,Central,summer_storm,2024-05-30,0.115,4657.3,0.43720706062250625,Medium
SP-01160,Damper,Central,southwest_monsoon,2024-08-17,0.17,4657.3,0.4702070606225063,Medium
SP-01160,Spacer,Central,summer_storm,2024-05-30,0.12,13276.6,0.3813676295408855,Medium
SP-01160,Spacer,Central,southwest_monsoon,2024-08-17,0.105,13276.6,0.3723676295408855,Medium
SP-01160,Insulator,Central,summer_storm,2024-05-30,0.125,7711.5,0.4223576424087898,Medium
SP-01160,Insulator,Central,southwest_monsoon,2024-08-17,0.195,7711.5,0.4643576424087898,Medium
SP-01160,Fittings,Central,summer_storm,2024-05-30,0.16,18048.6,0.3727916935459098,Medium
SP-01160,Fittings,Central,southwest_monsoon,2024-08-17,0.135,18048.6,0.3577916935459098,Medium
SP-01160,Arrester,Central,summer_storm,2024-05-30,0.135,5959.2,0.4403196735579927,Medium
SP-01160,Arrester,Central,southwest_monsoon,2024-08-17,0.16,5959.2,0.45531967355799263,Medium
SP-01161,Conductor,Central,southwest_monsoon,2024-06-03,0.055,21002.0,0.28963038395505447,Low
SP-01161,Damper,Central,southwest_monsoon,2024-06-03,0.205,1352.6,0.5137665106817259,High
SP-01161,Spacer,Central,southwest_monsoon,2024-06-03,0.17,2918.7,0.482075569071975,Medium
SP-01161,Insulator,Central,southwest_monsoon,2024-06-03,0.16,3300.0,0.47347263437061615,Medium
SP-01161,Fittings,Central,southwest_monsoon,2024-06-03,0.115,9516.3,0.4040372213518468,Medium
SP-01161,Arrester,Central,southwest_monsoon,2024-06-03,0.14,1026.1,0.47699535458414827,Medium
SP-01164,Conductor,Central,summer_storm,2024-05-03,0.065,29871.2,0.23508501691259043,Low
SP-01164,Damper,Central,summer_storm,2024-05-03,0.09,13887.1,0.35920006689944944,Medium
SP-01164,Spacer,Central,summer_storm,2024-05-03,0.09,16351.3,0.34237826860128956,Medium
SP-01164,Insulator,Central,summer_storm,2024-05-03,0.1,8571.5,0.40148687439628367,Medium
SP-01164,Fittings,Central,summer_storm,2024-05-03,0.07,24010.7,0.2780915703280462,Low
SP-01164,Arrester,Central,summer_storm,2024-05-03,0.1,7499.7,0.4088034896937302,Medium
SP-01165,Conductor,Central,summer_storm,2024-05-25,0.135,17259.1,0.36318119511087904,Medium
SP-01165,Damper,Central,summer_storm,2024-05-25,0.175,3438.6,0.48152648501418205,Medium
SP-01165,Spacer,Central,summer_storm,2024-05-25,0.075,9032.2,0.383341917624933,Medium
SP-01165,Insulator,Central,summer_storm,2024-05-25,0.115,20990.4,0.325709571058479,Medium
SP-01165,Fittings,Central,summer_storm,2024-05-25,0.07,30466.1,0.23402394727231152,Low
SP-01165,Arrester,Central,summer_storm,2024-05-25,0.175,1183.9,0.4969181369185977,Medium
SP-01166,Conductor,Central,summer_storm,2024-05-06,0.255,25696.3,0.3775848650235343,Medium
SP-01166,Damper,Central,summer_storm,2024-05-06,0.12,19209.2,0.3408688873187998,Medium
SP-01166,Spacer,Central,summer_storm,2024-05-06,0.155,20791.8,0.3510653088809019,Medium
SP-01166,Insulator,Central,summer_storm,2024-05-06,0.085,13650.0,0.35781862398754855,Medium
SP-01166,Fittings,Central,summer_storm,2024-05-06,0.125,19663.4,0.3407683026312646,Medium
SP-01166,Arrester,Central,summer_storm,2024-05-06,0.125,13143.7,0.3852748679930507,Medium
SP-01168,Conductor,Central,heatwave,2024-04-25,0.08,15190.0,0.3443058533605027,Medium
SP-01168,Damper,Central,heatwave,2024-04-25,0.11,4769.9,0.43343839960133396,Medium
SP-01168,Spacer,Central,heatwave,2024-04-25,0.125,4900.9,0.44154413145059174,Medium
SP-01168,Insulator,Central,heatwave,2024-04-25,0.11,3542.7,0.4418158490256915,Medium
SP-01168,Fittings,Central,heatwave,2024-04-25,0.115,10675.6,0.3961232895414999,Medium
SP-01168,Arrester,Central,heatwave,2024-04-25,0.095,537.7,0.4533294046972971,Medium
SP-01169,Conductor,Central,southwest_monsoon,2024-09-22,0.05,27912.0,0.23945944562201132,Low
SP-01169,Damper,Central,southwest_monsoon,2024-09-22,0.06,16758.0,0.3216019414493288,Medium
SP-01169,Spacer,Central,southwest_monsoon,2024-09-22,0.085,11116.4,0.37511417961136884,Medium
SP-01169,Insulator,Central,southwest_monsoon,2024-09-22,0.125,4846.8,0.44191344371742497,Medium
SP-01169,Fittings,Central,southwest_monsoon,2024-09-22,0.115,12509.4,0.3836049007259956,Medium
SP-01169,Arrester,Central,southwest_monsoon,2024-09-22,0.095,6212.0,0.41459394082129314,Medium
SP-01171,Conductor,Central,summer_storm,2024-04-12,0.125,12691.7,0.388360434436833,Medium
SP-01171,Damper,Central,summer_storm,2024-04-12,0.16,5193.1,0.4605494356212263,Medium
SP-01171,Spacer,Central,summer_storm,2024-04-12,0.11,9855.9,0.3987189506343502,Medium
SP-01171,Insulator,Central,summer_storm,2024-04-12,0.085,5251.6,0.4151500868668872,Medium
SP-01171,Fittings,Central,summer_storm,2024-04-12,0.055,24822.2,0.2635518863255477,Low
SP-01171,Arrester,Central,summer_storm,2024-04-12,0.13,6040.5,0.43676468118657785,Medium
SP-01172,Conductor,Central,southwest_monsoon,2024-07-13,0.12,26746.7,0.2894143362789571,Low
SP-01172,Conductor,Central,heatwave,2025-03-27,0.05,26746.7,0.2474143362789571,Low
SP-01172,Damper,Central,southwest_monsoon,2024-07-13,0.095,20012.3,0.32038654570153974,Medium
SP-01172,Damper,Central,heatwave,2025-03-27,0.09,20012.3,0.31738654570153974,Medium
SP-01172,Spacer,Central,southwest_monsoon,2024-07-13,0.045,36045.4,0.18093699846745648,Low
SP-01172,Spacer,Central,heatwave,2025-03-27,0.045,36045.4,0.18093699846745648,Low
SP-01172,Insulator,Central,southwest_monsoon,2024-07-13,0.075,16549.7,0.3320238960737532,Medium
SP-01172,Insulator,Central,heatwave,2025-03-27,0.07,16549.7,0.3290238960737532,Medium
SP-01172,Fittings,Central,southwest_monsoon,2024-07-13,0.085,20918.9,0.30819766398044895,Medium
SP-01172,Fittings,Central,heatwave,2025-03-27,0.06,20918.9,0.29319766398044894,Low
SP-01172,Arrester,Central,southwest_monsoon,2024-07-13,0.105,1493.1,0.4528073910238688,Medium
SP-01172,Arrester,Central,heatwave,2025-03-27,0.085,1493.1,0.4408073910238688,Medium
SP-01173,Conductor,Central,southwest_monsoon,2024-08-27,0.15,3364.7,0.4670309614747915,Medium
SP-01173,Conductor,Central,summer_storm,2024-05-05,0.16,3364.7,0.4730309614747915,Medium
SP-01173,Damper,Central,southwest_monsoon,2024-08-27,0.135,12523.6,0.39550796478904493,Medium
SP-01173,Damper,Central,summer_storm,2024-05-05,0.165,12523.6,0.41350796478904495,Medium
SP-01173,Spacer,Central,southwest_monsoon,2024-08-27,0.195,6859.4,0.470174481273274,Medium
SP-01173,Spacer,Central,summer_storm,2024-05-05,0.155,6859.4,0.44617448127327397,Medium
SP-01173,Insulator,Central,southwest_monsoon,2024-08-27,0.185,2668.1,0.4927862835649215,Medium
SP-01173,Insulator,Central,summer_storm,2024-05-05,0.19,2668.1,0.4957862835649215,Medium
SP-01173,Fittings,Central,southwest_monsoon,2024-08-27,0.135,10367.4,0.41022720896179565,Medium
SP-01173,Fittings,Central,summer_storm,2024-05-05,0.14,10367.4,0.41322720896179566,Medium
SP-01173,Arrester,Central,southwest_monsoon,2024-08-27,0.19,14.1,0.5139037467104927,High
SP-01173,Arrester,Central,summer_storm,2024-05-05,0.205,14.1,0.5229037467104927,High
SP-01174,Conductor,Central,summer_storm,2024-05-30,0.135,24517.4,0.31363259573277086,Medium
SP-01174,Damper,Central,summer_storm,2024-05-30,0.17,2160.3,0.48725276728207334,Medium
SP-01174,Spacer,Central,summer_storm,2024-05-30,0.195,2846.7,0.4975670752311615,Medium
SP-01174,Insulator,Central,summer_storm,2024-05-30,0.23,1762.4,0.5259690214590225,High
SP-01174,Fittings,Central,summer_storm,2024-05-30,0.16,13614.0,0.4030643770671418,Medium
SP-01174,Arrester,Central,summer_storm,2024-05-30,0.165,3270.5,0.476674015366394,Medium
SP-01177,Conductor,Central,heatwave,2025-03-18,0.11,5077.0,0.4313419893029146,Medium
SP-01177,Conductor,Central,southwest_monsoon,2024-08-21,0.075,5077.0,0.4103419893029146,Medium
SP-01177,Damper,Central,heatwave,2025-03-18,0.05,6045.7,0.38872918351952546,Medium
SP-01177,Damper,Central,southwest_monsoon,2024-08-21,0.135,6045.7,0.43972918351952545,Medium
SP-01177,Spacer,Central,heatwave,2025-03-18,0.075,6854.7,0.3982065657031098,Medium
SP-01177,Spacer,Central,southwest_monsoon,2024-08-21,0.22,6854.7,0.4852065657031098,Medium
SP-01177,Insulator,Central,heatwave,2025-03-18,0.11,8828.7,0.4057311051720784,Medium
SP-01177,Insulator,Central,southwest_monsoon,2024-08-21,0.095,8828.7,0.3967311051720784,Medium
SP-01177,Fittings,Central,heatwave,2025-03-18,0.06,12083.9,0.35350956559729946,Medium
SP-01177,Fittings,Central,southwest_monsoon,2024-08-21,0.1,12083.9,0.3775095655972995,Medium
SP-01177,Arrester,Central,heatwave,2025-03-18,0.115,806.7,0.4634930830747806,Medium
SP-01177,Arrester,Central,southwest_monsoon,2024-08-21,0.105,806.7,0.4574930830747806,Medium
SP-01179,Conductor,Central,summer_storm,2024-05-04,0.22,3025.9,0.5113437710127416,High
SP-01179,Conductor,Central,southwest_monsoon,2024-08-21,0.25,3025.9,0.5293437710127417,High
SP-01179,Damper,Central,summer_storm,2024-05-04,0.135,14512.3,0.3819321550838462,Medium
SP-01179,Damper,Central,southwest_monsoon,2024-08-21,0.14,14512.3,0.3849321550838462,Medium
SP-01179,Spacer,Central,summer_storm,2024-05-04,0.16,10303.8,0.4256613727357438,Medium
SP-01179,Spacer,Central,southwest_monsoon,2024-08-21,0.165,10303.8,0.4286613727357438,Medium
SP-01179,Insulator,Central,summer_storm,2024-05-04,0.235,1125.5,0.5333168030254934,High
SP-01179,Insulator,Central,southwest_monsoon,2024-08-21,0.225,1125.5,0.5273168030254936,High
SP-01179,Fittings,Central,summer_storm,2024-05-04,0.11,7725.2,0.4132641197090557,Medium
SP-01179,Fittings,Central,southwest_monsoon,2024-08-21,0.185,7725.2,0.4582641197090557,Medium
SP-01179,Arrester,Central,summer_storm,2024-05-04,0.125,6397.9,0.4313248992241712,Medium
SP-01179,Arrester,Central,southwest_monsoon,2024-08-21,0.18,6397.9,0.4643248992241712,Medium
SP-01180,Conductor,Central,tropical_cyclone,2024-09-03,0.255,8576.1,0.4944554726138912,Medium
SP-01180,Damper,Central,tropical_cyclone,2024-09-03,0.41,1439.0,0.636176703290702,High
SP-01180,Spacer,Central,tropical_cyclone,2024-09-03,0.48,3169.8,0.6663614413418117,High
SP-01180,Insulator,Central,tropical_cyclone,2024-09-03,0.355,904.8,0.606823405932889,High
SP-01180,Fittings,Central,tropical_cyclone,2024-09-03,0.315,3161.7,0.5674167357847204,High
SP-01180,Arrester,Central,tropical_cyclone,2024-09-03,0.45,1665.4,0.6586311894790376,High
SP-01184,Conductor,Central,heatwave,2024-04-19,0.065,14821.1,0.3378241397788905,Medium
SP-01184,Conductor,Central,tropical_cyclone,2024-10-26,0.23,14821.1,0.4368241397788905,Medium
SP-01184,Damper,Central,heatwave,2024-04-19,0.1,1571.9,0.44926946483853686,Medium
SP-01184,Damper,Central,tropical_cyclone,2024-10-26,0.255,1571.9,0.5422694648385369,High
SP-01184,Spacer,Central,heatwave,2024-04-19,0.085,8794.2,0.3909666185400219,Medium
SP-01184,Spacer,Central,tropical_cyclone,2024-10-26,0.195,8794.2,0.4569666185400219,Medium
SP-01184,Insulator,Central,heatwave,2024-04-19,0.075,6536.6,0.40037806722029373,Medium
SP-01184,Insulator,Central,tropical_cyclone,2024-10-26,0.21,6536.6,0.48137806722029375,Medium
SP-01184,Fittings,Central,heatwave,2024-04-19,0.1,2839.7,0.4406148605521935,Medium
SP-01184,Fittings,Central,tropical_cyclone,2024-10-26,0.27,2839.7,0.5426148605521935,High
SP-01184,Arrester,Central,heatwave,2024-04-19,0.05,2533.7,0.41270376172873635,Medium
SP-01184,Arrester,Central,tropical_cyclone,2024-10-26,0.28,2533.7,0.5507037617287364,High
SP-01185,Conductor,Central,southwest_monsoon,2024-08-06,0.19,5151.7,0.47883205166275855,Medium
SP-01185,Damper,Central,southwest_monsoon,2024-08-06,0.17,1941.3,0.4887477651829325,Medium
SP-01185,Spacer,Central,southwest_monsoon,2024-08-06,0.235,2537.2,0.5236798690682204,High
SP-01185,Insulator,Central,southwest_monsoon,2024-08-06,0.16,612.1,0.491821514999471,Medium
SP-01185,Fittings,Central,southwest_monsoon,2024-08-06,0.155,6349.4,0.4496559832341789,Medium
SP-01185,Arrester,Central,southwest_monsoon,2024-08-06,0.27,765.0,0.5567777470586429,High
SP-01188,Conductor,Central,southwest_monsoon,2024-08-02,0.075,29871.0,0.24108638220747702,Low
SP-01188,Damper,Central,southwest_monsoon,2024-08-02,0.205,2218.7,0.5078541011751776,High
SP-01188,Spacer,Central,southwest_monsoon,2024-08-02,0.265,2551.6,0.5415815678363831,High
SP-01188,Insulator,Central,southwest_monsoon,2024-08-02,0.195,1433.1,0.5072169794898576,High
SP-01188,Fittings,Central,southwest_monsoon,2024-08-02,0.05,19062.3,0.299871696413029,Low
SP-01188,Arrester,Central,southwest_monsoon,2024-08-02,0.08,8831.3,0.38771335633855214,Medium
SP-01189,Conductor,Central,southwest_monsoon,2024-06-02,0.105,9835.8,0.39585616277045643,Medium
SP-01189,Conductor,Central,tropical_cyclone,2024-09-05,0.26,9835.8,0.4888561627704564,Medium
SP-01189,Conductor,Central,summer_storm,2024-04-16,0.135,9835.8,0.41385616277045645,Medium
SP-01189,Damper,Central,southwest_monsoon,2024-06-02,0.105,8036.8,0.4081369902756872,Medium
SP-01189,Damper,Central,tropical_cyclone,2024-09-05,0.29,8036.8,0.5191369902756872,High
SP-01189,Damper,Central,summer_storm,2024-04-16,0.125,8036.8,0.4201369902756872,Medium
SP-01189,Spacer,Central,southwest_monsoon,2024-06-02,0.13,2478.9,0.46107785252767286,Medium
SP-01189,Spacer,Central,tropical_cyclone,2024-09-05,0.365,2478.9,0.6020778525276729,High
SP-01189,Spacer,Central,summer_storm,2024-04-16,0.15,2478.9,0.47307785252767287,Medium
SP-01189,Insulator,Central,southwest_monsoon,2024-06-02,0.13,1069.4,0.47069976824119303,Medium
SP-01189,Insulator,Central,tropical_cyclone,2024-09-05,0.335,1069.4,0.5936997682411931,High
SP-01189,Insulator,Central,summer_storm,2024-04-16,0.15,1069.4,0.482699768241193,Medium
SP-01189,Fittings,Central,southwest_monsoon,2024-06-02,0.145,3249.6,0.46481668868204673,Medium
SP-01189,Fittings,Central,tropical_cyclone,2024-09-05,0.375,3249.6,0.6028166886820467,High
SP-01189,Fittings,Central,summer_storm,2024-04-16,0.12,3249.6,0.4498166886820467,Medium
SP-01189,Arrester,Central,southwest_monsoon,2024-06-02,0.13,9419.6,0.4136973414295321,Medium
SP-01189,Arrester,Central,tropical_cyclone,2024-09-05,0.25,9419.6,0.485697341429532,Medium
SP-01189,Arrester,Central,summer_storm,2024-04-16,0.135,9419.6,0.4166973414295321,Medium
SP-01191,Conductor,Central,southwest_monsoon,2024-08-08,0.125,24222.8,0.30964367510077584,Medium
SP-01191,Damper,Central,southwest_monsoon,2024-08-08,0.16,2950.0,0.47586190042221743,Medium
SP-01191,Spacer,Central,southwest_monsoon,2024-08-08,0.245,2858.6,0.527485840185407,High
SP-01191,Insulator,Central,southwest_monsoon,2024-08-08,0.065,11616.0,0.35970367298456873,Medium
SP-01191,Fittings,Central,southwest_monsoon,2024-08-08,0.125,27561.2,0.2868541728531591,Low
SP-01191,Arrester,Central,southwest_monsoon,2024-08-08,0.14,2858.4,0.4644872054802937,Medium
SP-01192,Conductor,Central,summer_storm,2024-04-25,0.075,27991.6,0.2539160582571328,Low
SP-01192,Damper,Central,summer_storm,2024-04-25,0.13,4792.4,0.44528480392658815,Medium
SP-01192,Spacer,Central,summer_storm,2024-04-25,0.06,10957.2,0.36120095434112576,Medium
SP-01192,Insulator,Central,summer_storm,2024-04-25,0.18,1823.3,0.4955532891660438,Medium
SP-01192,Fittings,Central,summer_storm,2024-04-25,0.105,8930.0,0.4020395833120006,Medium
SP-01192,Arrester,Central,summer_storm,2024-04-25,0.145,1814.1,0.4746160927308287,Medium
SP-01193,Conductor,Central,southwest_monsoon,2024-09-13,0.12,23001.8,0.3149788003836479,Medium
SP-01193,Damper,Central,southwest_monsoon,2024-09-13,0.11,6278.2,0.42314202821381885,Medium
SP-01193,Spacer,Central,southwest_monsoon,2024-09-13,0.12,6579.9,0.4270824808773385,Medium
SP-01193,Insulator,Central,southwest_monsoon,2024-09-13,0.1,12308.5,0.3759763394396147,Medium
SP-01193,Fittings,Central,southwest_monsoon,2024-09-13,0.075,20895.0,0.3023608167194012,Medium
SP-01193,Arrester,Central,southwest_monsoon,2024-09-13,0.13,11845.5,0.3971369971021616,Medium
SP-01194,Conductor,Central,tropical_cyclone,2024-09-21,0.27,17040.5,0.4456734624219649,Medium
SP-01194,Damper,Central,tropical_cyclone,2024-09-21,0.35,8281.5,0.5534665519818962,High
SP-01194,Spacer,Central,tropical_cyclone,2024-09-21,0.255,15384.5,0.44797810408325567,Medium
SP-01194,Insulator,Central,tropical_cyclone,2024-09-21,0.47,679.7,0.6773600453277903,High
SP-01194,Fittings,Central,tropical_cyclone,2024-09-21,0.31,6736.2,0.5400155029234377,High
SP-01194,Arrester,Central,tropical_cyclone,2024-09-21,0.275,6117.9,0.5232363120654523,High
SP-01197,Conductor,Central,tropical_cyclone,2024-11-06,0.18,11060.4,0.43249646217962506,Medium
SP-01197,Damper,Central,tropical_cyclone,2024-11-06,0.17,5193.4,0.46654738767889636,Medium
SP-01197,Spacer,Central,tropical_cyclone,2024-11-06,0.26,13644.9,0.4628534390071576,Medium
SP-01197,Insulator,Central,tropical_cyclone,2024-11-06,0.2,1289.2,0.5111993091607874,High
SP-01197,Fittings,Central,tropical_cyclone,2024-11-06,0.215,11375.5,0.45134544008574057,Medium
SP-01197,Arrester,Central,tropical_cyclone,2024-11-06,0.235,1008.0,0.5341189137713882,High
SP-01198,Conductor,Central,summer_storm,2024-04-19,0.085,25336.9,0.27803829993480716,Low
SP-01198,Damper,Central,summer_storm,2024-04-19,0.095,9187.8,0.3942797182031354,Medium
SP-01198,Spacer,Central,summer_storm,2024-04-19,0.08,17531.5,0.32832166347528985,Medium
SP-01198,Insulator,Central,summer_storm,2024-04-19,0.18,2163.9,0.49322819197411405,Medium
SP-01198,Fittings,Central,summer_storm,2024-04-19,0.06,31991.2,0.21761289111431956,Low
SP-01198,Arrester,Central,summer_storm,2024-04-19,0.165,5401.7,0.46212543305447185,Medium
SP-01199,Conductor,Central,heatwave,2024-04-20,0.035,14989.5,0.31867456148434864,Medium
SP-01199,Damper,Central,heatwave,2024-04-20,0.03,3385.3,0.3948903361014688,Medium
SP-01199,Spacer,Central,heatwave,2024-04-20,0.09,2435.5,0.4373741215180714,Medium
SP-01199,Insulator,Central,heatwave,2024-04-20,0.025,19841.5,0.27955250753472116,Low
SP-01199,Fittings,Central,heatwave,2024-04-20,0.09,3474.0,0.4302848278192486,Medium
SP-01199,Arrester,Central,heatwave,2024-04-20,0.045,4252.5,0.397970417473044,Medium
SP-01200,Conductor,Central,southwest_monsoon,2024-07-22,0.11,27512.6,0.27818593951061005,Low
SP-01200,Damper,Central,southwest_monsoon,2024-07-22,0.105,2586.2,0.4453453718209962,Medium
SP-01200,Spacer,Central,southwest_monsoon,2024-07-22,0.105,6379.9,0.41944777576396786,Medium
SP-01200,Insulator,Central,southwest_monsoon,2024-07-22,0.09,8537.1,0.39572170511678395,Medium
SP-01200,Fittings,Central,southwest_monsoon,2024-07-22,0.065,19791.7,0.30389246596149183,Medium
SP-01200,Arrester,Central,southwest_monsoon,2024-07-22,0.345,1887.8,0.5941129815651058,High
SP-01201,Conductor,Central,heatwave,2024-04-05,0.015,9278.0,0.3456639702092656,Medium
SP-01201,Damper,Central,heatwave,2024-04-05,0.055,3055.5,0.4121417073695205,Medium
SP-01201,Spacer,Central,heatwave,2024-04-05,0.025,7116.2,0.366421442638842,Medium
SP-01201,Insulator,Central,heatwave,2024-04-05,0.09,1545.2,0.44345173170590185,Medium
SP-01201,Fittings,Central,heatwave,2024-04-05,0.02,10803.6,0.33824950081405714,Medium
SP-01201,Arrester,Central,heatwave,2024-04-05,0.065,1350.1,0.4297835768678087,Medium
SP-01202,Conductor,Central,tropical_cyclone,2024-10-22,0.205,26291.8,0.3435196994985955,Medium
SP-01202,Conductor,Central,southwest_monsoon,2024-09-11,0.065,26291.8,0.2595196994985955,Low
SP-01202,Conductor,Central,summer_storm,2024-05-07,0.04,26291.8,0.2445196994985955,Low
SP-01202,Damper,Central,tropical_cyclone,2024-10-22,0.375,9323.8,0.5613513176802275,High
SP-01202,Damper,Central,southwest_monsoon,2024-09-11,0.1,9323.8,0.3963513176802275,Medium
SP-01202,Damper,Central,summer_storm,2024-05-07,0.075,9323.8,0.3813513176802275,Medium
SP-01202,Spacer,Central,tropical_cyclone,2024-10-22,0.28,15153.1,0.4645577502670859,Medium
SP-01202,Spacer,Central,southwest_monsoon,2024-09-11,0.055,15153.1,0.3295577502670859,Medium
SP-01202,Spacer,Central,summer_storm,2024-05-07,0.075,15153.1,0.34155775026708585,Medium
SP-01202,Insulator,Central,tropical_cyclone,2024-10-22,0.4,2611.7,0.6221712967229509,High
SP-01202,Insulator,Central,southwest_monsoon,2024-09-11,0.13,2611.7,0.460171296722951,Medium
SP-01202,Insulator,Central,summer_storm,2024-05-07,0.145,2611.7,0.469171296722951,Medium
SP-01202,Fittings,Central,tropical_cyclone,2024-10-22,0.29,15191.8,0.47029356570652303,Medium
SP-01202,Fittings,Central,southwest_monsoon,2024-09-11,0.115,15191.8,0.36529356570652305,Medium
SP-01202,Fittings,Central,summer_storm,2024-05-07,0.055,15191.8,0.329293565706523,Medium
SP-01202,Arrester,Central,tropical_cyclone,2024-10-22,0.285,10817.5,0.49715461281943635,Medium
SP-01202,Arrester,Central,southwest_monsoon,2024-09-11,0.1,10817.5,0.38615461281943636,Medium
SP-01202,Arrester,Central,summer_storm,2024-05-07,0.06,10817.5,0.36215461281943634,Medium
SP-01203,Conductor,Central,summer_storm,2024-05-04,0.1,12897.1,0.37195827658826464,Medium
SP-01203,Damper,Central,summer_storm,2024-05-04,0.165,2604.2,0.48122249528119954,Medium
SP-01203,Spacer,Central,summer_storm,2024-05-04,0.12,6245.9,0.4293625233380095,Medium
SP-01203,Insulator,Central,summer_storm,2024-05-04,0.165,346.6,0.4966339439614714,Medium
SP-01203,Fittings,Central,summer_storm,2024-05-04,0.125,3150.1,0.45349592288814483,Medium
SP-01203,Arrester,Central,summer_storm,2024-05-04,0.14,659.8,0.4794958921690099,Medium
SP-01205,Conductor,Central,southwest_monsoon,2024-08-31,0.11,15480.0,0.3603261757748902,Medium
SP-01205,Conductor,Central,tropical_cyclone,2024-10-20,0.18,15480.0,0.40232617577489016,Medium
SP-01205,Damper,Central,southwest_monsoon,2024-08-31,0.115,1444.3,0.45914052297620633,Medium
SP-01205,Damper,Central,tropical_cyclone,2024-10-20,0.25,1444.3,0.5401405229762063,High
SP-01205,Spacer,Central,southwest_monsoon,2024-08-31,0.12,8088.4,0.41678474419493683,Medium
SP-01205,Spacer,Central,tropical_cyclone,2024-10-20,0.16,8088.4,0.44078474419493685,Medium
SP-01205,Insulator,Central,southwest_monsoon,2024-08-31,0.19,7508.1,0.46274614730849184,Medium
SP-01205,Insulator,Central,tropical_cyclone,2024-10-20,0.175,7508.1,0.45374614730849183,Medium
SP-01205,Fittings,Central,southwest_monsoon,2024-08-31,0.085,14542.1,0.3517287261457384,Medium
SP-01205,Fittings,Central,tropical_cyclone,2024-10-20,0.175,14542.1,0.4057287261457384,Medium
SP-01205,Arrester,Central,southwest_monsoon,2024-08-31,0.19,424.8,0.5111001136607993,High
SP-01205,Arrester,Central,tropical_cyclone,2024-10-20,0.295,424.8,0.5741001136607993,High
SP-01206,Conductor,Central,summer_storm,2024-04-07,0.1,12385.8,0.3754486529659325,Medium
SP-01206,Damper,Central,summer_storm,2024-04-07,0.14,9214.8,0.4210954033934405,Medium
SP-01206,Spacer,Central,summer_storm,2024-04-07,0.07,17231.0,0.3243730190424504,Medium
SP-01206,Insulator,Central,summer_storm,2024-04-07,0.125,36696.3,0.22449364625892132,Low
SP-01206,Fittings,Central,summer_storm,2024-04-07,0.11,8554.3,0.40760428975653384,Medium
SP-01206,Arrester,Central,summer_storm,2024-04-07,0.065,2891.7,0.4192598838816699,Medium
SP-01208,Conductor,Central,heatwave,2025-03-05,0.045,15650.6,0.3201615792365954,Medium
SP-01208,Damper,Central,heatwave,2025-03-05,0.065,8593.8,0.38033464401642453,Medium
SP-01208,Spacer,Central,heatwave,2025-03-05,0.045,9659.7,0.36105830491813357,Medium
SP-01208,Insulator,Central,heatwave,2025-03-05,0.125,2652.2,0.45689482450840857,Medium
SP-01208,Fittings,Central,heatwave,2025-03-05,0.08,21192.9,0.3033272099857668,Medium
SP-01208,Arrester,Central,heatwave,2025-03-05,0.075,6959.5,0.39749115118251604,Medium
SP-01209,Conductor,Central,summer_storm,2024-04-02,0.06,20159.4,0.29838237131242384,Low
SP-01209,Damper,Central,summer_storm,2024-04-02,0.12,11103.0,0.39620565436877303,Medium
SP-01209,Spacer,Central,summer_storm,2024-04-02,0.295,3260.6,0.5547415974632821,High
SP-01209,Insulator,Central,summer_storm,2024-04-02,0.105,8615.6,0.40418582687378196,Medium
SP-01209,Fittings,Central,summer_storm,2024-04-02,0.09,27551.8,0.26591834171283074,Low
SP-01209,Arrester,Central,summer_storm,2024-04-02,0.09,12312.2,0.36995108148421213,Medium
SP-01211,Conductor,Central,summer_storm,2024-05-19,0.155,11796.7,0.4124701290544992,Medium
SP-01211,Damper,Central,summer_storm,2024-05-19,0.16,8563.4,0.43754216883919217,Medium
SP-01211,Spacer,Central,summer_storm,2024-05-19,0.25,18930.2,0.42077347368564766,Medium
SP-01211,Insulator,Central,summer_storm,2024-05-19,0.155,4499.1,0.46228700887783003,Medium
SP-01211,Fittings,Central,summer_storm,2024-05-19,0.2,25724.8,0.3443903105021896,Medium
SP-01211,Arrester,Central,summer_storm,2024-05-19,0.265,2006.5,0.5453026790498914,High
SP-01212,Conductor,Central,southwest_monsoon,2024-09-29,0.13,25464.1,0.30416997238691096,Medium
SP-01212,Damper,Central,southwest_monsoon,2024-09-29,0.125,4573.2,0.44378116712233384,Medium
SP-01212,Spacer,Central,southwest_monsoon,2024-09-29,0.125,16094.2,0.36513335517805157,Medium
SP-01212,Insulator,Central,southwest_monsoon,2024-09-29,0.15,3289.2,0.46754636029449415,Medium
SP-01212,Fittings,Central,southwest_monsoon,2024-09-29,0.11,32104.3,0.2468408168559307,Low
SP-01212,Arrester,Central,southwest_monsoon,2024-09-29,0.12,9198.1,0.40920940551647406,Medium
SP-01213,Conductor,Central,summer_storm,2024-05-09,0.08,35990.5,0.20231177191383626,Low
SP-01213,Conductor,Central,tropical_cyclone,2024-10-08,0.185,35990.5,0.26531177191383626,Low
SP-01213,Conductor,Central,heatwave,2025-03-06,0.065,35990.5,0.19331177191383625,Low
SP-01213,Damper,Central,summer_storm,2024-05-09,0.09,21878.4,0.3046476617618448,Medium
SP-01213,Damper,Central,tropical_cyclone,2024-10-08,0.2,21878.4,0.3706476617618448,Medium
SP-01213,Damper,Central,heatwave,2025-03-06,0.05,21878.4,0.28064766176184486,Low
SP-01213,Spacer,Central,summer_storm,2024-05-09,0.055,32167.5,0.21340938367175585,Low
SP-01213,Spacer,Central,tropical_cyclone,2024-10-08,0.175,32167.5,0.28540938367175583,Low
SP-01213,Spacer,Central,heatwave,2025-03-06,0.05,32167.5,0.21040938367175585,Low
SP-01213,Insulator,Central,summer_storm,2024-05-09,0.1,19378.0,0.32771657843448465,Medium
SP-01213,Insulator,Central,tropical_cyclone,2024-10-08,0.18,19378.0,0.37571657843448464,Medium
SP-01213,Insulator,Central,heatwave,2025-03-06,0.055,19378.0,0.3007165784344846,Medium
SP-01213,Fittings,Central,summer_storm,2024-05-09,0.115,13634.3,0.37592579963614897,Medium
SP-01213,Fittings,Central,tropical_cyclone,2024-10-08,0.23,13634.3,0.444925799636149,Medium
SP-01213,Fittings,Central,heatwave,2025-03-06,0.11,13634.3,0.37292579963614897,Medium
SP-01213,Arrester,Central,summer_storm,2024-05-09,0.12,4587.2,0.4406855964802698,Medium
SP-01213,Arrester,Central,tropical_cyclone,2024-10-08,0.285,4587.2,0.5396855964802698,High
SP-01213,Arrester,Central,heatwave,2025-03-06,0.08,4587.2,0.41668559648026976,Medium
SP-01214,Conductor,Central,southwest_monsoon,2024-08-15,0.07,16353.1,0.33036598094730985,Medium
SP-01214,Damper,Central,southwest_monsoon,2024-08-15,0.17,2058.9,0.4879449717895944,Medium
SP-01214,Spacer,Central,southwest_monsoon,2024-08-15,0.215,4832.1,0.4960137928915922,Medium
SP-01214,Insulator,Central,southwest_monsoon,2024-08-15,0.095,19327.3,0.3250626806882452,Medium
SP-01214,Fittings,Central,southwest_monsoon,2024-08-15,0.18,11170.2,0.43174691528686554,Medium
SP-01214,Arrester,Central,southwest_monsoon,2024-08-15,0.095,6159.2,0.4149543786713633,Medium
SP-01215,Conductor,Central,southwest_monsoon,2024-07-06,0.105,13286.1,0.3723027780337706,Medium
SP-01215,Damper,Central,southwest_monsoon,2024-07-06,0.15,1422.4,0.4802900227662923,Medium
SP-01215,Spacer,Central,southwest_monsoon,2024-07-06,0.15,6087.8,0.44844178894588993,Medium
SP-01215,Insulator,Central,southwest_monsoon,2024-07-06,0.145,4625.2,0.4554261904518102,Medium
SP-01215,Fittings,Central,southwest_monsoon,2024-07-06,0.245,11352.7,0.4695010837028163,Medium
SP-01215,Arrester,Central,southwest_monsoon,2024-07-06,0.27,1610.5,0.5510059629254174,High
SP-01217,Conductor,Central,tropical_cyclone,2024-08-16,0.12,21647.3,0.32422526000334495,Medium
SP-01217,Damper,Central,tropical_cyclone,2024-08-16,0.205,12772.2,0.43581090324496463,Medium
SP-01217,Spacer,Central,tropical_cyclone,2024-08-16,0.14,14345.8,0.38606876307696514,Medium
SP-01217,Insulator,Central,tropical_cyclone,2024-08-16,0.18,12122.8,0.42524401574185006,Medium
SP-01217,Fittings,Central,tropical_cyclone,2024-08-16,0.125,19565.3,0.3414379797731563,Medium
SP-01217,Arrester,Central,tropical_cyclone,2024-08-16,0.37,1165.6,0.6140430614007243,High
SP-01219,Conductor,Central,summer_storm,2024-04-08,0.1,22292.2,0.30782286664140873,Medium
SP-01219,Conductor,Central,southwest_monsoon,2024-06-14,0.135,22292.2,0.32882286664140875,Medium
SP-01219,Damper,Central,summer_storm,2024-04-08,0.245,2715.5,0.5284627086767903,High
SP-01219,Damper,Central,southwest_monsoon,2024-06-14,0.215,2715.5,0.5104627086767903,High
SP-01219,Spacer,Central,summer_storm,2024-04-08,0.095,19898.7,0.3211620331971452,Medium
SP-01219,Spacer,Central,southwest_monsoon,2024-06-14,0.135,19898.7,0.3451620331971452,Medium
SP-01219,Insulator,Central,summer_storm,2024-04-08,0.1,8928.3,0.399051188318537,Medium
SP-01219,Insulator,Central,southwest_monsoon,2024-06-14,0.09,8928.3,0.39305118831853697,Medium
SP-01219,Fittings,Central,summer_storm,2024-04-08,0.07,37227.9,0.1878646924502606,Low
SP-01219,Fittings,Central,southwest_monsoon,2024-06-14,0.11,37227.9,0.2118646924502606,Low
SP-01219,Arrester,Central,summer_storm,2024-04-08,0.075,9606.1,0.37942420394775017,Medium
SP-01219,Arrester,Central,southwest_monsoon,2024-06-14,0.06,9606.1,0.37042420394775016,Medium
SP-01222,Conductor,Central,summer_storm,2024-05-21,0.08,11739.6,0.36785992074463186,Medium
SP-01222,Damper,Central,summer_storm,2024-05-21,0.19,2348.1,0.4979707553835284,Medium
SP-01222,Spacer,Central,summer_storm,2024-05-21,0.155,2575.0,0.4754218283346474,Medium
SP-01222,Insulator,Central,summer_storm,2024-05-21,0.09,20773.5,0.31219023336302854,Medium
SP-01222,Fittings,Central,summer_storm,2024-05-21,0.14,3675.7,0.458907927926083,Medium
SP-01222,Arrester,Central,summer_storm,2024-05-21,0.13,6222.6,0.4355215801923018,Medium
SP-01225,Conductor,Central,summer_storm,2024-04-16,0.105,17452.1,0.3438636855452817,Medium
SP-01225,Damper,Central,summer_storm,2024-04-16,0.095,8339.2,0.40007266440710365,Medium
SP-01225,Spacer,Central,summer_storm,2024-04-16,0.08,17207.3,0.330534806486516,Medium
SP-01225,Insulator,Central,summer_storm,2024-04-16,0.22,1211.7,0.5237283609293563,High
SP-01225,Fittings,Central,summer_storm,2024-04-16,0.165,3837.3,0.4728047696576865,Medium
SP-01225,Arrester,Central,summer_storm,2024-04-16,0.185,738.6,0.5059579659836779,High
SP-01226,Conductor,Central,tropical_cyclone,2024-08-31,0.32,6208.4,0.5496185161292525,High
SP-01226,Damper,Central,tropical_cyclone,2024-08-31,0.385,1654.6,0.6197049154029156,High
SP-01226,Spacer,Central,tropical_cyclone,2024-08-31,0.425,3111.5,0.6337594248012643,High
SP-01226,Insulator,Central,tropical_cyclone,2024-08-31,0.34,1786.2,0.5918065513675135,High
SP-01226,Fittings,Central,tropical_cyclone,2024-08-31,0.285,19662.7,0.43677308116336777,Medium
SP-01226,Arrester,Central,tropical_cyclone,2024-08-31,0.355,837.3,0.6072841929571263,High
SP-01227,Conductor,Central,heatwave,2024-04-29,0.055,24139.9,0.26820958983128373,Low
SP-01227,Damper,Central,heatwave,2024-04-29,0.1,1975.5,0.4465142997573188,Medium
SP-01227,Spacer,Central,heatwave,2024-04-29,0.055,6768.7,0.38679364250436044,Medium
SP-01227,Insulator,Central,heatwave,2024-04-29,0.09,1113.3,0.4464000860135779,Medium
SP-01227,Fittings,Central,heatwave,2024-04-29,0.085,5485.2,0.41355542243930415,Medium
SP-01227,Arrester,Central,heatwave,2024-04-29,0.095,1075.8,0.4496560788048209,Medium
SP-01229,Conductor,Central,southwest_monsoon,2024-06-15,0.105,25374.6,0.2897809418486776,Low
SP-01229,Damper,Central,southwest_monsoon,2024-06-15,0.05,18552.8,0.3033497851367172,Medium
SP-01229,Spacer,Central,southwest_monsoon,2024-06-15,0.06,7971.6,0.3815820764087283,Medium
SP-01229,Insulator,Central,southwest_monsoon,2024-06-15,0.31,2231.3,0.57076808759732,High
SP-01229,Fittings,Central,southwest_monsoon,2024-06-15,0.045,17127.7,0.3100781938513945,Medium
SP-01229,Arrester,Central,southwest_monsoon,2024-06-15,0.07,9941.9,0.37413187383309954,Medium
SP-01230,Conductor,Central,southwest_monsoon,2024-06-03,0.13,11050.1,0.40256677486628645,Medium
SP-01230,Conductor,Central,heatwave,2025-03-02,0.025,11050.1,0.33956677486628645,Medium
SP-01230,Damper,Central,southwest_monsoon,2024-06-03,0.155,1336.7,0.48387505162521294,Medium
SP-01230,Damper,Central,heatwave,2025-03-02,0.055,1336.7,0.4238750516252129,Medium
SP-01230,Spacer,Central,southwest_monsoon,2024-06-03,0.14,1821.9,0.4715628462302502,Medium
SP-01230,Spacer,Central,heatwave,2025-03-02,0.08,1821.9,0.43556284623025016,Medium
SP-01230,Insulator,Central,southwest_monsoon,2024-06-03,0.25,835.1,0.5442992112008792,High
SP-01230,Insulator,Central,heatwave,2025-03-02,0.055,835.1,0.4272992112008792,Medium
SP-01230,Fittings,Central,southwest_monsoon,2024-06-03,0.135,7603.9,0.4290921710577964,Medium
SP-01230,Fittings,Central,heatwave,2025-03-02,0.03,7603.9,0.3660921710577964,Medium
SP-01230,Arrester,Central,southwest_monsoon,2024-06-03,0.18,924.7,0.5016875590916693,High
SP-01230,Arrester,Central,heatwave,2025-03-02,0.04,924.7,0.4176875590916693,Medium
SP-01231,Conductor,Central,heatwave,2024-04-28,0.025,14792.7,0.31401801165279186,Medium
SP-01231,Damper,Central,heatwave,2024-04-28,0.035,11132.6,0.34500359072555187,Medium
SP-01231,Spacer,Central,heatwave,2024-04-28,0.11,2311.9,0.4502178737580083,Medium
SP-01231,Insulator,Central,heatwave,2024-04-28,0.095,1793.5,0.4447567181041515,Medium
SP-01231,Fittings,Central,heatwave,2024-04-28,0.045,5552.6,0.3890953180625101,Medium
SP-01231,Arrester,Central,heatwave,2024-04-28,0.085,1281.5,0.4422518730139226,Medium
SP-01237,Conductor,Central,tropical_cyclone,2024-08-15,0.25,6493.4,0.5056729709158058,High
SP-01237,Damper,Central,tropical_cyclone,2024-08-15,0.3,1444.5,0.5701391576813197,High
SP-01237,Spacer,Central,tropical_cyclone,2024-08-15,0.305,2141.8,0.5683790570590865,High
SP-01237,Insulator,Central,tropical_cyclone,2024-08-15,0.35,1778.4,0.5978597978680921,High
SP-01237,Fittings,Central,tropical_cyclone,2024-08-15,0.265,5378.8,0.5222817593189909,High
SP-01237,Arrester,Central,tropical_cyclone,2024-08-15,0.255,99.5,0.552320765793902,High
SP-01241,Conductor,Central,summer_storm,2024-04-17,0.065,30377.1,0.23163150349686154,Low
SP-01241,Conductor,Central,heatwave,2024-04-04,0.06,30377.1,0.22863150349686154,Low
SP-01241,Damper,Central,summer_storm,2024-04-17,0.195,2052.1,0.5029913918157398,High
SP-01241,Damper,Central,heatwave,2024-04-04,0.135,2052.1,0.46699139181573984,Medium
SP-01241,Spacer,Central,summer_storm,2024-04-17,0.095,9047.3,0.3952388378609925,Medium
SP-01241,Spacer,Central,heatwave,2024-04-04,0.035,9047.3,0.35923883786099253,Medium
SP-01241,Insulator,Central,summer_storm,2024-04-17,0.11,1601.2,0.45506944913764563,Medium
SP-01241,Insulator,Central,heatwave,2024-04-04,0.1,1601.2,0.4490694491376456,Medium
SP-01241,Fittings,Central,summer_storm,2024-04-17,0.095,19827.2,0.32165012611911514,Medium
SP-01241,Fittings,Central,heatwave,2024-04-04,0.065,19827.2,0.3036501261191151,Medium
SP-01241,Arrester,Central,summer_storm,2024-04-17,0.155,525.2,0.48941473562771143,Medium
SP-01241,Arrester,Central,heatwave,2024-04-04,0.12,525.2,0.46841473562771146,Medium
SP-01244,Conductor,Central,summer_storm,2024-04-16,0.085,12581.7,0.3651113466244791,Medium
SP-01244,Damper,Central,summer_storm,2024-04-16,0.18,1544.7,0.49745514494311843,Medium
SP-01244,Spacer,Central,summer_storm,2024-04-16,0.15,1792.7,0.477762179283698,Medium
SP-01244,Insulator,Central,summer_storm,2024-04-16,0.065,2757.6,0.42017531410315484,Medium
SP-01244,Fittings,Central,summer_storm,2024-04-16,0.055,7379.6,0.3826233492731511,Medium
SP-01244,Arrester,Central,summer_storm,2024-04-16,0.19,432.2,0.511049597749994,High
SP-01245,Conductor,Central,southwest_monsoon,2024-08-17,0.11,10467.0,0.39454729210825423,Medium
SP-01245,Conductor,Central,heatwave,2025-03-19,0.065,10467.0,0.3675472921082542,Medium
SP-01245,Damper,Central,southwest_monsoon,2024-08-17,0.15,8923.5,0.429083955395816,Medium
SP-01245,Damper,Central,heatwave,2025-03-19,0.055,8923.5,0.37208395539581607,Medium
SP-01245,Spacer,Central,southwest_monsoon,2024-08-17,0.12,5631.5,0.43355670922973477,Medium
SP-01245,Spacer,Central,heatwave,2025-03-19,0.115,5631.5,0.43055670922973477,Medium
SP-01245,Insulator,Central,southwest_monsoon,2024-08-17,0.17,3708.7,0.4766826542697892,Medium
SP-01245,Insulator,Central,heatwave,2025-03-19,0.125,3708.7,0.44968265426978915,Medium
SP-01245,Fittings,Central,southwest_monsoon,2024-08-17,0.16,2692.2,0.4776217655310827,Medium
SP-01245,Fittings,Central,heatwave,2025-03-19,0.05,2692.2,0.41162176553108265,Medium
SP-01245,Arrester,Central,southwest_monsoon,2024-08-17,0.19,1630.8,0.5028673854944246,High
SP-01245,Arrester,Central,heatwave,2025-03-19,0.1,1630.8,0.4488673854944245,Medium
SP-01247,Conductor,Central,southwest_monsoon,2024-06-24,0.16,8442.9,0.43836475900838634,Medium
SP-01247,Damper,Central,southwest_monsoon,2024-06-24,0.11,9520.0,0.4010119633964441,Medium
SP-01247,Spacer,Central,southwest_monsoon,2024-06-24,0.125,9528.7,0.4099525730688758,Medium
SP-01247,Insulator,Central,southwest_monsoon,2024-06-24,0.17,1117.9,0.4943686842311854,Medium
SP-01247,Fittings,Central,southwest_monsoon,2024-06-24,0.135,10736.8,0.4077055093061913,Medium
SP-01247,Arrester,Central,southwest_monsoon,2024-06-24,0.15,455.7,0.4868891756008151,Medium
SP-01250,Conductor,Central,southwest_monsoon,2024-06-11,0.125,11719.4,0.3949978155281814,Medium
SP-01250,Damper,Central,southwest_monsoon,2024-06-11,0.115,6513.8,0.4245337108373695,Medium
SP-01250,Spacer,Central,southwest_monsoon,2024-06-11,0.29,1845.4,0.5614024240810712,High
SP-01250,Insulator,Central,southwest_monsoon,2024-06-11,0.135,297.7,0.4789677585612523,Medium
SP-01250,Fittings,Central,southwest_monsoon,2024-06-11,0.09,6645.9,0.4086319335647508,Medium
SP-01250,Arrester,Central,southwest_monsoon,2024-06-11,0.075,4229.4,0.4161281090324496,Medium
SP-01251,Conductor,Central,tropical_cyclone,2024-09-04,0.275,9922.1,0.4972670380268759,Medium
SP-01251,Conductor,Central,southwest_monsoon,2024-08-18,0.15,9922.1,0.4222670380268758,Medium
SP-01251,Damper,Central,tropical_cyclone,2024-09-04,0.235,18015.5,0.41801764984964696,Medium
SP-01251,Damper,Central,southwest_monsoon,2024-08-18,0.095,18015.5,0.33401764984964694,Medium
SP-01251,Spacer,Central,tropical_cyclone,2024-09-04,0.44,2478.6,0.6470799004700027,High
SP-01251,Spacer,Central,southwest_monsoon,2024-08-18,0.16,2478.6,0.4790799004700028,Medium
SP-01251,Insulator,Central,tropical_cyclone,2024-09-04,0.335,7416.7,0.5503700870716814,High
SP-01251,Insulator,Central,southwest_monsoon,2024-08-18,0.09,7416.7,0.40337008707168137,Medium
SP-01251,Fittings,Central,tropical_cyclone,2024-09-04,0.24,11857.7,0.46305371411407725,Medium
SP-01251,Fittings,Central,southwest_monsoon,2024-08-18,0.085,11857.7,0.3700537141140772,Medium
SP-01251,Arrester,Central,tropical_cyclone,2024-09-04,0.39,1493.0,0.6238080736713121,High
SP-01251,Arrester,Central,southwest_monsoon,2024-08-18,0.145,1493.0,0.47680807367131206,Medium
SP-01253,Conductor,Central,southwest_monsoon,2024-09-07,0.085,7772.4,0.39794191011581115,Medium
SP-01253,Damper,Central,southwest_monsoon,2024-09-07,0.1,8681.1,0.40073869279841084,Medium
SP-01253,Spacer,Central,southwest_monsoon,2024-09-07,0.1,9219.1,0.39706604955337793,Medium
SP-01253,Insulator,Central,southwest_monsoon,2024-09-07,0.32,1122.1,0.5843400130385662,High
SP-01253,Fittings,Central,southwest_monsoon,2024-09-07,0.18,3244.4,0.4858521863490991,Medium
SP-01253,Arrester,Central,southwest_monsoon,2024-09-07,0.22,498.0,0.528600415732293,High
SP-01254,Conductor,Central,heatwave,2025-03-17,0.07,19279.4,0.31038966881359287,Medium
SP-01254,Damper,Central,heatwave,2025-03-17,0.06,7908.7,0.38201146165057326,Medium
SP-01254,Spacer,Central,heatwave,2025-03-17,0.08,15417.4,0.34275351307440516,Medium
SP-01254,Insulator,Central,heatwave,2025-03-17,0.09,900.6,0.4478520771255082,Medium
SP-01254,Fittings,Central,heatwave,2025-03-17,0.035,10020.0,0.3525987261798708,Medium
SP-01254,Arrester,Central,heatwave,2025-03-17,0.075,149.6,0.4439787594248013,Medium
SP-01255,Conductor,Central,southwest_monsoon,2024-08-31,0.315,5258.0,0.553106397430515,High
SP-01255,Damper,Central,southwest_monsoon,2024-08-31,0.16,10216.1,0.4262600545435308,Medium
SP-01255,Spacer,Central,southwest_monsoon,2024-08-31,0.22,2773.9,0.5130640425698946,High
SP-01255,Insulator,Central,southwest_monsoon,2024-08-31,0.13,32149.1,0.25853499080132575,Low
SP-01255,Fittings,Central,southwest_monsoon,2024-08-31,0.12,24074.6,0.3076553586117682,Medium
SP-01255,Arrester,Central,southwest_monsoon,2024-08-31,0.27,1760.4,0.5499826744078887,High
SP-01256,Conductor,Central,summer_storm,2024-04-22,0.12,7904.7,0.4180387675483059,Medium
SP-01256,Damper,Central,summer_storm,2024-04-22,0.09,17851.1,0.3321399222464562,Medium
SP-01256,Spacer,Central,summer_storm,2024-04-22,0.155,5678.3,0.4542372302262635,Medium
SP-01256,Insulator,Central,summer_storm,2024-04-22,0.09,2569.5,0.4364593739440298,Medium
SP-01256,Fittings,Central,summer_storm,2024-04-22,0.14,7810.3,0.43068318673479494,Medium
SP-01256,Arrester,Central,summer_storm,2024-04-22,0.125,318.0,0.4728291811302594,Medium
SP-01257,Conductor,Central,tropical_cyclone,2024-11-29,0.205,3944.5,0.49607297159845315,Medium
SP-01257,Conductor,Central,southwest_monsoon,2024-08-02,0.155,3944.5,0.4660729715984532,Medium
SP-01257,Damper,Central,tropical_cyclone,2024-11-29,0.275,1876.9,0.5521873901364271,High
SP-01257,Damper,Central,southwest_monsoon,2024-08-02,0.26,1876.9,0.5431873901364271,High
SP-01257,Spacer,Central,tropical_cyclone,2024-11-29,0.295,2242.4,0.5616923137311121,High
SP-01257,Spacer,Central,southwest_monsoon,2024-08-02,0.155,2242.4,0.477692313731112,Medium
SP-01257,Insulator,Central,tropical_cyclone,2024-11-29,0.345,2801.2,0.5878776798178696,High
SP-01257,Insulator,Central,southwest_monsoon,2024-08-02,0.18,2801.2,0.48887767981786967,Medium
SP-01257,Fittings,Central,tropical_cyclone,2024-11-29,0.27,3095.9,0.5408659178024214,High
SP-01257,Fittings,Central,southwest_monsoon,2024-08-02,0.17,3095.9,0.4808659178024214,Medium
SP-01257,Arrester,Central,tropical_cyclone,2024-11-29,0.275,422.8,0.5621137666096656,High
SP-01257,Arrester,Central,southwest_monsoon,2024-08-02,0.18,422.8,0.5051137666096657,High
SP-01258,Conductor,Central,tropical_cyclone,2024-08-07,0.11,23985.8,0.3022615495414316,Medium
SP-01258,Damper,Central,tropical_cyclone,2024-08-07,0.295,3790.1,0.551126979250931,High
SP-01258,Spacer,Central,tropical_cyclone,2024-08-07,0.115,25121.9,0.2975059919379337,Low
SP-01258,Insulator,Central,tropical_cyclone,2024-08-07,0.29,3673.7,0.5489215808749492,High
SP-01258,Fittings,Central,tropical_cyclone,2024-08-07,0.15,22882.3,0.3337945640784089,Medium
SP-01258,Arrester,Central,tropical_cyclone,2024-08-07,0.415,1940.7,0.6357518610675923,High
SP-01261,Conductor,South,southwest_monsoon,2024-08-19,0.07,3911.9,0.41529551466497366,Medium
SP-01261,Damper,South,southwest_monsoon,2024-08-19,0.1,10240.5,0.390093488567362,Medium
SP-01261,Spacer,South,southwest_monsoon,2024-08-19,0.105,19385.5,0.330665379876236,Medium
SP-01261,Insulator,South,southwest_monsoon,2024-08-19,0.12,6557.3,0.42723675919952764,Medium
SP-01261,Fittings,South,southwest_monsoon,2024-08-19,0.14,10504.4,0.4122919819644546,Medium
SP-01261,Arrester,South,southwest_monsoon,2024-08-19,0.075,2498.3,0.4279454189236698,Medium
SP-01265,Conductor,South,southwest_monsoon,2024-08-23,0.11,17693.5,0.34521577461712016,Medium
SP-01265,Conductor,South,tropical_cyclone,2024-08-29,0.19,17693.5,0.39321577461712015,Medium
SP-01265,Damper,South,southwest_monsoon,2024-08-23,0.15,3280.7,0.46760438532717585,Medium
SP-01265,Damper,South,tropical_cyclone,2024-08-29,0.295,3280.7,0.5546043853271758,High
SP-01265,Spacer,South,southwest_monsoon,2024-08-23,0.095,2549.9,0.43959317284291943,Medium
SP-01265,Spacer,South,tropical_cyclone,2024-08-29,0.225,2549.9,0.5175931728429195,High
SP-01265,Insulator,South,southwest_monsoon,2024-08-23,0.125,6966.3,0.42744473115637066,Medium
SP-01265,Insulator,South,tropical_cyclone,2024-08-29,0.165,6966.3,0.4514447311563706,Medium
SP-01265,Fittings,South,southwest_monsoon,2024-08-23,0.065,3964.6,0.4119357594623469,Medium
SP-01265,Fittings,South,tropical_cyclone,2024-08-29,0.245,3964.6,0.5199357594623469,High
SP-01265,Arrester,South,southwest_monsoon,2024-08-23,0.13,1495.4,0.4677916901326726,Medium
SP-01265,Arrester,South,tropical_cyclone,2024-08-29,0.265,1495.4,0.5487916901326726,High
SP-01266,Conductor,South,summer_storm,2024-05-06,0.145,2572.7,0.4694375292258437,Medium
SP-01266,Damper,South,summer_storm,2024-05-06,0.13,2896.3,0.4582284820992774,Medium
SP-01266,Spacer,South,summer_storm,2024-05-06,0.1,2094.0,0.445705362536991,Medium
SP-01266,Insulator,South,summer_storm,2024-05-06,0.17,2001.9,0.4883340808322838,Medium
SP-01266,Fittings,South,summer_storm,2024-05-06,0.115,4081.7,0.44113637930622546,Medium
SP-01266,Arrester,South,summer_storm,2024-05-06,0.095,2994.0,0.43656153554715904,Medium
SP-01267,Conductor,South,southwest_monsoon,2024-07-05,0.14,3500.3,0.4601052915416569,Medium
SP-01267,Damper,South,southwest_monsoon,2024-07-05,0.125,4654.0,0.44322958798813566,Medium
SP-01267,Spacer,South,southwest_monsoon,2024-07-05,0.135,13965.2,0.3856669192462207,Medium
SP-01267,Insulator,South,southwest_monsoon,2024-07-05,0.16,2664.8,0.47780881093055083,Medium
SP-01267,Fittings,South,southwest_monsoon,2024-07-05,0.11,21459.2,0.3195093198442199,Medium
SP-01267,Arrester,South,southwest_monsoon,2024-07-05,0.15,11905.6,0.4087267259887295,Medium
SP-01268,Conductor,South,southwest_monsoon,2024-09-24,0.175,4400.1,0.4749628298467115,Medium
SP-01268,Conductor,South,tropical_cyclone,2024-08-18,0.27,4400.1,0.5319628298467115,High
SP-01268,Damper,South,southwest_monsoon,2024-09-24,0.165,2280.3,0.4834335903500957,Medium
SP-01268,Damper,South,tropical_cyclone,2024-08-18,0.215,2280.3,0.5134335903500957,High
SP-01268,Spacer,South,southwest_monsoon,2024-09-24,0.14,5302.3,0.4478039846131267,Medium
SP-01268,Spacer,South,tropical_cyclone,2024-08-18,0.19,5302.3,0.4778039846131267,Medium
SP-01268,Insulator,South,southwest_monsoon,2024-09-24,0.165,874.5,0.4930302481082133,Medium
SP-01268,Insulator,South,tropical_cyclone,2024-08-18,0.28,874.5,0.5620302481082133,High
SP-01268,Fittings,South,southwest_monsoon,2024-09-24,0.21,8069.2,0.47091581250405323,Medium
SP-01268,Fittings,South,tropical_cyclone,2024-08-18,0.225,8069.2,0.47991581250405324,Medium
SP-01268,Arrester,South,southwest_monsoon,2024-09-24,0.165,910.0,0.4927879082658366,Medium
SP-01268,Arrester,South,tropical_cyclone,2024-08-18,0.275,910.0,0.5587879082658366,High
SP-01270,Conductor,South,southwest_monsoon,2024-08-17,0.155,4445.0,0.46265632114466326,Medium
SP-01270,Conductor,South,tropical_cyclone,2024-09-06,0.28,4445.0,0.5376563211446633,High
SP-01270,Damper,South,southwest_monsoon,2024-08-17,0.215,2131.9,0.5144466391559748,High
SP-01270,Damper,South,tropical_cyclone,2024-09-06,0.275,2131.9,0.5504466391559747,High
SP-01270,Spacer,South,southwest_monsoon,2024-08-17,0.245,1981.7,0.5334719756158334,High
SP-01270,Spacer,South,tropical_cyclone,2024-09-06,0.26,1981.7,0.5424719756158334,High
SP-01270,Insulator,South,southwest_monsoon,2024-08-17,0.16,1054.4,0.4888021653576903,Medium
SP-01270,Insulator,South,tropical_cyclone,2024-09-06,0.22,1054.4,0.5248021653576902,High
SP-01270,Fittings,South,southwest_monsoon,2024-08-17,0.21,2843.5,0.5065889199493476,High
SP-01270,Fittings,South,tropical_cyclone,2024-09-06,0.2,2843.5,0.5005889199493476,High
SP-01270,Arrester,South,southwest_monsoon,2024-08-17,0.16,1654.8,0.484703550108029,Medium
SP-01270,Arrester,South,tropical_cyclone,2024-09-06,0.23,1654.8,0.526703550108029,High
SP-01271,Conductor,South,summer_storm,2024-05-25,0.165,3623.4,0.4742649525389365,Medium
SP-01271,Damper,South,summer_storm,2024-05-25,0.15,2675.3,0.4717371329490029,Medium
SP-01271,Spacer,South,summer_storm,2024-05-25,0.075,18588.3,0.3181074452943405,Medium
SP-01271,Insulator,South,summer_storm,2024-05-25,0.095,3191.1,0.4352160374363858,Medium
SP-01271,Fittings,South,summer_storm,2024-05-25,0.06,26251.6,0.25679412377080796,Low
SP-01271,Arrester,South,summer_storm,2024-05-25,0.1,7527.6,0.40861303105704544,Medium
SP-01273,Conductor,South,tropical_cyclone,2024-10-24,0.165,11412.8,0.4210908125893842,Medium
SP-01273,Conductor,South,southwest_monsoon,2024-08-30,0.15,11412.8,0.4120908125893842,Medium
SP-01273,Damper,South,tropical_cyclone,2024-10-24,0.2,11554.2,0.4411255491045372,Medium
SP-01273,Damper,South,southwest_monsoon,2024-08-30,0.145,11554.2,0.40812554910453724,Medium
SP-01273,Spacer,South,tropical_cyclone,2024-10-24,0.245,2367.6,0.530837639132082,High
SP-01273,Spacer,South,southwest_monsoon,2024-08-30,0.145,2367.6,0.4708376391320821,Medium
SP-01273,Insulator,South,tropical_cyclone,2024-10-24,0.245,790.8,0.5416016240182677,High
SP-01273,Insulator,South,southwest_monsoon,2024-08-30,0.18,790.8,0.5026016240182677,High
SP-01273,Fittings,South,tropical_cyclone,2024-10-24,0.21,8908.8,0.46518430456998333,Medium
SP-01273,Fittings,South,southwest_monsoon,2024-08-30,0.07,8908.8,0.3811843045699833,Medium
SP-01273,Arrester,South,tropical_cyclone,2024-10-24,0.295,871.0,0.5710541407687293,High
SP-01273,Arrester,South,southwest_monsoon,2024-08-30,0.2,871.0,0.5140541407687294,High
SP-01274,Conductor,South,summer_storm,2024-05-05,0.115,3115.8,0.44773007096120176,Medium
SP-01274,Damper,South,summer_storm,2024-05-05,0.09,2237.1,0.4387284940456077,Medium
SP-01274,Spacer,South,summer_storm,2024-05-05,0.085,5890.9,0.41078592176177653,Medium
SP-01274,Insulator,South,summer_storm,2024-05-05,0.145,3186.1,0.4652501698085515,Medium
SP-01274,Fittings,South,summer_storm,2024-05-05,0.065,13929.4,0.3439113070309273,Medium
SP-01274,Arrester,South,summer_storm,2024-05-05,0.19,2242.0,0.49869504432088524,Medium
SP-01276,Conductor,South,heatwave,2024-04-21,0.055,12318.5,0.3489080746952833,Medium
SP-01276,Damper,South,heatwave,2024-04-21,0.055,2629.4,0.4150504681254843,Medium
SP-01276,Spacer,South,heatwave,2024-04-21,0.095,2645.1,0.43894329247688385,Medium
SP-01276,Insulator,South,heatwave,2024-04-21,0.105,1215.1,0.45470515091628355,Medium
SP-01276,Fittings,South,heatwave,2024-04-21,0.05,13008.8,0.3411957593940822,Medium
SP-01276,Arrester,South,heatwave,2024-04-21,0.075,7912.8,0.3909834731053974,Medium
SP-01281,Conductor,South,tropical_cyclone,2024-11-25,0.165,21952.5,0.34914182000634864,Medium
SP-01281,Damper,South,tropical_cyclone,2024-11-25,0.16,11367.0,0.4184034651184223,Medium
SP-01281,Spacer,South,tropical_cyclone,2024-11-25,0.32,2840.2,0.572611447314977,High
SP-01281,Insulator,South,tropical_cyclone,2024-11-25,0.27,2242.7,0.5466902657887821,High
SP-01281,Fittings,South,tropical_cyclone,2024-11-25,0.235,7621.4,0.4889727077552163,Medium
SP-01281,Arrester,South,tropical_cyclone,2024-11-25,0.27,2168.4,0.5471974728391649,High
SP-01283,Conductor,South,southwest_monsoon,2024-08-19,0.1,8275.6,0.40350682818105177,Medium
SP-01283,Damper,South,southwest_monsoon,2024-08-19,0.185,2801.0,0.4918790451127563,Medium
SP-01283,Spacer,South,southwest_monsoon,2024-08-19,0.07,24384.6,0.2755391515374927,Low
SP-01283,Insulator,South,southwest_monsoon,2024-08-19,0.185,7713.5,0.4583439894599235,Medium
SP-01283,Fittings,South,southwest_monsoon,2024-08-19,0.14,4479.4,0.453421490424163,Medium
SP-01283,Arrester,South,southwest_monsoon,2024-08-19,0.115,15503.6,0.3631650709782679,Medium
SP-01284,Conductor,South,heatwave,2024-04-30,0.11,19829.8,0.330632377285589,Medium
SP-01284,Conductor,South,summer_storm,2024-05-09,0.085,19829.8,0.31563237728558896,Medium
SP-01284,Conductor,South,southwest_monsoon,2024-06-07,0.13,19829.8,0.342632377285589,Medium
SP-01284,Damper,South,heatwave,2024-04-30,0.11,5022.8,0.43171198421719115,Medium
SP-01284,Damper,South,summer_storm,2024-05-09,0.095,5022.8,0.42271198421719114,Medium
SP-01284,Damper,South,southwest_monsoon,2024-06-07,0.175,5022.8,0.4707119842171911,Medium
SP-01284,Spacer,South,heatwave,2024-04-30,0.05,13263.3,0.3394584216508463,Medium
SP-01284,Spacer,South,summer_storm,2024-05-09,0.055,13263.3,0.3424584216508463,Medium
SP-01284,Spacer,South,southwest_monsoon,2024-06-07,0.155,13263.3,0.40245842165084633,Medium
SP-01284,Insulator,South,heatwave,2024-04-30,0.095,2454.2,0.44024646644617155,Medium
SP-01284,Insulator,South,summer_storm,2024-05-09,0.175,2454.2,0.48824646644617153,Medium
SP-01284,Insulator,South,southwest_monsoon,2024-06-07,0.22,2454.2,0.5152464664461716,High
SP-01284,Fittings,South,heatwave,2024-04-30,0.125,6938.1,0.4276372377353854,Medium
SP-01284,Fittings,South,summer_storm,2024-05-09,0.075,6938.1,0.3976372377353854,Medium
SP-01284,Fittings,South,southwest_monsoon,2024-06-07,0.15,6938.1,0.44263723773538544,Medium
SP-01284,Arrester,South,heatwave,2024-04-30,0.165,2383.6,0.48272841554115176,Medium
SP-01284,Arrester,South,summer_storm,2024-05-09,0.175,2383.6,0.4887284155411517,Medium
SP-01284,Arrester,South,southwest_monsoon,2024-06-07,0.185,2383.6,0.4947284155411517,Medium
SP-01285,Conductor,South,tropical_cyclone,2024-11-01,0.175,7536.9,0.4535495448448172,Medium
SP-01285,Damper,South,tropical_cyclone,2024-11-01,0.205,2232.5,0.5077598958280002,High
SP-01285,Spacer,South,tropical_cyclone,2024-11-01,0.24,2297.5,0.5283161749898456,High
SP-01285,Insulator,South,tropical_cyclone,2024-11-01,0.27,1076.3,0.5546526655676043,High
SP-01285,Fittings,South,tropical_cyclone,2024-11-01,0.23,5225.7,0.5023268925547058,High
SP-01285,Arrester,South,tropical_cyclone,2024-11-01,0.225,2357.1,0.5189093171136301,High
SP-01286,Conductor,South,heatwave,2024-04-16,0.125,9122.4,0.41272616963106323,Medium
SP-01286,Conductor,South,tropical_cyclone,2024-09-13,0.245,9122.4,0.4847261696310632,Medium
SP-01286,Damper,South,heatwave,2024-04-16,0.095,2239.7,0.4417107452120815,Medium
SP-01286,Damper,South,tropical_cyclone,2024-09-13,0.215,2239.7,0.5137107452120815,High
SP-01286,Spacer,South,heatwave,2024-04-16,0.07,2559.2,0.4245296866306911,Medium
SP-01286,Spacer,South,tropical_cyclone,2024-09-13,0.205,2559.2,0.5055296866306911,High
SP-01286,Insulator,South,heatwave,2024-04-16,0.095,1705.1,0.4453601784440417,Medium
SP-01286,Insulator,South,tropical_cyclone,2024-09-13,0.175,1705.1,0.4933601784440417,Medium
SP-01286,Fittings,South,heatwave,2024-04-16,0.09,4099.2,0.42601691600364533,Medium
SP-01286,Fittings,South,tropical_cyclone,2024-09-13,0.265,4099.2,0.5310169160036453,High
SP-01286,Arrester,South,heatwave,2024-04-16,0.115,2799.1,0.4498920154141793,Medium
SP-01286,Arrester,South,tropical_cyclone,2024-09-13,0.22,2799.1,0.5128920154141793,High
SP-01287,Conductor,South,heatwave,2025-03-26,0.12,7797.8,0.4187685176652093,Medium
SP-01287,Damper,South,heatwave,2025-03-26,0.115,2381.7,0.4527413858425747,Medium
SP-01287,Spacer,South,heatwave,2025-03-26,0.125,3563.4,0.4506745410049254,Medium
SP-01287,Insulator,South,heatwave,2025-03-26,0.12,783.1,0.46665418787140295,Medium
SP-01287,Fittings,South,heatwave,2025-03-26,0.08,2473.9,0.43111198489983854,Medium
SP-01287,Arrester,South,heatwave,2025-03-26,0.105,2154.6,0.4482916781863423,Medium
SP-01288,Conductor,South,tropical_cyclone,2024-11-16,0.25,11781.8,0.4695718435235531,Medium
SP-01288,Conductor,South,southwest_monsoon,2024-06-20,0.155,11781.8,0.41257184352355303,Medium
SP-01288,Damper,South,tropical_cyclone,2024-11-16,0.215,2417.5,0.512496998057868,High
SP-01288,Damper,South,southwest_monsoon,2024-06-20,0.15,2417.5,0.47349699805786805,Medium
SP-01288,Spacer,South,tropical_cyclone,2024-11-16,0.28,4621.9,0.5364487178174396,High
SP-01288,Spacer,South,southwest_monsoon,2024-06-20,0.175,4621.9,0.4734487178174396,Medium
SP-01288,Insulator,South,tropical_cyclone,2024-11-16,0.225,604.2,0.5308754441474928,High
SP-01288,Insulator,South,southwest_monsoon,2024-06-20,0.175,604.2,0.5008754441474929,High
SP-01288,Fittings,South,tropical_cyclone,2024-11-16,0.165,2272.1,0.4834895674404476,Medium
SP-01288,Fittings,South,southwest_monsoon,2024-06-20,0.165,2272.1,0.4834895674404476,Medium
SP-01288,Arrester,South,tropical_cyclone,2024-11-16,0.22,1933.8,0.5187989637411811,High
SP-01288,Arrester,South,southwest_monsoon,2024-06-20,0.275,1933.8,0.5517989637411811,High
SP-01289,Conductor,South,heatwave,2024-04-16,0.08,6611.8,0.40286471634292115,Medium
SP-01289,Conductor,South,tropical_cyclone,2024-10-06,0.255,6611.8,0.5078647163429212,High
SP-01289,Damper,South,heatwave,2024-04-16,0.05,4784.2,0.3973407810169399,Medium
SP-01289,Damper,South,tropical_cyclone,2024-10-06,0.255,4784.2,0.5203407810169399,High
SP-01289,Spacer,South,heatwave,2024-04-16,0.065,7272.4,0.38935514733238447,Medium
SP-01289,Spacer,South,tropical_cyclone,2024-10-06,0.205,7272.4,0.4733551473323845,Medium
SP-01289,Insulator,South,heatwave,2024-04-16,0.18,2166.9,0.4932077125508146,Medium
SP-01289,Insulator,South,tropical_cyclone,2024-10-06,0.385,2166.9,0.6162077125508145,High
SP-01289,Fittings,South,heatwave,2024-04-16,0.05,8357.0,0.3729511531621936,Medium
SP-01289,Fittings,South,tropical_cyclone,2024-10-06,0.165,8357.0,0.4419511531621937,Medium
SP-01289,Arrester,South,heatwave,2024-04-16,0.015,10384.7,0.33810911095410223,Medium
SP-01289,Arrester,South,tropical_cyclone,2024-10-06,0.14,10384.7,0.41310911095410224,Medium
SP-01293,Conductor,South,heatwave,2025-03-13,0.055,17596.0,0.31288135587435195,Medium
SP-01293,Conductor,South,tropical_cyclone,2024-10-21,0.145,17596.0,0.3668813558743519,Medium
SP-01293,Damper,South,heatwave,2025-03-13,0.085,22704.2,0.29601035917495233,Low
SP-01293,Damper,South,tropical_cyclone,2024-10-21,0.145,22704.2,0.3320103591749523,Medium
SP-01293,Spacer,South,heatwave,2025-03-13,0.07,23468.1,0.28179561535547165,Low
SP-01293,Spacer,South,tropical_cyclone,2024-10-21,0.12,23468.1,0.3117956153554716,Medium
SP-01293,Insulator,South,heatwave,2025-03-13,0.06,10781.2,0.36240241384135957,Medium
SP-01293,Insulator,South,tropical_cyclone,2024-10-21,0.2,10781.2,0.4464024138413596,Medium
SP-01293,Fittings,South,heatwave,2025-03-13,0.025,12102.4,0.33238327582028626,Medium
SP-01293,Fittings,South,tropical_cyclone,2024-10-21,0.14,12102.4,0.40138327582028627,Medium
SP-01293,Arrester,South,heatwave,2025-03-13,0.065,1754.9,0.42702022001727097,Medium
SP-01293,Arrester,South,tropical_cyclone,2024-10-21,0.315,1754.9,0.5770202200172709,High
SP-01294,Conductor,South,heatwave,2024-04-18,0.07,3931.2,0.41516376370841396,Medium
SP-01294,Conductor,South,tropical_cyclone,2024-11-16,0.27,3931.2,0.535163763708414,High
SP-01294,Damper,South,heatwave,2024-04-18,0.065,2649.5,0.420913255989378,Medium
SP-01294,Damper,South,tropical_cyclone,2024-11-16,0.3,2649.5,0.561913255989378,High
SP-01294,Spacer,South,heatwave,2024-04-18,0.06,5660.8,0.39735669352884356,Medium
SP-01294,Spacer,South,tropical_cyclone,2024-11-16,0.235,5660.8,0.5023566935288436,High
SP-01294,Insulator,South,heatwave,2024-04-18,0.05,14129.7,0.3335439642019681,Medium
SP-01294,Insulator,South,tropical_cyclone,2024-11-16,0.13,14129.7,0.3815439642019681,Medium
SP-01294,Fittings,South,heatwave,2024-04-18,0.095,4143.7,0.42871313789137033,Medium
SP-01294,Fittings,South,tropical_cyclone,2024-11-16,0.25,4143.7,0.5217131378913703,High
SP-01294,Arrester,South,heatwave,2024-04-18,0.035,9054.4,0.3591903698925172,Medium
SP-01294,Arrester,South,tropical_cyclone,2024-11-16,0.16,9054.4,0.43419036989251714,Medium
SP-01295,Conductor,South,tropical_cyclone,2024-09-05,0.205,2318.3,0.5071741843216362,High
SP-01295,Damper,South,tropical_cyclone,2024-09-05,0.205,1937.4,0.5097743884332218,High
SP-01295,Spacer,South,tropical_cyclone,2024-09-05,0.17,1900.1,0.48902901592957815,Medium
SP-01295,Insulator,South,tropical_cyclone,2024-09-05,0.435,2275.7,0.6454649921324882,High
SP-01295,Fittings,South,tropical_cyclone,2024-09-05,0.25,6734.4,0.5040277905774174,High
SP-01295,Arrester,South,tropical_cyclone,2024-09-05,0.245,616.3,0.5427928438068518,High
SP-01298,Conductor,South,summer_storm,2024-04-28,0.14,15556.7,0.37780258518586785,Medium
SP-01298,Damper,South,summer_storm,2024-04-28,0.085,10329.7,0.38048456704792527,Medium
SP-01298,Spacer,South,summer_storm,2024-04-28,0.145,14039.4,0.39116039484328124,Medium
SP-01298,Insulator,South,summer_storm,2024-04-28,0.195,997.7,0.5101892264580496,High
SP-01298,Fittings,South,summer_storm,2024-04-28,0.12,16209.6,0.3613455800284664,Medium
SP-01298,Arrester,South,summer_storm,2024-04-28,0.185,38885.6,0.24554844578243346,Low
SP-01300,Conductor,South,southwest_monsoon,2024-07-16,0.12,15240.9,0.3679583858118555,Medium
SP-01300,Conductor,South,summer_storm,2024-04-25,0.09,15240.9,0.3499583858118555,Medium
SP-01300,Damper,South,southwest_monsoon,2024-07-16,0.185,2272.7,0.4954854715557877,Medium
SP-01300,Damper,South,summer_storm,2024-04-25,0.11,2272.7,0.4504854715557877,Medium
SP-01300,Spacer,South,southwest_monsoon,2024-07-16,0.1,10897.3,0.3856098601596713,Medium
SP-01300,Spacer,South,summer_storm,2024-04-25,0.07,10897.3,0.3676098601596713,Medium
SP-01300,Insulator,South,southwest_monsoon,2024-07-16,0.125,8647.7,0.4159666970444779,Medium
SP-01300,Insulator,South,summer_storm,2024-04-25,0.105,8647.7,0.4039666970444779,Medium
SP-01300,Fittings,South,southwest_monsoon,2024-07-16,0.15,2795.1,0.47091932131191183,Medium
SP-01300,Fittings,South,summer_storm,2024-04-25,0.1,2795.1,0.44091932131191186,Medium
SP-01300,Arrester,South,southwest_monsoon,2024-07-16,0.115,1139.5,0.46122123238342944,Medium
SP-01300,Arrester,South,summer_storm,2024-04-25,0.08,1139.5,0.4402212323834294,Medium
SP-01301,Conductor,South,southwest_monsoon,2024-07-04,0.11,4187.1,0.4374168689009718,Medium
SP-01301,Damper,South,southwest_monsoon,2024-07-04,0.205,2411.2,0.5065400048467968,High
SP-01301,Spacer,South,southwest_monsoon,2024-07-04,0.23,1533.1,0.5275343320465429,High
SP-01301,Insulator,South,southwest_monsoon,2024-07-04,0.235,581.9,0.537027674527352,High
SP-01301,Fittings,South,southwest_monsoon,2024-07-04,0.15,2708.7,0.4715091287029357,Medium
SP-01301,Arrester,South,southwest_monsoon,2024-07-04,0.18,260.5,0.5062217034101654,High
SP-01303,Conductor,South,tropical_cyclone,2024-09-02,0.315,3307.5,0.5664214358123676,High
SP-01303,Damper,South,tropical_cyclone,2024-09-02,0.195,10773.6,0.44345429504705147,Medium
SP-01303,Spacer,South,tropical_cyclone,2024-09-02,0.315,4128.5,0.5608169003027541,High
SP-01303,Insulator,South,tropical_cyclone,2024-09-02,0.365,1086.6,0.6115823528809429,High
SP-01303,Fittings,South,tropical_cyclone,2024-09-02,0.3,2973.4,0.5597021609204818,High
SP-01303,Arrester,South,tropical_cyclone,2024-09-02,0.245,6741.9,0.5009765920191688,High
SP-01308,Conductor,South,southwest_monsoon,2024-09-27,0.11,5537.1,0.4282011284162238,Medium
SP-01308,Damper,South,southwest_monsoon,2024-09-27,0.145,5785.9,0.4475027015772569,Medium
SP-01308,Spacer,South,southwest_monsoon,2024-09-27,0.16,13565.7,0.4033940957822628,Medium
SP-01308,Insulator,South,southwest_monsoon,2024-09-27,0.175,2210.3,0.489911443560416,Medium
SP-01308,Fittings,South,southwest_monsoon,2024-09-27,0.115,10776.8,0.3954324503288654,Medium
SP-01308,Arrester,South,southwest_monsoon,2024-09-27,0.09,9723.3,0.38762414114418536,Medium
SP-01309,Conductor,South,southwest_monsoon,2024-06-01,0.11,12572.6,0.3801734675418207,Medium
SP-01309,Damper,South,southwest_monsoon,2024-06-01,0.11,12266.0,0.3822664646030235,Medium
SP-01309,Spacer,South,southwest_monsoon,2024-06-01,0.165,9636.0,0.43322009236219916,Medium
SP-01309,Insulator,South,southwest_monsoon,2024-06-01,0.18,4321.7,0.4784980254422702,Medium
SP-01309,Fittings,South,southwest_monsoon,2024-06-01,0.12,8645.7,0.4129803499933442,Medium
SP-01309,Arrester,South,southwest_monsoon,2024-06-01,0.155,2726.1,0.474390348047799,Medium
SP-01310,Conductor,South,summer_storm,2024-04-22,0.145,3593.9,0.46246633353471434,Medium
SP-01310,Damper,South,summer_storm,2024-04-22,0.2,2138.5,0.5054015844247159,High
SP-01310,Spacer,South,summer_storm,2024-04-22,0.175,3782.5,0.4791788604566229,Medium
SP-01310,Insulator,South,summer_storm,2024-04-22,0.19,2145.5,0.49935379910368394,Medium
SP-01310,Fittings,South,summer_storm,2024-04-22,0.27,4365.9,0.5321962952723251,High
SP-01310,Arrester,South,summer_storm,2024-04-22,0.17,7337.0,0.4519141570840032,Medium
SP-01311,Conductor,South,heatwave,2024-04-09,0.03,14105.9,0.321706434293477,Medium
SP-01311,Damper,South,heatwave,2024-04-09,0.065,9044.6,0.377257269341962,Medium
SP-01311,Spacer,South,heatwave,2024-04-09,0.03,13747.9,0.3241503121405435,Medium
SP-01311,Insulator,South,heatwave,2024-04-09,0.135,3283.3,0.4585866364936497,Medium
SP-01311,Fittings,South,heatwave,2024-04-09,0.055,15378.5,0.3280190629298546,Medium
SP-01311,Arrester,South,heatwave,2024-04-09,0.035,1339.8,0.4118538895544702,Medium
SP-01313,Conductor,South,heatwave,2025-03-11,0.04,13043.3,0.3349602460261386,Medium
SP-01313,Damper,South,heatwave,2025-03-11,0.08,7679.5,0.3955760895906505,Medium
SP-01313,Spacer,South,heatwave,2025-03-11,0.06,9313.6,0.3724209477194455,Medium
SP-01313,Insulator,South,heatwave,2025-03-11,0.04,2173.4,0.4091633404669992,Medium
SP-01313,Fittings,South,heatwave,2025-03-11,0.035,13409.3,0.329461756383607,Medium
SP-01313,Arrester,South,heatwave,2025-03-11,0.04,12755.9,0.33692217477822495,Medium
SP-01315,Conductor,South,summer_storm,2024-05-20,0.145,5879.6,0.4468630609228711,Medium
SP-01315,Damper,South,summer_storm,2024-05-20,0.14,2983.6,0.46363253088126377,Medium
SP-01315,Spacer,South,summer_storm,2024-05-20,0.105,1944.8,0.44972387252241647,Medium
SP-01315,Insulator,South,summer_storm,2024-05-20,0.13,3628.6,0.4532294548718842,Medium
SP-01315,Fittings,South,summer_storm,2024-05-20,0.13,2533.1,0.46070785761339633,Medium
SP-01315,Arrester,South,summer_storm,2024-05-20,0.125,1069.1,0.46770181618352297,Medium
SP-01317,Conductor,South,southwest_monsoon,2024-07-25,0.095,8462.5,0.39923096010949666,Medium
SP-01317,Conductor,South,summer_storm,2024-05-05,0.075,8462.5,0.38723096010949665,Medium
SP-01317,Damper,South,southwest_monsoon,2024-07-25,0.11,10277.2,0.3958429569556655,Medium
SP-01317,Damper,South,summer_storm,2024-05-05,0.08,10277.2,0.3778429569556655,Medium
SP-01317,Spacer,South,southwest_monsoon,2024-07-25,0.125,8922.7,0.41408941657536263,Medium
SP-01317,Spacer,South,summer_storm,2024-05-05,0.085,8922.7,0.3900894165753626,Medium
SP-01317,Insulator,South,southwest_monsoon,2024-07-25,0.07,10976.6,0.3670685207371227,Medium
SP-01317,Insulator,South,summer_storm,2024-05-05,0.08,10976.6,0.3730685207371227,Medium
SP-01317,Fittings,South,southwest_monsoon,2024-07-25,0.175,3910.5,0.47830507172918013,Medium
SP-01317,Fittings,South,summer_storm,2024-05-05,0.16,3910.5,0.4693050717291801,Medium
SP-01317,Arrester,South,southwest_monsoon,2024-07-25,0.14,5085.9,0.44928123368045964,Medium
SP-01317,Arrester,South,summer_storm,2024-05-05,0.135,5085.9,0.44628123368045963,Medium
SP-01319,Conductor,South,summer_storm,2024-04-13,0.075,15967.6,0.3359975868412879,Medium
SP-01319,Damper,South,summer_storm,2024-04-13,0.17,3337.6,0.4792159589319298,Medium
SP-01319,Spacer,South,summer_storm,2024-04-13,0.1,12345.1,0.3757264904753616,Medium
SP-01319,Insulator,South,summer_storm,2024-04-13,0.225,786.8,0.5296289299160002,High
SP-01319,Fittings,South,summer_storm,2024-04-13,0.185,7072.2,0.4627218075139004,Medium
SP-01319,Arrester,South,summer_storm,2024-04-13,0.125,7272.2,0.42535651262727114,Medium
SP-01320,Conductor,South,heatwave,2024-04-27,0.07,6264.1,0.3992382815033262,Medium
SP-01320,Damper,South,heatwave,2024-04-27,0.075,4183.1,0.4164441747987043,Medium
SP-01320,Spacer,South,heatwave,2024-04-27,0.065,1947.0,0.4257088542786635,Medium
SP-01320,Insulator,South,heatwave,2024-04-27,0.13,2112.4,0.4635797554074211,Medium
SP-01320,Fittings,South,heatwave,2024-04-27,0.05,7657.9,0.3777235414384065,Medium
SP-01320,Arrester,South,heatwave,2024-04-27,0.095,1075.4,0.44965880939459413,Medium
SP-01322,Conductor,South,southwest_monsoon,2024-09-10,0.3,3783.5,0.5541720339821897,High
SP-01322,Damper,South,southwest_monsoon,2024-09-10,0.15,9524.2,0.4249832922038249,Medium
SP-01322,Spacer,South,southwest_monsoon,2024-09-10,0.265,2710.0,0.5405002542861727,High
SP-01322,Insulator,South,southwest_monsoon,2024-09-10,0.14,4584.4,0.45270471060868267,Medium
SP-01322,Fittings,South,southwest_monsoon,2024-09-10,0.165,6166.5,0.4569045454080013,Medium
SP-01322,Arrester,South,southwest_monsoon,2024-09-10,0.22,1551.4,0.5214094075644163,High
SP-01323,Conductor,South,summer_storm,2024-04-25,0.07,12592.9,0.35603489011082784,Medium
SP-01323,Damper,South,summer_storm,2024-04-25,0.125,2587.4,0.45733718005167645,Medium
SP-01323,Spacer,South,summer_storm,2024-04-25,0.115,11720.9,0.3889875758165317,Medium
SP-01323,Insulator,South,summer_storm,2024-04-25,0.1,1230.3,0.4516013885048997,Medium
SP-01323,Fittings,South,summer_storm,2024-04-25,0.12,4684.8,0.4400193325755947,Medium
SP-01323,Arrester,South,summer_storm,2024-04-25,0.12,4210.3,0.44325849469412276,Medium
SP-01324,Conductor,South,summer_storm,2024-05-09,0.135,2989.1,0.4605949852718814,Medium
SP-01324,Damper,South,summer_storm,2024-05-09,0.185,1945.9,0.49771636340054,Medium
SP-01324,Spacer,South,summer_storm,2024-05-09,0.105,1857.6,0.4503191410929868,Medium
SP-01324,Insulator,South,summer_storm,2024-05-09,0.28,516.4,0.5644748086027231,High
SP-01324,Fittings,South,summer_storm,2024-05-09,0.18,2211.3,0.4929046170859829,Medium
SP-01324,Arrester,South,summer_storm,2024-05-09,0.095,1083.1,0.4496062455414589,Medium
SP-01325,Conductor,South,heatwave,2025-03-13,0.11,2249.2,0.4506458937049666,Medium
SP-01325,Damper,South,heatwave,2025-03-13,0.13,3935.8,0.4511323619260215,Medium
SP-01325,Spacer,South,heatwave,2025-03-13,0.1,1527.3,0.44957392559825515,Medium
SP-01325,Insulator,South,heatwave,2025-03-13,0.09,370.7,0.45146942592763256,Medium
SP-01325,Fittings,South,heatwave,2025-03-13,0.05,3069.9,0.4090434061376832,Medium
SP-01325,Arrester,South,heatwave,2025-03-13,0.14,484.6,0.4806918904896972,Medium
SP-01326,Conductor,South,heatwave,2024-04-17,0.095,2998.4,0.43653149905965316,Medium
SP-01326,Damper,South,heatwave,2024-04-17,0.05,1975.2,0.41651634769964874,Medium
SP-01326,Spacer,South,heatwave,2024-04-17,0.065,2108.1,0.4246091092474836,Medium
SP-01326,Insulator,South,heatwave,2024-04-17,0.05,3793.3,0.4041051345327449,Medium
SP-01326,Fittings,South,heatwave,2024-04-17,0.085,2976.1,0.43068372943951233,Medium
SP-01326,Arrester,South,heatwave,2024-04-17,0.065,1398.8,0.42945112756291454,Medium
SP-01329,Conductor,South,tropical_cyclone,2024-10-11,0.205,4473.2,0.4924638145656485,Medium
SP-01329,Damper,South,tropical_cyclone,2024-10-11,0.23,2160.3,0.5232527672820734,High
SP-01329,Spacer,South,tropical_cyclone,2024-10-11,0.295,2704.2,0.5585398478378849,High
SP-01329,Insulator,South,tropical_cyclone,2024-10-11,0.26,1198.9,0.5478157398021005,High
SP-01329,Fittings,South,tropical_cyclone,2024-10-11,0.21,5692.9,0.4871375636995396,Medium
SP-01329,Arrester,South,tropical_cyclone,2024-10-11,0.325,1596.2,0.5841035815098115,High
SP-01332,Conductor,South,southwest_monsoon,2024-09-27,0.13,14344.8,0.38007558955139825,Medium
SP-01332,Damper,South,southwest_monsoon,2024-09-27,0.155,4233.7,0.4640987551923872,Medium
SP-01332,Spacer,South,southwest_monsoon,2024-09-27,0.165,8227.2,0.44283722954361604,Medium
SP-01332,Insulator,South,southwest_monsoon,2024-09-27,0.08,14270.9,0.3505800660120078,Medium
SP-01332,Fittings,South,southwest_monsoon,2024-09-27,0.24,3596.0,0.5194519979384048,High
SP-01332,Arrester,South,southwest_monsoon,2024-09-27,0.125,25085.4,0.3037551582547436,Medium
SP-01335,Conductor,South,summer_storm,2024-04-17,0.11,14839.5,0.3646985326493206,Medium
SP-01335,Damper,South,summer_storm,2024-04-17,0.12,5793.7,0.43244945507667837,Medium
SP-01335,Spacer,South,summer_storm,2024-04-17,0.155,11242.0,0.4162567744225656,Medium
SP-01335,Insulator,South,summer_storm,2024-04-17,0.13,1105.8,0.4704512845718265,Medium
SP-01335,Fittings,South,summer_storm,2024-04-17,0.165,3031.9,0.4783028121661428,Medium
SP-01335,Arrester,South,summer_storm,2024-04-17,0.155,1321.2,0.48398086197892665,Medium
SP-01337,Conductor,South,heatwave,2025-03-17,0.09,2535.3,0.43669283936964337,Medium
SP-01337,Damper,South,heatwave,2025-03-17,0.08,3392.9,0.4248384548957768,Medium
SP-01337,Spacer,South,heatwave,2025-03-17,0.09,11659.2,0.37440876928905686,Medium
SP-01337,Insulator,South,heatwave,2025-03-17,0.09,562.6,0.45015942548391175,Medium
SP-01337,Fittings,South,heatwave,2025-03-17,0.085,3345.8,0.42815998184157805,Medium
SP-01337,Arrester,South,heatwave,2025-03-17,0.1,2321.4,0.4441530222508934,Medium
SP-01339,Conductor,South,tropical_cyclone,2024-09-15,0.275,5059.4,0.530462135252938,High
SP-01339,Damper,South,tropical_cyclone,2024-09-15,0.175,3156.1,0.4834549640415459,Medium
SP-01339,Spacer,South,tropical_cyclone,2024-09-15,0.23,6658.5,0.49254591998689323,Medium
SP-01339,Insulator,South,tropical_cyclone,2024-09-15,0.3,700.8,0.5752160067172509,High
SP-01339,Fittings,South,tropical_cyclone,2024-09-15,0.21,3129.2,0.5046385962037976,High
SP-01339,Arrester,South,tropical_cyclone,2024-09-15,0.315,1858.9,0.5763102666762238,High
SP-01340,Conductor,South,heatwave,2025-03-10,0.08,2777.4,0.42904014990937855,Medium
SP-01340,Damper,South,heatwave,2025-03-10,0.155,3220.0,0.4710187523252679,Medium
SP-01340,Spacer,South,heatwave,2025-03-10,0.045,2371.6,0.41081033323434946,Medium
SP-01340,Insulator,South,heatwave,2025-03-10,0.095,1102.3,0.4494751772323425,Medium
SP-01340,Fittings,South,heatwave,2025-03-10,0.02,13386.1,0.3206201305904559,Medium
SP-01340,Arrester,South,heatwave,2025-03-10,0.045,1127.7,0.41930178478174057,Medium
SP-01343,Conductor,South,tropical_cyclone,2024-09-10,0.12,26932.0,0.28814939056649497,Low
SP-01343,Conductor,South,summer_storm,2024-04-09,0.05,26932.0,0.24614939056649499,Low
SP-01343,Conductor,South,heatwave,2024-04-14,0.125,26932.0,0.29114939056649497,Low
SP-01343,Damper,South,tropical_cyclone,2024-09-10,0.225,2799.4,0.5158899674718493,High
SP-01343,Damper,South,summer_storm,2024-04-09,0.095,2799.4,0.43788996747184933,Medium
SP-01343,Damper,South,heatwave,2024-04-14,0.1,2799.4,0.44088996747184933,Medium
SP-01343,Spacer,South,tropical_cyclone,2024-09-10,0.25,2639.7,0.5319801554388229,High
SP-01343,Spacer,South,summer_storm,2024-04-09,0.075,2639.7,0.4269801554388229,Medium
SP-01343,Spacer,South,heatwave,2024-04-14,0.08,2639.7,0.4299801554388229,Medium
SP-01343,Insulator,South,tropical_cyclone,2024-09-10,0.195,1852.4,0.5043546387600393,High
SP-01343,Insulator,South,summer_storm,2024-04-09,0.125,1852.4,0.46235463876003924,Medium
SP-01343,Insulator,South,heatwave,2024-04-14,0.075,1852.4,0.4323546387600392,Medium
SP-01343,Fittings,South,tropical_cyclone,2024-09-10,0.185,12065.0,0.42863858596408594,Medium
SP-01343,Fittings,South,summer_storm,2024-04-09,0.095,12065.0,0.37463858596408595,Medium
SP-01343,Fittings,South,heatwave,2024-04-14,0.09,12065.0,0.37163858596408594,Medium
SP-01343,Arrester,South,tropical_cyclone,2024-09-10,0.35,2026.1,0.5961688801510017,High
SP-01343,Arrester,South,summer_storm,2024-04-09,0.125,2026.1,0.46116888015100166,Medium
SP-01343,Arrester,South,heatwave,2024-04-14,0.085,2026.1,0.43716888015100164,Medium
SP-01344,Conductor,South,summer_storm,2024-05-07,0.115,2438.1,0.45235637268454526,Medium
SP-01344,Damper,South,summer_storm,2024-05-07,0.11,2736.8,0.44731730477136433,Medium
SP-01344,Spacer,South,summer_storm,2024-05-07,0.195,1491.9,0.5068155827931886,High
SP-01344,Insulator,South,summer_storm,2024-05-07,0.145,2088.8,0.47274086020404327,Medium
SP-01344,Fittings,South,summer_storm,2024-05-07,0.3,4089.3,0.5520844981005335,High
SP-01344,Arrester,South,summer_storm,2024-05-07,0.18,537.8,0.5043287220498538,High
SP-01345,Conductor,South,summer_storm,2024-04-25,0.26,4950.9,0.5222028077289343,High
SP-01345,Damper,South,summer_storm,2024-04-25,0.04,9635.1,0.358226236189189,Medium
SP-01345,Spacer,South,summer_storm,2024-04-25,0.08,14530.3,0.34880927854404953,Medium
SP-01345,Insulator,South,summer_storm,2024-04-25,0.09,1643.8,0.44277864132679357,Medium
SP-01345,Fittings,South,summer_storm,2024-04-25,0.12,3331.2,0.44925964836830196,Medium
SP-01345,Arrester,South,summer_storm,2024-04-25,0.105,3729.9,0.4375379330118064,Medium
SP-01347,Conductor,South,tropical_cyclone,2024-11-26,0.225,19216.5,0.4038190540554378,Medium
SP-01347,Conductor,South,summer_storm,2024-04-10,0.125,19216.5,0.3438190540554378,Medium
SP-01347,Damper,South,tropical_cyclone,2024-11-26,0.215,2986.7,0.5086113688105209,High
SP-01347,Damper,South,summer_storm,2024-04-10,0.16,2986.7,0.475611368810521,Medium
SP-01347,Spacer,South,tropical_cyclone,2024-11-26,0.26,2736.3,0.5373207180085809,High
SP-01347,Spacer,South,summer_storm,2024-04-10,0.245,2736.3,0.5283207180085809,High
SP-01347,Insulator,South,tropical_cyclone,2024-11-26,0.3,1671.9,0.5685868173952222,High
SP-01347,Insulator,South,summer_storm,2024-04-10,0.12,1671.9,0.46058681739522217,Medium
SP-01347,Fittings,South,tropical_cyclone,2024-11-26,0.25,10795.2,0.4763068431992955,Medium
SP-01347,Fittings,South,summer_storm,2024-04-10,0.065,10795.2,0.36530684319929546,Medium
SP-01347,Arrester,South,tropical_cyclone,2024-11-26,0.19,9741.0,0.4475033125467187,Medium
SP-01347,Arrester,South,summer_storm,2024-04-10,0.055,9741.0,0.36650331254671875,Medium
SP-01348,Conductor,South,southwest_monsoon,2024-07-31,0.125,8979.3,0.4137030381224465,Medium
SP-01348,Conductor,South,summer_storm,2024-04-03,0.105,8979.3,0.4017030381224465,Medium
SP-01348,Damper,South,southwest_monsoon,2024-07-31,0.095,5057.1,0.4224778361441342,Medium
SP-01348,Damper,South,summer_storm,2024-04-03,0.125,5057.1,0.4404778361441342,Medium
SP-01348,Spacer,South,southwest_monsoon,2024-07-31,0.205,2341.5,0.5070158101147871,High
SP-01348,Spacer,South,summer_storm,2024-04-03,0.2,2341.5,0.5040158101147871,High
SP-01348,Insulator,South,southwest_monsoon,2024-07-31,0.2,1801.2,0.5077041542510163,High
SP-01348,Insulator,South,summer_storm,2024-04-03,0.225,1801.2,0.5227041542510162,High
SP-01348,Fittings,South,southwest_monsoon,2024-07-31,0.145,7732.8,0.43421223850336377,Medium
SP-01348,Fittings,South,summer_storm,2024-04-03,0.055,7732.8,0.38021223850336383,Medium
SP-01348,Arrester,South,southwest_monsoon,2024-07-31,0.155,6327.2,0.44980753096659465,Medium
SP-01348,Arrester,South,summer_storm,2024-04-03,0.08,6327.2,0.40480753096659466,Medium
SP-01349,Conductor,South,tropical_cyclone,2024-10-09,0.31,2986.6,0.5656120514579643,High
SP-01349,Damper,South,tropical_cyclone,2024-10-09,0.24,1983.2,0.5304617359041837,High
SP-01349,Spacer,South,tropical_cyclone,2024-10-09,0.325,2152.5,0.5803060137826519,High
SP-01349,Insulator,South,tropical_cyclone,2024-10-09,0.235,66.3,0.5405474047450824,High
SP-01349,Fittings,South,tropical_cyclone,2024-10-09,0.275,5475.9,0.5276189086515324,High
SP-01349,Arrester,South,tropical_cyclone,2024-10-09,0.34,403.7,0.6012441522713388,High
SP-01350,Conductor,South,tropical_cyclone,2024-09-13,0.27,8999.6,0.5005644606914537,High
SP-01350,Damper,South,tropical_cyclone,2024-09-13,0.19,10784.1,0.44038261706550347,Medium
SP-01350,Spacer,South,tropical_cyclone,2024-09-13,0.305,14229.8,0.4858606341112101,Medium
SP-01350,Insulator,South,tropical_cyclone,2024-09-13,0.315,1468.9,0.5789725917051509,High
SP-01350,Fittings,South,tropical_cyclone,2024-09-13,0.24,18259.0,0.41935540332517574,Medium
SP-01350,Arrester,South,tropical_cyclone,2024-09-13,0.27,14755.3,0.46127332179659153,Medium
SP-01351,Conductor,South,summer_storm,2024-04-29,0.23,2581.7,0.5203760909559454,High
SP-01351,Damper,South,summer_storm,2024-04-29,0.07,7562.0,0.3903782003365452,Medium
SP-01351,Spacer,South,summer_storm,2024-04-29,0.145,2827.9,0.46769541295050465,Medium
SP-01351,Insulator,South,summer_storm,2024-04-29,0.085,9148.3,0.38854936394324474,Medium
SP-01351,Fittings,South,summer_storm,2024-04-29,0.095,6720.6,0.41112199592459475,Medium
SP-01351,Arrester,South,summer_storm,2024-04-29,0.12,1903.6,0.4590051232690621,Medium
SP-01353,Conductor,South,heatwave,2024-04-17,0.08,2781.1,0.4290148919539759,Medium
SP-01353,Damper,South,heatwave,2024-04-17,0.205,3605.6,0.49838646378384655,Medium
SP-01353,Spacer,South,heatwave,2024-04-17,0.035,6916.0,0.37378810282035796,Medium
SP-01353,Insulator,South,heatwave,2024-04-17,0.11,497.2,0.4626058769118395,Medium
SP-01353,Fittings,South,heatwave,2024-04-17,0.06,3149.9,0.41449728818303144,Medium
SP-01353,Arrester,South,heatwave,2024-04-17,0.05,2611.7,0.41217129672295094,Medium
SP-01355,Conductor,South,summer_storm,2024-05-29,0.17,4426.9,0.4717798803319032,Medium
SP-01355,Damper,South,summer_storm,2024-05-29,0.16,2615.1,0.4781480867098783,Medium
SP-01355,Spacer,South,summer_storm,2024-05-29,0.06,7197.1,0.3868691808572004,Medium
SP-01355,Insulator,South,summer_storm,2024-05-29,0.18,6033.6,0.46681178386016653,Medium
SP-01355,Fittings,South,summer_storm,2024-05-29,0.085,11374.6,0.3733515839127304,Medium
SP-01355,Arrester,South,summer_storm,2024-05-29,0.16,2456.3,0.47923213084986194,Medium
SP-01356,Conductor,South,tropical_cyclone,2024-09-04,0.345,2289.2,0.5913728347276407,High
SP-01356,Damper,South,tropical_cyclone,2024-09-04,0.25,2760.7,0.5311541520324121,High
SP-01356,Spacer,South,tropical_cyclone,2024-09-04,0.27,1901.8,0.5490174109230418,High
SP-01356,Insulator,South,tropical_cyclone,2024-09-04,0.245,1351.2,0.5377760677459322,High
SP-01356,Fittings,South,tropical_cyclone,2024-09-04,0.24,3114.8,0.5227368974356349,High
SP-01356,Arrester,South,tropical_cyclone,2024-09-04,0.225,2522.0,0.5177836314796043,High
SP-01357,Conductor,South,summer_storm,2024-04-15,0.19,4319.6,0.48451236103857986,Medium
SP-01357,Conductor,South,tropical_cyclone,2024-11-13,0.465,4319.6,0.6495123610385799,High
SP-01357,Damper,South,summer_storm,2024-04-15,0.235,2750.7,0.5222224167767435,High
SP-01357,Damper,South,tropical_cyclone,2024-11-13,0.33,2750.7,0.5792224167767436,High
SP-01357,Spacer,South,summer_storm,2024-04-15,0.18,2448.1,0.4912881079402137,Medium
SP-01357,Spacer,South,tropical_cyclone,2024-11-13,0.345,2448.1,0.5902881079402137,High
SP-01357,Insulator,South,summer_storm,2024-04-15,0.165,1211.0,0.49073313946145947,Medium
SP-01357,Insulator,South,tropical_cyclone,2024-11-13,0.285,1211.0,0.5627331394614594,High
SP-01357,Fittings,South,summer_storm,2024-04-15,0.09,7462.4,0.4030581171900866,Medium
SP-01357,Fittings,South,tropical_cyclone,2024-11-13,0.305,7462.4,0.5320581171900867,High
SP-01357,Arrester,South,summer_storm,2024-04-15,0.07,3118.1,0.4207143700700055,Medium
SP-01357,Arrester,South,tropical_cyclone,2024-11-13,0.325,3118.1,0.5737143700700056,High
SP-01358,Conductor,South,heatwave,2024-04-24,0.135,2165.8,0.4662152216726911,Medium
SP-01358,Damper,South,heatwave,2024-04-24,0.1,3124.7,0.43866931533874676,Medium
SP-01358,Spacer,South,heatwave,2024-04-24,0.105,1414.9,0.45334122132454086,Medium
SP-01358,Insulator,South,heatwave,2024-04-24,0.13,1587.8,0.4671609238950498,Medium
SP-01358,Fittings,South,heatwave,2024-04-24,0.1,4545.2,0.428972308406462,Medium
SP-01358,Arrester,South,heatwave,2024-04-24,0.08,1056.3,0.44078919505626724,Medium
SP-01360,Conductor,South,southwest_monsoon,2024-06-03,0.115,2867.0,0.44942849780016864,Medium
SP-01360,Damper,South,southwest_monsoon,2024-06-03,0.13,2562.1,0.46050988985483504,Medium
SP-01360,Spacer,South,southwest_monsoon,2024-06-03,0.18,2350.8,0.4919523239025589,Medium
SP-01360,Insulator,South,southwest_monsoon,2024-06-03,0.16,775.3,0.4907074343719814,Medium
SP-01360,Fittings,South,southwest_monsoon,2024-06-03,0.14,11379.1,0.40632086477778123,Medium
SP-01360,Arrester,South,southwest_monsoon,2024-06-03,0.135,8742.3,0.4213209125631023,Medium
SP-01361,Conductor,South,tropical_cyclone,2024-09-14,0.235,11322.4,0.4637079258781406,Medium
SP-01361,Damper,South,tropical_cyclone,2024-09-14,0.26,2486.4,0.5390266539694243,High
SP-01361,Spacer,South,tropical_cyclone,2024-09-14,0.23,1720.9,0.526252320147998,High
SP-01361,Insulator,South,tropical_cyclone,2024-09-14,0.22,457.3,0.5288782532417221,High
SP-01361,Fittings,South,tropical_cyclone,2024-09-14,0.225,7509.5,0.4837365902442854,Medium
SP-01361,Arrester,South,tropical_cyclone,2024-09-14,0.34,554.9,0.600211989337047,High
SP-01364,Conductor,South,tropical_cyclone,2024-10-22,0.25,6033.6,0.5088117838601666,High
SP-01364,Damper,South,tropical_cyclone,2024-10-22,0.4,3012.0,0.6194386590073624,High
SP-01364,Spacer,South,tropical_cyclone,2024-10-22,0.3,2479.5,0.563073756643013,High
SP-01364,Insulator,South,tropical_cyclone,2024-10-22,0.31,7056.1,0.5378317137522741,High
SP-01364,Fittings,South,tropical_cyclone,2024-10-22,0.27,3409.3,0.5387265007150732,High
SP-01364,Arrester,South,tropical_cyclone,2024-10-22,0.3,4119.6,0.5518776559252092,High
SP-01369,Conductor,South,summer_storm,2024-05-11,0.26,1951.6,0.5426774524962711,High
SP-01369,Conductor,South,heatwave,2025-03-27,0.135,1951.6,0.4676774524962711,Medium
SP-01369,Damper,South,summer_storm,2024-05-11,0.23,1966.2,0.5245777859695471,High
SP-01369,Damper,South,heatwave,2025-03-27,0.165,1966.2,0.48557778596954715,Medium
SP-01369,Spacer,South,summer_storm,2024-05-11,0.155,1630.8,0.48186738549442454,Medium
SP-01369,Spacer,South,heatwave,2025-03-27,0.155,1630.8,0.48186738549442454,Medium
SP-01369,Insulator,South,summer_storm,2024-05-11,0.155,537.8,0.4893287220498538,Medium
SP-01369,Insulator,South,heatwave,2025-03-27,0.11,537.8,0.46232872204985376,Medium
SP-01369,Fittings,South,summer_storm,2024-05-11,0.175,2070.2,0.49086783262849987,Medium
SP-01369,Fittings,South,heatwave,2025-03-27,0.15,2070.2,0.47586783262849985,Medium
SP-01369,Arrester,South,summer_storm,2024-05-11,0.16,674.1,0.49139827358461585,Medium
SP-01369,Arrester,South,heatwave,2025-03-27,0.13,674.1,0.4733982735846159,Medium
SP-01370,Conductor,South,heatwave,2024-04-11,0.065,2433.8,0.4223857265246077,Medium
SP-01370,Damper,South,heatwave,2024-04-11,0.11,3297.7,0.44348833526181236,Medium
SP-01370,Spacer,South,heatwave,2024-04-11,0.085,3758.5,0.4253426958430184,Medium
SP-01370,Insulator,South,heatwave,2024-04-11,0.055,3392.9,0.40983845489577686,Medium
SP-01370,Fittings,South,heatwave,2024-04-11,0.07,4598.5,0.4106084573191752,Medium
SP-01370,Arrester,South,heatwave,2024-04-11,0.06,2518.5,0.41880752414012024,Medium
SP-01372,Conductor,South,summer_storm,2024-04-10,0.165,3123.0,0.4776809203452831,Medium
SP-01372,Damper,South,summer_storm,2024-04-10,0.135,3726.0,0.4555645562620957,Medium
SP-01372,Spacer,South,summer_storm,2024-04-10,0.225,5695.4,0.4961204975134567,Medium
SP-01372,Insulator,South,summer_storm,2024-04-10,0.255,2588.7,0.5353283056349134,High
SP-01372,Fittings,South,summer_storm,2024-04-10,0.135,3708.1,0.45568675015444904,Medium
SP-01372,Arrester,South,summer_storm,2024-04-10,0.16,333.0,0.49372678401376213,Medium
SP-01373,Conductor,South,heatwave,2025-03-23,0.055,17118.6,0.31614031476873616,Medium
SP-01373,Conductor,South,southwest_monsoon,2024-09-10,0.135,17118.6,0.36414031476873615,Medium
SP-01373,Damper,South,heatwave,2025-03-23,0.195,3761.7,0.49132085112483237,Medium
SP-01373,Damper,South,southwest_monsoon,2024-09-10,0.17,3761.7,0.47632085112483236,Medium
SP-01373,Spacer,South,heatwave,2025-03-23,0.065,4039.5,0.4114244565273042,Medium
SP-01373,Spacer,South,southwest_monsoon,2024-09-10,0.135,4039.5,0.45342445652730423,Medium
SP-01373,Insulator,South,heatwave,2025-03-23,0.235,2079.6,0.5268036637688283,High
SP-01373,Insulator,South,southwest_monsoon,2024-09-10,0.17,2079.6,0.48780366376882833,Medium
SP-01373,Fittings,South,heatwave,2025-03-23,0.055,18501.8,0.30669793533280765,Medium
SP-01373,Fittings,South,southwest_monsoon,2024-09-10,0.125,18501.8,0.3486979353328077,Medium
SP-01373,Arrester,South,heatwave,2025-03-23,0.1,11552.9,0.38113442352130034,Medium
SP-01373,Arrester,South,southwest_monsoon,2024-09-10,0.11,11552.9,0.38713442352130034,Medium
SP-01374,Conductor,South,southwest_monsoon,2024-08-10,0.12,10118.1,0.4029290490379791,Medium
SP-01374,Damper,South,southwest_monsoon,2024-08-10,0.18,8580.9,0.4494227055366121,Medium
SP-01374,Spacer,South,southwest_monsoon,2024-08-10,0.21,1894.2,0.5130692921287336,High
SP-01374,Insulator,South,southwest_monsoon,2024-08-10,0.125,1766.2,0.46294308085617647,Medium
SP-01374,Fittings,South,southwest_monsoon,2024-08-10,0.185,2716.3,0.4924572474972438,Medium
SP-01374,Arrester,South,southwest_monsoon,2024-08-10,0.14,1092.0,0.4765454899190039,Medium
SP-01375,Conductor,South,tropical_cyclone,2024-08-30,0.245,1876.7,0.5341887554313137,High
SP-01375,Conductor,South,heatwave,2025-03-15,0.22,1876.7,0.5191887554313137,High
SP-01375,Damper,South,tropical_cyclone,2024-08-30,0.36,2845.8,0.5965732190581513,High
SP-01375,Damper,South,heatwave,2025-03-15,0.11,2845.8,0.44657321905815134,Medium
SP-01375,Spacer,South,tropical_cyclone,2024-08-30,0.21,1454.1,0.5160736235267616,High
SP-01375,Spacer,South,heatwave,2025-03-15,0.14,1454.1,0.4740736235267615,Medium
SP-01375,Insulator,South,tropical_cyclone,2024-08-30,0.235,397.5,0.5382864764128242,High
SP-01375,Insulator,South,heatwave,2025-03-15,0.23,397.5,0.5352864764128242,High
SP-01375,Fittings,South,tropical_cyclone,2024-08-30,0.205,4017.0,0.49557805220205003,Medium
SP-01375,Fittings,South,heatwave,2025-03-15,0.17,4017.0,0.47457805220205007,Medium
SP-01375,Arrester,South,tropical_cyclone,2024-08-30,0.34,1284.3,0.5952327588855097,High
SP-01375,Arrester,South,heatwave,2025-03-15,0.11,1284.3,0.4572327588855098,Medium
SP-01376,Conductor,South,heatwave,2025-03-21,0.065,11131.8,0.36300905190509836,Medium
SP-01376,Conductor,South,southwest_monsoon,2024-07-19,0.075,11131.8,0.36900905190509836,Medium
SP-01376,Damper,South,heatwave,2025-03-21,0.065,13889.7,0.34418231806592325,Medium
SP-01376,Damper,South,southwest_monsoon,2024-07-19,0.135,13889.7,0.3861823180659233,Medium
SP-01376,Spacer,South,heatwave,2025-03-21,0.065,12417.4,0.35423293637384506,Medium
SP-01376,Spacer,South,southwest_monsoon,2024-07-19,0.135,12417.4,0.3962329363738451,Medium
SP-01376,Insulator,South,heatwave,2025-03-21,0.23,2333.4,0.5220711045576957,High
SP-01376,Insulator,South,southwest_monsoon,2024-07-19,0.115,2333.4,0.45307110455769567,Medium
SP-01376,Fittings,South,heatwave,2025-03-21,0.065,22190.4,0.28751780173870306,Low
SP-01376,Fittings,South,southwest_monsoon,2024-07-19,0.13,22190.4,0.32651780173870304,Medium
SP-01376,Arrester,South,heatwave,2025-03-21,0.04,10064.3,0.35529631336248246,Medium
SP-01376,Arrester,South,southwest_monsoon,2024-07-19,0.1,10064.3,0.39129631336248244,Medium
SP-01377,Conductor,South,summer_storm,2024-04-12,0.085,9920.4,0.3832786430334122,Medium
SP-01377,Damper,South,summer_storm,2024-04-12,0.255,3354.9,0.5300978609242364,High
SP-01377,Spacer,South,summer_storm,2024-04-12,0.165,1894.4,0.48606792683384703,Medium
SP-01377,Insulator,South,summer_storm,2024-04-12,0.1,1816.1,0.4476024397819624,Medium
SP-01377,Fittings,South,summer_storm,2024-04-12,0.135,1837.7,0.4684549879342065,Medium
SP-01377,Arrester,South,summer_storm,2024-04-12,0.135,592.9,0.4769525833085874,Medium
SP-01380,Conductor,South,southwest_monsoon,2024-08-31,0.18,18255.4,0.383379978633135,Medium
SP-01380,Damper,South,southwest_monsoon,2024-08-31,0.12,8129.8,0.4165021281534046,Medium
SP-01380,Spacer,South,southwest_monsoon,2024-08-31,0.105,5192.2,0.4275555794482161,Medium
SP-01380,Insulator,South,southwest_monsoon,2024-08-31,0.115,1077.7,0.4616431085033979,Medium
SP-01380,Fittings,South,southwest_monsoon,2024-08-31,0.12,4413.6,0.44187067244186407,Medium
SP-01380,Arrester,South,southwest_monsoon,2024-08-31,0.165,13033.9,0.4100244148858102,Medium
SP-01381,Conductor,South,summer_storm,2024-05-05,0.07,14613.0,0.3422447291084283,Medium
SP-01381,Damper,South,summer_storm,2024-05-05,0.1,10851.3,0.385923877983596,Medium
SP-01381,Spacer,South,summer_storm,2024-05-05,0.09,5287.7,0.41790365113985056,Medium
SP-01381,Insulator,South,summer_storm,2024-05-05,0.115,1614.0,0.4579820702649014,Medium
SP-01381,Fittings,South,summer_storm,2024-05-05,0.11,13632.3,0.37293945258501526,Medium
SP-01381,Arrester,South,summer_storm,2024-05-05,0.175,986.1,0.4982684135614741,Medium
SP-01382,Conductor,South,heatwave,2025-03-28,0.04,12704.8,0.33727100762175877,Medium
SP-01382,Conductor,South,summer_storm,2024-04-11,0.06,12704.8,0.3492710076217587,Medium
SP-01382,Damper,South,heatwave,2025-03-28,0.075,11888.6,0.363842776054093,Medium
SP-01382,Damper,South,summer_storm,2024-04-11,0.05,11888.6,0.348842776054093,Medium
SP-01382,Spacer,South,heatwave,2025-03-28,0.085,9082.4,0.38899922860838904,Medium
SP-01382,Spacer,South,summer_storm,2024-04-11,0.055,9082.4,0.3709992286083891,Medium
SP-01382,Insulator,South,heatwave,2025-03-28,0.115,1607.1,0.45802917293849005,Medium
SP-01382,Insulator,South,summer_storm,2024-04-11,0.16,1607.1,0.48502917293849,Medium
SP-01382,Fittings,South,heatwave,2025-03-28,0.05,8315.8,0.37323240390883927,Medium
SP-01382,Fittings,South,summer_storm,2024-04-11,0.045,8315.8,0.37023240390883927,Medium
SP-01382,Arrester,South,heatwave,2025-03-28,0.045,25169.5,0.25518105175491596,Low
SP-01382,Arrester,South,summer_storm,2024-04-11,0.12,25169.5,0.30018105175491594,Medium
SP-01383,Conductor,South,summer_storm,2024-05-30,0.09,4433.8,0.4237327776583145,Medium
SP-01383,Conductor,South,southwest_monsoon,2024-07-28,0.1,4433.8,0.4297327776583145,Medium
SP-01383,Damper,South,summer_storm,2024-05-30,0.1,3520.2,0.43596944470043725,Medium
SP-01383,Damper,South,southwest_monsoon,2024-07-28,0.2,3520.2,0.49596944470043725,Medium
SP-01383,Spacer,South,summer_storm,2024-05-30,0.07,10737.3,0.3687020960689747,Medium
SP-01383,Spacer,South,southwest_monsoon,2024-07-28,0.095,10737.3,0.3837020960689747,Medium
SP-01383,Insulator,South,summer_storm,2024-05-30,0.12,2080.0,0.45780093317905507,Medium
SP-01383,Insulator,South,southwest_monsoon,2024-07-28,0.135,2080.0,0.4668009331790551,Medium
SP-01383,Fittings,South,summer_storm,2024-05-30,0.095,6208.0,0.4146212467190257,Medium
SP-01383,Fittings,South,southwest_monsoon,2024-07-28,0.115,6208.0,0.42662124671902574,Medium
SP-01383,Arrester,South,summer_storm,2024-05-30,0.05,7863.0,0.3763234315321681,Medium
SP-01383,Arrester,South,southwest_monsoon,2024-07-28,0.09,7863.0,0.4003234315321681,Medium
SP-01384,Conductor,South,summer_storm,2024-05-22,0.09,2770.8,0.4350852046406373,Medium
SP-01384,Damper,South,summer_storm,2024-05-22,0.175,9619.4,0.43933341183778934,Medium
SP-01384,Spacer,South,summer_storm,2024-05-22,0.14,9319.2,0.42038271946261996,Medium
SP-01384,Insulator,South,summer_storm,2024-05-22,0.26,1946.2,0.54271431545821,High
SP-01384,Fittings,South,summer_storm,2024-05-22,0.11,15125.2,0.36274820890377063,Medium
SP-01384,Arrester,South,summer_storm,2024-05-22,0.135,2024.2,0.4671818504524246,Medium
SP-01386,Conductor,South,heatwave,2025-03-04,0.055,9812.3,0.3660165849196354,Medium
SP-01386,Damper,South,heatwave,2025-03-04,0.07,1726.8,0.4302120439488424,Medium
SP-01386,Spacer,South,heatwave,2025-03-04,0.06,1815.0,0.4236099489038389,Medium
SP-01386,Insulator,South,heatwave,2025-03-04,0.12,798.2,0.4665511081074624,Medium
SP-01386,Fittings,South,heatwave,2025-03-04,0.09,2886.5,0.43429538154872227,Medium
SP-01386,Arrester,South,heatwave,2025-03-04,0.065,1664.2,0.4276393812483574,Medium
SP-01387,Conductor,South,heatwave,2024-04-28,0.105,2510.5,0.44586213593558544,Medium
SP-01387,Damper,South,heatwave,2024-04-28,0.115,1582.9,0.4581943736197722,Medium
SP-01387,Spacer,South,heatwave,2024-04-28,0.155,3127.8,0.471648153268004,Medium
SP-01387,Insulator,South,heatwave,2024-04-28,0.1,1372.9,0.45062793325073297,Medium
SP-01387,Fittings,South,heatwave,2024-04-28,0.145,2789.8,0.46795550162640753,Medium
SP-01387,Arrester,South,heatwave,2024-04-28,0.09,1085.9,0.44658713141304607,Medium
SP-01388,Conductor,South,heatwave,2024-04-23,0.075,8272.4,0.3885286728992378,Medium
SP-01388,Damper,South,heatwave,2024-04-23,0.055,8152.7,0.37734580188888545,Medium
SP-01388,Spacer,South,heatwave,2024-04-23,0.035,12940.6,0.3326613249504228,Medium
SP-01388,Insulator,South,heatwave,2024-04-23,0.045,10021.0,0.3585918997054377,Medium
SP-01388,Fittings,South,heatwave,2024-04-23,0.05,15039.6,0.32733255511524795,Medium
SP-01388,Arrester,South,heatwave,2024-04-23,0.06,1012.0,0.42909160787365563,Medium
SP-01389,Conductor,South,heatwave,2024-04-09,0.075,21090.9,0.3010235103779477,Medium
SP-01389,Conductor,South,southwest_monsoon,2024-07-24,0.06,21090.9,0.2920235103779477,Low
SP-01389,Damper,South,heatwave,2024-04-09,0.065,6990.4,0.3912802131225318,Medium
SP-01389,Damper,South,southwest_monsoon,2024-07-24,0.125,6990.4,0.42728021312253184,Medium
SP-01389,Spacer,South,heatwave,2024-04-09,0.07,11634.3,0.3625787485024422,Medium
SP-01389,Spacer,South,southwest_monsoon,2024-07-24,0.1,11634.3,0.3805787485024422,Medium
SP-01389,Insulator,South,heatwave,2024-04-09,0.1,9345.4,0.3962038658324715,Medium
SP-01389,Insulator,South,southwest_monsoon,2024-07-24,0.115,9345.4,0.40520386583247153,Medium
SP-01389,Fittings,South,heatwave,2024-04-09,0.065,9468.9,0.37436079623997787,Medium
SP-01389,Fittings,South,southwest_monsoon,2024-07-24,0.08,9468.9,0.3833607962399779,Medium
SP-01389,Arrester,South,heatwave,2024-04-09,0.075,18912.4,0.3158949849305577,Medium
SP-01389,Arrester,South,southwest_monsoon,2024-07-24,0.12,18912.4,0.3428949849305577,Medium
SP-01390,Conductor,South,summer_storm,2024-05-08,0.135,12998.7,0.39226470678585695,Medium
SP-01390,Damper,South,summer_storm,2024-05-08,0.125,2687.3,0.4566552152558051,Medium
SP-01390,Spacer,South,summer_storm,2024-05-08,0.085,7492.3,0.3998540056045355,Medium
SP-01390,Insulator,South,summer_storm,2024-05-08,0.08,929.7,0.4416534267195036,Medium
SP-01390,Fittings,South,summer_storm,2024-05-08,0.07,11029.9,0.366704669649836,Medium
SP-01390,Arrester,South,summer_storm,2024-05-08,0.175,10659.2,0.43223524372220345,Medium
SP-01395,Conductor,South,southwest_monsoon,2024-07-22,0.2,4227.0,0.4911444925710892,Medium
SP-01395,Conductor,South,summer_storm,2024-04-10,0.22,4227.0,0.5031444925710893,High
SP-01395,Conductor,South,heatwave,2024-04-08,0.125,4227.0,0.44614449257108924,Medium
SP-01395,Damper,South,southwest_monsoon,2024-07-22,0.16,2041.4,0.48206443509217445,Medium
SP-01395,Damper,South,summer_storm,2024-04-10,0.18,2041.4,0.49406443509217446,Medium
SP-01395,Damper,South,heatwave,2024-04-08,0.065,2041.4,0.42506443509217445,Medium
SP-01395,Spacer,South,southwest_monsoon,2024-07-22,0.15,2098.7,0.4756732781071552,Medium
SP-01395,Spacer,South,summer_storm,2024-04-10,0.09,2098.7,0.4396732781071552,Medium
SP-01395,Spacer,South,heatwave,2024-04-08,0.075,2098.7,0.43067327810715517,Medium
SP-01395,Insulator,South,southwest_monsoon,2024-07-22,0.175,1058.3,0.49777554210740094,Medium
SP-01395,Insulator,South,summer_storm,2024-04-10,0.11,1058.3,0.45877554210740096,Medium
SP-01395,Insulator,South,heatwave,2024-04-08,0.05,1058.3,0.422775542107401,Medium
SP-01395,Fittings,South,southwest_monsoon,2024-07-22,0.22,2139.7,0.5173933926553962,High
SP-01395,Fittings,South,summer_storm,2024-04-10,0.16,2139.7,0.48139339265539616,Medium
SP-01395,Fittings,South,heatwave,2024-04-08,0.075,2139.7,0.43039339265539617,Medium
SP-01395,Arrester,South,southwest_monsoon,2024-07-22,0.125,2944.9,0.4548967154418265,Medium
SP-01395,Arrester,South,summer_storm,2024-04-10,0.12,2944.9,0.4518967154418265,Medium
SP-01395,Arrester,South,heatwave,2024-04-08,0.02,2944.9,0.3918967154418265,Medium
SP-01396,Conductor,South,tropical_cyclone,2024-09-18,0.34,5877.5,0.5638773965191808,High
SP-01396,Damper,South,tropical_cyclone,2024-09-18,0.31,2350.1,0.5699571024346621,High
SP-01396,Spacer,South,tropical_cyclone,2024-09-18,0.29,2075.3,0.5598330176088908,High
SP-01396,Insulator,South,tropical_cyclone,2024-09-18,0.385,728.1,0.626029643965226,High
SP-01396,Fittings,South,tropical_cyclone,2024-09-18,0.325,2612.4,0.5771665181908479,High
SP-01396,Arrester,South,tropical_cyclone,2024-09-18,0.285,1013.5,0.5640813681620058,High
SP-01397,Conductor,South,southwest_monsoon,2024-07-19,0.185,2560.1,0.4935235428037013,Medium
SP-01397,Damper,South,southwest_monsoon,2024-07-19,0.205,1739.8,0.5111232997812115,High
SP-01397,Spacer,South,southwest_monsoon,2024-07-19,0.21,1799.7,0.513714393962666,High
SP-01397,Insulator,South,southwest_monsoon,2024-07-19,0.28,396.9,0.5652905722974841,High
SP-01397,Fittings,South,southwest_monsoon,2024-07-19,0.19,3155.3,0.49246042522109246,Medium
SP-01397,Arrester,South,southwest_monsoon,2024-07-19,0.22,294.6,0.529988920631995,High
SP-01399,Conductor,South,summer_storm,2024-05-10,0.085,11072.2,0.3754159097813139,Medium
SP-01399,Conductor,South,southwest_monsoon,2024-09-07,0.165,11072.2,0.42341590978131394,Medium
SP-01399,Damper,South,summer_storm,2024-05-10,0.095,15138.3,0.3536587820886964,Medium
SP-01399,Damper,South,southwest_monsoon,2024-09-07,0.17,15138.3,0.39865878208869643,Medium
SP-01399,Spacer,South,summer_storm,2024-05-10,0.075,14484.5,0.3461219310730877,Medium
SP-01399,Spacer,South,southwest_monsoon,2024-09-07,0.14,14484.5,0.38512193107308773,Medium
SP-01399,Insulator,South,summer_storm,2024-05-10,0.1,4005.2,0.43265860460036115,Medium
SP-01399,Insulator,South,southwest_monsoon,2024-09-07,0.12,4005.2,0.44465860460036116,Medium
SP-01399,Fittings,South,summer_storm,2024-05-10,0.075,20575.6,0.3045411926533482,Medium
SP-01399,Fittings,South,southwest_monsoon,2024-09-07,0.085,20575.6,0.31054119265334823,Medium
SP-01399,Arrester,South,summer_storm,2024-05-10,0.055,19010.3,0.30322667308355267,Medium
SP-01399,Arrester,South,southwest_monsoon,2024-09-07,0.1,19010.3,0.33022667308355264,Medium
SP-01401,Conductor,South,southwest_monsoon,2024-07-08,0.1,13140.3,0.37029807800612335,Medium
SP-01401,Damper,South,southwest_monsoon,2024-07-08,0.125,2684.9,0.45667159879444463,Medium
SP-01401,Spacer,South,southwest_monsoon,2024-07-08,0.15,2392.7,0.47366629462381005,Medium
SP-01401,Insulator,South,southwest_monsoon,2024-07-08,0.165,1089.8,0.49156050816275676,Medium
SP-01401,Fittings,South,southwest_monsoon,2024-07-08,0.115,6231.8,0.42645877662751686,Medium
SP-01401,Arrester,South,southwest_monsoon,2024-07-08,0.16,3060.6,0.47510689234991144,Medium
SP-01403,Conductor,South,summer_storm,2024-05-16,0.185,3584.7,0.4865291370994993,Medium
SP-01403,Damper,South,summer_storm,2024-05-16,0.085,1937.4,0.43777438843322175,Medium
SP-01403,Spacer,South,summer_storm,2024-05-16,0.105,1953.4,0.4496651648422914,Medium
SP-01403,Insulator,South,summer_storm,2024-05-16,0.14,1122.3,0.47633864774367957,Medium
SP-01403,Fittings,South,summer_storm,2024-05-16,0.11,2878.4,0.44635067599163075,Medium
SP-01403,Arrester,South,summer_storm,2024-05-16,0.105,815.5,0.45743301009976894,Medium
SP-01406,Conductor,South,summer_storm,2024-05-12,0.085,3439.0,0.42752375442440876,Medium
SP-01406,Damper,South,summer_storm,2024-05-12,0.14,2972.7,0.46370693945258507,Medium
SP-01406,Spacer,South,summer_storm,2024-05-12,0.18,2534.4,0.4906989831966332,Medium
SP-01406,Insulator,South,summer_storm,2024-05-12,0.16,1114.8,0.48838984630192817,Medium
SP-01406,Fittings,South,summer_storm,2024-05-12,0.145,4123.2,0.45885308061724983,Medium
SP-01406,Arrester,South,summer_storm,2024-05-12,0.06,9372.5,0.3720188683753332,Medium
SP-01408,Conductor,South,summer_storm,2024-05-14,0.1,20146.3,0.3224717981274981,Medium
SP-01408,Conductor,South,heatwave,2024-04-28,0.08,20146.3,0.3104717981274981,Medium
SP-01408,Damper,South,summer_storm,2024-05-14,0.095,2660.9,0.43883543418084014,Medium
SP-01408,Damper,South,heatwave,2024-04-28,0.07,2660.9,0.42383543418084013,Medium
SP-01408,Spacer,South,summer_storm,2024-05-14,0.06,5977.7,0.3951933837809794,Medium
SP-01408,Spacer,South,heatwave,2024-04-28,0.045,5977.7,0.38619338378097945,Medium
SP-01408,Insulator,South,summer_storm,2024-05-14,0.105,2177.2,0.4481373998641532,Medium
SP-01408,Insulator,South,heatwave,2024-04-28,0.07,2177.2,0.42713739986415317,Medium
SP-01408,Fittings,South,summer_storm,2024-05-14,0.08,16664.1,0.3342429473986013,Medium
SP-01408,Fittings,South,heatwave,2024-04-28,0.065,16664.1,0.32524294739860127,Medium
SP-01408,Arrester,South,summer_storm,2024-05-14,0.065,2639.3,0.42098288602859607,Medium
SP-01408,Arrester,South,heatwave,2024-04-28,0.07,2639.3,0.4239828860285961,Medium
SP-01413,Conductor,South,heatwave,2025-03-14,0.065,6225.3,0.3965031487113323,Medium
SP-01413,Damper,South,heatwave,2025-03-14,0.055,2230.5,0.41777354877686645,Medium
SP-01413,Spacer,South,heatwave,2025-03-14,0.155,3269.8,0.4706787938984972,Medium
SP-01413,Insulator,South,heatwave,2025-03-14,0.1,1791.9,0.4477676404632446,Medium
SP-01413,Fittings,South,heatwave,2025-03-14,0.075,7874.6,0.39124424442874356,Medium
SP-01413,Arrester,South,heatwave,2025-03-14,0.075,1719.8,0.43325982926987444,Medium
SP-01415,Conductor,South,heatwave,2024-04-10,0.1,2931.1,0.4399909207890039,Medium
SP-01415,Conductor,South,southwest_monsoon,2024-09-04,0.12,2931.1,0.45199092078900394,Medium
SP-01415,Damper,South,heatwave,2024-04-10,0.04,11605.8,0.3447733030237869,Medium
SP-01415,Damper,South,southwest_monsoon,2024-09-04,0.135,11605.8,0.4017733030237869,Medium
SP-01415,Spacer,South,heatwave,2024-04-10,0.11,2364.1,0.4498615317925981,Medium
SP-01415,Spacer,South,southwest_monsoon,2024-09-04,0.15,2364.1,0.47386153179259805,Medium
SP-01415,Insulator,South,heatwave,2024-04-10,0.055,1654.5,0.4217055980503589,Medium
SP-01415,Insulator,South,southwest_monsoon,2024-09-04,0.175,1654.5,0.4937055980503589,Medium
SP-01415,Fittings,South,heatwave,2024-04-10,0.04,12032.8,0.34185839844083327,Medium
SP-01415,Fittings,South,southwest_monsoon,2024-09-04,0.095,12032.8,0.37485839844083324,Medium
SP-01415,Arrester,South,heatwave,2024-04-10,0.11,5963.0,0.42529373295514666,Medium
SP-01415,Arrester,South,southwest_monsoon,2024-09-04,0.105,5963.0,0.42229373295514666,Medium
SP-01416,Conductor,South,southwest_monsoon,2024-09-02,0.14,4967.2,0.4500915361956741,Medium
SP-01416,Damper,South,southwest_monsoon,2024-09-02,0.21,3630.3,0.5012178498653478,High
SP-01416,Spacer,South,southwest_monsoon,2024-09-02,0.145,6030.5,0.4458329459309093,Medium
SP-01416,Insulator,South,southwest_monsoon,2024-09-02,0.125,1449.3,0.46510639060404063,Medium
SP-01416,Fittings,South,southwest_monsoon,2024-09-02,0.065,11475.3,0.3606641579373125,Medium
SP-01416,Arrester,South,southwest_monsoon,2024-09-02,0.145,2675.2,0.4687378155964461,Medium
SP-01417,Conductor,South,heatwave,2024-04-18,0.055,4912.0,0.3994683575843838,Medium
SP-01417,Damper,South,heatwave,2024-04-18,0.12,1966.2,0.4585777859695471,Medium
SP-01417,Spacer,South,heatwave,2024-04-18,0.095,1921.7,0.44388156408182217,Medium
SP-01417,Insulator,South,heatwave,2024-04-18,0.075,724.7,0.4400528539782987,Medium
SP-01417,Fittings,South,heatwave,2024-04-18,0.115,2277.4,0.4534533871259519,Medium
SP-01417,Arrester,South,heatwave,2024-04-18,0.07,13180.8,0.3520216057915809,Medium
SP-01418,Conductor,South,heatwave,2025-03-19,0.095,3272.9,0.4346576318277544,Medium
SP-01418,Damper,South,heatwave,2025-03-19,0.12,2581.3,0.4543788215457186,Medium
SP-01418,Spacer,South,heatwave,2025-03-19,0.12,2389.6,0.45568745669455285,Medium
SP-01418,Insulator,South,heatwave,2025-03-19,0.1,1229.7,0.4516054843895596,Medium
SP-01418,Fittings,South,heatwave,2025-03-19,0.12,3029.8,0.4513171477624524,Medium
SP-01418,Arrester,South,heatwave,2025-03-19,0.1,1182.1,0.4519304245725774,Medium
SP-01419,Conductor,South,tropical_cyclone,2024-11-18,0.19,21450.7,0.36756734487690157,Medium
SP-01419,Damper,South,tropical_cyclone,2024-11-18,0.225,6523.9,0.49046476344559475,Medium
SP-01419,Spacer,South,tropical_cyclone,2024-11-18,0.165,7951.7,0.44471792324994797,Medium
SP-01419,Insulator,South,tropical_cyclone,2024-11-18,0.295,1878.9,0.5641737371875608,High
SP-01419,Fittings,South,tropical_cyclone,2024-11-18,0.275,13718.6,0.4713503278414347,Medium
SP-01419,Arrester,South,tropical_cyclone,2024-11-18,0.185,7007.7,0.4631621151148384,Medium
SP-01420,Conductor,South,heatwave,2025-03-22,0.075,21118.2,0.30083714762592284,Medium
SP-01420,Damper,South,heatwave,2025-03-22,0.19,3558.1,0.489710721319421,Medium
SP-01420,Spacer,South,heatwave,2025-03-22,0.06,15153.2,0.33255706761964243,Medium
SP-01420,Insulator,South,heatwave,2025-03-22,0.08,7698.2,0.39544843451875067,Medium
SP-01420,Fittings,South,heatwave,2025-03-22,0.095,11485.0,0.378597941135311,Medium
SP-01420,Arrester,South,heatwave,2025-03-22,0.06,6179.0,0.393819214477587,Medium
SP-01421,Conductor,South,tropical_cyclone,2024-11-27,0.2,16698.6,0.4060074340306577,Medium
SP-01421,Conductor,South,summer_storm,2024-04-07,0.115,16698.6,0.3550074340306577,Medium
SP-01421,Damper,South,tropical_cyclone,2024-11-27,0.255,9261.2,0.4897786549797425,Medium
SP-01421,Damper,South,summer_storm,2024-04-07,0.115,9261.2,0.40577865497974247,Medium
SP-01421,Spacer,South,tropical_cyclone,2024-11-27,0.25,10172.3,0.4805590541237026,Medium
SP-01421,Spacer,South,summer_storm,2024-04-07,0.13,10172.3,0.4085590541237026,Medium
SP-01421,Insulator,South,tropical_cyclone,2024-11-27,0.21,15610.1,0.4194380514511378,Medium
SP-01421,Insulator,South,summer_storm,2024-04-07,0.1,15610.1,0.3534380514511378,Medium
SP-01421,Fittings,South,tropical_cyclone,2024-11-27,0.22,8027.9,0.47719774589814223,Medium
SP-01421,Fittings,South,summer_storm,2024-04-07,0.14,8027.9,0.42919774589814225,Medium
SP-01421,Arrester,South,tropical_cyclone,2024-11-27,0.23,1651.9,0.5267233468838851,High
SP-01421,Arrester,South,summer_storm,2024-04-07,0.09,1651.9,0.4427233468838851,Medium
SP-01422,Conductor,South,southwest_monsoon,2024-07-18,0.145,2521.6,0.4697863620693774,Medium
SP-01422,Damper,South,southwest_monsoon,2024-07-18,0.15,2064.6,0.4759060608853255,Medium
SP-01422,Spacer,South,southwest_monsoon,2024-07-18,0.135,1625.6,0.4699028831614769,Medium
SP-01422,Insulator,South,southwest_monsoon,2024-07-18,0.125,2654.1,0.45688185420698557,Medium
SP-01422,Fittings,South,southwest_monsoon,2024-07-18,0.145,3369.6,0.4639975117500691,Medium
SP-01422,Arrester,South,southwest_monsoon,2024-07-18,0.105,2322.1,0.4471482437187902,Medium
SP-01423,Conductor,South,southwest_monsoon,2024-09-01,0.135,2467.8,0.4641536263938808,Medium
SP-01423,Conductor,South,heatwave,2025-03-25,0.145,2467.8,0.4701536263938808,Medium
SP-01423,Damper,South,southwest_monsoon,2024-09-01,0.14,2239.7,0.4687107452120815,Medium
SP-01423,Damper,South,heatwave,2025-03-25,0.07,2239.7,0.42671074521208147,Medium
SP-01423,Spacer,South,southwest_monsoon,2024-09-01,0.365,3973.9,0.5918722732501186,High
SP-01423,Spacer,South,heatwave,2025-03-25,0.115,3973.9,0.44187227325011863,Medium
SP-01423,Insulator,South,southwest_monsoon,2024-09-01,0.16,1717.5,0.4842755301610707,Medium
SP-01423,Insulator,South,heatwave,2025-03-25,0.075,1717.5,0.4332755301610707,Medium
SP-01423,Fittings,South,southwest_monsoon,2024-09-01,0.245,3186.9,0.5252447086290051,High
SP-01423,Fittings,South,heatwave,2025-03-25,0.13,3186.9,0.45624470862900507,Medium
SP-01423,Arrester,South,southwest_monsoon,2024-09-01,0.165,476.2,0.49574923287493555,Medium
SP-01423,Arrester,South,heatwave,2025-03-25,0.085,476.2,0.44774923287493557,Medium
SP-01424,Conductor,South,summer_storm,2024-05-14,0.065,19817.1,0.3037190735108899,Medium
SP-01424,Damper,South,summer_storm,2024-05-14,0.17,2407.3,0.4855666280970862,Medium
SP-01424,Spacer,South,summer_storm,2024-05-14,0.155,2769.9,0.4740913484676271,Medium
SP-01424,Insulator,South,summer_storm,2024-05-14,0.085,22397.7,0.2981026735887118,Low
SP-01424,Fittings,South,summer_storm,2024-05-14,0.07,5315.6,0.4057131925031658,Medium
SP-01424,Arrester,South,summer_storm,2024-05-14,0.105,3684.3,0.4378492202459579,Medium
SP-01425,Conductor,South,heatwave,2024-04-20,0.025,21815.0,0.2660804602409063,Low
SP-01425,Damper,South,heatwave,2024-04-20,0.08,3210.5,0.42608360383238275,Medium
SP-01425,Spacer,South,heatwave,2024-04-20,0.165,3238.3,0.47689382784314127,Medium
SP-01425,Insulator,South,heatwave,2024-04-20,0.085,1750.4,0.43905093915222015,Medium
SP-01425,Fittings,South,heatwave,2024-04-20,0.07,7323.9,0.3920035838990774,Medium
SP-01425,Arrester,South,heatwave,2024-04-20,0.16,2151.4,0.48131352290452833,Medium
SP-01427,Conductor,South,summer_storm,2024-04-21,0.09,3036.4,0.4332720930311936,Medium
SP-01427,Damper,South,summer_storm,2024-04-21,0.205,3414.2,0.4996930509903508,Medium
SP-01427,Spacer,South,summer_storm,2024-04-21,0.175,1928.0,0.49183855729289333,Medium
SP-01427,Insulator,South,summer_storm,2024-04-21,0.145,503.7,0.48356150482802407,Medium
SP-01427,Fittings,South,summer_storm,2024-04-21,0.115,3988.2,0.4417746546657247,Medium
SP-01427,Arrester,South,summer_storm,2024-04-21,0.16,603.3,0.49188158797448267,Medium
SP-01428,Conductor,South,summer_storm,2024-04-04,0.11,6295.8,0.4230218822637955,Medium
SP-01428,Damper,South,summer_storm,2024-04-04,0.16,1972.7,0.4825334138857317,Medium
SP-01428,Spacer,South,summer_storm,2024-04-04,0.165,1782.0,0.4868352225601327,Medium
SP-01428,Insulator,South,summer_storm,2024-04-04,0.165,2031.4,0.485132699836506,Medium
SP-01428,Fittings,South,summer_storm,2024-04-04,0.155,2407.0,0.4765686760394161,Medium
SP-01428,Arrester,South,summer_storm,2024-04-04,0.235,1565.1,0.5303158848646823,High
SP-01429,Conductor,South,tropical_cyclone,2024-10-18,0.28,11729.1,0.48793159872617997,Medium
SP-01429,Damper,South,tropical_cyclone,2024-10-18,0.29,2561.3,0.5565153510343815,High
SP-01429,Spacer,South,tropical_cyclone,2024-10-18,0.2,20217.0,0.3819891663850746,Medium
SP-01429,Insulator,South,tropical_cyclone,2024-10-18,0.31,1093.0,0.5785386634445707,High
SP-01429,Fittings,South,tropical_cyclone,2024-10-18,0.295,2672.4,0.5587569297248589,High
SP-01429,Arrester,South,tropical_cyclone,2024-10-18,0.325,5253.2,0.5591391645077941,High
SP-01430,Conductor,South,heatwave,2024-04-15,0.075,2124.7,0.43049578977189334,Medium
SP-01430,Damper,South,heatwave,2024-04-15,0.05,1585.2,0.419178672728576,Medium
SP-01430,Spacer,South,heatwave,2024-04-15,0.05,7241.3,0.3805674506872554,Medium
SP-01430,Insulator,South,heatwave,2024-04-15,0.055,499.6,0.42958949337319996,Medium
SP-01430,Fittings,South,heatwave,2024-04-15,0.06,3773.8,0.41023825078419124,Medium
SP-01430,Arrester,South,heatwave,2024-04-15,0.09,2373.5,0.4377973629329265,Medium
SP-01432,Conductor,South,southwest_monsoon,2024-07-12,0.12,9363.2,0.40808235458756154,Medium
SP-01432,Damper,South,southwest_monsoon,2024-07-12,0.14,7655.4,0.43174060762448935,Medium
SP-01432,Spacer,South,southwest_monsoon,2024-07-12,0.2,2680.6,0.5017009526345072,High
SP-01432,Insulator,South,southwest_monsoon,2024-07-12,0.155,2443.3,0.4763208750174929,Medium
SP-01432,Fittings,South,southwest_monsoon,2024-07-12,0.165,8709.4,0.43954550357195277,Medium
SP-01432,Arrester,South,southwest_monsoon,2024-07-12,0.105,4818.8,0.4301045850015531,Medium
SP-01433,Conductor,South,heatwave,2024-04-29,0.055,19593.2,0.29924752113647146,Low
SP-01433,Conductor,South,summer_storm,2024-05-08,0.08,19593.2,0.3142475211364715,Medium
SP-01433,Conductor,South,tropical_cyclone,2024-09-05,0.215,19593.2,0.3952475211364715,Medium
SP-01433,Damper,South,heatwave,2024-04-29,0.095,3116.2,0.43572734037142846,Medium
SP-01433,Damper,South,summer_storm,2024-05-08,0.12,3116.2,0.4507273403714285,Medium
SP-01433,Damper,South,tropical_cyclone,2024-09-05,0.29,3116.2,0.5527273403714285,High
SP-01433,Spacer,South,heatwave,2024-04-29,0.095,2820.7,0.43774456356642333,Medium
SP-01433,Spacer,South,summer_storm,2024-05-08,0.205,2820.7,0.5037445635664233,High
SP-01433,Spacer,South,tropical_cyclone,2024-09-05,0.235,2820.7,0.5217445635664233,High
SP-01433,Insulator,South,heatwave,2024-04-29,0.065,2233.5,0.423753069353567,Medium
SP-01433,Insulator,South,summer_storm,2024-05-08,0.125,2233.5,0.459753069353567,Medium
SP-01433,Insulator,South,tropical_cyclone,2024-09-05,0.31,2233.5,0.570753069353567,High
SP-01433,Fittings,South,heatwave,2024-04-29,0.045,10906.7,0.3525456912999997,Medium
SP-01433,Fittings,South,summer_storm,2024-05-08,0.065,10906.7,0.36454569129999964,Medium
SP-01433,Fittings,South,tropical_cyclone,2024-09-05,0.22,10906.7,0.45754569129999967,Medium
SP-01433,Arrester,South,heatwave,2024-04-29,0.11,4572.7,0.4347845803595504,Medium
SP-01433,Arrester,South,summer_storm,2024-05-08,0.045,4572.7,0.39578458035955044,Medium
SP-01433,Arrester,South,tropical_cyclone,2024-09-05,0.28,4572.7,0.5367845803595505,High
SP-01434,Conductor,South,southwest_monsoon,2024-06-21,0.15,4429.2,0.4597641794407069,Medium
SP-01434,Conductor,South,heatwave,2025-03-18,0.06,4429.2,0.4057641794407069,Medium
SP-01434,Damper,South,southwest_monsoon,2024-06-21,0.225,12325.5,0.45086028937425127,Medium
SP-01434,Damper,South,heatwave,2025-03-18,0.055,12325.5,0.3488602893742513,Medium
SP-01434,Spacer,South,southwest_monsoon,2024-06-21,0.06,24534.6,0.2685151803725207,Low
SP-01434,Spacer,South,heatwave,2025-03-18,0.085,24534.6,0.2835151803725207,Low
SP-01434,Insulator,South,southwest_monsoon,2024-06-21,0.13,8837.5,0.4176710321970667,Medium
SP-01434,Insulator,South,heatwave,2025-03-18,0.11,8837.5,0.4056710321970667,Medium
SP-01434,Fittings,South,southwest_monsoon,2024-06-21,0.07,21099.6,0.2979641200503794,Low
SP-01434,Fittings,South,heatwave,2025-03-18,0.085,21099.6,0.30696412005037943,Medium
SP-01434,Arrester,South,southwest_monsoon,2024-06-21,0.1,1264.0,0.45137133631650267,Medium
SP-01434,Arrester,South,heatwave,2025-03-18,0.035,1264.0,0.4123713363165027,Medium
SP-01435,Conductor,South,tropical_cyclone,2024-08-08,0.22,9580.5,0.4665989616932388,Medium
SP-01435,Conductor,South,southwest_monsoon,2024-09-18,0.11,9580.5,0.4005989616932388,Medium
SP-01435,Conductor,South,heatwave,2025-03-15,0.05,9580.5,0.3645989616932388,Medium
SP-01435,Damper,South,tropical_cyclone,2024-08-08,0.28,1787.2,0.5557997248930804,High
SP-01435,Damper,South,southwest_monsoon,2024-09-18,0.24,1787.2,0.5317997248930804,High
SP-01435,Damper,South,heatwave,2025-03-15,0.08,1787.2,0.4357997248930804,Medium
SP-01435,Spacer,South,tropical_cyclone,2024-08-08,0.175,7864.7,0.45131182652563173,Medium
SP-01435,Spacer,South,southwest_monsoon,2024-09-18,0.15,7864.7,0.4363118265256317,Medium
SP-01435,Spacer,South,heatwave,2025-03-15,0.065,7864.7,0.38531182652563173,Medium
SP-01435,Insulator,South,tropical_cyclone,2024-08-08,0.145,557.6,0.4831935578560774,Medium
SP-01435,Insulator,South,southwest_monsoon,2024-09-18,0.19,557.6,0.5101935578560775,High
SP-01435,Insulator,South,heatwave,2025-03-15,0.105,557.6,0.45919355785607746,Medium
SP-01435,Fittings,South,tropical_cyclone,2024-08-08,0.315,4248.8,0.5599956754284466,High
SP-01435,Fittings,South,southwest_monsoon,2024-09-18,0.255,4248.8,0.5239956754284466,High
SP-01435,Fittings,South,heatwave,2025-03-15,0.16,4248.8,0.46699567542844667,Medium
SP-01435,Arrester,South,tropical_cyclone,2024-08-08,0.28,420.1,0.5651321980906351,High
SP-01435,Arrester,South,southwest_monsoon,2024-09-18,0.135,420.1,0.4781321980906351,Medium
SP-01435,Arrester,South,heatwave,2025-03-15,0.095,420.1,0.4541321980906351,Medium
SP-01436,Conductor,South,tropical_cyclone,2024-11-02,0.315,2801.0,0.5698790451127563,High
SP-01436,Damper,South,tropical_cyclone,2024-11-02,0.245,5628.8,0.5085751407107043,High
SP-01436,Spacer,South,tropical_cyclone,2024-11-02,0.31,3234.6,0.5639190857985439,High
SP-01436,Insulator,South,tropical_cyclone,2024-11-02,0.33,1105.4,0.5904540151615998,High
SP-01436,Fittings,South,tropical_cyclone,2024-11-02,0.215,3328.9,0.5062753492594982,High
SP-01436,Arrester,South,tropical_cyclone,2024-11-02,0.3,5070.3,0.5453877266816167,High
SP-01439,Conductor,South,tropical_cyclone,2024-09-23,0.21,22526.1,0.37222615427149575,Medium
SP-01439,Damper,South,tropical_cyclone,2024-09-23,0.36,2933.8,0.5959724893080345,High
SP-01439,Spacer,South,tropical_cyclone,2024-09-23,0.355,2898.2,0.5932155117978545,High
SP-01439,Insulator,South,tropical_cyclone,2024-09-23,0.45,2553.1,0.6525713281247334,High
SP-01439,Fittings,South,tropical_cyclone,2024-09-23,0.19,12213.2,0.4306269024530936,Medium
SP-01439,Arrester,South,tropical_cyclone,2024-09-23,0.21,10392.4,0.455056547100967,Medium
SP-01441,Conductor,South,southwest_monsoon,2024-07-15,0.105,3233.4,0.4409272775678637,Medium
SP-01441,Damper,South,southwest_monsoon,2024-07-15,0.165,2490.1,0.4820013960140216,Medium
SP-01441,Spacer,South,southwest_monsoon,2024-07-15,0.09,16655.1,0.34030438566849963,Medium
SP-01441,Insulator,South,southwest_monsoon,2024-07-15,0.145,2293.6,0.4713427982401349,Medium
SP-01441,Fittings,South,southwest_monsoon,2024-07-15,0.1,15611.1,0.35343122497670465,Medium
SP-01441,Arrester,South,southwest_monsoon,2024-07-15,0.065,9207.6,0.3761445540093591,Medium
SP-01444,Conductor,South,summer_storm,2024-04-14,0.105,4923.5,0.4293898531284026,Medium
SP-01444,Damper,South,summer_storm,2024-04-14,0.14,2262.3,0.46855646688989244,Medium
SP-01444,Spacer,South,summer_storm,2024-04-14,0.175,1579.1,0.4942203142226182,Medium
SP-01444,Insulator,South,summer_storm,2024-04-14,0.185,755.4,0.5058432812132011,High
SP-01444,Fittings,South,summer_storm,2024-04-14,0.2,3000.1,0.4995198940531168,Medium
SP-01444,Arrester,South,summer_storm,2024-04-14,0.175,1458.6,0.4950429043918123,Medium
SP-01445,Conductor,South,summer_storm,2024-05-20,0.075,8586.5,0.3863844772797865,Medium
SP-01445,Damper,South,summer_storm,2024-05-20,0.12,2996.0,0.45154788259829276,Medium
SP-01445,Spacer,South,summer_storm,2024-05-20,0.115,2851.4,0.44953499080132575,Medium
SP-01445,Insulator,South,summer_storm,2024-05-20,0.16,1593.4,0.4851226956382242,Medium
SP-01445,Fittings,South,summer_storm,2024-05-20,0.06,11575.0,0.3569835584363278,Medium
SP-01445,Arrester,South,summer_storm,2024-05-20,0.09,18899.3,0.3249844117456319,Medium
SP-01449,Conductor,South,heatwave,2024-04-24,0.035,23809.0,0.2584684702212119,Low
SP-01449,Damper,South,heatwave,2024-04-24,0.095,2810.7,0.4378128283107548,Medium
SP-01449,Spacer,South,heatwave,2024-04-24,0.135,2694.7,0.4626046993449998,Medium
SP-01449,Insulator,South,heatwave,2024-04-24,0.05,13857.6,0.3354014478952273,Medium
SP-01449,Fittings,South,heatwave,2024-04-24,0.045,13569.0,0.3343715684166334,Medium
SP-01449,Arrester,South,heatwave,2024-04-24,0.065,12180.5,0.35585012816705747,Medium
SP-01450,Conductor,South,tropical_cyclone,2024-09-19,0.2,9432.4,0.45560996255678776,Medium
SP-01450,Damper,South,tropical_cyclone,2024-09-19,0.255,3824.5,0.5268921485304308,High
SP-01450,Spacer,South,tropical_cyclone,2024-09-19,0.3,3010.2,0.559450946661342,High
SP-01450,Insulator,South,tropical_cyclone,2024-09-19,0.32,1025.5,0.5849994504688081,High
SP-01450,Fittings,South,tropical_cyclone,2024-09-19,0.185,5902.5,0.470706734658352,Medium
SP-01450,Arrester,South,tropical_cyclone,2024-09-19,0.145,22672.6,0.3322260757670398,Medium
SP-01451,Conductor,South,southwest_monsoon,2024-09-24,0.115,12788.0,0.38170304494892093,Medium
SP-01451,Damper,South,southwest_monsoon,2024-09-24,0.175,3765.6,0.47929422787454307,Medium
SP-01451,Spacer,South,southwest_monsoon,2024-09-24,0.15,5227.4,0.4543152875481693,Medium
SP-01451,Insulator,South,southwest_monsoon,2024-09-24,0.185,1230.5,0.5026000232100131,High
SP-01451,Fittings,South,southwest_monsoon,2024-09-24,0.195,3059.9,0.49611167088201463,Medium
SP-01451,Arrester,South,southwest_monsoon,2024-09-24,0.16,914.8,0.48975514118855745,Medium
SP-01453,Conductor,South,heatwave,2025-03-08,0.03,6767.4,0.37180251692112354,Medium
SP-01453,Damper,South,heatwave,2025-03-08,0.045,2441.0,0.4103365759086891,Medium
SP-01453,Spacer,South,heatwave,2025-03-08,0.06,2424.1,0.41945194332660923,Medium
SP-01453,Insulator,South,heatwave,2025-03-08,0.04,8545.4,0.36566504537898886,Medium
SP-01453,Fittings,South,heatwave,2025-03-08,0.02,3287.3,0.3895593305959171,Medium
SP-01453,Arrester,South,heatwave,2025-03-08,0.04,7640.0,0.3718457353307598,Medium
SP-01454,Conductor,South,heatwave,2025-03-15,0.035,16301.3,0.3097195923229469,Medium
SP-01454,Conductor,South,southwest_monsoon,2024-09-28,0.05,16301.3,0.3187195923229469,Medium
SP-01454,Damper,South,heatwave,2025-03-15,0.04,15642.5,0.3172168736795039,Medium
SP-01454,Damper,South,southwest_monsoon,2024-09-28,0.035,15642.5,0.3142168736795039,Medium
SP-01454,Spacer,South,heatwave,2025-03-15,0.02,15835.9,0.3038966335241333,Medium
SP-01454,Spacer,South,southwest_monsoon,2024-09-28,0.05,15835.9,0.32189663352413334,Medium
SP-01454,Insulator,South,heatwave,2025-03-15,0.085,2609.7,0.43318494967181725,Medium
SP-01454,Insulator,South,southwest_monsoon,2024-09-28,0.21,2609.7,0.5081849496718173,High
SP-01454,Fittings,South,heatwave,2025-03-15,0.035,15570.0,0.31471179307590696,Medium
SP-01454,Fittings,South,southwest_monsoon,2024-09-28,0.075,15570.0,0.33871179307590693,Medium
SP-01454,Arrester,South,heatwave,2025-03-15,0.075,1435.7,0.43519923065633137,Medium
SP-01454,Arrester,South,southwest_monsoon,2024-09-28,0.175,1435.7,0.49519923065633137,Medium
SP-01456,Conductor,South,southwest_monsoon,2024-06-04,0.11,7043.5,0.4179177273301317,Medium
SP-01456,Damper,South,southwest_monsoon,2024-06-04,0.18,1891.4,0.49508840625714645,Medium
SP-01456,Spacer,South,southwest_monsoon,2024-06-04,0.13,2196.5,0.4630056489075935,Medium
SP-01456,Insulator,South,southwest_monsoon,2024-06-04,0.265,1957.9,0.5456344457073422,High
SP-01456,Fittings,South,southwest_monsoon,2024-06-04,0.155,1731.8,0.48117791157667666,Medium
SP-01456,Arrester,South,southwest_monsoon,2024-06-04,0.17,567.5,0.49812597575918927,Medium
SP-01458,Conductor,South,heatwave,2024-04-30,0.045,21339.5,0.28132644883386754,Low
SP-01458,Damper,South,heatwave,2024-04-30,0.165,2847.4,0.47956229669905825,Medium
SP-01458,Spacer,South,heatwave,2024-04-30,0.175,2922.4,0.48505031111657226,Medium
SP-01458,Insulator,South,heatwave,2024-04-30,0.18,2458.7,0.49121574731122236,Medium
SP-01458,Fittings,South,heatwave,2024-04-30,0.065,14787.1,0.3380562399096174,Medium
SP-01458,Arrester,South,heatwave,2024-04-30,0.05,11323.2,0.3527024646985941,Medium
SP-01459,Conductor,South,summer_storm,2024-05-06,0.25,3456.2,0.5264063390641587,High
SP-01459,Damper,South,summer_storm,2024-05-06,0.165,2554.2,0.48156381900285694,Medium
SP-01459,Spacer,South,summer_storm,2024-05-06,0.095,15949.6,0.34812046338108454,Medium
SP-01459,Insulator,South,summer_storm,2024-05-06,0.17,2351.7,0.4859461800755691,Medium
SP-01459,Fittings,South,summer_storm,2024-05-06,0.08,11991.4,0.3661410144823655,Medium
SP-01459,Arrester,South,summer_storm,2024-05-06,0.115,2272.7,0.4534854715557877,Medium
SP-01460,Conductor,South,summer_storm,2024-05-29,0.125,2363.1,0.45886835826703126,Medium
SP-01460,Damper,South,summer_storm,2024-05-29,0.07,8901.1,0.38123686842311855,Medium
SP-01460,Spacer,South,summer_storm,2024-05-29,0.15,11714.4,0.41003194790034714,Medium
SP-01460,Insulator,South,summer_storm,2024-05-29,0.13,621.0,0.473760759377016,Medium
SP-01460,Fittings,South,summer_storm,2024-05-29,0.15,4067.0,0.46223672848039266,Medium
SP-01460,Arrester,South,summer_storm,2024-05-29,0.09,6545.9,0.4093145810080655,Medium
SP-01461,Conductor,South,southwest_monsoon,2024-08-25,0.1,2395.8,0.4436451325530673,Medium
SP-01461,Damper,South,southwest_monsoon,2024-08-25,0.17,1497.8,0.491775306594033,Medium
SP-01461,Spacer,South,southwest_monsoon,2024-08-25,0.095,11543.3,0.37819995767585857,Medium
SP-01461,Insulator,South,southwest_monsoon,2024-08-25,0.17,5251.0,0.4661541827515471,Medium
SP-01461,Fittings,South,southwest_monsoon,2024-08-25,0.11,5816.9,0.4262910808698294,Medium
SP-01461,Arrester,South,southwest_monsoon,2024-08-25,0.13,1940.0,0.46475663959969554,Medium
SP-01462,Conductor,South,summer_storm,2024-04-17,0.255,4012.4,0.5256094539844425,High
SP-01462,Conductor,South,tropical_cyclone,2024-11-15,0.35,4012.4,0.5826094539844424,High
SP-01462,Damper,South,summer_storm,2024-04-17,0.11,5063.6,0.43143346406031874,Medium
SP-01462,Damper,South,tropical_cyclone,2024-11-15,0.28,5063.6,0.5334334640603188,High
SP-01462,Spacer,South,summer_storm,2024-04-17,0.125,5231.3,0.43928866429788005,Medium
SP-01462,Spacer,South,tropical_cyclone,2024-11-15,0.245,5231.3,0.51128866429788,High
SP-01462,Insulator,South,summer_storm,2024-04-17,0.125,1373.6,0.46562315471862986,Medium
SP-01462,Insulator,South,tropical_cyclone,2024-11-15,0.27,1373.6,0.5526231547186299,High
SP-01462,Fittings,South,summer_storm,2024-04-17,0.1,2618.8,0.4421228287544756,Medium
SP-01462,Fittings,South,tropical_cyclone,2024-11-15,0.225,2618.8,0.5171228287544756,High
SP-01462,Arrester,South,summer_storm,2024-04-17,0.19,359.2,0.5115479303836137,High
SP-01462,Arrester,South,tropical_cyclone,2024-11-15,0.32,359.2,0.5895479303836137,High
SP-01463,Conductor,South,southwest_monsoon,2024-08-19,0.14,5808.3,0.4443497885499545,Medium
SP-01463,Damper,South,southwest_monsoon,2024-08-19,0.15,4547.4,0.45895729016270903,Medium
SP-01463,Spacer,South,southwest_monsoon,2024-08-19,0.2,2233.5,0.504753069353567,High
SP-01463,Insulator,South,southwest_monsoon,2024-08-19,0.405,2934.6,0.6229670281284879,High
SP-01463,Fittings,South,southwest_monsoon,2024-08-19,0.165,3077.3,0.47799289022687785,Medium
SP-01463,Arrester,South,southwest_monsoon,2024-08-19,0.21,6416.3,0.48219929209460133,Medium
SP-01467,Conductor,South,summer_storm,2024-05-08,0.095,3145.6,0.435526642023094,Medium
SP-01467,Damper,South,summer_storm,2024-05-08,0.175,4193.1,0.47637591005437285,Medium
SP-01467,Spacer,South,summer_storm,2024-05-08,0.185,2382.6,0.49473524201558483,Medium
SP-01467,Insulator,South,summer_storm,2024-05-08,0.11,3081.5,0.4449642190342587,Medium
SP-01467,Fittings,South,summer_storm,2024-05-08,0.145,11220.9,0.41040081303310505,Medium
SP-01467,Arrester,South,summer_storm,2024-05-08,0.135,2275.3,0.4654677227222615,Medium
SP-01468,Conductor,South,southwest_monsoon,2024-06-12,0.065,8330.8,0.3821300067923421,Medium
SP-01468,Conductor,South,summer_storm,2024-05-07,0.05,8330.8,0.3731300067923421,Medium
SP-01468,Damper,South,southwest_monsoon,2024-06-12,0.26,3270.1,0.5336767459561672,High
SP-01468,Damper,South,summer_storm,2024-05-07,0.215,3270.1,0.5066767459561672,High
SP-01468,Spacer,South,southwest_monsoon,2024-06-12,0.085,17339.3,0.33263371186134066,Medium
SP-01468,Spacer,South,summer_storm,2024-05-07,0.085,17339.3,0.33263371186134066,Medium
SP-01468,Insulator,South,southwest_monsoon,2024-06-12,0.125,2310.4,0.4592281134696581,Medium
SP-01468,Insulator,South,summer_storm,2024-05-07,0.08,2310.4,0.43222811346965806,Medium
SP-01468,Fittings,South,southwest_monsoon,2024-06-12,0.13,4448.8,0.4476303805418173,Medium
SP-01468,Fittings,South,summer_storm,2024-05-07,0.075,4448.8,0.4146303805418173,Medium
SP-01468,Arrester,South,southwest_monsoon,2024-06-12,0.055,16938.2,0.3173718107564758,Medium
SP-01468,Arrester,South,summer_storm,2024-05-07,0.115,16938.2,0.3533718107564758,Medium
SP-01470,Conductor,South,summer_storm,2024-05-16,0.11,21332.9,0.3203715035651263,Medium
SP-01470,Conductor,South,southwest_monsoon,2024-07-21,0.115,21332.9,0.3233715035651263,Medium
SP-01470,Damper,South,summer_storm,2024-05-16,0.225,4021.2,0.5075493810094308,High
SP-01470,Damper,South,southwest_monsoon,2024-07-21,0.17,4021.2,0.4745493810094308,Medium
SP-01470,Spacer,South,summer_storm,2024-05-16,0.12,22789.0,0.3164314741430215,Medium
SP-01470,Spacer,South,southwest_monsoon,2024-07-21,0.135,22789.0,0.3254314741430215,Medium
SP-01470,Insulator,South,summer_storm,2024-05-16,0.175,1986.9,0.491436477948781,Medium
SP-01470,Insulator,South,southwest_monsoon,2024-07-21,0.18,1986.9,0.494436477948781,Medium
SP-01470,Fittings,South,summer_storm,2024-05-16,0.115,12047.5,0.386758049266666,Medium
SP-01470,Fittings,South,southwest_monsoon,2024-07-21,0.095,12047.5,0.374758049266666,Medium
SP-01470,Arrester,South,summer_storm,2024-05-16,0.14,23235.3,0.32538481860350815,Medium
SP-01470,Arrester,South,southwest_monsoon,2024-07-21,0.14,23235.3,0.32538481860350815,Medium
SP-01472,Conductor,South,summer_storm,2024-04-26,0.14,3728.1,0.4585502206657861,Medium
SP-01472,Damper,South,summer_storm,2024-04-26,0.155,2317.3,0.47718101079606934,Medium
SP-01472,Spacer,South,summer_storm,2024-04-26,0.11,4952.2,0.4321939333121713,Medium
SP-01472,Insulator,South,summer_storm,2024-04-26,0.16,1621.5,0.4849308717066527,Medium
SP-01472,Fittings,South,summer_storm,2024-04-26,0.15,6091.7,0.4484151656956007,Medium
SP-01472,Arrester,South,summer_storm,2024-04-26,0.135,1016.0,0.47406430197592303,Medium
SP-01474,Conductor,South,southwest_monsoon,2024-09-25,0.075,11230.0,0.36833869211576337,Medium
SP-01474,Conductor,South,heatwave,2024-04-19,0.03,11230.0,0.3413386921157634,Medium
SP-01474,Damper,South,southwest_monsoon,2024-09-25,0.16,2434.9,0.47937821740273134,Medium
SP-01474,Damper,South,heatwave,2024-04-19,0.06,2434.9,0.4193782174027313,Medium
SP-01474,Spacer,South,southwest_monsoon,2024-09-25,0.15,2016.5,0.4762344143055598,Medium
SP-01474,Spacer,South,heatwave,2024-04-19,0.065,2016.5,0.4252344143055598,Medium
SP-01474,Insulator,South,southwest_monsoon,2024-09-25,0.145,1102.4,0.4794744945848992,Medium
SP-01474,Insulator,South,heatwave,2024-04-19,0.075,1102.4,0.4374744945848992,Medium
SP-01474,Fittings,South,southwest_monsoon,2024-09-25,0.16,2923.9,0.47604007140492255,Medium
SP-01474,Fittings,South,heatwave,2024-04-19,0.075,2923.9,0.42504007140492256,Medium
SP-01474,Arrester,South,southwest_monsoon,2024-09-25,0.11,13701.9,0.37246432996446827,Medium
SP-01474,Arrester,South,heatwave,2024-04-19,0.06,13701.9,0.34246432996446824,Medium
SP-01475,Conductor,South,summer_storm,2024-05-11,0.115,2890.5,0.4492680756509897,Medium
SP-01475,Damper,South,summer_storm,2024-05-11,0.17,2624.2,0.4840859657925366,Medium
SP-01475,Spacer,South,summer_storm,2024-05-11,0.08,6290.0,0.4050614758155077,Medium
SP-01475,Insulator,South,summer_storm,2024-05-11,0.105,2532.5,0.4457119534980562,Medium
SP-01475,Fittings,South,summer_storm,2024-05-11,0.14,8822.9,0.42377069872379064,Medium
SP-01475,Arrester,South,summer_storm,2024-05-11,0.07,8434.6,0.3844214187461814,Medium
SP-01476,Conductor,South,heatwave,2025-03-14,0.12,3302.7,0.44945420288964666,Medium
SP-01476,Damper,South,heatwave,2025-03-14,0.055,2126.6,0.4184828194704704,Medium
SP-01476,Spacer,South,heatwave,2025-03-14,0.09,2411.3,0.43753932219935354,Medium
SP-01476,Insulator,South,heatwave,2025-03-14,0.08,2005.1,0.4343122361140977,Medium
SP-01476,Fittings,South,heatwave,2025-03-14,0.055,2987.5,0.4126059076309745,Medium
SP-01476,Arrester,South,heatwave,2025-03-14,0.07,1202.9,0.43378843390436794,Medium
SP-01477,Conductor,South,southwest_monsoon,2024-07-01,0.12,6389.9,0.4283795110196364,Medium
SP-01477,Conductor,South,summer_storm,2024-05-26,0.13,6389.9,0.4343795110196364,Medium
SP-01477,Conductor,South,heatwave,2024-04-05,0.12,6389.9,0.4283795110196364,Medium
SP-01477,Conductor,South,tropical_cyclone,2024-10-13,0.23,6389.9,0.4943795110196364,Medium
SP-01477,Damper,South,southwest_monsoon,2024-07-01,0.18,2093.4,0.49370945842165087,Medium
SP-01477,Damper,South,summer_storm,2024-05-26,0.135,2093.4,0.4667094584216509,Medium
SP-01477,Damper,South,heatwave,2024-04-05,0.105,2093.4,0.4487094584216509,Medium
SP-01477,Damper,South,tropical_cyclone,2024-10-13,0.205,2093.4,0.5087094584216508,High
SP-01477,Spacer,South,southwest_monsoon,2024-07-01,0.195,1728.3,0.5052018042371926,High
SP-01477,Spacer,South,summer_storm,2024-05-26,0.155,1728.3,0.4812018042371927,Medium
SP-01477,Spacer,South,heatwave,2024-04-05,0.15,1728.3,0.4782018042371927,Medium
SP-01477,Spacer,South,tropical_cyclone,2024-10-13,0.27,1728.3,0.5502018042371927,High
SP-01477,Insulator,South,southwest_monsoon,2024-07-01,0.17,554.9,0.498211989337047,Medium
SP-01477,Insulator,South,summer_storm,2024-05-26,0.12,554.9,0.468211989337047,Medium
SP-01477,Insulator,South,heatwave,2024-04-05,0.15,554.9,0.486211989337047,Medium
SP-01477,Insulator,South,tropical_cyclone,2024-10-13,0.31,554.9,0.582211989337047,High
SP-01477,Fittings,South,southwest_monsoon,2024-07-01,0.105,10705.0,0.38992259119316536,Medium
SP-01477,Fittings,South,summer_storm,2024-05-26,0.115,10705.0,0.39592259119316536,Medium
SP-01477,Fittings,South,heatwave,2024-04-05,0.105,10705.0,0.38992259119316536,Medium
SP-01477,Fittings,South,tropical_cyclone,2024-10-13,0.21,10705.0,0.45292259119316536,Medium
SP-01477,Arrester,South,southwest_monsoon,2024-07-01,0.15,627.2,0.4857184352355305,Medium
SP-01477,Arrester,South,summer_storm,2024-05-26,0.15,627.2,0.4857184352355305,Medium
SP-01477,Arrester,South,heatwave,2024-04-05,0.125,627.2,0.4707184352355305,Medium
SP-01477,Arrester,South,tropical_cyclone,2024-10-13,0.215,627.2,0.5247184352355305,High
SP-01478,Conductor,South,tropical_cyclone,2024-08-09,0.235,10888.6,0.4666692504872396,Medium
SP-01478,Damper,South,tropical_cyclone,2024-08-09,0.18,7256.3,0.4584650535707581,Medium
SP-01478,Spacer,South,tropical_cyclone,2024-08-09,0.205,17089.1,0.406341695764514,Medium
SP-01478,Insulator,South,tropical_cyclone,2024-08-09,0.23,1304.7,0.5290934988070737,High
SP-01478,Fittings,South,tropical_cyclone,2024-08-09,0.255,13850.1,0.45845264645347594,Medium
SP-01478,Arrester,South,tropical_cyclone,2024-08-09,0.2,8348.5,0.4630091781948754,Medium
SP-01479,Conductor,South,southwest_monsoon,2024-06-02,0.215,5649.1,0.4904365632797114,Medium
SP-01479,Conductor,South,summer_storm,2024-05-07,0.145,5649.1,0.4484365632797114,Medium
SP-01479,Damper,South,southwest_monsoon,2024-06-02,0.175,2562.2,0.4875092072073917,Medium
SP-01479,Damper,South,summer_storm,2024-05-07,0.135,2562.2,0.46350920720739175,Medium
SP-01479,Spacer,South,southwest_monsoon,2024-06-02,0.17,3074.3,0.4810133696501774,Medium
SP-01479,Spacer,South,summer_storm,2024-05-07,0.205,3074.3,0.5020133696501773,High
SP-01479,Insulator,South,southwest_monsoon,2024-06-02,0.175,236.9,0.5033828082067876,High
SP-01479,Insulator,South,summer_storm,2024-05-07,0.195,236.9,0.5153828082067875,High
SP-01479,Fittings,South,southwest_monsoon,2024-06-02,0.105,10457.3,0.39161350891025576,Medium
SP-01479,Fittings,South,summer_storm,2024-05-07,0.105,10457.3,0.39161350891025576,Medium
SP-01479,Arrester,South,southwest_monsoon,2024-06-02,0.15,5681.1,0.4512181160978507,Medium
SP-01479,Arrester,South,summer_storm,2024-05-07,0.095,5681.1,0.4182181160978507,Medium
SP-01480,Conductor,South,summer_storm,2024-05-15,0.155,5000.0,0.45886762783426693,Medium
SP-01480,Damper,South,summer_storm,2024-05-15,0.115,2203.4,0.4539585462340048,Medium
SP-01480,Spacer,South,summer_storm,2024-05-15,0.235,1460.7,0.5310285687955028,High
SP-01480,Insulator,South,summer_storm,2024-05-15,0.25,427.2,0.5470837301221597,High
SP-01480,Fittings,South,summer_storm,2024-05-15,0.18,3904.4,0.4813467132232223,Medium
SP-01480,Arrester,South,summer_storm,2024-05-15,0.185,189.0,0.5097097963321353,High
SP-01481,Conductor,South,southwest_monsoon,2024-07-25,0.1,20929.8,0.3171232554091277,Medium
SP-01481,Conductor,South,tropical_cyclone,2024-08-02,0.2,20929.8,0.3771232554091277,Medium
SP-01481,Damper,South,southwest_monsoon,2024-07-25,0.07,8413.2,0.3845675052990508,Medium
SP-01481,Damper,South,tropical_cyclone,2024-08-02,0.185,8413.2,0.4535675052990508,Medium
SP-01481,Spacer,South,southwest_monsoon,2024-07-25,0.125,14305.3,0.37734523529150754,Medium
SP-01481,Spacer,South,tropical_cyclone,2024-08-02,0.185,14305.3,0.4133452352915075,Medium
SP-01481,Insulator,South,southwest_monsoon,2024-07-25,0.145,5445.3,0.44982779876918666,Medium
SP-01481,Insulator,South,tropical_cyclone,2024-08-02,0.195,5445.3,0.4798277987691867,Medium
SP-01481,Fittings,South,southwest_monsoon,2024-07-25,0.125,10291.0,0.40474875160848806,Medium
SP-01481,Fittings,South,tropical_cyclone,2024-08-02,0.21,10291.0,0.45574875160848805,Medium
SP-01481,Arrester,South,southwest_monsoon,2024-07-25,0.2,2093.5,0.5057087757742076,High
SP-01481,Arrester,South,tropical_cyclone,2024-08-02,0.51,2093.5,0.6917087757742075,High
SP-01482,Conductor,South,tropical_cyclone,2024-09-15,0.285,13659.8,0.4777517245381037,Medium
SP-01482,Damper,South,tropical_cyclone,2024-09-15,0.235,2142.7,0.5263729132320967,High
SP-01482,Spacer,South,tropical_cyclone,2024-09-15,0.235,2028.8,0.5271504486700321,High
SP-01482,Insulator,South,tropical_cyclone,2024-09-15,0.335,1185.7,0.5929058492646181,High
SP-01482,Fittings,South,tropical_cyclone,2024-09-15,0.43,4132.9,0.6297868638152484,High
SP-01482,Arrester,South,tropical_cyclone,2024-09-15,0.22,6198.8,0.48968405028381073,Medium
SP-01485,Conductor,South,heatwave,2024-04-05,0.125,1978.4,0.4614945029814628,Medium
SP-01485,Damper,South,heatwave,2024-04-05,0.155,3685.6,0.46784034582919476,Medium
SP-01485,Spacer,South,heatwave,2024-04-05,0.09,1607.6,0.4430257597012735,Medium
SP-01485,Insulator,South,heatwave,2024-04-05,0.13,2643.4,0.4599548974834202,Medium
SP-01485,Fittings,South,heatwave,2024-04-05,0.115,2200.2,0.45398039095219084,Medium
SP-01485,Arrester,South,heatwave,2024-04-05,0.075,1307.8,0.4360723367363309,Medium
SP-01487,Conductor,South,summer_storm,2024-05-12,0.1,27327.0,0.27345293316540203,Low
SP-01487,Damper,South,summer_storm,2024-05-12,0.15,3861.2,0.4636416169187343,Medium
SP-01487,Spacer,South,summer_storm,2024-05-12,0.145,2968.3,0.4667369759400909,Medium
SP-01487,Insulator,South,summer_storm,2024-05-12,0.13,1525.5,0.4675862132522349,Medium
SP-01487,Fittings,South,summer_storm,2024-05-12,0.095,12847.0,0.3693002829573653,Medium
SP-01487,Arrester,South,summer_storm,2024-05-12,0.1,3581.1,0.4355537124074586,Medium
SP-01488,Conductor,South,tropical_cyclone,2024-11-26,0.28,2754.8,0.5491944282315677,High
SP-01488,Damper,South,tropical_cyclone,2024-11-26,0.215,1975.7,0.5155129344624323,High
SP-01488,Spacer,South,tropical_cyclone,2024-11-26,0.275,2036.4,0.5510985674643403,High
SP-01488,Insulator,South,tropical_cyclone,2024-11-26,0.28,1531.7,0.5575438891107494,High
SP-01488,Fittings,South,tropical_cyclone,2024-11-26,0.205,4957.8,0.48915570505534567,Medium
SP-01488,Arrester,South,tropical_cyclone,2024-11-26,0.31,3138.4,0.5645757926390127,High
SP-01489,Conductor,South,southwest_monsoon,2024-07-02,0.08,21642.7,0.30025666178573746,Medium
SP-01489,Conductor,South,tropical_cyclone,2024-08-06,0.25,21642.7,0.4022566617857375,Medium
SP-01489,Conductor,South,summer_storm,2024-05-25,0.075,21642.7,0.29725666178573745,Low
SP-01489,Damper,South,southwest_monsoon,2024-07-02,0.105,10450.6,0.3916592462889579,Medium
SP-01489,Damper,South,tropical_cyclone,2024-08-06,0.19,10450.6,0.44265924628895786,Medium
SP-01489,Damper,South,summer_storm,2024-05-25,0.13,10450.6,0.4066592462889579,Medium
SP-01489,Spacer,South,southwest_monsoon,2024-07-02,0.095,12468.9,0.371881372940538,Medium
SP-01489,Spacer,South,tropical_cyclone,2024-08-06,0.23,12468.9,0.45288137294053804,Medium
SP-01489,Spacer,South,summer_storm,2024-05-25,0.085,12468.9,0.365881372940538,Medium
SP-01489,Insulator,South,southwest_monsoon,2024-07-02,0.13,4956.9,0.4441618488823355,Medium
SP-01489,Insulator,South,tropical_cyclone,2024-08-06,0.205,4956.9,0.4891618488823355,Medium
SP-01489,Insulator,South,summer_storm,2024-05-25,0.125,4956.9,0.4411618488823355,Medium
SP-01489,Fittings,South,southwest_monsoon,2024-07-02,0.06,17176.3,0.3187464271939435,Medium
SP-01489,Fittings,South,tropical_cyclone,2024-08-06,0.18,17176.3,0.39074642719394354,Medium
SP-01489,Fittings,South,summer_storm,2024-05-25,0.095,17176.3,0.33974642719394355,Medium
SP-01489,Arrester,South,southwest_monsoon,2024-07-02,0.105,14814.1,0.3618719250999225,Medium
SP-01489,Arrester,South,tropical_cyclone,2024-08-06,0.25,14814.1,0.44887192509992246,Medium
SP-01489,Arrester,South,summer_storm,2024-05-25,0.13,14814.1,0.3768719250999225,Medium
SP-01490,Conductor,South,southwest_monsoon,2024-07-14,0.09,2726.7,0.4353862521631391,Medium
SP-01490,Damper,South,southwest_monsoon,2024-07-14,0.085,2184.9,0.43608483601101794,Medium
SP-01490,Spacer,South,southwest_monsoon,2024-07-14,0.185,5892.6,0.4707743167552402,Medium
SP-01490,Insulator,South,southwest_monsoon,2024-07-14,0.11,1766.7,0.4539396676189599,Medium
SP-01490,Fittings,South,southwest_monsoon,2024-07-14,0.075,2317.8,0.42917759755885276,Medium
SP-01490,Arrester,South,southwest_monsoon,2024-07-14,0.14,6952.9,0.43653620591377484,Medium
SP-01492,Conductor,South,southwest_monsoon,2024-06-05,0.105,14445.0,0.36439157681319695,Medium
SP-01492,Damper,South,southwest_monsoon,2024-06-05,0.19,2757.1,0.49517872734037144,Medium
SP-01492,Spacer,South,southwest_monsoon,2024-06-05,0.125,2113.4,0.46057292893298796,Medium
SP-01492,Insulator,South,southwest_monsoon,2024-06-05,0.175,1957.9,0.4916344457073422,Medium
SP-01492,Fittings,South,southwest_monsoon,2024-06-05,0.165,8029.4,0.4441875061864925,Medium
SP-01492,Arrester,South,southwest_monsoon,2024-06-05,0.185,848.6,0.5052070537960318,High
SP-01493,Conductor,South,summer_storm,2024-04-05,0.09,7247.5,0.40452512654576983,Medium
SP-01493,Damper,South,summer_storm,2024-04-05,0.1,5213.2,0.42441222348512003,Medium
SP-01493,Spacer,South,summer_storm,2024-04-05,0.105,3744.0,0.437441679722299,Medium
SP-01493,Insulator,South,summer_storm,2024-04-05,0.115,1096.9,0.4615120401942815,Medium
SP-01493,Fittings,South,summer_storm,2024-04-05,0.095,19328.4,0.3250551715663687,Medium
SP-01493,Arrester,South,summer_storm,2024-04-05,0.12,13207.3,0.38184070421910254,Medium
SP-01495,Conductor,South,southwest_monsoon,2024-06-23,0.11,9734.9,0.3995449540407609,Medium
SP-01495,Damper,South,southwest_monsoon,2024-06-23,0.105,3289.5,0.4405443123521642,Medium
SP-01495,Spacer,South,southwest_monsoon,2024-06-23,0.115,5184.7,0.4336067780064647,Medium
SP-01495,Insulator,South,southwest_monsoon,2024-06-23,0.135,1052.3,0.47381650095399985,Medium
SP-01495,Fittings,South,southwest_monsoon,2024-06-23,0.12,9997.3,0.40375368714950327,Medium
SP-01495,Arrester,South,southwest_monsoon,2024-06-23,0.145,826.0,0.48136133211822085,Medium
SP-01498,Conductor,South,tropical_cyclone,2024-10-06,0.2,15619.1,0.4133766131812395,Medium
SP-01498,Conductor,South,heatwave,2024-04-02,0.1,15619.1,0.35337661318123953,Medium
SP-01498,Conductor,South,summer_storm,2024-04-06,0.095,15619.1,0.3503766131812395,Medium
SP-01498,Conductor,South,southwest_monsoon,2024-09-13,0.095,15619.1,0.3503766131812395,Medium
SP-01498,Damper,South,tropical_cyclone,2024-10-06,0.245,15627.8,0.44031722285367114,Medium
SP-01498,Damper,South,heatwave,2024-04-02,0.085,15627.8,0.3443172228536711,Medium
SP-01498,Damper,South,summer_storm,2024-04-06,0.135,15627.8,0.37431722285367114,Medium
SP-01498,Damper,South,southwest_monsoon,2024-09-13,0.14,15627.8,0.37731722285367114,Medium
SP-01498,Spacer,South,tropical_cyclone,2024-10-06,0.165,9868.8,0.4316308891141626,Medium
SP-01498,Spacer,South,heatwave,2024-04-02,0.065,9868.8,0.37163088911416253,Medium
SP-01498,Spacer,South,summer_storm,2024-04-06,0.1,9868.8,0.39263088911416255,Medium
SP-01498,Spacer,South,southwest_monsoon,2024-09-13,0.12,9868.8,0.40463088911416256,Medium
SP-01498,Insulator,South,tropical_cyclone,2024-10-06,0.205,5676.8,0.48424746993791323,Medium
SP-01498,Insulator,South,heatwave,2024-04-02,0.11,5676.8,0.42724746993791324,Medium
SP-01498,Insulator,South,summer_storm,2024-04-06,0.08,5676.8,0.4092474699379132,Medium
SP-01498,Insulator,South,southwest_monsoon,2024-09-13,0.145,5676.8,0.4482474699379132,Medium
SP-01498,Fittings,South,tropical_cyclone,2024-10-06,0.29,3140.7,0.5525600917478164,High
SP-01498,Fittings,South,heatwave,2024-04-02,0.115,3140.7,0.4475600917478164,Medium
SP-01498,Fittings,South,summer_storm,2024-04-06,0.16,3140.7,0.47456009174781644,Medium
SP-01498,Fittings,South,southwest_monsoon,2024-09-13,0.095,3140.7,0.4355600917478164,Medium
SP-01498,Arrester,South,tropical_cyclone,2024-10-06,0.185,18976.6,0.3814567252719497,Medium
SP-01498,Arrester,South,heatwave,2024-04-02,0.055,18976.6,0.30345672527194967,Medium
SP-01498,Arrester,South,summer_storm,2024-04-06,0.085,18976.6,0.3214567252719497,Medium
SP-01498,Arrester,South,southwest_monsoon,2024-09-13,0.1,18976.6,0.3304567252719497,Medium
SP-01499,Conductor,South,heatwave,2024-04-16,0.06,9614.0,0.37037027479972834,Medium
SP-01499,Damper,South,heatwave,2024-04-16,0.065,2514.7,0.4218334647429662,Medium
SP-01499,Spacer,South,heatwave,2024-04-16,0.08,3083.7,0.42694920079050575,Medium
SP-01499,Insulator,South,heatwave,2024-04-16,0.035,16441.0,0.3087659338446363,Medium
SP-01499,Fittings,South,heatwave,2024-04-16,0.11,3727.7,0.4405529512555593,Medium
SP-01499,Arrester,South,heatwave,2024-04-16,0.06,2810.8,0.4168121456633115,Medium
SP-01500,Conductor,South,heatwave,2024-04-25,0.15,2609.4,0.4721869976141472,Medium
SP-01500,Damper,South,heatwave,2024-04-25,0.28,3603.2,0.5434028473224861,High
SP-01500,Spacer,South,heatwave,2024-04-25,0.09,2013.6,0.440254211081416,Medium
SP-01500,Insulator,South,heatwave,2024-04-25,0.105,3556.0,0.4387250569157306,Medium
SP-01500,Fittings,South,heatwave,2024-04-25,0.05,12741.2,0.3430225239523922,Medium
SP-01500,Arrester,South,heatwave,2024-04-25,0.105,839.7,0.4572678094184868,Medium
SP-01501,Conductor,South,heatwave,2025-03-09,0.1,3517.6,0.4359871935339634,Medium
SP-01501,Conductor,South,summer_storm,2024-05-22,0.125,3517.6,0.45098719353396344,Medium
SP-01501,Damper,South,heatwave,2025-03-09,0.14,1531.0,0.4735486676428526,Medium
SP-01501,Damper,South,summer_storm,2024-05-22,0.145,1531.0,0.47654866764285253,Medium
SP-01501,Spacer,South,heatwave,2025-03-09,0.12,3631.3,0.4472110233909147,Medium
SP-01501,Spacer,South,summer_storm,2024-05-22,0.12,3631.3,0.4472110233909147,Medium
SP-01501,Insulator,South,heatwave,2025-03-09,0.16,1511.0,0.4856851971315155,Medium
SP-01501,Insulator,South,summer_storm,2024-05-22,0.12,1511.0,0.46168519713151546,Medium
SP-01501,Fittings,South,heatwave,2025-03-09,0.09,2071.8,0.4398569102694068,Medium
SP-01501,Fittings,South,summer_storm,2024-05-22,0.12,2071.8,0.45785691026940684,Medium
SP-01501,Arrester,South,heatwave,2025-03-09,0.12,1855.0,0.45933688992651306,Medium
SP-01501,Arrester,South,summer_storm,2024-05-22,0.11,1855.0,0.45333688992651305,Medium
SP-01502,Conductor,South,tropical_cyclone,2024-08-30,0.3,10691.3,0.5070161138928995,High
SP-01502,Damper,South,tropical_cyclone,2024-08-30,0.385,3276.8,0.6086310085774651,High
SP-01502,Spacer,South,tropical_cyclone,2024-08-30,0.37,2796.9,0.6029070336579322,High
SP-01502,Insulator,South,tropical_cyclone,2024-08-30,0.2,8985.3,0.4586620792758476,Medium
SP-01502,Fittings,South,tropical_cyclone,2024-08-30,0.27,3241.4,0.5398726657723986,High
SP-01502,Arrester,South,tropical_cyclone,2024-08-30,0.24,1140.6,0.536213723261553,High
SP-01505,Conductor,South,southwest_monsoon,2024-06-06,0.11,3585.4,0.4415243585673961,Medium
SP-01505,Damper,South,southwest_monsoon,2024-06-06,0.1,1999.1,0.4463531949606966,Medium
SP-01505,Spacer,South,southwest_monsoon,2024-06-06,0.125,6980.2,0.42734984316174995,Medium
SP-01505,Insulator,South,southwest_monsoon,2024-06-06,0.095,1500.0,0.4467602883502801,Medium
SP-01505,Fittings,South,southwest_monsoon,2024-06-06,0.13,7521.2,0.42665672049341763,Medium
SP-01505,Arrester,South,southwest_monsoon,2024-06-06,0.115,775.9,0.46370333848732154,Medium
SP-01506,Conductor,South,summer_storm,2024-05-18,0.085,9614.9,0.38536413097273853,Medium
SP-01506,Damper,South,summer_storm,2024-05-18,0.265,2969.6,0.5387281015233278,High
SP-01506,Spacer,South,summer_storm,2024-05-18,0.155,3623.0,0.4682676831287098,Medium
SP-01506,Insulator,South,summer_storm,2024-05-18,0.22,1178.2,0.5239570478228667,High
SP-01506,Fittings,South,summer_storm,2024-05-18,0.18,3321.5,0.4853258651703035,Medium
SP-01506,Arrester,South,summer_storm,2024-05-18,0.095,9489.1,0.39222290145642835,Medium
SP-01507,Conductor,South,tropical_cyclone,2024-10-10,0.34,7448.1,0.5531557357744806,High
SP-01507,Damper,South,tropical_cyclone,2024-10-10,0.3,2240.5,0.5647052840325351,High
SP-01507,Spacer,South,tropical_cyclone,2024-10-10,0.285,3932.6,0.5441542066442075,High
SP-01507,Insulator,South,tropical_cyclone,2024-10-10,0.19,8776.8,0.45408539919515867,Medium
SP-01507,Fittings,South,tropical_cyclone,2024-10-10,0.23,11698.4,0.4581411714912775,Medium
SP-01507,Arrester,South,tropical_cyclone,2024-10-10,0.275,11645.8,0.4855002440464611,Medium
SP-01508,Conductor,South,southwest_monsoon,2024-08-15,0.185,4727.7,0.4787264768224127,Medium
SP-01508,Conductor,South,summer_storm,2024-05-25,0.16,4727.7,0.46372647682241275,Medium
SP-01508,Damper,South,southwest_monsoon,2024-08-15,0.15,2333.3,0.474071787205139,Medium
SP-01508,Damper,South,summer_storm,2024-05-25,0.135,2333.3,0.46507178720513903,Medium
SP-01508,Spacer,South,southwest_monsoon,2024-08-15,0.16,2904.6,0.47617182236148226,Medium
SP-01508,Spacer,South,summer_storm,2024-05-25,0.09,2904.6,0.4341718223614823,Medium
SP-01508,Insulator,South,southwest_monsoon,2024-08-15,0.17,4518.0,0.4711579885110435,Medium
SP-01508,Insulator,South,summer_storm,2024-05-25,0.12,4518.0,0.44115798851104354,Medium
SP-01508,Fittings,South,southwest_monsoon,2024-08-15,0.205,4410.8,0.4928897865702769,Medium
SP-01508,Fittings,South,summer_storm,2024-05-25,0.205,4410.8,0.4928897865702769,Medium
SP-01508,Arrester,South,southwest_monsoon,2024-08-15,0.13,4802.4,0.4452165391822566,Medium
SP-01508,Arrester,South,summer_storm,2024-05-25,0.13,4802.4,0.4452165391822566,Medium
SP-01509,Conductor,South,summer_storm,2024-04-10,0.115,3402.9,0.44577019015144537,Medium
SP-01509,Conductor,South,southwest_monsoon,2024-06-29,0.145,3402.9,0.4637701901514454,Medium
SP-01509,Conductor,South,tropical_cyclone,2024-10-20,0.33,3402.9,0.5747701901514454,High
SP-01509,Damper,South,summer_storm,2024-04-10,0.075,16296.1,0.3337550899899992,Medium
SP-01509,Damper,South,southwest_monsoon,2024-06-29,0.145,16296.1,0.3757550899899992,Medium
SP-01509,Damper,South,tropical_cyclone,2024-10-20,0.175,16296.1,0.3937550899899992,Medium
SP-01509,Spacer,South,summer_storm,2024-04-10,0.085,23997.8,0.28717963184823386,Low
SP-01509,Spacer,South,southwest_monsoon,2024-06-29,0.07,23997.8,0.27817963184823385,Low
SP-01509,Spacer,South,tropical_cyclone,2024-10-20,0.21,23997.8,0.3621796318482339,Medium
SP-01509,Insulator,South,summer_storm,2024-04-10,0.1,1389.3,0.45051597907002944,Medium
SP-01509,Insulator,South,southwest_monsoon,2024-06-29,0.12,1389.3,0.46251597907002945,Medium
SP-01509,Insulator,South,tropical_cyclone,2024-10-20,0.3,1389.3,0.5705159790700294,High
SP-01509,Fittings,South,summer_storm,2024-04-10,0.12,4022.1,0.444543237182441,Medium
SP-01509,Fittings,South,southwest_monsoon,2024-06-29,0.155,4022.1,0.46554323718244095,Medium
SP-01509,Fittings,South,tropical_cyclone,2024-10-20,0.21,4022.1,0.498543237182441,Medium
SP-01509,Arrester,South,summer_storm,2024-04-10,0.1,9998.8,0.39174344743785355,Medium
SP-01509,Arrester,South,southwest_monsoon,2024-06-29,0.125,9998.8,0.40674344743785357,Medium
SP-01509,Arrester,South,tropical_cyclone,2024-10-20,0.165,9998.8,0.43074344743785353,Medium
SP-01511,Conductor,South,summer_storm,2024-04-18,0.1,2970.9,0.4397192271065647,Medium
SP-01511,Damper,South,summer_storm,2024-04-18,0.12,1491.0,0.4618217266201784,Medium
SP-01511,Spacer,South,summer_storm,2024-04-18,0.185,1524.0,0.5005964529638846,High
SP-01511,Insulator,South,summer_storm,2024-04-18,0.12,505.2,0.46855126511637435,Medium
SP-01511,Fittings,South,summer_storm,2024-04-18,0.125,2572.1,0.4574416251105036,Medium
SP-01511,Arrester,South,summer_storm,2024-04-18,0.135,153.1,0.4799548667642853,Medium
SP-01513,Conductor,South,southwest_monsoon,2024-07-04,0.1,8761.3,0.40019120954887244,Medium
SP-01513,Damper,South,southwest_monsoon,2024-07-04,0.14,2035.0,0.47010812452854667,Medium
SP-01513,Spacer,South,southwest_monsoon,2024-07-04,0.12,8546.6,0.4136568536096691,Medium
SP-01513,Insulator,South,southwest_monsoon,2024-07-04,0.165,662.2,0.4944795086303704,Medium
SP-01513,Fittings,South,southwest_monsoon,2024-07-04,0.17,4282.6,0.4727649405926063,Medium
SP-01513,Arrester,South,southwest_monsoon,2024-07-04,0.165,2941.7,0.47891856016001255,Medium
SP-01515,Conductor,South,southwest_monsoon,2024-09-05,0.145,3836.0,0.4608136440744496,Medium
SP-01515,Conductor,South,tropical_cyclone,2024-11-08,0.285,3836.0,0.5448136440744495,High
SP-01515,Damper,South,southwest_monsoon,2024-09-05,0.11,2450.6,0.4492710417541309,Medium
SP-01515,Damper,South,tropical_cyclone,2024-11-08,0.335,2450.6,0.5842710417541309,High
SP-01515,Spacer,South,southwest_monsoon,2024-09-05,0.145,4647.8,0.45527191212962115,Medium
SP-01515,Spacer,South,tropical_cyclone,2024-11-08,0.295,4647.8,0.5452719121296211,High
SP-01515,Insulator,South,southwest_monsoon,2024-09-05,0.155,2152.4,0.47830669643009527,Medium
SP-01515,Insulator,South,tropical_cyclone,2024-11-08,0.305,2152.4,0.5683066964300952,High
SP-01515,Fittings,South,southwest_monsoon,2024-09-05,0.115,7738.8,0.41617127965676487,Medium
SP-01515,Fittings,South,tropical_cyclone,2024-11-08,0.225,7738.8,0.4821712796567649,Medium
SP-01515,Arrester,South,southwest_monsoon,2024-09-05,0.265,2399.4,0.542620557245108,High
SP-01515,Arrester,South,tropical_cyclone,2024-11-08,0.41,2399.4,0.629620557245108,High
SP-01518,Conductor,South,tropical_cyclone,2024-09-17,0.155,20815.5,0.35090352143683634,Medium
SP-01518,Conductor,South,summer_storm,2024-04-06,0.06,20815.5,0.2939035214368363,Low
SP-01518,Damper,South,tropical_cyclone,2024-09-17,0.285,5543.0,0.5331608522170683,High
SP-01518,Damper,South,summer_storm,2024-04-06,0.1,5543.0,0.4221608522170683,Medium
SP-01518,Spacer,South,tropical_cyclone,2024-09-17,0.325,4234.3,0.5660946593077273,High
SP-01518,Spacer,South,summer_storm,2024-04-06,0.195,4234.3,0.4880946593077273,Medium
SP-01518,Insulator,South,tropical_cyclone,2024-09-17,0.315,1685.2,0.5774960252852613,High
SP-01518,Insulator,South,summer_storm,2024-04-06,0.175,1685.2,0.4934960252852613,Medium
SP-01518,Fittings,South,tropical_cyclone,2024-09-17,0.19,21765.3,0.36541973602023364,Medium
SP-01518,Fittings,South,summer_storm,2024-04-06,0.085,21765.3,0.30241973602023364,Medium
SP-01518,Arrester,South,tropical_cyclone,2024-09-17,0.22,18318.5,0.4069492280964035,Medium
SP-01518,Arrester,South,summer_storm,2024-04-06,0.105,18318.5,0.3379492280964035,Medium
SP-01519,Conductor,South,heatwave,2024-04-28,0.085,5115.3,0.4160805353321251,Medium
SP-01519,Damper,South,heatwave,2024-04-28,0.05,6844.1,0.38327892633210114,Medium
SP-01519,Spacer,South,heatwave,2024-04-28,0.03,13008.3,0.3291991726312988,Medium
SP-01519,Insulator,South,heatwave,2024-04-28,0.045,9042.0,0.36527501817548824,Medium
SP-01519,Fittings,South,heatwave,2024-04-28,0.04,8512.9,0.3658869057980661,Medium
SP-01519,Arrester,South,heatwave,2024-04-28,0.055,2609.7,0.4151849496718173,Medium
SP-01520,Conductor,South,summer_storm,2024-05-02,0.115,2169.8,0.4541879157749585,Medium
SP-01520,Damper,South,summer_storm,2024-05-02,0.215,1621.5,0.5179308717066528,High
SP-01520,Spacer,South,summer_storm,2024-05-02,0.11,1792.7,0.45376217928369805,Medium
SP-01520,Insulator,South,summer_storm,2024-05-02,0.15,432.4,0.4870482324551074,Medium
SP-01520,Fittings,South,summer_storm,2024-05-02,0.17,2235.7,0.48673805110981416,Medium
SP-01520,Arrester,South,summer_storm,2024-05-02,0.145,744.9,0.48191495919474914,Medium
SP-01523,Conductor,South,summer_storm,2024-04-29,0.09,14963.9,0.35184931922983714,Medium
SP-01523,Conductor,South,heatwave,2024-04-24,0.075,14963.9,0.34284931922983714,Medium
SP-01523,Damper,South,summer_storm,2024-04-29,0.13,1905.7,0.46499078767275254,Medium
SP-01523,Damper,South,heatwave,2024-04-24,0.145,1905.7,0.4739907876727525,Medium
SP-01523,Spacer,South,summer_storm,2024-04-29,0.105,11851.7,0.3820946729606761,Medium
SP-01523,Spacer,South,heatwave,2024-04-24,0.065,11851.7,0.3580946729606761,Medium
SP-01523,Insulator,South,summer_storm,2024-04-29,0.165,1949.1,0.4856945186823539,Medium
SP-01523,Insulator,South,heatwave,2024-04-24,0.15,1949.1,0.4766945186823539,Medium
SP-01523,Fittings,South,summer_storm,2024-04-29,0.075,9235.3,0.3819554606675609,Medium
SP-01523,Fittings,South,heatwave,2024-04-24,0.085,9235.3,0.3879554606675609,Medium
SP-01523,Arrester,South,summer_storm,2024-04-29,0.11,5600.0,0.42777174317437894,Medium
SP-01523,Arrester,South,heatwave,2024-04-24,0.065,5600.0,0.4007717431743789,Medium
SP-01524,Conductor,South,heatwave,2025-03-18,0.06,8592.7,0.37734215313830094,Medium
SP-01524,Damper,South,heatwave,2025-03-18,0.12,2199.6,0.4569844868368507,Medium
SP-01524,Spacer,South,heatwave,2025-03-18,0.075,2303.9,0.42927248555347347,Medium
SP-01524,Insulator,South,heatwave,2025-03-18,0.125,1838.1,0.46245225734443324,Medium
SP-01524,Fittings,South,heatwave,2025-03-18,0.04,15547.4,0.31786607139809614,Medium
SP-01524,Arrester,South,heatwave,2025-03-18,0.025,11390.4,0.3372437256166867,Medium
SP-01526,Conductor,South,southwest_monsoon,2024-08-26,0.125,16706.7,0.36095213958774924,Medium
SP-01526,Conductor,South,heatwave,2025-03-02,0.09,16706.7,0.3399521395877492,Medium
SP-01526,Conductor,South,tropical_cyclone,2024-09-17,0.23,16706.7,0.42395213958774924,Medium
SP-01526,Conductor,South,summer_storm,2024-05-02,0.095,16706.7,0.3429521395877492,Medium
SP-01526,Damper,South,southwest_monsoon,2024-08-26,0.145,15339.8,0.3822832474904174,Medium
SP-01526,Damper,South,heatwave,2025-03-02,0.085,15339.8,0.3462832474904174,Medium
SP-01526,Damper,South,tropical_cyclone,2024-09-17,0.215,15339.8,0.4242832474904174,Medium
SP-01526,Damper,South,summer_storm,2024-05-02,0.125,15339.8,0.3702832474904174,Medium
SP-01526,Spacer,South,southwest_monsoon,2024-08-26,0.28,2822.8,0.5487302279701137,High
SP-01526,Spacer,South,heatwave,2025-03-02,0.105,2822.8,0.4437302279701137,Medium
SP-01526,Spacer,South,tropical_cyclone,2024-09-17,0.315,2822.8,0.5697302279701137,High
SP-01526,Spacer,South,summer_storm,2024-05-02,0.245,2822.8,0.5277302279701137,High
SP-01526,Insulator,South,southwest_monsoon,2024-08-26,0.095,12085.0,0.374502056475423,Medium
SP-01526,Insulator,South,heatwave,2025-03-02,0.07,12085.0,0.359502056475423,Medium
SP-01526,Insulator,South,tropical_cyclone,2024-09-17,0.165,12085.0,0.41650205647542304,Medium
SP-01526,Insulator,South,summer_storm,2024-05-02,0.085,12085.0,0.368502056475423,Medium
SP-01526,Fittings,South,southwest_monsoon,2024-08-26,0.145,6801.1,0.4405724647327265,Medium
SP-01526,Fittings,South,heatwave,2025-03-02,0.075,6801.1,0.3985724647327265,Medium
SP-01526,Fittings,South,tropical_cyclone,2024-09-17,0.22,6801.1,0.4855724647327265,Medium
SP-01526,Fittings,South,summer_storm,2024-05-02,0.12,6801.1,0.42557246473272653,Medium
SP-01526,Arrester,South,southwest_monsoon,2024-08-26,0.21,1546.3,0.5154442225840254,High
SP-01526,Arrester,South,heatwave,2025-03-02,0.095,1546.3,0.4464442225840254,Medium
SP-01526,Arrester,South,tropical_cyclone,2024-09-17,0.325,1546.3,0.5844442225840254,High
SP-01526,Arrester,South,summer_storm,2024-05-02,0.21,1546.3,0.5154442225840254,High
SP-01527,Conductor,South,heatwave,2025-03-27,0.105,7840.8,0.4094749792645839,Medium
SP-01527,Damper,South,heatwave,2025-03-27,0.105,8961.1,0.40182727995712975,Medium
SP-01527,Spacer,South,heatwave,2025-03-27,0.07,20704.1,0.3006639906886889,Medium
SP-01527,Insulator,South,heatwave,2025-03-27,0.2,1878.5,0.507176467777334,High
SP-01527,Fittings,South,heatwave,2025-03-27,0.09,5721.5,0.4149423265307516,Medium
SP-01527,Arrester,South,heatwave,2025-03-27,0.08,3252.4,0.42579757455363393,Medium
SP-01528,Conductor,South,tropical_cyclone,2024-11-09,0.31,3507.6,0.5620554582782948,High
SP-01528,Conductor,South,heatwave,2025-03-01,0.09,3507.6,0.4300554582782949,Medium
SP-01528,Conductor,South,southwest_monsoon,2024-06-19,0.13,3507.6,0.4540554582782949,Medium
SP-01528,Damper,South,tropical_cyclone,2024-11-09,0.205,10961.2,0.44817364844339314,Medium
SP-01528,Damper,South,heatwave,2025-03-01,0.07,10961.2,0.3671736484433931,Medium
SP-01528,Damper,South,southwest_monsoon,2024-06-19,0.125,10961.2,0.40017364844339315,Medium
SP-01528,Spacer,South,tropical_cyclone,2024-11-09,0.23,3298.8,0.515480826139936,High
SP-01528,Spacer,South,heatwave,2025-03-01,0.115,3298.8,0.44648082613993595,Medium
SP-01528,Spacer,South,southwest_monsoon,2024-06-19,0.17,3298.8,0.4794808261399359,Medium
SP-01528,Insulator,South,tropical_cyclone,2024-11-09,0.265,1395.9,0.5494709243387706,High
SP-01528,Insulator,South,heatwave,2025-03-01,0.06,1395.9,0.4264709243387706,Medium
SP-01528,Insulator,South,southwest_monsoon,2024-06-19,0.105,1395.9,0.4534709243387706,Medium
SP-01528,Fittings,South,tropical_cyclone,2024-11-09,0.25,7775.3,0.49692211333995506,Medium
SP-01528,Fittings,South,heatwave,2025-03-01,0.045,7775.3,0.37392211333995506,Medium
SP-01528,Fittings,South,southwest_monsoon,2024-06-19,0.11,7775.3,0.41292211333995504,Medium
SP-01528,Arrester,South,tropical_cyclone,2024-11-09,0.175,11484.1,0.4266040849623008,Medium
SP-01528,Arrester,South,heatwave,2025-03-01,0.115,11484.1,0.3906040849623008,Medium
SP-01528,Arrester,South,southwest_monsoon,2024-06-19,0.085,11484.1,0.3726040849623008,Medium
SP-01530,Conductor,South,tropical_cyclone,2024-09-21,0.285,10756.7,0.49756966246497164,Medium
SP-01530,Damper,South,tropical_cyclone,2024-09-21,0.285,2714.7,0.5524681698563368,High
SP-01530,Spacer,South,tropical_cyclone,2024-09-21,0.295,6259.5,0.5342696832857188,High
SP-01530,Insulator,South,tropical_cyclone,2024-09-21,0.435,936.6,0.6546063240459149,High
SP-01530,Fittings,South,tropical_cyclone,2024-09-21,0.3,10121.4,0.5109065216723497,High
SP-01530,Arrester,South,tropical_cyclone,2024-09-21,0.325,1810.9,0.5826379374490148,High
SP-01531,Conductor,South,summer_storm,2024-05-22,0.11,4511.6,0.43520167794741565,Medium
SP-01531,Damper,South,summer_storm,2024-05-22,0.17,2052.8,0.4879866132836367,Medium
SP-01531,Spacer,South,summer_storm,2024-05-22,0.125,1961.3,0.46161123569426954,Medium
SP-01531,Insulator,South,summer_storm,2024-05-22,0.095,581.1,0.4530331357068985,Medium
SP-01531,Fittings,South,summer_storm,2024-05-22,0.105,2407.0,0.4465686760394161,Medium
SP-01531,Arrester,South,summer_storm,2024-05-22,0.09,629.0,0.4497061475815508,Medium
SP-01532,Conductor,South,tropical_cyclone,2024-09-07,0.115,19040.5,0.33902051355567164,Medium
SP-01532,Damper,South,tropical_cyclone,2024-09-07,0.265,7543.4,0.5075051727610017,High
SP-01532,Spacer,South,tropical_cyclone,2024-09-07,0.145,7751.9,0.43408185284169065,Medium
SP-01532,Insulator,South,tropical_cyclone,2024-09-07,0.155,8484.0,0.43508419090918404,Medium
SP-01532,Fittings,South,tropical_cyclone,2024-09-07,0.305,2858.5,0.5634865228328504,High
SP-01532,Arrester,South,tropical_cyclone,2024-09-07,0.325,1390.6,0.5855071046532663,High
SP-01533,Conductor,South,summer_storm,2024-04-15,0.175,8698.8,0.44561786420094407,Medium
SP-01533,Conductor,South,tropical_cyclone,2024-11-17,0.36,8698.8,0.5566178642009441,High
SP-01533,Damper,South,summer_storm,2024-04-15,0.125,3006.7,0.45447483932185806,Medium
SP-01533,Damper,South,tropical_cyclone,2024-11-17,0.245,3006.7,0.526474839321858,High
SP-01533,Spacer,South,summer_storm,2024-04-15,0.08,4527.7,0.41709177170904205,Medium
SP-01533,Spacer,South,tropical_cyclone,2024-11-17,0.32,4527.7,0.561091771709042,High
SP-01533,Insulator,South,summer_storm,2024-04-15,0.175,2185.6,0.49008005747891475,Medium
SP-01533,Insulator,South,tropical_cyclone,2024-11-17,0.335,2185.6,0.5860800574789148,High
SP-01533,Fittings,South,summer_storm,2024-04-15,0.12,2659.6,0.4538443085976033,Medium
SP-01533,Fittings,South,tropical_cyclone,2024-11-17,0.21,2659.6,0.5078443085976032,High
SP-01533,Arrester,South,summer_storm,2024-04-15,0.17,2723.5,0.48340809688132513,Medium
SP-01533,Arrester,South,tropical_cyclone,2024-11-17,0.34,2723.5,0.5854080968813251,High
SP-01534,Conductor,South,tropical_cyclone,2024-09-19,0.23,6577.8,0.4930968164736481,Medium
SP-01534,Conductor,South,summer_storm,2024-04-13,0.1,6577.8,0.4150968164736481,Medium
SP-01534,Damper,South,tropical_cyclone,2024-09-19,0.245,4613.9,0.5155033296129048,High
SP-01534,Damper,South,summer_storm,2024-04-13,0.175,4613.9,0.47350332961290476,Medium
SP-01534,Spacer,South,tropical_cyclone,2024-09-19,0.135,9988.3,0.4128151254194016,Medium
SP-01534,Spacer,South,summer_storm,2024-04-13,0.075,9988.3,0.37681512541940154,Medium
SP-01534,Insulator,South,tropical_cyclone,2024-09-19,0.265,1559.2,0.5483561610638378,High
SP-01534,Insulator,South,summer_storm,2024-04-13,0.175,1559.2,0.4943561610638378,Medium
SP-01534,Fittings,South,tropical_cyclone,2024-09-19,0.185,11470.0,0.4327003382518082,Medium
SP-01534,Fittings,South,summer_storm,2024-04-13,0.065,11470.0,0.3607003382518082,Medium
SP-01534,Arrester,South,tropical_cyclone,2024-09-19,0.245,3632.1,0.5222055622113682,High
SP-01534,Arrester,South,summer_storm,2024-04-13,0.125,3632.1,0.45020556221136815,Medium
SP-01536,Conductor,South,heatwave,2024-04-22,0.06,17126.7,0.31908502032582764,Medium
SP-01536,Conductor,South,tropical_cyclone,2024-10-07,0.18,17126.7,0.39108502032582765,Medium
SP-01536,Conductor,South,summer_storm,2024-05-08,0.075,17126.7,0.32808502032582765,Medium
SP-01536,Damper,South,heatwave,2024-04-22,0.11,3071.6,0.4450318011311469,Medium
SP-01536,Damper,South,tropical_cyclone,2024-10-07,0.235,3071.6,0.5200318011311469,High
SP-01536,Damper,South,summer_storm,2024-05-08,0.2,3071.6,0.49903180113114687,Medium
SP-01536,Spacer,South,heatwave,2024-04-22,0.07,16695.5,0.32802859610140045,Medium
SP-01536,Spacer,South,tropical_cyclone,2024-10-07,0.185,16695.5,0.39702859610140045,Medium
SP-01536,Spacer,South,summer_storm,2024-05-08,0.095,16695.5,0.34302859610140046,Medium
SP-01536,Insulator,South,heatwave,2024-04-22,0.135,1578.4,0.4702250927547214,Medium
SP-01536,Insulator,South,tropical_cyclone,2024-10-07,0.345,1578.4,0.5962250927547214,High
SP-01536,Insulator,South,summer_storm,2024-05-08,0.13,1578.4,0.4672250927547214,Medium
SP-01536,Fittings,South,heatwave,2024-04-22,0.05,5284.1,0.3939282264478099,Medium
SP-01536,Fittings,South,tropical_cyclone,2024-10-07,0.215,5284.1,0.4929282264478099,Medium
SP-01536,Fittings,South,summer_storm,2024-05-08,0.115,5284.1,0.4329282264478099,Medium
SP-01536,Arrester,South,heatwave,2024-04-22,0.075,2215.7,0.429874580598477,Medium
SP-01536,Arrester,South,tropical_cyclone,2024-10-07,0.33,2215.7,0.582874580598477,High
SP-01536,Arrester,South,summer_storm,2024-05-08,0.16,2215.7,0.480874580598477,Medium
SP-01537,Conductor,South,heatwave,2024-04-10,0.06,20846.7,0.29369053543452217,Low
SP-01537,Conductor,South,summer_storm,2024-04-14,0.045,20846.7,0.2846905354345222,Low
SP-01537,Damper,South,heatwave,2024-04-10,0.1,7999.0,0.40539503100926016,Medium
SP-01537,Damper,South,summer_storm,2024-04-14,0.125,7999.0,0.4203950310092602,Medium
SP-01537,Spacer,South,heatwave,2024-04-10,0.305,3986.3,0.5557876249671476,High
SP-01537,Spacer,South,summer_storm,2024-04-14,0.245,3986.3,0.5197876249671476,High
SP-01537,Insulator,South,heatwave,2024-04-10,0.055,10070.9,0.36425125863122365,Medium
SP-01537,Insulator,South,summer_storm,2024-04-14,0.075,10070.9,0.3762512586312236,Medium
SP-01537,Fittings,South,heatwave,2024-04-10,0.07,9753.6,0.37541729896886106,Medium
SP-01537,Fittings,South,summer_storm,2024-04-14,0.13,9753.6,0.4114172989688611,Medium
SP-01537,Arrester,South,heatwave,2024-04-10,0.06,10428.7,0.36480874607904373,Medium
SP-01537,Arrester,South,summer_storm,2024-04-14,0.085,10428.7,0.37980874607904375,Medium
SP-01539,Conductor,South,summer_storm,2024-05-09,0.085,4109.0,0.4229500165542005,Medium
SP-01539,Damper,South,summer_storm,2024-05-09,0.19,6250.6,0.4713304389081737,Medium
SP-01539,Spacer,South,summer_storm,2024-05-09,0.085,1923.2,0.43787132437017245,Medium
SP-01539,Insulator,South,summer_storm,2024-05-09,0.095,1203.2,0.448786385962038,Medium
SP-01539,Fittings,South,summer_storm,2024-05-09,0.14,3472.2,0.4602971154732283,Medium
SP-01539,Arrester,South,summer_storm,2024-05-09,0.09,1301.2,0.4451173914675896,Medium
SP-01540,Conductor,South,tropical_cyclone,2024-09-25,0.195,20639.0,0.3761083941742867,Medium
SP-01540,Conductor,South,summer_storm,2024-04-03,0.075,20639.0,0.3041083941742867,Medium
SP-01540,Conductor,South,heatwave,2024-04-09,0.04,20639.0,0.28310839417428674,Low
SP-01540,Damper,South,tropical_cyclone,2024-09-25,0.175,10131.9,0.4358348436908017,Medium
SP-01540,Damper,South,summer_storm,2024-04-03,0.115,10131.9,0.39983484369080174,Medium
SP-01540,Damper,South,heatwave,2024-04-09,0.045,10131.9,0.35783484369080176,Medium
SP-01540,Spacer,South,tropical_cyclone,2024-09-25,0.23,15787.9,0.4302243042969243,Medium
SP-01540,Spacer,South,summer_storm,2024-04-03,0.08,15787.9,0.3402243042969243,Medium
SP-01540,Spacer,South,heatwave,2024-04-09,0.06,15787.9,0.3282243042969243,Medium
SP-01540,Insulator,South,tropical_cyclone,2024-09-25,0.38,1998.6,0.6143566081979132,High
SP-01540,Insulator,South,summer_storm,2024-04-03,0.125,1998.6,0.4613566081979132,Medium
SP-01540,Insulator,South,heatwave,2024-04-09,0.09,1998.6,0.44035660819791317,Medium
SP-01540,Fittings,South,tropical_cyclone,2024-09-25,0.19,13372.4,0.42271365329019,Medium
SP-01540,Fittings,South,summer_storm,2024-04-03,0.125,13372.4,0.38371365329019,Medium
SP-01540,Fittings,South,heatwave,2024-04-09,0.055,13372.4,0.34171365329019,Medium
SP-01540,Arrester,South,tropical_cyclone,2024-09-25,0.27,16457.7,0.4496519317216028,Medium
SP-01540,Arrester,South,summer_storm,2024-04-03,0.095,16457.7,0.34465193172160274,Medium
SP-01540,Arrester,South,heatwave,2024-04-09,0.05,16457.7,0.3176519317216028,Medium
SP-01541,Conductor,South,heatwave,2024-04-29,0.085,7865.6,0.3973056826986419,Medium
SP-01541,Damper,South,heatwave,2024-04-29,0.125,2350.9,0.4589516412551156,Medium
SP-01541,Spacer,South,heatwave,2024-04-29,0.155,3851.0,0.4667112469579524,Medium
SP-01541,Insulator,South,heatwave,2024-04-29,0.04,10223.4,0.35421022128016877,Medium
SP-01541,Fittings,South,heatwave,2024-04-29,0.11,3473.7,0.4422868757615786,Medium
SP-01541,Arrester,South,heatwave,2024-04-29,0.085,1703.6,0.43937041815569144,Medium
SP-01542,Conductor,South,heatwave,2024-04-15,0.1,2810.1,0.4408169241954147,Medium
SP-01542,Damper,South,heatwave,2024-04-15,0.09,2536.3,0.43668601289521025,Medium
SP-01542,Spacer,South,heatwave,2024-04-15,0.14,3191.6,0.46221262419916925,Medium
SP-01542,Insulator,South,heatwave,2024-04-15,0.07,904.5,0.43582545387521887,Medium
SP-01542,Fittings,South,heatwave,2024-04-15,0.065,7411.6,0.3884049020912904,Medium
SP-01542,Arrester,South,heatwave,2024-04-15,0.08,1350.1,0.4387835768678087,Medium
SP-01543,Conductor,South,summer_storm,2024-04-01,0.09,13353.7,0.3628413083620899,Medium
SP-01543,Damper,South,summer_storm,2024-04-01,0.085,12975.7,0.3624217156978193,Medium
SP-01543,Spacer,South,summer_storm,2024-04-01,0.05,8727.4,0.3704226270321561,Medium
SP-01543,Insulator,South,summer_storm,2024-04-01,0.195,2132.3,0.5024439085662015,High
SP-01543,Fittings,South,summer_storm,2024-04-01,0.095,13326.7,0.36602562317178483,Medium
SP-01543,Arrester,South,summer_storm,2024-04-01,0.14,5456.2,0.4467533901978654,Medium
SP-01546,Conductor,South,summer_storm,2024-05-18,0.095,15969.0,0.34798802977708143,Medium
SP-01546,Conductor,South,southwest_monsoon,2024-08-11,0.14,15969.0,0.37498802977708146,Medium
SP-01546,Damper,South,summer_storm,2024-05-18,0.12,2576.7,0.4544102233281111,Medium
SP-01546,Damper,South,southwest_monsoon,2024-08-11,0.245,2576.7,0.529410223328111,High
SP-01546,Spacer,South,summer_storm,2024-05-18,0.23,3652.4,0.5130669847803753,High
SP-01546,Spacer,South,southwest_monsoon,2024-08-11,0.27,3652.4,0.5370669847803753,High
SP-01546,Insulator,South,summer_storm,2024-05-18,0.095,4743.0,0.42462203176358554,Medium
SP-01546,Insulator,South,southwest_monsoon,2024-08-11,0.21,4743.0,0.49362203176358554,Medium
SP-01546,Fittings,South,summer_storm,2024-05-18,0.07,14661.8,0.34191159715609076,Medium
SP-01546,Fittings,South,southwest_monsoon,2024-08-11,0.085,14661.8,0.35091159715609077,Medium
SP-01546,Arrester,South,summer_storm,2024-05-18,0.17,1856.3,0.4893280155097499,Medium
SP-01546,Arrester,South,southwest_monsoon,2024-08-11,0.2,1856.3,0.5073280155097499,High
SP-01547,Conductor,South,tropical_cyclone,2024-08-06,0.42,7190.2,0.6029162835307891,High
SP-01547,Damper,South,tropical_cyclone,2024-08-06,0.305,7275.3,0.5333353505565284,High
SP-01547,Spacer,South,tropical_cyclone,2024-08-06,0.3,6938.3,0.5326358724404987,High
SP-01547,Insulator,South,tropical_cyclone,2024-08-06,0.355,1050.2,0.6058308365503094,High
SP-01547,Fittings,South,tropical_cyclone,2024-08-06,0.275,2999.9,0.5445212593480034,High
SP-01547,Arrester,South,tropical_cyclone,2024-08-06,0.25,8804.0,0.48989971909057706,Medium
SP-01548,Conductor,South,southwest_monsoon,2024-08-03,0.12,3436.7,0.448539455315605,Medium
SP-01548,Conductor,South,tropical_cyclone,2024-11-29,0.33,3436.7,0.574539455315605,High
SP-01548,Damper,South,southwest_monsoon,2024-08-03,0.16,1970.6,0.48254774948204127,Medium
SP-01548,Damper,South,tropical_cyclone,2024-11-29,0.22,1970.6,0.5185477494820413,High
SP-01548,Spacer,South,southwest_monsoon,2024-08-03,0.215,2174.0,0.5141592445823393,High
SP-01548,Spacer,South,tropical_cyclone,2024-11-29,0.285,2174.0,0.5561592445823392,High
SP-01548,Insulator,South,southwest_monsoon,2024-08-03,0.125,1485.2,0.46486132017189064,Medium
SP-01548,Insulator,South,tropical_cyclone,2024-11-29,0.25,1485.2,0.5398613201718906,High
SP-01548,Fittings,South,southwest_monsoon,2024-08-03,0.095,5074.4,0.4223597381364408,Medium
SP-01548,Fittings,South,tropical_cyclone,2024-11-29,0.215,5074.4,0.4943597381364408,Medium
SP-01548,Arrester,South,southwest_monsoon,2024-08-03,0.185,1168.4,0.5030239472723115,High
SP-01548,Arrester,South,tropical_cyclone,2024-11-29,0.295,1168.4,0.5690239472723115,High
SP-01549,Conductor,South,tropical_cyclone,2024-08-05,0.26,13488.1,0.463923830198275,Medium
SP-01549,Damper,South,tropical_cyclone,2024-08-05,0.47,3704.1,0.6567140560521816,High
SP-01549,Spacer,South,tropical_cyclone,2024-08-05,0.315,3967.3,0.5619173279813774,High
SP-01549,Insulator,South,tropical_cyclone,2024-08-05,0.25,2136.6,0.535414554726139,High
SP-01549,Fittings,South,tropical_cyclone,2024-08-05,0.25,6031.7,0.5088247541615895,High
SP-01549,Arrester,South,tropical_cyclone,2024-08-05,0.19,16431.4,0.4018314679991945,Medium
SP-01550,Conductor,South,summer_storm,2024-05-19,0.185,13717.7,0.4173564716684245,Medium
SP-01550,Damper,South,summer_storm,2024-05-19,0.21,2094.0,0.511705362536991,High
SP-01550,Spacer,South,summer_storm,2024-05-19,0.14,2030.7,0.47013747836860914,Medium
SP-01550,Insulator,South,summer_storm,2024-05-19,0.12,653.7,0.46753753366305206,Medium
SP-01550,Fittings,South,summer_storm,2024-05-19,0.175,2074.5,0.49083847878843734,Medium
SP-01550,Arrester,South,summer_storm,2024-05-19,0.145,829.2,0.48133948740003485,Medium
SP-01551,Conductor,South,southwest_monsoon,2024-09-04,0.15,8153.7,0.4343389754144523,Medium
SP-01551,Damper,South,southwest_monsoon,2024-09-04,0.18,6821.9,0.46143047406451704,Medium
SP-01551,Spacer,South,southwest_monsoon,2024-09-04,0.13,3910.6,0.4513043890817368,Medium
SP-01551,Insulator,South,southwest_monsoon,2024-09-04,0.21,1278.3,0.5172737177321087,High
SP-01551,Fittings,South,southwest_monsoon,2024-09-04,0.13,2843.9,0.45858618935957435,Medium
SP-01551,Arrester,South,southwest_monsoon,2024-09-04,0.17,1362.5,0.49269892858483777,Medium
SP-01552,Conductor,South,heatwave,2025-03-21,0.095,2239.1,0.44171484109674136,Medium
SP-01552,Damper,South,heatwave,2025-03-21,0.185,3648.4,0.48609429067810783,Medium
SP-01552,Spacer,South,heatwave,2025-03-21,0.1,2575.5,0.44241841509743085,Medium
SP-01552,Insulator,South,heatwave,2025-03-21,0.26,2674.2,0.5377446420708794,High
SP-01552,Fittings,South,heatwave,2025-03-21,0.115,2483.0,0.45204986398249697,Medium
SP-01552,Arrester,South,heatwave,2025-03-21,0.06,1110.9,0.4284164695522174,Medium
SP-01553,Conductor,South,summer_storm,2024-04-01,0.095,3679.3,0.43188335261812366,Medium
SP-01553,Damper,South,summer_storm,2024-04-01,0.09,4951.4,0.4201993944917178,Medium
SP-01553,Spacer,South,summer_storm,2024-04-01,0.18,3418.8,0.48466164920795834,Medium
SP-01553,Insulator,South,summer_storm,2024-04-01,0.11,2371.1,0.4498137464715661,Medium
SP-01553,Fittings,South,summer_storm,2024-04-01,0.09,7787.5,0.4008388303518706,Medium
SP-01553,Arrester,South,summer_storm,2024-04-01,0.11,1373.3,0.4566252026609598,Medium
SP-01555,Conductor,South,tropical_cyclone,2024-11-18,0.21,4720.3,0.49377699273321796,Medium
SP-01555,Damper,South,tropical_cyclone,2024-11-18,0.18,2415.9,0.49150792041696106,Medium
SP-01555,Spacer,South,tropical_cyclone,2024-11-18,0.195,2067.9,0.5028835335196962,High
SP-01555,Insulator,South,tropical_cyclone,2024-11-18,0.195,1531.0,0.5065486676428526,High
SP-01555,Fittings,South,tropical_cyclone,2024-11-18,0.215,5998.2,0.4880534410550999,Medium
SP-01555,Arrester,South,tropical_cyclone,2024-11-18,0.175,674.5,0.5003955429948426,High
SP-01557,Conductor,South,heatwave,2025-03-24,0.06,6224.5,0.3935086098908788,Medium
SP-01557,Damper,South,heatwave,2025-03-24,0.055,8688.0,0.3736915901248221,Medium
SP-01557,Spacer,South,heatwave,2025-03-24,0.045,12963.6,0.3385043160384604,Medium
SP-01557,Insulator,South,heatwave,2025-03-24,0.065,1496.8,0.42878213306846613,Medium
SP-01557,Fittings,South,heatwave,2025-03-24,0.065,19555.4,0.3055055618700444,Medium
SP-01557,Arrester,South,heatwave,2025-03-24,0.05,16268.8,0.3189414527420241,Medium
SP-01560,Conductor,South,southwest_monsoon,2024-09-22,0.11,4738.0,0.4336561641357513,Medium
SP-01560,Damper,South,southwest_monsoon,2024-09-22,0.21,3187.1,0.5042433433341185,High
SP-01560,Spacer,South,southwest_monsoon,2024-09-22,0.1,14437.4,0.3614434580188889,Medium
SP-01560,Insulator,South,southwest_monsoon,2024-09-22,0.1,4865.5,0.4267857886455251,Medium
SP-01560,Fittings,South,southwest_monsoon,2024-09-22,0.15,8748.7,0.4302772231267301,Medium
SP-01560,Arrester,South,southwest_monsoon,2024-09-22,0.095,13460.8,0.36511019295029984,Medium
SP-01562,Conductor,South,southwest_monsoon,2024-09-21,0.2,3007.6,0.4994686954948682,Medium
SP-01562,Damper,South,southwest_monsoon,2024-09-21,0.205,2434.8,0.5063789000501746,High
SP-01562,Spacer,South,southwest_monsoon,2024-09-21,0.155,1993.5,0.47939142321752226,Medium
SP-01562,Insulator,South,southwest_monsoon,2024-09-21,0.22,380.2,0.5294045744205177,High
SP-01562,Fittings,South,southwest_monsoon,2024-09-21,0.145,2889.8,0.46727285418309283,Medium
SP-01562,Arrester,South,southwest_monsoon,2024-09-21,0.235,2573.5,0.5234320680462972,High
SP-01563,Conductor,South,summer_storm,2024-04-08,0.11,16022.1,0.3566255439846814,Medium
SP-01563,Conductor,South,southwest_monsoon,2024-07-03,0.09,16022.1,0.34462554398468137,Medium
SP-01563,Damper,South,summer_storm,2024-04-08,0.225,2606.9,0.5172040638002301,High
SP-01563,Damper,South,southwest_monsoon,2024-07-03,0.165,2606.9,0.48120406380023006,Medium
SP-01563,Spacer,South,summer_storm,2024-04-08,0.1,11543.4,0.3811992750284152,Medium
SP-01563,Spacer,South,southwest_monsoon,2024-07-03,0.155,11543.4,0.41419927502841525,Medium
SP-01563,Insulator,South,summer_storm,2024-04-08,0.23,1972.0,0.5245381924178348,High
SP-01563,Insulator,South,southwest_monsoon,2024-07-03,0.185,1972.0,0.4975381924178348,Medium
SP-01563,Fittings,South,summer_storm,2024-04-08,0.08,6915.5,0.4007915160575745,Medium
SP-01563,Fittings,South,southwest_monsoon,2024-07-03,0.145,6915.5,0.4397915160575745,Medium
SP-01563,Arrester,South,summer_storm,2024-04-08,0.11,18493.8,0.3397525471282729,Medium
SP-01563,Arrester,South,southwest_monsoon,2024-07-03,0.115,18493.8,0.3427525471282729,Medium
SP-01566,Conductor,South,tropical_cyclone,2024-10-18,0.275,3395.0,0.5418241192994673,High
SP-01566,Damper,South,tropical_cyclone,2024-10-18,0.215,10628.4,0.4564454991347444,Medium
SP-01566,Spacer,South,tropical_cyclone,2024-10-18,0.19,10331.9,0.44346954880417233,Medium
SP-01566,Insulator,South,tropical_cyclone,2024-10-18,0.425,2121.9,0.6405149039003062,High
SP-01566,Fittings,South,tropical_cyclone,2024-10-18,0.15,18178.0,0.3659083477542606,Medium
SP-01566,Arrester,South,tropical_cyclone,2024-10-18,0.435,1332.9,0.6519009922280589,High
SP-01567,Conductor,South,heatwave,2025-03-10,0.04,18206.1,0.2997165238226892,Low
SP-01567,Damper,South,heatwave,2025-03-10,0.125,2665.8,0.45680198445611775,Medium
SP-01567,Spacer,South,heatwave,2025-03-10,0.05,11598.8,0.35082108834481884,Medium
SP-01567,Insulator,South,heatwave,2025-03-10,0.095,2226.6,0.4418001720271557,Medium
SP-01567,Fittings,South,heatwave,2025-03-10,0.08,5794.0,0.4084474071343484,Medium
SP-01567,Arrester,South,heatwave,2025-03-10,0.085,1627.6,0.43988923021261056,Medium
SP-01568,Conductor,South,tropical_cyclone,2024-10-31,0.23,15629.0,0.43130903108435137,Medium
SP-01568,Damper,South,tropical_cyclone,2024-10-31,0.325,1918.5,0.5819034088000082,High
SP-01568,Spacer,South,tropical_cyclone,2024-10-31,0.255,10079.3,0.4841939162459852,Medium
SP-01568,Insulator,South,tropical_cyclone,2024-10-31,0.315,2740.6,0.5702913641685183,High
SP-01568,Fittings,South,tropical_cyclone,2024-10-31,0.325,7207.8,0.5457961375807658,High
SP-01568,Arrester,South,tropical_cyclone,2024-10-31,0.36,826.6,0.610357236233561,High
SP-01569,Conductor,South,southwest_monsoon,2024-06-30,0.095,18824.0,0.32849844527044786,Medium
SP-01569,Damper,South,southwest_monsoon,2024-06-30,0.145,13661.1,0.3937428501213406,Medium
SP-01569,Spacer,South,southwest_monsoon,2024-06-30,0.18,10379.2,0.4371466565634845,Medium
SP-01569,Insulator,South,southwest_monsoon,2024-06-30,0.115,20076.8,0.33194623810060175,Medium
SP-01569,Fittings,South,southwest_monsoon,2024-06-30,0.23,8110.7,0.48263251381507766,Medium
SP-01569,Arrester,South,southwest_monsoon,2024-06-30,0.13,15587.6,0.37159164712588366,Medium
SP-01571,Conductor,South,tropical_cyclone,2024-09-22,0.155,12171.7,0.4099102011420692,Medium
SP-01571,Conductor,South,southwest_monsoon,2024-07-17,0.12,12171.7,0.3889102011420692,Medium
SP-01571,Damper,South,tropical_cyclone,2024-09-22,0.175,4042.2,0.4774060250463347,Medium
SP-01571,Damper,South,southwest_monsoon,2024-07-17,0.18,4042.2,0.48040602504633473,Medium
SP-01571,Spacer,South,tropical_cyclone,2024-09-22,0.205,9623.1,0.45730815388238666,Medium
SP-01571,Spacer,South,southwest_monsoon,2024-07-17,0.14,9623.1,0.4183081538823867,Medium
SP-01571,Insulator,South,tropical_cyclone,2024-09-22,0.345,1728.5,0.5952004389423061,High
SP-01571,Insulator,South,southwest_monsoon,2024-07-17,0.16,1728.5,0.48420043894230613,Medium
SP-01571,Fittings,South,tropical_cyclone,2024-09-22,0.235,3608.8,0.5163646190656604,High
SP-01571,Fittings,South,southwest_monsoon,2024-07-17,0.16,3608.8,0.4713646190656605,Medium
SP-01571,Arrester,South,tropical_cyclone,2024-09-22,0.255,2432.9,0.5363918703515976,High
SP-01571,Arrester,South,southwest_monsoon,2024-07-17,0.16,2432.9,0.4793918703515976,Medium
SP-01572,Conductor,South,southwest_monsoon,2024-08-23,0.125,6658.3,0.4295472852817798,Medium
SP-01572,Conductor,South,summer_storm,2024-04-25,0.055,6658.3,0.38754728528177984,Medium
SP-01572,Damper,South,southwest_monsoon,2024-08-23,0.195,2137.8,0.5024063629568192,High
SP-01572,Damper,South,summer_storm,2024-04-25,0.12,2137.8,0.4574063629568192,Medium
SP-01572,Spacer,South,southwest_monsoon,2024-08-23,0.145,1931.8,0.4738126166900474,Medium
SP-01572,Spacer,South,summer_storm,2024-04-25,0.125,1931.8,0.4618126166900474,Medium
SP-01572,Insulator,South,southwest_monsoon,2024-08-23,0.185,513.8,0.5074925574362493,High
SP-01572,Insulator,South,summer_storm,2024-04-25,0.15,513.8,0.4864925574362493,Medium
SP-01572,Fittings,South,southwest_monsoon,2024-08-23,0.245,3911.3,0.5202996105496336,High
SP-01572,Fittings,South,summer_storm,2024-04-25,0.16,3911.3,0.46929961054963365,Medium
SP-01572,Arrester,South,southwest_monsoon,2024-08-23,0.28,1166.3,0.5600382828686211,High
SP-01572,Arrester,South,summer_storm,2024-04-25,0.105,1166.3,0.4550382828686211,Medium
SP-01573,Conductor,South,southwest_monsoon,2024-09-20,0.11,4910.7,0.4324772320011469,Medium
SP-01573,Conductor,South,tropical_cyclone,2024-10-03,0.28,4910.7,0.5344772320011469,High
SP-01573,Conductor,South,heatwave,2024-04-07,0.125,4910.7,0.4414772320011469,Medium
SP-01573,Damper,South,southwest_monsoon,2024-09-20,0.11,5768.4,0.426622164879837,Medium
SP-01573,Damper,South,tropical_cyclone,2024-10-03,0.255,5768.4,0.513622164879837,High
SP-01573,Damper,South,heatwave,2024-04-07,0.095,5768.4,0.417622164879837,Medium
SP-01573,Spacer,South,southwest_monsoon,2024-09-20,0.1,15476.8,0.35434802049307623,Medium
SP-01573,Spacer,South,tropical_cyclone,2024-10-03,0.245,15476.8,0.4413480204930762,Medium
SP-01573,Spacer,South,heatwave,2024-04-07,0.08,15476.8,0.3423480204930762,Medium
SP-01573,Insulator,South,southwest_monsoon,2024-09-20,0.065,9129.7,0.3766763363677012,Medium
SP-01573,Insulator,South,tropical_cyclone,2024-10-03,0.185,9129.7,0.4486763363677012,Medium
SP-01573,Insulator,South,heatwave,2024-04-07,0.11,9129.7,0.4036763363677012,Medium
SP-01573,Fittings,South,southwest_monsoon,2024-09-20,0.12,4304.4,0.44261612344996365,Medium
SP-01573,Fittings,South,tropical_cyclone,2024-10-03,0.21,4304.4,0.49661612344996364,Medium
SP-01573,Fittings,South,heatwave,2024-04-07,0.1,4304.4,0.43061612344996364,Medium
SP-01573,Arrester,South,southwest_monsoon,2024-09-20,0.115,3262.8,0.44672657921952924,Medium
SP-01573,Arrester,South,tropical_cyclone,2024-10-03,0.235,3262.8,0.5187265792195292,High
SP-01573,Arrester,South,heatwave,2024-04-07,0.09,3262.8,0.4317265792195292,Medium
SP-01574,Conductor,South,summer_storm,2024-04-05,0.09,10343.6,0.38338967905330457,Medium
SP-01574,Damper,South,summer_storm,2024-04-05,0.16,2368.6,0.47983081265764893,Medium
SP-01574,Spacer,South,summer_storm,2024-04-05,0.045,11775.5,0.3466148503124819,Medium
SP-01574,Insulator,South,summer_storm,2024-04-05,0.06,12095.4,0.3534310611413182,Medium
SP-01574,Fittings,South,summer_storm,2024-04-05,0.05,20564.1,0.28961969710932944,Low
SP-01574,Arrester,South,summer_storm,2024-04-05,0.17,1388.9,0.4925187096598027,Medium
SP-01577,Conductor,South,summer_storm,2024-04-13,0.195,4386.0,0.48705908313621893,Medium
SP-01577,Damper,South,summer_storm,2024-04-13,0.16,7563.1,0.44437069121466877,Medium
SP-01577,Spacer,South,summer_storm,2024-04-13,0.06,23313.4,0.2768516709502794,Low
SP-01577,Insulator,South,summer_storm,2024-04-13,0.185,1994.6,0.49738391409564575,Medium
SP-01577,Fittings,South,summer_storm,2024-04-13,0.205,5438.0,0.48587763203254863,Medium
SP-01577,Arrester,South,summer_storm,2024-04-13,0.235,1384.5,0.5315487461473085,High
SP-01578,Conductor,South,heatwave,2025-03-12,0.165,17438.9,0.37995379500779924,Medium
SP-01578,Damper,South,heatwave,2025-03-12,0.115,2980.3,0.44865505824689317,Medium
SP-01578,Spacer,South,heatwave,2025-03-12,0.135,16506.5,0.3683187997692652,Medium
SP-01578,Insulator,South,heatwave,2025-03-12,0.125,20490.6,0.3351214429801657,Medium
SP-01578,Fittings,South,heatwave,2025-03-12,0.125,21206.7,0.3302330046385894,Medium
SP-01578,Arrester,South,heatwave,2025-03-12,0.08,1522.8,0.4376046447332043,Medium
SP-01580,Conductor,South,heatwave,2024-04-02,0.075,9069.0,0.3830907033657932,Medium
SP-01580,Damper,South,heatwave,2024-04-02,0.075,2115.5,0.4305585933366783,Medium
SP-01580,Spacer,South,heatwave,2024-04-02,0.08,3169.0,0.42636690252135834,Medium
SP-01580,Insulator,South,heatwave,2024-04-02,0.1,1843.4,0.4474160770299375,Medium
SP-01580,Fittings,South,heatwave,2024-04-02,0.095,3017.9,0.4363983828082068,Medium
SP-01580,Arrester,South,heatwave,2024-04-02,0.09,1247.0,0.4454873863818662,Medium
SP-01581,Conductor,South,summer_storm,2024-05-07,0.15,3219.8,0.4680201176201545,Medium
SP-01581,Conductor,South,southwest_monsoon,2024-06-26,0.145,3219.8,0.4650201176201545,Medium
SP-01581,Damper,South,summer_storm,2024-05-07,0.17,2051.7,0.4879941224055131,Medium
SP-01581,Damper,South,southwest_monsoon,2024-06-26,0.195,2051.7,0.502994122405513,High
SP-01581,Spacer,South,summer_storm,2024-05-07,0.08,5608.5,0.40971371814169716,Medium
SP-01581,Spacer,South,southwest_monsoon,2024-06-26,0.12,5608.5,0.4337137181416972,Medium
SP-01581,Insulator,South,summer_storm,2024-05-07,0.165,1059.1,0.49177008092785446,Medium
SP-01581,Insulator,South,southwest_monsoon,2024-06-26,0.14,1059.1,0.47677008092785444,Medium
SP-01581,Fittings,South,summer_storm,2024-05-07,0.115,5676.5,0.4302495178802432,Medium
SP-01581,Fittings,South,southwest_monsoon,2024-06-26,0.19,5676.5,0.47524951788024317,Medium
SP-01581,Arrester,South,summer_storm,2024-05-07,0.15,1503.4,0.47973707833720736,Medium
SP-01581,Arrester,South,southwest_monsoon,2024-06-26,0.215,1503.4,0.5187370783372074,High
SP-01584,Conductor,South,heatwave,2024-04-27,0.055,8358.8,0.375938865508214,Medium
SP-01584,Damper,South,heatwave,2024-04-27,0.06,2120.5,0.42152446096451257,Medium
SP-01584,Spacer,South,heatwave,2024-04-27,0.07,1977.7,0.4284992815135659,Medium
SP-01584,Insulator,South,heatwave,2024-04-27,0.065,684.9,0.43432454766073786,Medium
SP-01584,Fittings,South,heatwave,2024-04-27,0.075,2595.9,0.42727915501899466,Medium
SP-01584,Arrester,South,heatwave,2024-04-27,0.09,2441.5,0.4373331626714725,Medium
SP-01585,Conductor,South,southwest_monsoon,2024-09-07,0.235,4182.5,0.5124482706833642,High
SP-01585,Damper,South,southwest_monsoon,2024-09-07,0.14,14416.4,0.38558681398198497,Medium
SP-01585,Spacer,South,southwest_monsoon,2024-09-07,0.17,22758.2,0.3466417295555624,Medium
SP-01585,Insulator,South,southwest_monsoon,2024-09-07,0.14,10658.3,0.4112413875491933,Medium
SP-01585,Fittings,South,southwest_monsoon,2024-09-07,0.155,3553.7,0.4687407578069268,Medium
SP-01585,Arrester,South,southwest_monsoon,2024-09-07,0.125,6458.3,0.43091258016840917,Medium
SP-01586,Conductor,South,summer_storm,2024-04-18,0.075,5675.6,0.406255661707233,Medium
SP-01586,Damper,South,summer_storm,2024-04-18,0.135,2527.9,0.4637433552804487,Medium
SP-01586,Spacer,South,summer_storm,2024-04-18,0.175,2713.3,0.48647772692054325,Medium
SP-01586,Insulator,South,summer_storm,2024-04-18,0.11,1781.5,0.45383863579734934,Medium
SP-01586,Fittings,South,summer_storm,2024-04-18,0.12,4154.8,0.44363736402516246,Medium
SP-01586,Arrester,South,summer_storm,2024-04-18,0.16,5010.3,0.46179731514760547,Medium
SP-01587,Conductor,South,heatwave,2025-03-05,0.09,9739.6,0.38751286961092507,Medium
SP-01587,Damper,South,heatwave,2025-03-05,0.07,7173.8,0.3930282377114927,Medium
SP-01587,Spacer,South,heatwave,2025-03-05,0.1,23388.8,0.30033695477802014,Medium
SP-01587,Insulator,South,heatwave,2025-03-05,0.055,3392.0,0.4098445987227667,Medium
SP-01587,Fittings,South,heatwave,2025-03-05,0.09,2807.6,0.43483399038149756,Medium
SP-01587,Arrester,South,heatwave,2025-03-05,0.035,18940.2,0.29170520894131624,Low
SP-01588,Conductor,South,heatwave,2025-03-27,0.065,10891.2,0.3646515016537134,Medium
SP-01588,Damper,South,heatwave,2025-03-27,0.045,6639.7,0.38167425770623636,Medium
SP-01588,Spacer,South,heatwave,2025-03-27,0.08,12014.8,0.3659812749806299,Medium
SP-01588,Insulator,South,heatwave,2025-03-27,0.055,1552.9,0.42239916785276665,Medium
SP-01588,Fittings,South,heatwave,2025-03-27,0.065,3365.2,0.416027548237575,Medium
SP-01588,Arrester,South,heatwave,2025-03-27,0.065,1238.9,0.43054268082477465,Medium
SP-01589,Conductor,South,tropical_cyclone,2024-08-11,0.24,4543.6,0.512983230765555,High
SP-01589,Conductor,South,southwest_monsoon,2024-06-21,0.16,4543.6,0.46498323076555503,Medium
SP-01589,Conductor,South,summer_storm,2024-04-17,0.185,4543.6,0.479983230765555,Medium
SP-01589,Damper,South,tropical_cyclone,2024-08-11,0.265,2037.5,0.5450910583424637,High
SP-01589,Damper,South,southwest_monsoon,2024-06-21,0.23,2037.5,0.5240910583424638,High
SP-01589,Damper,South,summer_storm,2024-04-17,0.215,2037.5,0.5150910583424637,High
SP-01589,Spacer,South,tropical_cyclone,2024-08-11,0.27,2109.5,0.5475995521832772,High
SP-01589,Spacer,South,southwest_monsoon,2024-06-21,0.14,2109.5,0.4695995521832772,Medium
SP-01589,Spacer,South,summer_storm,2024-04-17,0.185,2109.5,0.49659955218327717,Medium
SP-01589,Insulator,South,tropical_cyclone,2024-08-11,0.275,3613.4,0.540333217283268,High
SP-01589,Insulator,South,southwest_monsoon,2024-06-21,0.15,3613.4,0.46533321728326793,Medium
SP-01589,Insulator,South,summer_storm,2024-04-17,0.155,3613.4,0.46833321728326793,Medium
SP-01589,Fittings,South,tropical_cyclone,2024-08-11,0.315,2870.9,0.5694018745498794,High
SP-01589,Fittings,South,southwest_monsoon,2024-06-21,0.13,2870.9,0.4584018745498794,Medium
SP-01589,Fittings,South,summer_storm,2024-04-17,0.205,2870.9,0.5034018745498794,High
SP-01589,Arrester,South,tropical_cyclone,2024-08-11,0.295,1387.6,0.5675275840765658,High
SP-01589,Arrester,South,southwest_monsoon,2024-06-21,0.145,1387.6,0.4775275840765658,Medium
SP-01589,Arrester,South,summer_storm,2024-04-17,0.145,1387.6,0.4775275840765658,Medium
SP-01592,Conductor,South,summer_storm,2024-05-21,0.185,2586.4,0.4933440065261096,Medium
SP-01592,Conductor,South,southwest_monsoon,2024-09-30,0.18,2586.4,0.4903440065261096,Medium
SP-01592,Damper,South,summer_storm,2024-05-21,0.135,2864.3,0.4614469292811381,Medium
SP-01592,Damper,South,southwest_monsoon,2024-09-30,0.2,2864.3,0.5004469292811381,High
SP-01592,Spacer,South,summer_storm,2024-05-21,0.13,6404.0,0.434283257730129,Medium
SP-01592,Spacer,South,southwest_monsoon,2024-09-30,0.135,6404.0,0.437283257730129,Medium
SP-01592,Insulator,South,summer_storm,2024-05-21,0.22,452.8,0.5289089723766712,High
SP-01592,Insulator,South,southwest_monsoon,2024-09-30,0.185,452.8,0.5079089723766712,High
SP-01592,Fittings,South,summer_storm,2024-05-21,0.165,2198.5,0.4839919959587271,Medium
SP-01592,Fittings,South,southwest_monsoon,2024-09-30,0.155,2198.5,0.4779919959587271,Medium
SP-01592,Arrester,South,summer_storm,2024-05-21,0.065,1314.9,0.43002386876785553,Medium
SP-01592,Arrester,South,southwest_monsoon,2024-09-30,0.155,1314.9,0.4840238687678555,Medium
SP-01594,Conductor,South,summer_storm,2024-05-25,0.13,2332.9,0.46207451779491227,Medium
SP-01594,Conductor,South,tropical_cyclone,2024-11-30,0.195,2332.9,0.5010745177949123,High
SP-01594,Damper,South,summer_storm,2024-05-25,0.14,1383.9,0.4745528420319684,Medium
SP-01594,Damper,South,tropical_cyclone,2024-11-30,0.195,1383.9,0.5075528420319684,High
SP-01594,Spacer,South,summer_storm,2024-05-25,0.09,1761.8,0.4419731173436823,Medium
SP-01594,Spacer,South,tropical_cyclone,2024-11-30,0.25,1761.8,0.5379731173436823,High
SP-01594,Insulator,South,summer_storm,2024-05-25,0.11,1268.6,0.4573399345341102,Medium
SP-01594,Insulator,South,tropical_cyclone,2024-11-30,0.205,1268.6,0.5143399345341102,High
SP-01594,Fittings,South,summer_storm,2024-05-25,0.075,2828.8,0.42568926912351485,Medium
SP-01594,Fittings,South,tropical_cyclone,2024-11-30,0.23,2828.8,0.5186892691235149,High
SP-01594,Arrester,South,summer_storm,2024-05-25,0.105,5993.8,0.4220834775426057,Medium
SP-01594,Arrester,South,tropical_cyclone,2024-11-30,0.25,5993.8,0.5090834775426057,High
SP-01595,Conductor,South,heatwave,2024-04-08,0.065,11469.2,0.36070579943135467,Medium
SP-01595,Conductor,South,summer_storm,2024-04-11,0.14,11469.2,0.4057057994313547,Medium
SP-01595,Damper,South,heatwave,2024-04-08,0.12,2780.8,0.4530169398963059,Medium
SP-01595,Damper,South,summer_storm,2024-04-11,0.12,2780.8,0.4530169398963059,Medium
SP-01595,Spacer,South,heatwave,2024-04-08,0.115,2772.4,0.4500742822815443,Medium
SP-01595,Spacer,South,summer_storm,2024-04-11,0.125,2772.4,0.4560742822815443,Medium
SP-01595,Insulator,South,heatwave,2024-04-08,0.055,7092.0,0.38458664332012416,Medium
SP-01595,Insulator,South,summer_storm,2024-04-11,0.11,7092.0,0.41758664332012413,Medium
SP-01595,Fittings,South,heatwave,2024-04-08,0.11,8102.4,0.41068917355287277,Medium
SP-01595,Fittings,South,summer_storm,2024-04-11,0.105,8102.4,0.40768917355287276,Medium
SP-01595,Arrester,South,heatwave,2024-04-08,0.085,40870.1,0.17200130726985396,Low
SP-01595,Arrester,South,summer_storm,2024-04-11,0.085,40870.1,0.17200130726985396,Low
SP-01597,Conductor,South,summer_storm,2024-05-30,0.15,2406.9,0.47356935868685934,Medium
SP-01597,Damper,South,summer_storm,2024-05-30,0.16,1842.4,0.48342290350437067,Medium
SP-01597,Spacer,South,summer_storm,2024-05-30,0.16,1696.8,0.4844168381818368,Medium
SP-01597,Insulator,South,summer_storm,2024-05-30,0.14,719.2,0.47909039958768096,Medium
SP-01597,Fittings,South,summer_storm,2024-05-30,0.165,2382.5,0.48273592466302817,Medium
SP-01597,Arrester,South,summer_storm,2024-05-30,0.17,1207.9,0.49375430153220223,Medium
SP-01598,Conductor,South,tropical_cyclone,2024-08-15,0.285,3481.7,0.5472322639661134,High
SP-01598,Damper,South,tropical_cyclone,2024-08-15,0.255,3491.5,0.5291653645166685,High
SP-01598,Spacer,South,tropical_cyclone,2024-08-15,0.225,2185.0,0.5200841533635747,High
SP-01598,Insulator,South,tropical_cyclone,2024-08-15,0.2,685.7,0.5153190864811914,High
SP-01598,Fittings,South,tropical_cyclone,2024-08-15,0.175,2547.1,0.4876122869713322,Medium
SP-01598,Arrester,South,tropical_cyclone,2024-08-15,0.205,9314.0,0.45941821712967235,Medium
SP-01599,Conductor,South,summer_storm,2024-05-23,0.08,8686.5,0.38870182983647183,Medium
SP-01599,Damper,South,summer_storm,2024-05-23,0.09,4594.0,0.4226391764541244,Medium
SP-01599,Spacer,South,summer_storm,2024-05-23,0.21,2648.3,0.5079214477586977,High
SP-01599,Insulator,South,summer_storm,2024-05-23,0.105,6861.2,0.41616219361929435,Medium
SP-01599,Fittings,South,summer_storm,2024-05-23,0.105,16767.1,0.3485398205319872,Medium
SP-01599,Arrester,South,summer_storm,2024-05-23,0.175,1555.3,0.4943827843141271,Medium
SP-01600,Conductor,South,southwest_monsoon,2024-07-21,0.18,3408.5,0.4847319618946197,Medium
SP-01600,Damper,South,southwest_monsoon,2024-07-21,0.115,6072.1,0.4275489645944904,Medium
SP-01600,Spacer,South,southwest_monsoon,2024-07-21,0.1,4876.3,0.42671206272164713,Medium
SP-01600,Insulator,South,southwest_monsoon,2024-07-21,0.17,1050.5,0.4948287886079795,Medium
SP-01600,Fittings,South,southwest_monsoon,2024-07-21,0.125,4103.7,0.4469861968686962,Medium
SP-01600,Arrester,South,southwest_monsoon,2024-07-21,0.085,1180.9,0.4429386163418972,Medium
SP-01602,Conductor,South,heatwave,2025-03-11,0.12,2266.3,0.45652916099215984,Medium
SP-01602,Damper,South,heatwave,2025-03-11,0.1,2182.4,0.44510190219710083,Medium
SP-01602,Spacer,South,heatwave,2025-03-11,0.12,1523.6,0.46159918355365787,Medium
SP-01602,Insulator,South,heatwave,2025-03-11,0.16,841.6,0.4902548391170638,Medium
SP-01602,Fittings,South,heatwave,2025-03-11,0.16,2587.9,0.4783337668144598,Medium
SP-01602,Arrester,South,heatwave,2025-03-11,0.05,1247.2,0.4214860210869795,Medium
SP-01603,Conductor,South,southwest_monsoon,2024-09-04,0.155,19804.6,0.35780440444130424,Medium
SP-01603,Conductor,South,heatwave,2025-03-10,0.09,19804.6,0.31880440444130426,Medium
SP-01603,Damper,South,southwest_monsoon,2024-09-04,0.125,5238.6,0.4392388310345181,Medium
SP-01603,Damper,South,heatwave,2025-03-10,0.1,5238.6,0.4242388310345181,Medium
SP-01603,Spacer,South,southwest_monsoon,2024-09-04,0.13,13750.0,0.38413597654423387,Medium
SP-01603,Spacer,South,heatwave,2025-03-10,0.045,13750.0,0.3331359765442339,Medium
SP-01603,Insulator,South,southwest_monsoon,2024-09-04,0.155,4378.3,0.46311164698935414,Medium
SP-01603,Insulator,South,heatwave,2025-03-10,0.085,4378.3,0.42111164698935416,Medium
SP-01603,Fittings,South,southwest_monsoon,2024-09-04,0.265,3380.7,0.5359217378838612,High
SP-01603,Fittings,South,heatwave,2025-03-10,0.09,3380.7,0.4309217378838612,Medium
SP-01603,Arrester,South,southwest_monsoon,2024-09-04,0.155,12509.2,0.40760626602088224,Medium
SP-01603,Arrester,South,heatwave,2025-03-10,0.06,12509.2,0.3506062660208822,Medium
SP-01607,Conductor,South,summer_storm,2024-04-27,0.09,10973.6,0.3790890001604222,Medium
SP-01607,Damper,South,summer_storm,2024-04-27,0.135,2676.5,0.4627289411796831,Medium
SP-01607,Spacer,South,summer_storm,2024-04-27,0.165,2117.1,0.48454767097758533,Medium
SP-01607,Insulator,South,summer_storm,2024-04-27,0.115,1809.6,0.4566468118657779,Medium
SP-01607,Fittings,South,summer_storm,2024-04-27,0.1,2817.7,0.44076504298972274,Medium
SP-01607,Arrester,South,summer_storm,2024-04-27,0.145,713.5,0.48212931049194985,Medium
SP-01609,Conductor,South,southwest_monsoon,2024-07-17,0.08,6484.3,0.4037350918331473,Medium
SP-01609,Damper,South,southwest_monsoon,2024-07-17,0.185,2763.6,0.492134355256556,Medium
SP-01609,Spacer,South,southwest_monsoon,2024-07-17,0.08,7511.0,0.39672635053263566,Medium
SP-01609,Insulator,South,southwest_monsoon,2024-07-17,0.065,5611.9,0.40069050812862445,Medium
SP-01609,Fittings,South,southwest_monsoon,2024-07-17,0.335,3322.6,0.5783183560484271,High
SP-01609,Arrester,South,southwest_monsoon,2024-07-17,0.135,12837.0,0.39336854770169677,Medium
SP-01610,Conductor,South,tropical_cyclone,2024-10-21,0.205,16356.2,0.4113448188765671,Medium
SP-01610,Damper,South,tropical_cyclone,2024-10-21,0.24,3587.9,0.5195072923813132,High
SP-01610,Spacer,South,tropical_cyclone,2024-10-21,0.195,10475.3,0.44549063237045916,Medium
SP-01610,Insulator,South,tropical_cyclone,2024-10-21,0.095,15708.5,0.3497663263669162,Medium
SP-01610,Fittings,South,tropical_cyclone,2024-10-21,0.22,6462.9,0.4878811783860167,Medium
SP-01610,Arrester,South,tropical_cyclone,2024-10-21,0.275,1496.1,0.5547869116005694,High
SP-01613,Conductor,South,tropical_cyclone,2024-11-24,0.285,6085.5,0.5294574898370863,High
SP-01613,Conductor,South,southwest_monsoon,2024-07-23,0.125,6085.5,0.43345748983708626,Medium
SP-01613,Damper,South,tropical_cyclone,2024-11-24,0.335,2587.5,0.5833364974042332,High
SP-01613,Damper,South,southwest_monsoon,2024-07-23,0.1,2587.5,0.44233649740423314,Medium
SP-01613,Spacer,South,tropical_cyclone,2024-11-24,0.3,2576.7,0.5624102233281111,High
SP-01613,Spacer,South,southwest_monsoon,2024-07-23,0.18,2576.7,0.4904102233281111,Medium
SP-01613,Insulator,South,tropical_cyclone,2024-11-24,0.28,1972.8,0.5545327312382884,High
SP-01613,Insulator,South,southwest_monsoon,2024-07-23,0.1,1972.8,0.44653273123828835,Medium
SP-01613,Fittings,South,tropical_cyclone,2024-11-24,0.255,3781.2,0.527187734873386,High
SP-01613,Fittings,South,southwest_monsoon,2024-07-23,0.105,3781.2,0.43718773487338597,Medium
SP-01613,Arrester,South,tropical_cyclone,2024-11-24,0.31,1432.8,0.5762190274321874,High
SP-01613,Arrester,South,southwest_monsoon,2024-07-23,0.1,1432.8,0.4502190274321875,Medium
SP-01614,Conductor,South,tropical_cyclone,2024-08-19,0.225,6282.9,0.4921099437839831,Medium
SP-01614,Damper,South,tropical_cyclone,2024-08-19,0.26,2855.4,0.5365076849035931,High
SP-01614,Spacer,South,tropical_cyclone,2024-08-19,0.225,10129.4,0.4658519098768846,Medium
SP-01614,Insulator,South,tropical_cyclone,2024-08-19,0.235,6081.1,0.49948752632459203,Medium
SP-01614,Fittings,South,tropical_cyclone,2024-08-19,0.2,6492.7,0.47567774944790886,Medium
SP-01614,Arrester,South,tropical_cyclone,2024-08-19,0.235,6054.6,0.49966842789707044,Medium
SP-01615,Conductor,South,summer_storm,2024-05-23,0.065,12358.8,0.3546329677756275,Medium
SP-01615,Conductor,South,heatwave,2025-03-06,0.06,12358.8,0.35163296777562747,Medium
SP-01615,Conductor,South,southwest_monsoon,2024-07-02,0.08,12358.8,0.3636329677756275,Medium
SP-01615,Damper,South,summer_storm,2024-05-23,0.12,2467.0,0.45515908757342727,Medium
SP-01615,Damper,South,heatwave,2025-03-06,0.08,2467.0,0.43115908757342725,Medium
SP-01615,Damper,South,southwest_monsoon,2024-07-02,0.155,2467.0,0.4761590875734273,Medium
SP-01615,Spacer,South,summer_storm,2024-05-23,0.19,2532.0,0.4967153667352727,Medium
SP-01615,Spacer,South,heatwave,2025-03-06,0.075,2532.0,0.4277153667352727,Medium
SP-01615,Spacer,South,southwest_monsoon,2024-07-02,0.135,2532.0,0.46371536673527275,Medium
SP-01615,Insulator,South,summer_storm,2024-05-23,0.155,1379.6,0.4835821958720309,Medium
SP-01615,Insulator,South,heatwave,2025-03-06,0.1,1379.6,0.4505821958720309,Medium
SP-01615,Insulator,South,southwest_monsoon,2024-07-02,0.145,1379.6,0.4775821958720309,Medium
SP-01615,Fittings,South,summer_storm,2024-05-23,0.14,2702.1,0.4655541834341945,Medium
SP-01615,Fittings,South,heatwave,2025-03-06,0.105,2702.1,0.4445541834341945,Medium
SP-01615,Fittings,South,southwest_monsoon,2024-07-02,0.155,2702.1,0.47455418343419453,Medium
SP-01615,Arrester,South,summer_storm,2024-05-23,0.12,3621.2,0.4472799707826895,Medium
SP-01615,Arrester,South,heatwave,2025-03-06,0.095,3621.2,0.4322799707826895,Medium
SP-01615,Arrester,South,southwest_monsoon,2024-07-02,0.08,3621.2,0.4232799707826895,Medium
SP-01617,Conductor,South,tropical_cyclone,2024-11-29,0.31,3662.4,0.5609987200360438,High
SP-01617,Damper,South,tropical_cyclone,2024-11-29,0.25,1709.3,0.5383315072514224,High
SP-01617,Spacer,South,tropical_cyclone,2024-11-29,0.26,1785.9,0.5438085993098435,High
SP-01617,Insulator,South,tropical_cyclone,2024-11-29,0.26,483.8,0.5526973516692437,High
SP-01617,Fittings,South,tropical_cyclone,2024-11-29,0.225,2510.6,0.517861453288142,High
SP-01617,Arrester,South,tropical_cyclone,2024-11-29,0.205,8871.2,0.4624409800086696,Medium
SP-01619,Conductor,South,heatwave,2025-03-02,0.135,5947.1,0.44040227389863373,Medium
SP-01619,Damper,South,heatwave,2025-03-02,0.13,8419.4,0.4205251811575653,Medium
SP-01619,Spacer,South,heatwave,2025-03-02,0.075,2418.1,0.4284929021732081,Medium
SP-01619,Insulator,South,heatwave,2025-03-02,0.11,3492.7,0.4421571727473488,Medium
SP-01619,Fittings,South,heatwave,2025-03-02,0.14,5784.9,0.44450952805169014,Medium
SP-01619,Arrester,South,heatwave,2025-03-02,0.115,7317.7,0.4190459080405629,Medium
SP-01620,Conductor,South,summer_storm,2024-04-05,0.17,2628.2,0.484058659894804,Medium
SP-01620,Damper,South,summer_storm,2024-04-05,0.18,2264.6,0.4925407659986961,Medium
SP-01620,Spacer,South,summer_storm,2024-04-05,0.165,1971.9,0.48553887506527815,Medium
SP-01620,Insulator,South,summer_storm,2024-04-05,0.19,1328.0,0.5049344419527813,High
SP-01620,Fittings,South,summer_storm,2024-04-05,0.17,5845.8,0.46209379575871146,Medium
SP-01620,Arrester,South,summer_storm,2024-04-05,0.195,4397.6,0.4869798960327944,Medium
SP-01621,Conductor,South,tropical_cyclone,2024-10-14,0.225,9104.3,0.47284972881830317,Medium
SP-01621,Damper,South,tropical_cyclone,2024-10-14,0.25,12086.5,0.46749181676377327,Medium
SP-01621,Spacer,South,tropical_cyclone,2024-10-14,0.255,2410.8,0.5365427354365702,High
SP-01621,Insulator,South,tropical_cyclone,2024-10-14,0.28,1274.4,0.559300340982398,High
SP-01621,Fittings,South,tropical_cyclone,2024-10-14,0.21,2770.2,0.5070893005252972,High
SP-01621,Arrester,South,tropical_cyclone,2024-10-14,0.3,933.8,0.5736254381743278,High
SP-01622,Conductor,South,southwest_monsoon,2024-07-17,0.1,8104.5,0.40467483795656317,Medium
SP-01622,Conductor,South,summer_storm,2024-05-18,0.105,8104.5,0.4076748379565632,Medium
SP-01622,Damper,South,southwest_monsoon,2024-07-17,0.135,2386.8,0.4647065708229657,Medium
SP-01622,Damper,South,summer_storm,2024-05-18,0.175,2386.8,0.48870657082296565,Medium
SP-01622,Spacer,South,southwest_monsoon,2024-07-17,0.225,2900.5,0.5151998109066582,High
SP-01622,Spacer,South,summer_storm,2024-05-18,0.215,2900.5,0.5091998109066582,High
SP-01622,Insulator,South,southwest_monsoon,2024-07-17,0.13,3752.4,0.4523843373370606,Medium
SP-01622,Insulator,South,summer_storm,2024-05-18,0.13,3752.4,0.4523843373370606,Medium
SP-01622,Fittings,South,southwest_monsoon,2024-07-17,0.175,2938.0,0.4849438181154152,Medium
SP-01622,Fittings,South,summer_storm,2024-05-18,0.18,2938.0,0.4879438181154152,Medium
SP-01622,Arrester,South,southwest_monsoon,2024-07-17,0.1,18077.4,0.3365950910822351,Medium
SP-01622,Arrester,South,summer_storm,2024-05-18,0.1,18077.4,0.3365950910822351,Medium
SP-01623,Conductor,South,heatwave,2024-04-19,0.08,12707.4,0.36125325878823256,Medium
SP-01623,Conductor,South,southwest_monsoon,2024-07-25,0.115,12707.4,0.3822532587882326,Medium
SP-01623,Damper,South,heatwave,2024-04-19,0.165,2052.0,0.48499207446318315,Medium
SP-01623,Damper,South,southwest_monsoon,2024-07-25,0.215,2052.0,0.5149920744631831,High
SP-01623,Spacer,South,heatwave,2024-04-19,0.09,2755.0,0.4351930629366811,Medium
SP-01623,Spacer,South,southwest_monsoon,2024-07-25,0.21,2755.0,0.5071930629366811,High
SP-01623,Insulator,South,heatwave,2024-04-19,0.135,1364.3,0.4716866409308581,Medium
SP-01623,Insulator,South,southwest_monsoon,2024-07-25,0.16,1364.3,0.4866866409308581,Medium
SP-01623,Fittings,South,heatwave,2024-04-19,0.055,6829.1,0.3863813234485983,Medium
SP-01623,Fittings,South,southwest_monsoon,2024-07-25,0.135,6829.1,0.43438132344859837,Medium
SP-01623,Arrester,South,heatwave,2024-04-19,0.08,1997.5,0.4343641173197896,Medium
SP-01623,Arrester,South,southwest_monsoon,2024-07-25,0.185,1997.5,0.4973641173197896,Medium
SP-01625,Conductor,South,summer_storm,2024-04-07,0.175,9074.0,0.4430565709936275,Medium
SP-01625,Conductor,South,southwest_monsoon,2024-08-25,0.125,9074.0,0.4130565709936275,Medium
SP-01625,Damper,South,summer_storm,2024-04-07,0.1,1916.1,0.44691979233864776,Medium
SP-01625,Damper,South,southwest_monsoon,2024-08-25,0.125,1916.1,0.46191979233864777,Medium
SP-01625,Spacer,South,summer_storm,2024-04-07,0.125,1648.5,0.4637465568969578,Medium
SP-01625,Spacer,South,southwest_monsoon,2024-08-25,0.16,1648.5,0.4847465568969578,Medium
SP-01625,Insulator,South,summer_storm,2024-04-07,0.12,1931.8,0.4588126166900474,Medium
SP-01625,Insulator,South,southwest_monsoon,2024-08-25,0.18,1931.8,0.4948126166900474,Medium
SP-01625,Fittings,South,summer_storm,2024-04-07,0.12,3098.8,0.45084612102656524,Medium
SP-01625,Fittings,South,southwest_monsoon,2024-08-25,0.14,3098.8,0.46284612102656525,Medium
SP-01625,Arrester,South,summer_storm,2024-04-07,0.145,1285.4,0.47822524976363334,Medium
SP-01625,Arrester,South,southwest_monsoon,2024-08-25,0.145,1285.4,0.47822524976363334,Medium
SP-01627,Conductor,South,southwest_monsoon,2024-06-16,0.08,5106.8,0.4131385603648068,Medium
SP-01627,Conductor,South,summer_storm,2024-05-06,0.13,5106.8,0.4431385603648068,Medium
SP-01627,Conductor,South,tropical_cyclone,2024-10-10,0.255,5106.8,0.5181385603648068,High
SP-01627,Damper,South,southwest_monsoon,2024-06-16,0.15,3949.3,0.463040204521174,Medium
SP-01627,Damper,South,summer_storm,2024-05-06,0.25,3949.3,0.5230402045211741,High
SP-01627,Damper,South,tropical_cyclone,2024-10-10,0.44,3949.3,0.637040204521174,High
SP-01627,Spacer,South,southwest_monsoon,2024-06-16,0.11,2274.4,0.4504738665492513,Medium
SP-01627,Spacer,South,summer_storm,2024-05-06,0.145,2274.4,0.4714738665492513,Medium
SP-01627,Spacer,South,tropical_cyclone,2024-10-10,0.2,2274.4,0.5044738665492513,High
SP-01627,Insulator,South,southwest_monsoon,2024-06-16,0.11,1558.0,0.45536435283315757,Medium
SP-01627,Insulator,South,summer_storm,2024-05-06,0.105,1558.0,0.45236435283315757,Medium
SP-01627,Insulator,South,tropical_cyclone,2024-10-10,0.255,1558.0,0.5423643528331575,High
SP-01627,Fittings,South,southwest_monsoon,2024-06-16,0.13,2844.5,0.45858209347491447,Medium
SP-01627,Fittings,South,summer_storm,2024-05-06,0.1,2844.5,0.44058209347491445,Medium
SP-01627,Fittings,South,tropical_cyclone,2024-10-10,0.195,2844.5,0.49758209347491444,Medium
SP-01627,Arrester,South,southwest_monsoon,2024-06-16,0.145,4655.8,0.45521730033415597,Medium
SP-01627,Arrester,South,summer_storm,2024-05-06,0.17,4655.8,0.470217300334156,Medium
SP-01627,Arrester,South,tropical_cyclone,2024-10-10,0.245,4655.8,0.5152173003341559,High
SP-01628,Conductor,South,heatwave,2025-03-11,0.11,3153.1,0.4444754434648454,Medium
SP-01628,Damper,South,heatwave,2025-03-11,0.12,1716.5,0.4602823566355038,Medium
SP-01628,Spacer,South,heatwave,2025-03-11,0.115,1575.3,0.45824625482546416,Medium
SP-01628,Insulator,South,heatwave,2025-03-11,0.165,313.2,0.4968619482075385,Medium
SP-01628,Fittings,South,heatwave,2025-03-11,0.13,3021.0,0.45737722073746406,Medium
SP-01628,Arrester,South,heatwave,2025-03-11,0.105,759.3,0.45781665796291177,Medium
SP-01629,Conductor,South,southwest_monsoon,2024-06-10,0.135,3185.7,0.45925290039832484,Medium
SP-01629,Damper,South,southwest_monsoon,2024-06-10,0.19,3077.9,0.492988794342218,Medium
SP-01629,Spacer,South,southwest_monsoon,2024-06-10,0.145,1935.5,0.4737873587346447,Medium
SP-01629,Insulator,South,southwest_monsoon,2024-06-10,0.16,856.1,0.49015585523778316,Medium
SP-01629,Fittings,South,southwest_monsoon,2024-06-10,0.21,2260.3,0.5105701198387587,High
SP-01629,Arrester,South,southwest_monsoon,2024-06-10,0.165,2073.5,0.4848453052628705,Medium
SP-01631,Conductor,South,heatwave,2024-04-03,0.065,2889.7,0.4192735368305362,Medium
SP-01631,Damper,South,heatwave,2024-04-03,0.095,3810.6,0.4309870365250515,Medium
SP-01631,Spacer,South,heatwave,2024-04-03,0.06,1754.2,0.4240249985493742,Medium
SP-01631,Insulator,South,heatwave,2024-04-03,0.07,825.0,0.43636815859265404,Medium
SP-01631,Fittings,South,heatwave,2024-04-03,0.06,2316.4,0.42018715462305917,Medium
SP-01631,Arrester,South,heatwave,2024-04-03,0.075,3329.7,0.42226988807995164,Medium
SP-01633,Conductor,South,tropical_cyclone,2024-11-06,0.215,15924.5,0.4202918078893565,Medium
SP-01633,Damper,South,tropical_cyclone,2024-11-06,0.255,2315.1,0.5371960290398222,High
SP-01633,Spacer,South,tropical_cyclone,2024-11-06,0.205,5965.6,0.4822759841216205,Medium
SP-01633,Insulator,South,tropical_cyclone,2024-11-06,0.285,1540.1,0.5604865467255109,High
SP-01633,Fittings,South,tropical_cyclone,2024-11-06,0.28,2797.0,0.5489063510104889,High
SP-01633,Arrester,South,tropical_cyclone,2024-11-06,0.195,5616.5,0.478659106346232,Medium
SP-01634,Conductor,South,summer_storm,2024-05-11,0.145,3571.7,0.4626178812671302,Medium
SP-01634,Damper,South,summer_storm,2024-05-11,0.14,6181.5,0.44180214829150416,Medium
SP-01634,Spacer,South,summer_storm,2024-05-11,0.12,9787.5,0.4051858814855774,Medium
SP-01634,Insulator,South,summer_storm,2024-05-11,0.195,883.3,0.5109701751332016,High
SP-01634,Fittings,South,summer_storm,2024-05-11,0.125,2522.2,0.45778226618471757,Medium
SP-01634,Arrester,South,summer_storm,2024-05-11,0.135,2521.7,0.4637856794219342,Medium
SP-01635,Conductor,South,tropical_cyclone,2024-10-19,0.185,22368.5,0.3583020066421596,Medium
SP-01635,Conductor,South,summer_storm,2024-04-24,0.135,22368.5,0.32830200664215964,Medium
SP-01635,Damper,South,tropical_cyclone,2024-10-19,0.27,15656.7,0.4551199377425532,Medium
SP-01635,Damper,South,summer_storm,2024-04-24,0.11,15656.7,0.3591199377425532,Medium
SP-01635,Spacer,South,tropical_cyclone,2024-10-19,0.4,2978.6,0.6196666632534295,High
SP-01635,Spacer,South,summer_storm,2024-04-24,0.225,2978.6,0.5146666632534295,High
SP-01635,Insulator,South,tropical_cyclone,2024-10-19,0.185,6359.1,0.4675897664321773,Medium
SP-01635,Insulator,South,summer_storm,2024-04-24,0.1,6359.1,0.4165897664321773,Medium
SP-01635,Fittings,South,tropical_cyclone,2024-10-19,0.24,9442.2,0.47954306310734296,Medium
SP-01635,Fittings,South,summer_storm,2024-04-24,0.1,9442.2,0.39554306310734294,Medium
SP-01635,Arrester,South,tropical_cyclone,2024-10-19,0.395,1885.2,0.624130730398632,High
SP-01635,Arrester,South,summer_storm,2024-04-24,0.155,1885.2,0.48013073039863197,Medium
SP-01636,Conductor,South,heatwave,2025-03-01,0.15,2580.8,0.4723822347829352,Medium
SP-01636,Damper,South,heatwave,2025-03-01,0.1,1576.9,0.4492353324663711,Medium
SP-01636,Spacer,South,heatwave,2025-03-01,0.145,1783.5,0.47482498284848296,Medium
SP-01636,Insulator,South,heatwave,2025-03-01,0.17,717.7,0.4971006392993307,Medium
SP-01636,Fittings,South,heatwave,2025-03-01,0.075,9849.7,0.37776127477583565,Medium
SP-01636,Arrester,South,heatwave,2025-03-01,0.115,1140.0,0.4612178191462129,Medium
SP-01639,Conductor,South,tropical_cyclone,2024-09-12,0.28,3257.8,0.5457607115916949,High
SP-01639,Damper,South,tropical_cyclone,2024-09-12,0.21,2255.1,0.510605617505811,High
SP-01639,Spacer,South,tropical_cyclone,2024-09-12,0.23,2179.5,0.523121698972957,High
SP-01639,Insulator,South,tropical_cyclone,2024-09-12,0.43,2699.4,0.639572614915164,High
SP-01639,Fittings,South,tropical_cyclone,2024-09-12,0.23,2884.2,0.5183110824399185,High
SP-01639,Arrester,South,tropical_cyclone,2024-09-12,0.225,11782.8,0.45456501704911995,Medium
SP-01643,Conductor,South,heatwave,2024-04-05,0.105,3069.6,0.4420454540800131,Medium
SP-01643,Damper,South,heatwave,2024-04-05,0.105,1973.1,0.4495306832959584,Medium
SP-01643,Spacer,South,heatwave,2024-04-05,0.125,5509.0,0.43739295234779524,Medium
SP-01643,Insulator,South,heatwave,2024-04-05,0.095,392.8,0.45431856084266004,Medium
SP-01643,Fittings,South,heatwave,2024-04-05,0.095,2090.7,0.44272788990262035,Medium
SP-01643,Arrester,South,heatwave,2024-04-05,0.08,480.3,0.4447212443297597,Medium
SP-01644,Conductor,South,southwest_monsoon,2024-07-10,0.125,3701.5,0.4497318048857078,Medium
SP-01644,Damper,South,southwest_monsoon,2024-07-10,0.145,20557.0,0.34666816507780474,Medium
SP-01644,Spacer,South,southwest_monsoon,2024-07-10,0.14,16980.0,0.36808646412517027,Medium
SP-01644,Insulator,South,southwest_monsoon,2024-07-10,0.125,1857.2,0.4623218716827601,Medium
SP-01644,Fittings,South,southwest_monsoon,2024-07-10,0.155,14008.9,0.39736860231349214,Medium
SP-01644,Arrester,South,southwest_monsoon,2024-07-10,0.155,17977.2,0.3702791038204364,Medium
SP-01647,Conductor,South,tropical_cyclone,2024-08-06,0.305,7162.6,0.534104694225144,High
SP-01647,Conductor,South,summer_storm,2024-05-04,0.115,7162.6,0.42010469422514396,Medium
SP-01647,Damper,South,tropical_cyclone,2024-08-06,0.31,2429.8,0.5694130324223403,High
SP-01647,Damper,South,summer_storm,2024-05-04,0.155,2429.8,0.47641303242234034,Medium
SP-01647,Spacer,South,tropical_cyclone,2024-08-06,0.345,2542.9,0.5896409581639515,High
SP-01647,Spacer,South,summer_storm,2024-05-04,0.14,2542.9,0.46664095816395146,Medium
SP-01647,Insulator,South,tropical_cyclone,2024-08-06,0.21,8878.2,0.4653931946876376,Medium
SP-01647,Insulator,South,summer_storm,2024-05-04,0.085,8878.2,0.3903931946876376,Medium
SP-01647,Fittings,South,tropical_cyclone,2024-08-06,0.23,22648.4,0.38339127644832194,Medium
SP-01647,Fittings,South,summer_storm,2024-05-04,0.09,22648.4,0.2993912764483219,Low
SP-01647,Arrester,South,tropical_cyclone,2024-08-06,0.185,1778.6,0.49885843257320545,Medium
SP-01647,Arrester,South,summer_storm,2024-05-04,0.135,1778.6,0.4688584325732055,Medium
SP-01648,Conductor,South,southwest_monsoon,2024-06-09,0.1,12128.4,0.3772057874850245,Medium
SP-01648,Damper,South,southwest_monsoon,2024-06-09,0.095,8954.3,0.39587369998327515,Medium
SP-01648,Spacer,South,southwest_monsoon,2024-06-09,0.305,3711.7,0.5576621748464896,High
SP-01648,Insulator,South,southwest_monsoon,2024-06-09,0.145,10156.5,0.4176669124197463,Medium
SP-01648,Fittings,South,southwest_monsoon,2024-06-09,0.11,21019.0,0.32251433388969103,Medium
SP-01648,Arrester,South,southwest_monsoon,2024-06-09,0.09,5075.3,0.4193535943094509,Medium
SP-01650,Conductor,South,heatwave,2024-04-27,0.055,24795.6,0.2637334705454695,Low
SP-01650,Conductor,South,summer_storm,2024-04-11,0.115,24795.6,0.2997334705454695,Low
SP-01650,Damper,South,heatwave,2024-04-27,0.12,2789.5,0.4529575495687375,Medium
SP-01650,Damper,South,summer_storm,2024-04-11,0.13,2789.5,0.4589575495687375,Medium
SP-01650,Spacer,South,heatwave,2024-04-27,0.065,16300.2,0.3277271014448233,Medium
SP-01650,Spacer,South,summer_storm,2024-04-11,0.08,16300.2,0.3367271014448233,Medium
SP-01650,Insulator,South,heatwave,2024-04-27,0.08,5342.4,0.41153024298835744,Medium
SP-01650,Insulator,South,summer_storm,2024-04-11,0.115,5342.4,0.43253024298835746,Medium
SP-01650,Fittings,South,heatwave,2024-04-27,0.075,17099.5,0.32827070043040923,Medium
SP-01650,Fittings,South,summer_storm,2024-04-11,0.08,17099.5,0.33127070043040924,Medium
SP-01650,Arrester,South,heatwave,2024-04-27,0.08,1493.1,0.4378073910238688,Medium
SP-01650,Arrester,South,summer_storm,2024-04-11,0.11,1493.1,0.4558073910238688,Medium
SP-01651,Conductor,South,tropical_cyclone,2024-10-03,0.43,3810.0,0.6319911324097114,High
SP-01651,Conductor,South,southwest_monsoon,2024-06-02,0.115,3810.0,0.4429911324097114,Medium
SP-01651,Conductor,South,heatwave,2024-04-18,0.16,3810.0,0.46999113240971135,Medium
SP-01651,Damper,South,tropical_cyclone,2024-10-03,0.17,11368.1,0.4243959559965458,Medium
SP-01651,Damper,South,southwest_monsoon,2024-06-02,0.145,11368.1,0.40939595599654577,Medium
SP-01651,Damper,South,heatwave,2024-04-18,0.08,11368.1,0.3703959559965458,Medium
SP-01651,Spacer,South,tropical_cyclone,2024-10-03,0.16,12664.0,0.4095495277786311,Medium
SP-01651,Spacer,South,southwest_monsoon,2024-06-02,0.125,12664.0,0.3885495277786311,Medium
SP-01651,Spacer,South,heatwave,2024-04-18,0.11,12664.0,0.3795495277786311,Medium
SP-01651,Insulator,South,tropical_cyclone,2024-10-03,0.25,3873.1,0.5235603818729798,High
SP-01651,Insulator,South,southwest_monsoon,2024-06-02,0.185,3873.1,0.4845603818729798,Medium
SP-01651,Insulator,South,heatwave,2024-04-18,0.105,3873.1,0.4365603818729798,Medium
SP-01651,Fittings,South,tropical_cyclone,2024-10-03,0.2,18424.5,0.39422562180648996,Medium
SP-01651,Fittings,South,southwest_monsoon,2024-06-02,0.105,18424.5,0.33722562180648996,Medium
SP-01651,Fittings,South,heatwave,2024-04-18,0.07,18424.5,0.31622562180648994,Medium
SP-01651,Arrester,South,tropical_cyclone,2024-10-03,0.4,1402.6,0.6304251869600686,High
SP-01651,Arrester,South,southwest_monsoon,2024-06-02,0.155,1402.6,0.48342518696006853,Medium
SP-01651,Arrester,South,heatwave,2024-04-18,0.1,1402.6,0.45042518696006856,Medium
SP-01655,Conductor,South,southwest_monsoon,2024-07-15,0.105,2492.7,0.44598364718049543,Medium
SP-01655,Damper,South,southwest_monsoon,2024-07-15,0.08,1553.7,0.4373937066732201,Medium
SP-01655,Spacer,South,southwest_monsoon,2024-07-15,0.105,1658.0,0.4516817053898429,Medium
SP-01655,Insulator,South,southwest_monsoon,2024-07-15,0.105,1288.9,0.4542013571031173,Medium
SP-01655,Fittings,South,southwest_monsoon,2024-07-15,0.1,2346.4,0.4439823603900648,Medium
SP-01655,Arrester,South,southwest_monsoon,2024-07-15,0.1,4556.8,0.4288931213030375,Medium
SP-01657,Conductor,South,southwest_monsoon,2024-07-31,0.165,3440.6,0.4755128320653157,Medium
SP-01657,Damper,South,southwest_monsoon,2024-07-31,0.145,4228.5,0.45813425285943943,Medium
SP-01657,Spacer,South,southwest_monsoon,2024-07-31,0.195,3220.1,0.4950180696778246,Medium
SP-01657,Insulator,South,southwest_monsoon,2024-07-31,0.2,1589.0,0.5091527321257301,High
SP-01657,Fittings,South,southwest_monsoon,2024-07-31,0.15,6698.1,0.4442755915993406,Medium
SP-01657,Arrester,South,southwest_monsoon,2024-07-31,0.1,2190.8,0.44504455981186236,Medium
SP-01663,Conductor,South,heatwave,2025-03-03,0.06,2846.4,0.41656912317349143,Medium
SP-01663,Damper,South,heatwave,2025-03-03,0.055,6981.6,0.38534028609754356,Medium
SP-01663,Spacer,South,heatwave,2025-03-03,0.07,11267.9,0.36507996873474713,Medium
SP-01663,Insulator,South,heatwave,2025-03-03,0.085,663.7,0.4464692689187206,Medium
SP-01663,Fittings,South,heatwave,2025-03-03,0.115,3604.8,0.444391924963393,Medium
SP-01663,Arrester,South,heatwave,2025-03-03,0.075,1078.6,0.43763696467640806,Medium
SP-01667,Conductor,South,tropical_cyclone,2024-08-17,0.21,15205.5,0.422200043006789,Medium
SP-01667,Damper,South,tropical_cyclone,2024-08-17,0.255,4253.2,0.5239656389409408,High
SP-01667,Spacer,South,tropical_cyclone,2024-08-17,0.255,9953.3,0.48505405202456164,Medium
SP-01667,Insulator,South,tropical_cyclone,2024-08-17,0.285,332.8,0.5687281493086489,High
SP-01667,Fittings,South,tropical_cyclone,2024-08-17,0.23,11715.2,0.45802648672080065,Medium
SP-01667,Arrester,South,tropical_cyclone,2024-08-17,0.325,1326.7,0.5859433163695444,High
SP-01673,Conductor,South,summer_storm,2024-04-20,0.12,4941.6,0.4382662939411626,Medium
SP-01673,Damper,South,summer_storm,2024-04-20,0.17,1916.5,0.4889170617488745,Medium
SP-01673,Spacer,South,summer_storm,2024-04-20,0.175,3717.3,0.47962394658966406,Medium
SP-01673,Insulator,South,summer_storm,2024-04-20,0.16,5757.2,0.45669862139348827,Medium
SP-01673,Fittings,South,summer_storm,2024-04-20,0.105,10336.9,0.39243541643200663,Medium
SP-01673,Arrester,South,summer_storm,2024-04-20,0.185,1021.7,0.5040253910716541,High
SP-01675,Conductor,South,heatwave,2024-04-30,0.05,14099.2,0.3337521716721791,Medium
SP-01675,Damper,South,heatwave,2024-04-30,0.105,2446.2,0.44630107824163673,Medium
SP-01675,Spacer,South,heatwave,2024-04-30,0.055,8792.3,0.3729795888414449,Medium
SP-01675,Insulator,South,heatwave,2024-04-30,0.07,18256.4,0.3173731521587019,Medium
SP-01675,Fittings,South,heatwave,2024-04-30,0.205,4870.1,0.48975438686313266,Medium
SP-01675,Arrester,South,heatwave,2024-04-30,0.085,1488.0,0.44084220604347785,Medium
SP-01676,Conductor,South,heatwave,2025-03-15,0.07,11396.2,0.36420413206497443,Medium
SP-01676,Damper,South,heatwave,2025-03-15,0.055,18502.8,0.3066911088583746,Medium
SP-01676,Spacer,South,heatwave,2025-03-15,0.07,2460.5,0.4252034596572427,Medium
SP-01676,Insulator,South,heatwave,2025-03-15,0.105,7438.2,0.4122233178713688,Medium
SP-01676,Fittings,South,heatwave,2025-03-15,0.07,12675.7,0.35546965802776326,Medium
SP-01676,Arrester,South,heatwave,2025-03-15,0.095,3012.3,0.43643661106503245,Medium
SP-01678,Conductor,South,tropical_cyclone,2024-11-14,0.2,15068.6,0.41713458735668674,Medium
SP-01678,Conductor,South,summer_storm,2024-05-16,0.075,15068.6,0.3421345873566867,Medium
SP-01678,Damper,South,tropical_cyclone,2024-11-14,0.175,18062.1,0.3816995361410623,Medium
SP-01678,Damper,South,summer_storm,2024-05-16,0.09,18062.1,0.3306995361410623,Medium
SP-01678,Spacer,South,tropical_cyclone,2024-11-14,0.215,6834.8,0.4823424125443294,Medium
SP-01678,Spacer,South,summer_storm,2024-05-16,0.08,6834.8,0.4013424125443294,Medium
SP-01678,Insulator,South,tropical_cyclone,2024-11-14,0.35,1736.8,0.598143779204511,High
SP-01678,Insulator,South,summer_storm,2024-05-16,0.185,1736.8,0.499143779204511,Medium
SP-01678,Fittings,South,tropical_cyclone,2024-11-14,0.31,5108.9,0.5511242247684972,High
SP-01678,Fittings,South,summer_storm,2024-05-16,0.16,5108.9,0.46112422476849724,Medium
SP-01678,Arrester,South,tropical_cyclone,2024-11-14,0.235,14640.8,0.44105495311918685,Medium
SP-01678,Arrester,South,summer_storm,2024-05-16,0.085,14640.8,0.3510549531191869,Medium
SP-01680,Conductor,South,summer_storm,2024-04-09,0.055,11532.8,0.3542716356574066,Medium
SP-01680,Damper,South,summer_storm,2024-04-09,0.075,5858.3,0.4050084648282971,Medium
SP-01680,Spacer,South,summer_storm,2024-04-09,0.105,2925.5,0.4430291490458296,Medium
SP-01680,Insulator,South,summer_storm,2024-04-09,0.075,10170.8,0.37556929383535226,Medium
SP-01680,Fittings,South,summer_storm,2024-04-09,0.085,13003.5,0.3622319397085778,Medium
SP-01680,Arrester,South,summer_storm,2024-04-09,0.115,5989.5,0.4281128313826683,Medium
