span_id,event_id,region,event_type,forecast_month,age_at_forecast_days,forecast_date,forecast_wind_max,forecast_wind_avg,forecast_rain_total,forecast_pressure_min,forecast_humidity_max,forecast_temp_max,forecast_confidence_avg
SP-00001,FCAST-000001,Northeast,summer_storm,4,217,2020-04-27,16.38,6.682222222222222,124.4,999.8,98.6,33.68,74.69027777777778
SP-00001,FCAST-000002,Northeast,southwest_monsoon,7,1404,2023-07-28,11.7,6.445138888888889,156.947,1001.8,100.0,31.7,75.11666666666666
SP-00001,FCAST-000003,Northeast,heatwave,4,192,2020-04-02,4.68,2.680138888888889,41.895,1004.9,61.7,38.2,74.98055555555555
SP-00001,FCAST-000004,Northeast,tropical_cyclone,8,1060,2022-08-18,26.33,13.239305555555555,320.057,987.2,100.0,30.7,75.14722222222223
SP-00002,FCAST-000005,Northeast,southwest_monsoon,9,941,2020-09-05,11.7,6.416805555555555,158.117,1002.1,100.0,31.7,75.19305555555555
SP-00002,FCAST-000006,Northeast,summer_storm,5,829,2020-05-16,16.38,7.234861111111111,119.458,999.4,100.0,33.39,74.73194444444444
SP-00002,FCAST-000007,Northeast,heatwave,4,1894,2023-04-16,4.68,2.691388888888889,35.995,1005.0,63.7,38.2,74.9625
SP-00002,FCAST-000008,Northeast,tropical_cyclone,9,1675,2022-09-09,26.33,13.417361111111111,314.036,987.0,99.7,30.7,75.69999999999999
SP-00003,FCAST-000009,Northeast,summer_storm,5,1440,2023-05-04,16.38,6.910277777777778,117.67,1000.1,98.0,33.14,74.93194444444445
SP-00003,FCAST-000010,Northeast,southwest_monsoon,8,810,2021-08-12,11.7,6.0055555555555555,165.768,1002.3,98.6,31.7,74.98888888888888
SP-00003,FCAST-000011,Northeast,heatwave,4,1797,2024-04-25,4.68,2.461666666666667,38.953,1004.7,63.1,38.2,75.26666666666667
SP-00003,FCAST-000012,Northeast,tropical_cyclone,8,438,2020-08-05,26.33,13.325277777777778,316.015,986.4,100.0,30.7,75.13749999999999
SP-00004,FCAST-000013,Northeast,southwest_monsoon,7,112,2020-07-13,11.7,6.377916666666667,164.452,1002.0,99.5,31.7,74.83611111111111
SP-00004,FCAST-000014,Northeast,summer_storm,5,411,2021-05-08,16.38,7.329861111111111,121.621,999.5,98.8,33.12,75.11250000000001
SP-00004,FCAST-000015,Northeast,heatwave,3,1083,2023-03-11,4.68,2.663472222222222,43.83,1004.4,62.0,38.2,75.41805555555555
SP-00004,FCAST-000016,Northeast,tropical_cyclone,10,942,2022-10-21,26.33,13.168194444444445,321.708,986.8,100.0,30.7,74.76805555555556
SP-00005,FCAST-000017,Northeast,tropical_cyclone,11,1616,2024-11-14,26.33,13.545694444444443,314.894,986.5,100.0,30.7,75.16527777777777
SP-00005,FCAST-000018,Northeast,summer_storm,5,700,2022-05-13,16.38,6.928055555555556,120.888,999.5,96.6,33.33,74.82361111111112
SP-00005,FCAST-000019,Northeast,heatwave,4,683,2022-04-26,4.68,2.6712499999999997,37.975,1004.6,66.8,38.2,75.04305555555555
SP-00005,FCAST-000020,Northeast,southwest_monsoon,7,769,2022-07-21,11.7,6.220138888888889,157.414,1002.0,100.0,31.7,75.09305555555555
SP-00006,FCAST-000021,Northeast,southwest_monsoon,8,1684,2024-08-18,11.7,6.303194444444444,159.276,1001.4,100.0,31.7,75.07916666666667
SP-00006,FCAST-000022,Northeast,tropical_cyclone,8,579,2021-08-09,26.33,13.26,321.874,987.4,99.9,30.7,74.89166666666667
SP-00006,FCAST-000023,Northeast,summer_storm,4,1198,2023-04-20,16.38,6.87375,124.099,999.4,98.8,33.67,75.36805555555556
SP-00006,FCAST-000024,Northeast,heatwave,3,444,2021-03-27,4.68,2.8752777777777774,43.741,1004.9,62.5,38.2,75.28333333333333
SP-00007,FCAST-000025,Northeast,tropical_cyclone,10,1270,2021-10-09,26.33,13.111527777777777,318.351,987.1,100.0,30.7,74.91944444444444
SP-00007,FCAST-000026,Northeast,summer_storm,5,396,2019-05-19,16.38,6.859861111111112,123.659,999.0,96.6,34.41,75.14861111111111
SP-00007,FCAST-000027,Northeast,southwest_monsoon,7,1553,2022-07-19,11.7,6.3711111111111105,160.853,1002.0,100.0,31.7,75.57638888888889
SP-00007,FCAST-000028,Northeast,heatwave,4,735,2020-04-22,4.68,2.797638888888889,43.843,1005.0,62.9,38.2,74.69027777777778
SP-00008,FCAST-000029,Northeast,southwest_monsoon,9,795,2021-09-29,11.7,6.240555555555556,156.498,1002.1,100.0,31.7,74.95694444444445
SP-00008,FCAST-000030,Northeast,tropical_cyclone,9,1513,2023-09-17,26.33,13.566388888888888,314.967,987.1,100.0,30.7,74.91527777777777
SP-00008,FCAST-000031,Northeast,heatwave,4,1718,2024-04-09,4.68,2.629583333333333,44.039,1004.6,62.9,38.2,74.66527777777777
SP-00008,FCAST-000032,Northeast,summer_storm,4,986,2022-04-08,16.38,6.845277777777778,118.071,999.8,97.4,32.92,74.9
SP-00009,FCAST-000033,Northeast,tropical_cyclone,9,1386,2022-09-23,26.33,13.61138888888889,320.2,986.6,100.0,30.7,75.00555555555555
SP-00009,FCAST-000034,Northeast,southwest_monsoon,6,1276,2022-06-05,11.7,6.323611111111111,155.95499999999998,1002.3,99.1,31.7,74.47777777777777
SP-00009,FCAST-000035,Northeast,heatwave,4,1232,2022-04-22,4.68,2.651111111111111,43.291,1004.9,63.0,38.2,75.02777777777777
SP-00009,FCAST-000036,Northeast,summer_storm,4,851,2021-04-06,16.38,6.8879166666666665,124.071,999.4,97.7,33.22,74.75972222222222
SP-00010,FCAST-000037,Northeast,heatwave,4,267,2019-04-17,4.68,2.73875,44.598,1004.7,65.6,38.2,75.16527777777777
SP-00010,FCAST-000038,Northeast,summer_storm,5,1036,2021-05-25,16.38,6.776388888888889,123.3,999.4,96.8,33.33,74.89722222222223
SP-00010,FCAST-000039,Northeast,tropical_cyclone,9,1867,2023-09-03,26.33,13.525694444444445,319.099,987.5,100.0,30.7,75.01527777777778
SP-00010,FCAST-000040,Northeast,southwest_monsoon,9,422,2019-09-19,11.7,6.263055555555556,160.472,1002.1,100.0,31.7,74.84305555555555
SP-00011,FCAST-000041,Northeast,southwest_monsoon,8,119,2020-08-18,11.7,6.170694444444445,159.234,1001.9,100.0,31.7,75.25833333333334
SP-00011,FCAST-000042,Northeast,heatwave,3,1419,2024-03-10,4.68,2.748333333333333,35.842,1004.8,65.8,38.2,74.72916666666667
SP-00011,FCAST-000043,Northeast,summer_storm,5,24,2020-05-15,16.38,7.004722222222223,120.182,999.1,97.9,33.59,74.65555555555555
SP-00011,FCAST-000044,Northeast,tropical_cyclone,10,1284,2023-10-27,26.33,13.352777777777778,327.947,987.3,100.0,30.7,75.36388888888888
SP-00012,FCAST-000045,Northeast,heatwave,3,682,2023-03-24,4.68,2.6630555555555557,37.054,1004.7,65.5,38.2,74.98750000000001
SP-00012,FCAST-000046,Northeast,southwest_monsoon,6,1131,2024-06-15,11.7,6.072777777777778,155.296,1001.4,99.4,31.7,74.88333333333334
SP-00012,FCAST-000047,Northeast,summer_storm,5,5,2021-05-16,16.38,6.913888888888889,123.195,999.0,96.8,33.05,75.29583333333333
SP-00012,FCAST-000048,Northeast,tropical_cyclone,8,472,2022-08-26,26.33,13.16763888888889,322.877,986.7,100.0,30.7,75.11666666666666
SP-00013,FCAST-000049,Northeast,summer_storm,5,854,2020-05-20,16.38,6.713611111111111,123.95400000000001,999.5,98.6,32.54,75.45277777777778
SP-00013,FCAST-000050,Northeast,tropical_cyclone,10,1726,2022-10-09,26.33,13.494444444444445,323.679,987.4,100.0,30.7,74.875
SP-00013,FCAST-000051,Northeast,heatwave,3,431,2019-03-24,4.68,2.752638888888889,36.811,1005.1,62.8,38.2,74.89305555555556
SP-00013,FCAST-000052,Northeast,southwest_monsoon,6,521,2019-06-22,11.7,6.499722222222222,159.879,1001.4,99.7,31.7,74.83055555555556
SP-00014,FCAST-000053,Northeast,southwest_monsoon,6,794,2021-06-04,11.7,6.19736111111111,158.597,1001.3,100.0,31.7,75.00694444444444
SP-00014,FCAST-000054,Northeast,heatwave,4,366,2020-04-02,4.68,2.6443055555555555,41.474,1004.7,64.1,38.2,74.70277777777778
SP-00014,FCAST-000055,Northeast,summer_storm,5,771,2021-05-12,16.38,6.704861111111111,124.06,999.5,97.7,32.84,75.1888888888889
SP-00014,FCAST-000056,Northeast,tropical_cyclone,11,1322,2022-11-14,26.33,13.311388888888889,318.123,987.0,100.0,30.7,74.65972222222223
SP-00015,FCAST-000057,Northeast,southwest_monsoon,9,498,2022-09-07,11.7,6.113194444444444,160.691,1001.5,100.0,31.7,74.86388888888888
SP-00015,FCAST-000058,Northeast,tropical_cyclone,11,553,2022-11-01,26.33,13.34513888888889,317.075,986.8,100.0,30.7,75.19861111111112
SP-00015,FCAST-000059,Northeast,heatwave,3,1047,2024-03-09,4.68,2.7181944444444444,44.288,1004.4,66.1,38.2,75.23055555555555
SP-00015,FCAST-000060,Northeast,summer_storm,4,339,2022-04-01,16.38,6.615694444444444,120.351,999.1,95.7,33.48,75.02222222222223
SP-00016,FCAST-000061,Northeast,summer_storm,4,1560,2023-04-22,16.38,7.03625,119.478,998.7,97.6,33.94,75.01805555555556
SP-00016,FCAST-000062,Northeast,heatwave,4,834,2021-04-26,4.68,2.528472222222222,42.808,1004.6,62.6,38.2,74.67222222222222
SP-00016,FCAST-000063,Northeast,southwest_monsoon,6,1256,2022-06-22,11.7,6.166805555555555,155.547,1002.0,98.3,31.7,75.01249999999999
SP-00016,FCAST-000064,Northeast,tropical_cyclone,8,2050,2024-08-24,26.33,13.212499999999999,320.272,987.0,100.0,30.7,74.70277777777778
SP-00017,FCAST-000065,Northeast,southwest_monsoon,8,1016,2024-08-26,11.7,6.449722222222222,163.223,1002.2,100.0,31.7,74.85972222222222
SP-00017,FCAST-000066,Northeast,summer_storm,4,532,2023-04-30,16.38,6.556388888888889,126.348,999.4,96.8,33.11,74.76111111111112
SP-00017,FCAST-000067,Northeast,heatwave,3,855,2024-03-18,4.68,2.8279166666666664,36.815,1004.8,63.9,38.2,75.21944444444445
SP-00017,FCAST-000068,Northeast,tropical_cyclone,11,365,2022-11-14,26.33,13.538055555555555,317.785,987.0,100.0,30.7,75.08055555555556
SP-00018,FCAST-000069,Northeast,heatwave,3,959,2024-03-15,4.68,2.8593055555555558,40.993,1004.9,63.0,38.2,74.54722222222222
SP-00018,FCAST-000070,Northeast,summer_storm,5,1031,2024-05-26,16.38,6.702638888888889,125.712,999.5,98.6,33.08,74.725
SP-00018,FCAST-000071,Northeast,tropical_cyclone,10,796,2023-10-04,26.33,13.339861111111112,310.602,987.2,100.0,30.7,75.41527777777777
SP-00018,FCAST-000072,Northeast,southwest_monsoon,9,1139,2024-09-11,11.7,6.295,156.751,1001.7,100.0,31.7,75.3763888888889
SP-00019,FCAST-000073,Northeast,heatwave,3,944,2023-03-27,4.68,2.5727777777777776,38.392,1004.7,63.6,38.2,74.64166666666667
SP-00019,FCAST-000074,Northeast,southwest_monsoon,9,755,2022-09-19,11.7,6.392222222222222,163.418,1002.3,100.0,31.7,75.08611111111111
SP-00019,FCAST-000075,Northeast,tropical_cyclone,10,416,2021-10-15,26.33,13.124583333333334,322.997,987.0,100.0,30.7,75.18055555555556
SP-00019,FCAST-000076,Northeast,summer_storm,4,586,2022-04-03,16.38,7.124722222222222,120.30199999999999,999.7,95.8,33.75,74.64027777777778
SP-00020,FCAST-000077,Northeast,heatwave,4,1740,2024-04-05,4.68,2.6644444444444444,37.933,1005.3,63.3,38.2,75.40277777777777
SP-00020,FCAST-000078,Northeast,southwest_monsoon,8,767,2021-08-06,11.7,6.384305555555556,154.525,1001.9,98.6,31.7,74.77638888888889
SP-00020,FCAST-000079,Northeast,tropical_cyclone,9,1158,2022-09-01,26.33,13.582500000000001,319.041,987.4,100.0,30.7,75.00694444444444
SP-00020,FCAST-000080,Northeast,summer_storm,5,1778,2024-05-13,16.38,6.901666666666667,125.293,998.6,97.1,33.04,75.06944444444444
SP-00021,FCAST-000081,Northeast,tropical_cyclone,10,129,2018-10-05,26.33,13.35513888888889,316.489,987.6,100.0,30.7,74.76805555555556
SP-00021,FCAST-000082,Northeast,heatwave,3,1765,2023-03-29,4.68,2.647222222222222,36.907,1004.3,64.8,38.2,74.96527777777777
SP-00021,FCAST-000083,Northeast,summer_storm,5,1828,2023-05-31,16.38,7.208194444444445,121.953,999.2,97.5,33.36,75.19305555555555
SP-00021,FCAST-000084,Northeast,southwest_monsoon,9,831,2020-09-06,11.7,6.141805555555555,157.40200000000002,1002.4,99.0,31.7,74.60694444444444
SP-00022,FCAST-000085,Northeast,tropical_cyclone,9,538,2022-09-30,26.33,13.169583333333334,323.064,986.9,100.0,30.7,75.53055555555555
SP-00022,FCAST-000086,Northeast,heatwave,3,344,2022-03-20,4.68,2.7540277777777775,40.287,1004.9,64.5,38.2,75.15277777777777
SP-00022,FCAST-000087,Northeast,southwest_monsoon,8,501,2022-08-24,11.7,6.077222222222222,159.371,1001.3,98.4,31.7,75.45694444444445
SP-00022,FCAST-000088,Northeast,summer_storm,4,372,2022-04-17,16.38,6.876388888888888,125.644,999.6,96.5,33.52,75.14166666666667
SP-00023,FCAST-000089,Northeast,tropical_cyclone,8,915,2022-08-31,26.33,13.070416666666667,321.141,987.0,100.0,30.7,74.93333333333334
SP-00023,FCAST-000090,Northeast,southwest_monsoon,7,515,2021-07-27,11.7,6.396805555555556,158.811,1002.3,99.8,31.7,75.18472222222222
SP-00023,FCAST-000091,Northeast,summer_storm,5,449,2021-05-22,16.38,7.032361111111111,123.903,998.7,97.7,32.92,75.03194444444445
SP-00023,FCAST-000092,Northeast,heatwave,4,405,2021-04-08,4.68,2.7841666666666667,38.971000000000004,1005.2,67.5,38.2,75.45277777777778
SP-00024,FCAST-000093,Northeast,summer_storm,4,273,2020-04-18,16.38,6.763194444444444,126.879,999.6,97.3,33.69,74.67638888888888
SP-00024,FCAST-000094,Northeast,tropical_cyclone,9,50,2019-09-08,26.33,13.182222222222222,325.877,986.5,100.0,30.7,75.02777777777777
SP-00024,FCAST-000095,Northeast,heatwave,3,1324,2023-03-05,4.68,2.565138888888889,49.697,1005.0,63.5,38.2,74.98611111111111
SP-00024,FCAST-000096,Northeast,southwest_monsoon,8,1853,2024-08-15,11.7,6.206250000000001,158.726,1002.1,97.7,31.7,74.73888888888888
SP-00025,FCAST-000097,Northeast,southwest_monsoon,9,1542,2024-09-05,11.7,6.315,161.369,1002.3,100.0,31.7,74.82499999999999
SP-00025,FCAST-000098,Northeast,tropical_cyclone,11,891,2022-11-24,26.33,13.57125,313.605,987.3,99.9,30.7,74.92777777777778
SP-00025,FCAST-000099,Northeast,heatwave,3,1360,2024-03-07,4.68,2.658333333333333,41.66,1004.2,62.3,38.2,75.10138888888889
SP-00025,FCAST-000100,Northeast,summer_storm,4,683,2022-04-30,16.38,7.041527777777778,124.604,999.3,97.8,32.94,74.9375
SP-00026,FCAST-000101,Northeast,tropical_cyclone,11,149,2019-11-28,26.33,13.373888888888889,324.745,986.8,100.0,30.7,75.08333333333333
SP-00026,FCAST-000102,Northeast,southwest_monsoon,8,42,2019-08-13,11.7,6.365555555555556,154.305,1001.5,100.0,31.7,74.98472222222222
SP-00026,FCAST-000103,Northeast,heatwave,3,1339,2023-03-02,4.68,2.747916666666667,35.497,1004.8,64.5,38.2,74.95555555555556
SP-00026,FCAST-000104,Northeast,summer_storm,4,1374,2023-04-06,16.38,6.965694444444444,116.59700000000001,999.2,96.1,33.27,74.98472222222222
SP-00027,FCAST-000105,Northeast,southwest_monsoon,6,618,2022-06-25,11.7,6.462916666666667,153.842,1002.1,100.0,31.7,74.91527777777777
SP-00027,FCAST-000106,Northeast,tropical_cyclone,10,724,2022-10-09,26.33,13.57263888888889,316.386,987.4,100.0,30.7,74.63611111111112
SP-00027,FCAST-000107,Northeast,heatwave,3,1252,2024-03-20,4.68,2.6094444444444442,40.957,1004.8,62.7,38.2,75.04166666666667
SP-00027,FCAST-000108,Northeast,summer_storm,4,1293,2024-04-30,16.38,6.624583333333334,121.494,999.8,97.5,34.2,75.61944444444445
SP-00028,FCAST-000109,Northeast,southwest_monsoon,6,1693,2024-06-25,11.7,6.120416666666667,164.079,1001.3,99.9,31.7,74.71527777777777
SP-00028,FCAST-000110,Northeast,tropical_cyclone,9,689,2021-09-25,26.33,13.245555555555557,319.59000000000003,987.2,100.0,30.7,74.88749999999999
SP-00028,FCAST-000111,Northeast,summer_storm,4,522,2021-04-11,16.38,6.651805555555556,122.526,999.4,97.8,34.38,74.85416666666667
SP-00028,FCAST-000112,Northeast,heatwave,4,159,2020-04-13,4.68,2.863888888888889,31.169,1004.8,63.3,38.2,74.24583333333334
SP-00029,FCAST-000113,Northeast,southwest_monsoon,8,992,2024-08-10,11.7,6.363472222222223,161.599,1001.9,99.6,31.7,75.18333333333334
SP-00029,FCAST-000114,Northeast,tropical_cyclone,9,1033,2024-09-20,26.33,13.310416666666667,321.996,987.5,100.0,30.7,74.67083333333333
SP-00029,FCAST-000115,Northeast,heatwave,4,511,2023-04-17,4.68,2.8494444444444444,33.025,1004.8,67.3,38.2,74.89583333333333
SP-00029,FCAST-000116,Northeast,summer_storm,4,863,2024-04-03,16.38,6.967083333333333,121.126,999.3,98.5,33.03,75.3375
SP-00030,FCAST-000117,Northeast,summer_storm,5,152,2022-05-05,16.38,6.706666666666667,120.20100000000001,999.3,96.9,33.58,75.35833333333333
SP-00030,FCAST-000118,Northeast,southwest_monsoon,9,660,2023-09-25,11.7,6.493472222222222,159.957,1001.6,99.7,31.7,74.77777777777777
SP-00030,FCAST-000119,Northeast,tropical_cyclone,10,301,2022-10-01,26.33,13.337499999999999,325.915,986.7,100.0,30.7,75.03055555555555
SP-00030,FCAST-000120,Northeast,heatwave,4,876,2024-04-28,4.68,2.4183333333333334,50.352,1005.0,65.5,38.2,75.29583333333333
SP-00031,FCAST-000121,Northeast,tropical_cyclone,8,181,2020-08-23,26.33,13.168611111111112,315.268,987.4,100.0,30.7,75.06944444444444
SP-00031,FCAST-000122,Northeast,summer_storm,4,1139,2023-04-08,16.38,6.583333333333333,123.767,999.0,97.7,33.63,74.82083333333334
SP-00031,FCAST-000123,Northeast,heatwave,3,9,2020-03-04,4.68,2.64125,37.348,1004.2,62.1,38.2,74.76527777777778
SP-00031,FCAST-000124,Northeast,southwest_monsoon,8,1645,2024-08-26,11.7,6.178333333333333,158.54,1001.9,99.8,31.7,75.1236111111111
SP-00032,FCAST-000125,Northeast,tropical_cyclone,9,285,2021-09-11,26.33,13.408055555555556,319.265,987.4,100.0,30.7,74.9625
SP-00032,FCAST-000126,Northeast,summer_storm,5,904,2023-05-23,16.38,7.296250000000001,124.327,999.1,98.2,33.18,74.95833333333333
SP-00032,FCAST-000127,Northeast,southwest_monsoon,7,232,2021-07-20,11.7,6.31875,151.951,1002.1,99.7,31.7,75.10694444444444
SP-00032,FCAST-000128,Northeast,heatwave,3,112,2021-03-22,4.68,2.682777777777778,43.606,1004.3,64.1,38.2,75.0611111111111
SP-00033,FCAST-000129,Northeast,summer_storm,5,530,2023-05-15,16.38,7.300277777777778,128.547,999.2,98.9,32.92,75.04722222222222
SP-00033,FCAST-000130,Northeast,southwest_monsoon,8,243,2022-08-01,11.7,6.240972222222222,160.732,1001.9,100.0,31.7,75.34722222222223
SP-00033,FCAST-000131,Northeast,tropical_cyclone,11,716,2023-11-17,26.33,13.380416666666667,320.179,986.6,100.0,30.7,75.1263888888889
SP-00033,FCAST-000132,Northeast,heatwave,3,835,2024-03-15,4.68,2.604861111111111,40.716,1004.7,62.5,38.2,74.86111111111111
SP-00034,FCAST-000133,Northeast,southwest_monsoon,7,1583,2023-07-12,11.7,6.13,156.034,1002.0,100.0,31.7,75.21666666666667
SP-00034,FCAST-000134,Northeast,summer_storm,4,767,2021-04-17,16.38,7.016666666666667,118.176,999.3,96.3,33.55,74.93333333333334
SP-00034,FCAST-000135,Northeast,tropical_cyclone,10,945,2021-10-12,26.33,13.120694444444446,321.73,987.4,100.0,30.7,74.54305555555555
SP-00034,FCAST-000136,Northeast,heatwave,4,1127,2022-04-12,4.68,2.7251388888888886,41.249,1005.1,64.1,38.2,74.8736111111111
SP-00035,FCAST-000137,Northeast,heatwave,3,238,2021-03-14,4.68,2.557083333333333,43.748,1004.7,66.8,38.2,75.04305555555555
SP-00035,FCAST-000138,Northeast,southwest_monsoon,6,706,2022-06-25,11.7,6.295,162.008,1002.0,99.9,31.7,75.14444444444445
SP-00035,FCAST-000139,Northeast,tropical_cyclone,11,1215,2023-11-16,26.33,13.363055555555555,329.239,986.8,100.0,30.7,74.71388888888889
SP-00035,FCAST-000140,Northeast,summer_storm,4,642,2022-04-22,16.38,7.001111111111111,119.885,999.6,97.2,34.29,75.01944444444445
SP-00036,FCAST-000141,Northeast,southwest_monsoon,9,1032,2023-09-30,11.7,6.266388888888889,161.41,1002.3,97.8,31.7,75.29444444444444
SP-00036,FCAST-000142,Northeast,summer_storm,4,867,2023-04-18,16.38,6.746944444444444,126.565,999.6,98.2,33.18,74.98750000000001
SP-00036,FCAST-000143,Northeast,tropical_cyclone,11,1437,2024-11-08,26.33,13.404166666666667,324.62,987.5,100.0,30.7,75.08611111111111
SP-00036,FCAST-000144,Northeast,heatwave,4,502,2022-04-18,4.68,2.7134722222222223,37.981,1004.5,61.6,38.2,74.70277777777778
SP-00037,FCAST-000145,Northeast,southwest_monsoon,8,903,2022-08-25,11.7,6.225555555555555,152.471,1001.8,100.0,31.7,75.20694444444445
SP-00037,FCAST-000146,Northeast,summer_storm,4,1514,2024-04-27,16.38,6.635694444444444,121.83,999.4,98.6,33.71,74.89444444444445
SP-00037,FCAST-000147,Northeast,tropical_cyclone,10,966,2022-10-27,26.33,13.477222222222222,309.353,987.3,100.0,30.7,75.09166666666667
SP-00037,FCAST-000148,Northeast,heatwave,4,766,2022-04-10,4.68,2.6065277777777776,31.701,1004.5,61.8,38.2,75.54444444444444
SP-00038,FCAST-000149,Northeast,heatwave,4,962,2021-04-14,4.68,2.7241666666666666,37.9,1004.0,67.3,38.2,74.96388888888889
SP-00038,FCAST-000150,Northeast,southwest_monsoon,6,653,2020-06-09,11.7,6.390138888888888,157.911,1001.6,100.0,31.7,75.12083333333334
SP-00038,FCAST-000151,Northeast,summer_storm,4,2067,2024-04-23,16.38,6.975277777777778,123.749,999.5,96.9,33.93,75.05972222222222
SP-00038,FCAST-000152,Northeast,tropical_cyclone,8,1817,2023-08-17,26.33,13.23027777777778,320.263,986.8,100.0,30.7,75.0611111111111
SP-00039,FCAST-000153,Northeast,summer_storm,4,352,2022-04-22,16.38,7.006805555555555,125.839,999.2,98.0,32.52,75.1263888888889
SP-00039,FCAST-000154,Northeast,tropical_cyclone,9,123,2021-09-05,26.33,13.632916666666667,323.284,987.3,100.0,30.7,74.84305555555555
SP-00039,FCAST-000155,Northeast,heatwave,3,685,2023-03-21,4.68,2.685972222222222,40.236,1005.1,66.3,38.2,75.24305555555556
SP-00039,FCAST-000156,Northeast,southwest_monsoon,9,1228,2024-09-14,11.7,6.400555555555555,158.56,1002.2,99.3,31.7,74.87222222222222
SP-00040,FCAST-000157,Northeast,summer_storm,5,54,2018-05-10,16.38,6.78875,123.881,999.4,96.2,33.65,75.03888888888889
SP-00040,FCAST-000158,Northeast,tropical_cyclone,10,2043,2023-10-20,26.33,13.440694444444444,319.508,987.5,100.0,30.7,75.10972222222222
SP-00040,FCAST-000159,Northeast,heatwave,3,717,2020-03-03,4.68,2.6305555555555555,43.501,1005.3,64.5,38.2,75.23750000000001
SP-00040,FCAST-000160,Northeast,southwest_monsoon,8,1628,2022-08-31,11.7,6.188611111111111,169.482,1002.0,99.8,31.7,74.9
SP-00041,FCAST-000161,Northeast,tropical_cyclone,9,1293,2024-09-05,26.33,13.543611111111112,316.88,987.5,100.0,30.7,75.19027777777778
SP-00041,FCAST-000162,Northeast,heatwave,3,1487,2025-03-18,4.68,2.443888888888889,35.216,1004.9,63.3,38.2,75.02361111111111
SP-00041,FCAST-000163,Northeast,southwest_monsoon,9,208,2021-09-16,11.7,6.079444444444444,161.007,1001.1,100.0,31.7,74.9986111111111
SP-00041,FCAST-000164,Northeast,summer_storm,5,96,2021-05-27,16.38,6.885138888888889,124.596,999.0,98.2,32.99,75.15833333333333
SP-00042,FCAST-000165,Northeast,heatwave,3,867,2023-03-06,4.68,2.637916666666667,34.652,1005.2,64.7,38.2,75.23055555555555
SP-00042,FCAST-000166,Northeast,summer_storm,4,537,2022-04-10,16.38,6.822638888888889,122.506,999.3,99.4,33.81,75.14722222222223
SP-00042,FCAST-000167,Northeast,tropical_cyclone,11,742,2022-11-01,26.33,13.326666666666666,314.326,987.1,100.0,30.7,74.66388888888889
SP-00042,FCAST-000168,Northeast,southwest_monsoon,7,256,2021-07-03,11.7,6.4406944444444445,158.124,1001.7,99.6,31.7,74.83888888888889
SP-00043,FCAST-000169,Northeast,southwest_monsoon,8,1297,2023-08-11,11.7,6.230972222222222,163.827,1002.2,100.0,31.7,74.93194444444445
SP-00043,FCAST-000170,Northeast,heatwave,4,76,2020-04-07,4.68,2.52875,37.195,1004.5,64.5,38.2,74.96527777777777
SP-00043,FCAST-000171,Northeast,tropical_cyclone,9,1703,2024-09-20,26.33,13.300138888888888,317.757,986.5,100.0,30.7,75.07083333333334
SP-00043,FCAST-000172,Northeast,summer_storm,4,1175,2023-04-11,16.38,6.875555555555556,126.364,999.1,97.5,33.43,74.50694444444444
SP-00044,FCAST-000173,Northeast,summer_storm,4,318,2022-04-19,16.38,6.897916666666666,122.152,998.9,98.2,33.66,74.91666666666667
SP-00044,FCAST-000174,Northeast,heatwave,4,688,2023-04-24,4.68,2.589861111111111,42.214,1004.8,62.1,38.2,74.61388888888888
SP-00044,FCAST-000175,Northeast,southwest_monsoon,6,366,2022-06-06,11.7,6.086527777777778,154.041,1002.1,99.2,31.7,74.61666666666666
SP-00044,FCAST-000176,Northeast,tropical_cyclone,11,1246,2024-11-02,26.33,13.525277777777779,316.773,987.6,100.0,30.7,75.09861111111111
SP-00045,FCAST-000177,Northeast,summer_storm,4,190,2020-04-02,16.38,6.702222222222222,130.182,999.4,97.8,33.23,74.53611111111111
SP-00045,FCAST-000178,Northeast,heatwave,3,173,2020-03-16,4.68,2.5781944444444442,46.646,1005.0,64.9,38.2,75.08194444444445
SP-00045,FCAST-000179,Northeast,tropical_cyclone,10,744,2021-10-08,26.33,13.462499999999999,318.762,986.9,100.0,30.7,75.05416666666666
SP-00045,FCAST-000180,Northeast,southwest_monsoon,8,1789,2024-08-18,11.7,6.401527777777777,159.876,1001.1,99.3,31.7,74.94444444444444
SP-00046,FCAST-000181,Northeast,heatwave,3,1423,2023-03-03,4.68,2.647222222222222,36.622,1004.4,63.3,38.2,74.91527777777777
SP-00046,FCAST-000182,Northeast,summer_storm,4,1454,2023-04-03,16.38,6.597638888888889,121.102,999.3,97.7,33.5,75.50694444444444
SP-00046,FCAST-000183,Northeast,tropical_cyclone,10,182,2019-10-09,26.33,13.200277777777778,333.64,987.4,100.0,30.7,75.38194444444444
SP-00046,FCAST-000184,Northeast,southwest_monsoon,7,1197,2022-07-20,11.7,6.370694444444444,158.831,1001.8,98.9,31.7,74.74722222222222
SP-00047,FCAST-000185,Northeast,southwest_monsoon,6,44,2020-06-28,11.7,6.1755555555555555,154.918,1001.4,99.5,31.7,74.83194444444445
SP-00047,FCAST-000186,Northeast,heatwave,3,670,2022-03-16,4.68,2.8315277777777776,38.371,1004.6,66.1,38.2,75.13749999999999
SP-00047,FCAST-000187,Northeast,summer_storm,4,1073,2023-04-23,16.38,6.662361111111111,130.889,999.1,96.3,32.78,75.42361111111111
SP-00047,FCAST-000188,Northeast,tropical_cyclone,8,817,2022-08-10,26.33,13.213333333333333,318.353,987.6,100.0,30.7,75.29027777777777
SP-00048,FCAST-000189,Northeast,southwest_monsoon,8,356,2020-08-25,11.7,6.235833333333333,159.816,1001.4,100.0,31.7,75.01249999999999
SP-00048,FCAST-000190,Northeast,heatwave,3,548,2021-03-05,4.68,2.4673611111111113,37.831,1004.9,63.5,38.2,74.85
SP-00048,FCAST-000191,Northeast,tropical_cyclone,11,1906,2024-11-22,26.33,13.115694444444445,318.019,987.4,100.0,30.7,74.9361111111111
SP-00048,FCAST-000192,Northeast,summer_storm,4,1331,2023-04-27,16.38,6.752222222222223,125.628,999.6,98.5,33.13,74.94305555555555
SP-00049,FCAST-000193,Northeast,tropical_cyclone,10,1,2021-10-17,26.33,13.403611111111111,318.992,987.1,100.0,30.7,74.74444444444445
SP-00049,FCAST-000194,Northeast,heatwave,4,175,2022-04-09,4.68,2.6594444444444445,44.689,1004.7,64.2,38.2,74.99305555555556
SP-00049,FCAST-000195,Northeast,summer_storm,4,905,2024-04-08,16.38,6.585416666666666,122.636,999.4,96.5,32.98,74.68333333333334
SP-00049,FCAST-000196,Northeast,southwest_monsoon,7,631,2023-07-09,11.7,6.158472222222222,150.827,1001.7,99.4,31.7,74.94027777777778
SP-00050,FCAST-000197,Northeast,southwest_monsoon,6,1025,2024-06-15,11.7,6.370138888888889,157.371,1002.6,100.0,31.7,75.22777777777777
SP-00050,FCAST-000198,Northeast,heatwave,3,940,2024-03-22,4.68,2.8451388888888887,40.102,1004.9,64.0,38.2,74.70138888888889
SP-00050,FCAST-000199,Northeast,summer_storm,5,993,2024-05-14,16.38,6.967222222222222,124.956,998.8,97.4,32.66,75.23194444444444
SP-00050,FCAST-000200,Northeast,tropical_cyclone,10,785,2023-10-19,26.33,13.261666666666667,311.64,987.5,100.0,30.7,74.61388888888888
SP-00051,FCAST-000201,Northeast,heatwave,4,827,2020-04-22,4.68,2.888611111111111,43.579,1004.9,63.9,38.2,74.57777777777778
SP-00051,FCAST-000202,Northeast,southwest_monsoon,6,1971,2023-06-10,11.7,6.382638888888889,155.873,1001.8,99.7,31.7,74.89027777777778
SP-00051,FCAST-000203,Northeast,tropical_cyclone,10,1374,2021-10-21,26.33,13.216527777777777,318.348,987.6,100.0,30.7,74.94305555555555
SP-00051,FCAST-000204,Northeast,summer_storm,5,1935,2023-05-05,16.38,7.0119444444444445,127.926,999.5,95.7,33.31,75.17638888888888
SP-00052,FCAST-000205,Northeast,heatwave,3,1193,2022-03-11,4.68,2.488611111111111,41.12,1005.0,64.1,38.2,74.76666666666667
SP-00052,FCAST-000206,Northeast,summer_storm,4,141,2019-04-24,16.38,7.229583333333333,128.382,998.7,98.5,33.98,74.99444444444445
SP-00052,FCAST-000207,Northeast,southwest_monsoon,8,2088,2024-08-22,11.7,6.346666666666667,155.83,1001.7,100.0,31.7,75.23888888888888
SP-00052,FCAST-000208,Northeast,tropical_cyclone,11,2174,2024-11-16,26.33,13.610277777777778,316.303,987.4,100.0,30.7,75.03611111111111
SP-00053,FCAST-000209,Northeast,tropical_cyclone,9,2120,2024-09-11,26.33,13.339166666666666,321.7,987.3,100.0,30.7,74.78888888888889
SP-00053,FCAST-000210,Northeast,heatwave,4,873,2021-04-13,4.68,2.7595833333333335,38.886,1004.4,64.2,38.2,75.49027777777778
SP-00053,FCAST-000211,Northeast,southwest_monsoon,9,651,2020-09-03,11.7,6.09,157.753,1001.9,100.0,31.7,75.24722222222222
SP-00053,FCAST-000212,Northeast,summer_storm,5,2005,2024-05-19,16.38,6.806666666666667,125.224,998.9,97.4,33.33,75.28472222222223
SP-00054,FCAST-000213,Northeast,summer_storm,4,975,2024-04-23,16.38,6.690555555555555,123.031,999.6,99.8,33.58,74.89305555555556
SP-00054,FCAST-000214,Northeast,heatwave,3,208,2022-03-18,4.68,2.6706944444444445,36.642,1005.0,63.2,38.2,74.94305555555555
SP-00054,FCAST-000215,Northeast,tropical_cyclone,9,23,2021-09-14,26.33,13.459027777777777,319.918,987.3,100.0,30.7,75.28055555555555
SP-00054,FCAST-000216,Northeast,southwest_monsoon,8,1080,2024-08-06,11.7,6.195833333333334,159.569,1001.4,98.9,31.7,75.39444444444445
SP-00055,FCAST-000217,Northeast,tropical_cyclone,11,1266,2023-11-04,26.33,13.433055555555555,319.105,987.4,100.0,30.7,75.07222222222222
SP-00055,FCAST-000218,Northeast,heatwave,4,1072,2023-04-24,4.68,2.689583333333333,34.59,1004.7,62.9,38.2,74.65694444444445
SP-00055,FCAST-000219,Northeast,summer_storm,5,377,2021-05-29,16.38,6.760416666666667,121.554,999.0,98.7,32.97,75.05833333333334
SP-00055,FCAST-000220,Northeast,southwest_monsoon,6,1116,2023-06-07,11.7,6.2501388888888885,155.358,1001.4,99.8,31.7,75.15555555555555
SP-00056,FCAST-000221,Northeast,tropical_cyclone,11,564,2020-11-02,26.33,13.360138888888889,320.324,987.1,100.0,30.7,74.70416666666667
SP-00056,FCAST-000222,Northeast,summer_storm,4,1081,2022-04-03,16.38,7.022083333333333,123.497,998.8,97.8,33.06,75.08888888888889
SP-00056,FCAST-000223,Northeast,heatwave,4,1450,2023-04-07,4.68,2.572222222222222,45.095,1004.6,62.4,38.2,75.125
SP-00056,FCAST-000224,Northeast,southwest_monsoon,9,136,2019-09-01,11.7,6.427083333333333,162.96,1002.6,97.8,31.7,74.57638888888889
SP-00057,FCAST-000225,Northeast,summer_storm,5,1022,2023-05-08,16.38,6.63875,117.147,999.6,97.6,33.2,74.8125
SP-00057,FCAST-000226,Northeast,heatwave,3,241,2021-03-18,4.68,2.66125,42.512,1005.0,65.3,38.2,74.60833333333333
SP-00057,FCAST-000227,Northeast,southwest_monsoon,9,413,2021-09-06,11.7,6.286944444444444,158.529,1002.0,100.0,31.7,74.91527777777777
SP-00057,FCAST-000228,Northeast,tropical_cyclone,8,392,2021-08-16,26.33,13.129861111111111,318.399,986.8,100.0,30.7,75.00833333333334
SP-00058,FCAST-000229,Northeast,southwest_monsoon,7,1449,2022-07-29,11.7,6.302083333333333,159.679,1002.2,99.6,31.7,74.55555555555556
SP-00058,FCAST-000230,Northeast,summer_storm,5,1725,2023-05-01,16.38,6.717083333333333,129.343,999.5,97.6,33.67,75.30555555555556
SP-00058,FCAST-000231,Northeast,tropical_cyclone,8,1090,2021-08-04,26.33,13.658888888888889,319.862,987.4,100.0,30.7,74.58333333333333
SP-00058,FCAST-000232,Northeast,heatwave,4,241,2019-04-08,4.68,2.685833333333333,49.028999999999996,1004.7,65.2,38.2,75.25
SP-00059,FCAST-000233,Northeast,tropical_cyclone,11,843,2021-11-08,26.33,13.129166666666666,319.751,986.7,100.0,30.7,75.61666666666666
SP-00059,FCAST-000234,Northeast,heatwave,3,616,2021-03-26,4.68,2.7891666666666666,39.429,1005.2,65.8,38.2,74.97916666666667
SP-00059,FCAST-000235,Northeast,summer_storm,5,660,2021-05-09,16.38,6.679444444444445,123.602,999.0,97.3,33.59,74.92777777777778
SP-00059,FCAST-000236,Northeast,southwest_monsoon,6,1439,2023-06-27,11.7,6.368055555555555,154.054,1001.5,100.0,31.7,75.11805555555556
SP-00060,FCAST-000237,Northeast,tropical_cyclone,11,195,2019-11-14,26.33,13.417638888888888,319.819,986.9,100.0,30.7,75.1
SP-00060,FCAST-000238,Northeast,southwest_monsoon,8,838,2021-08-18,11.7,6.321527777777778,155.977,1001.8,99.7,31.7,74.97222222222223
SP-00060,FCAST-000239,Northeast,heatwave,3,320,2020-03-18,4.68,2.7840277777777778,38.281,1004.7,67.9,38.2,75.12083333333334
SP-00060,FCAST-000240,Northeast,summer_storm,5,1469,2023-05-11,16.38,6.7938888888888895,118.884,999.7,97.8,32.85,75.17361111111111
SP-00061,FCAST-000241,Northeast,southwest_monsoon,9,1613,2023-09-06,11.7,6.255694444444444,159.374,1001.3,99.2,31.7,74.76666666666667
SP-00061,FCAST-000242,Northeast,tropical_cyclone,9,1610,2023-09-03,26.33,13.376111111111111,316.441,987.3,100.0,30.7,74.89305555555556
SP-00061,FCAST-000243,Northeast,heatwave,4,1476,2023-04-22,4.68,2.524583333333333,45.419,1004.3,63.2,38.2,75.02638888888889
SP-00061,FCAST-000244,Northeast,summer_storm,5,1132,2022-05-13,16.38,6.596527777777777,119.333,999.5,97.5,33.28,74.91111111111111
SP-00062,FCAST-000245,Northeast,southwest_monsoon,6,1369,2024-06-07,11.7,6.338194444444444,157.861,1000.8,98.9,31.7,74.90555555555555
SP-00062,FCAST-000246,Northeast,heatwave,3,567,2022-03-28,4.68,2.6468055555555554,40.595,1004.6,63.0,38.2,75.37083333333334
SP-00062,FCAST-000247,Northeast,tropical_cyclone,10,1120,2023-10-02,26.33,13.036527777777778,318.074,987.1,100.0,30.7,75.31527777777778
SP-00062,FCAST-000248,Northeast,summer_storm,5,606,2022-05-06,16.38,7.1130555555555555,127.043,999.0,97.0,32.78,74.70833333333333
SP-00063,FCAST-000249,Northeast,southwest_monsoon,7,805,2023-07-23,11.7,6.285,158.835,1002.0,98.2,31.7,74.64166666666667
SP-00063,FCAST-000250,Northeast,summer_storm,5,1093,2024-05-06,16.38,6.766805555555555,125.349,998.2,96.4,33.11,74.75416666666666
SP-00063,FCAST-000251,Northeast,tropical_cyclone,8,473,2022-08-25,26.33,13.332500000000001,323.64,987.8,100.0,30.7,75.0013888888889
SP-00063,FCAST-000252,Northeast,heatwave,4,1065,2024-04-08,4.68,2.818611111111111,42.47,1005.0,62.8,38.2,75.11666666666666
SP-00064,FCAST-000253,Northeast,southwest_monsoon,6,716,2020-06-08,11.7,6.290416666666667,159.217,1001.7,100.0,31.7,74.60416666666667
SP-00064,FCAST-000254,Northeast,heatwave,4,1760,2023-04-18,4.68,2.690138888888889,44.325,1004.9,63.2,38.2,74.73750000000001
SP-00064,FCAST-000255,Northeast,tropical_cyclone,8,54,2018-08-16,26.33,13.2675,319.901,987.6,100.0,30.7,75.19722222222222
SP-00064,FCAST-000256,Northeast,summer_storm,4,673,2020-04-26,16.38,6.6738888888888885,121.452,998.3,99.0,32.92,75.20416666666667
SP-00065,FCAST-000257,Northeast,summer_storm,4,480,2021-04-28,16.38,6.852777777777778,122.67699999999999,999.3,95.7,33.23,74.84722222222223
SP-00065,FCAST-000258,Northeast,heatwave,3,798,2022-03-12,4.68,2.6615277777777777,48.747,1004.8,65.3,38.2,74.89444444444445
SP-00065,FCAST-000259,Northeast,tropical_cyclone,11,681,2021-11-15,26.33,13.431111111111111,319.209,987.3,100.0,30.7,74.84861111111111
SP-00065,FCAST-000260,Northeast,southwest_monsoon,9,625,2021-09-20,11.7,6.350972222222222,166.091,1001.7,99.3,31.7,74.975
SP-00066,FCAST-000261,Northeast,tropical_cyclone,11,899,2021-11-26,26.33,13.205555555555556,315.901,986.9,100.0,30.7,75.15555555555555
SP-00066,FCAST-000262,Northeast,heatwave,3,294,2020-03-31,4.68,2.681388888888889,46.1,1004.4,64.8,38.2,74.54861111111111
SP-00066,FCAST-000263,Northeast,southwest_monsoon,6,741,2021-06-21,11.7,6.307916666666667,156.58599999999998,1002.3,100.0,31.7,74.92638888888888
SP-00066,FCAST-000264,Northeast,summer_storm,4,1032,2022-04-08,16.38,7.045694444444445,123.523,999.1,96.6,32.99,75.17638888888888
SP-00067,FCAST-000265,Northeast,heatwave,3,472,2020-03-02,4.68,2.761944444444444,44.017,1004.5,65.4,38.2,74.94722222222222
SP-00067,FCAST-000266,Northeast,southwest_monsoon,7,2080,2024-07-27,11.7,6.3613888888888885,159.614,1002.1,100.0,31.7,75.19166666666666
SP-00067,FCAST-000267,Northeast,summer_storm,5,179,2019-05-14,16.38,6.7001388888888895,126.266,999.4,99.2,33.46,75.07499999999999
SP-00067,FCAST-000268,Northeast,tropical_cyclone,10,328,2019-10-10,26.33,13.29263888888889,315.407,986.4,100.0,30.7,75.29583333333333
SP-00068,FCAST-000269,Northeast,summer_storm,5,639,2020-05-31,16.38,6.61375,120.554,999.9,97.7,32.86,75.20416666666667
SP-00068,FCAST-000270,Northeast,heatwave,4,970,2021-04-27,4.68,2.72875,45.15,1004.7,62.9,38.2,74.95138888888889
SP-00068,FCAST-000271,Northeast,southwest_monsoon,6,2125,2024-06-25,11.7,6.099861111111111,153.188,1001.1,100.0,31.7,75.17916666666666
SP-00068,FCAST-000272,Northeast,tropical_cyclone,11,1172,2021-11-15,26.33,13.243055555555555,317.286,986.4,100.0,30.7,74.67083333333333
SP-00069,FCAST-000273,Northeast,southwest_monsoon,7,1532,2023-07-31,11.7,6.184027777777778,157.523,1001.8,99.8,31.7,74.9388888888889
SP-00069,FCAST-000274,Northeast,summer_storm,5,1078,2022-05-03,16.38,7.343472222222222,122.149,999.1,97.0,32.92,74.9375
SP-00069,FCAST-000275,Northeast,tropical_cyclone,10,869,2021-10-06,26.33,13.812916666666666,314.545,987.4,99.8,30.7,74.78055555555555
SP-00069,FCAST-000276,Northeast,heatwave,4,325,2020-04-10,4.68,2.776527777777778,41.757,1005.0,64.0,38.2,75.00972222222222
SP-00070,FCAST-000277,Northeast,summer_storm,4,1996,2024-04-12,16.38,6.881666666666667,112.506,999.7,97.8,34.0,74.62916666666666
SP-00070,FCAST-000278,Northeast,tropical_cyclone,10,2176,2024-10-09,26.33,13.275694444444445,317.284,987.4,100.0,30.7,75.25833333333334
SP-00070,FCAST-000279,Northeast,southwest_monsoon,8,2109,2024-08-03,11.7,6.37625,157.213,1001.7,99.1,31.7,74.84583333333333
SP-00070,FCAST-000280,Northeast,heatwave,3,1975,2024-03-22,4.68,2.522777777777778,35.07,1004.6,65.5,38.2,74.82499999999999
SP-00071,FCAST-000281,Northeast,summer_storm,5,1218,2023-05-24,16.38,7.118472222222222,132.591,999.2,99.5,33.22,75.32777777777778
SP-00071,FCAST-000282,Northeast,southwest_monsoon,7,529,2021-07-04,11.7,6.481805555555556,155.245,1000.8,98.3,31.7,75.08888888888889
SP-00071,FCAST-000283,Northeast,heatwave,3,1509,2024-03-10,4.68,2.817638888888889,40.725,1004.6,61.7,38.2,74.99444444444445
SP-00071,FCAST-000284,Northeast,tropical_cyclone,9,974,2022-09-22,26.33,13.1475,317.538,987.7,100.0,30.7,75.02777777777777
SP-00072,FCAST-000285,Northeast,heatwave,3,186,2022-03-20,4.68,2.5306944444444444,35.039,1004.2,63.0,38.2,74.95833333333333
SP-00072,FCAST-000286,Northeast,summer_storm,4,945,2024-04-17,16.38,6.837361111111111,122.499,999.5,97.7,33.02,75.06805555555555
SP-00072,FCAST-000287,Northeast,tropical_cyclone,9,1098,2024-09-17,26.33,13.485,314.716,987.5,100.0,30.7,75.25277777777778
SP-00072,FCAST-000288,Northeast,southwest_monsoon,9,4,2021-09-19,11.7,6.616666666666666,158.50300000000001,1002.0,100.0,31.7,75.04583333333333
SP-00073,FCAST-000289,Northeast,heatwave,3,153,2020-03-21,4.68,2.7075,42.525,1004.8,68.3,38.2,75.04305555555555
SP-00073,FCAST-000290,Northeast,summer_storm,5,222,2020-05-29,16.38,7.055694444444445,116.987,998.9,98.0,32.96,75.17083333333333
SP-00073,FCAST-000291,Northeast,tropical_cyclone,8,296,2020-08-11,26.33,13.40125,317.194,986.9,100.0,30.7,75.05277777777778
SP-00073,FCAST-000292,Northeast,southwest_monsoon,8,1025,2022-08-10,11.7,6.094166666666666,166.624,1001.3,98.5,31.7,74.69999999999999
SP-00074,FCAST-000293,Northeast,tropical_cyclone,8,324,2020-08-30,26.33,13.086666666666666,320.261,987.7,100.0,30.7,74.74027777777778
SP-00074,FCAST-000294,Northeast,summer_storm,5,203,2020-05-01,16.38,7.01125,123.241,999.4,97.5,33.25,74.42777777777778
SP-00074,FCAST-000295,Northeast,southwest_monsoon,7,1746,2024-07-22,11.7,6.122777777777777,158.602,1001.8,99.3,31.7,75.00555555555555
SP-00074,FCAST-000296,Northeast,heatwave,3,150,2020-03-09,4.68,2.7380555555555555,42.604,1004.8,64.2,38.2,75.13333333333334
SP-00075,FCAST-000297,Northeast,heatwave,3,645,2023-03-28,4.68,2.74,41.687,1004.8,65.6,38.2,74.91388888888889
SP-00075,FCAST-000298,Northeast,southwest_monsoon,9,445,2022-09-09,11.7,6.460277777777778,160.992,1002.4,100.0,31.7,75.02638888888889
SP-00075,FCAST-000299,Northeast,tropical_cyclone,10,1226,2024-10-29,26.33,13.217222222222222,318.273,986.8,100.0,30.7,74.84166666666667
SP-00075,FCAST-000300,Northeast,summer_storm,5,344,2022-05-31,16.38,6.5320833333333335,122.672,999.6,96.5,32.51,74.83055555555556
SP-00076,FCAST-000301,Northeast,southwest_monsoon,9,1181,2024-09-27,11.7,6.36375,157.909,1001.7,100.0,31.7,74.86527777777778
SP-00076,FCAST-000302,Northeast,tropical_cyclone,8,785,2023-08-28,26.33,13.155416666666667,316.105,987.1,100.0,30.7,75.20694444444445
SP-00076,FCAST-000303,Northeast,summer_storm,4,1006,2024-04-05,16.38,6.717083333333333,121.396,999.2,98.7,32.93,75.13472222222222
SP-00076,FCAST-000304,Northeast,heatwave,4,1006,2024-04-05,4.68,2.7291666666666665,42.619,1004.8,63.3,38.2,74.97638888888889
SP-00077,FCAST-000305,Northeast,southwest_monsoon,6,670,2022-06-02,11.7,6.369027777777777,159.94,1002.1,100.0,31.7,75.04166666666667
SP-00077,FCAST-000306,Northeast,summer_storm,5,1025,2023-05-23,16.38,6.687916666666667,126.499,999.4,96.7,33.01,75.30416666666666
SP-00077,FCAST-000307,Northeast,heatwave,3,1328,2024-03-21,4.68,2.7440277777777777,37.749,1004.9,64.0,38.2,74.5013888888889
SP-00077,FCAST-000308,Northeast,tropical_cyclone,9,49,2020-09-19,26.33,13.639166666666666,329.944,987.3,100.0,30.7,75.08055555555556
SP-00078,FCAST-000309,Northeast,heatwave,3,1543,2024-03-07,4.68,2.8184722222222223,32.356,1004.6,64.4,38.2,74.93472222222222
SP-00078,FCAST-000310,Northeast,southwest_monsoon,7,573,2021-07-11,11.7,6.495972222222222,163.302,1001.0,98.6,31.7,74.94444444444444
SP-00078,FCAST-000311,Northeast,summer_storm,5,527,2021-05-26,16.38,7.141249999999999,120.402,999.1,96.7,33.48,75.11111111111111
SP-00078,FCAST-000312,Northeast,tropical_cyclone,9,288,2020-09-29,26.33,13.049027777777777,316.852,986.8,100.0,30.7,75.09861111111111
SP-00079,FCAST-000313,Northeast,southwest_monsoon,9,1154,2024-09-14,11.7,6.134027777777778,153.23499999999999,1001.5,100.0,31.7,75.21388888888889
SP-00079,FCAST-000314,Northeast,summer_storm,5,298,2022-05-12,16.38,7.013333333333334,122.675,999.0,100.0,33.65,75.20555555555556
SP-00079,FCAST-000315,Northeast,heatwave,3,618,2023-03-28,4.68,2.7972222222222225,39.175,1004.5,63.1,38.2,74.80277777777778
SP-00079,FCAST-000316,Northeast,tropical_cyclone,9,1154,2024-09-14,26.33,13.332916666666668,314.264,987.5,100.0,30.7,74.7513888888889
SP-00080,FCAST-000317,Northeast,summer_storm,5,971,2024-05-21,16.38,6.542638888888889,121.254,999.4,99.2,33.31,74.88194444444444
SP-00080,FCAST-000318,Northeast,heatwave,4,579,2023-04-25,4.68,2.7224999999999997,39.659,1004.9,63.5,38.2,74.83888888888889
SP-00080,FCAST-000319,Northeast,southwest_monsoon,8,696,2023-08-20,11.7,6.22,161.757,1001.7,100.0,31.7,75.10694444444444
SP-00080,FCAST-000320,Northeast,tropical_cyclone,9,1076,2024-09-03,26.33,13.341249999999999,316.166,987.3,100.0,30.7,75.19722222222222
SP-00081,FCAST-000321,Northeast,heatwave,3,324,2019-03-06,4.68,2.8155555555555556,37.027,1004.8,61.9,38.2,74.80833333333334
SP-00081,FCAST-000322,Northeast,summer_storm,5,1483,2022-05-08,16.38,6.927777777777778,122.401,999.2,96.8,33.31,75.07499999999999
SP-00081,FCAST-000323,Northeast,tropical_cyclone,9,524,2019-09-22,26.33,13.34125,327.449,987.1,100.0,30.7,74.95833333333333
SP-00081,FCAST-000324,Northeast,southwest_monsoon,7,465,2019-07-25,11.7,6.32875,163.909,1002.4,100.0,31.7,74.65138888888889
SP-00082,FCAST-000325,Northeast,heatwave,4,1056,2023-04-23,4.68,2.6365277777777774,35.606,1004.7,64.8,38.2,75.4125
SP-00082,FCAST-000326,Northeast,tropical_cyclone,11,172,2020-11-20,26.33,13.668055555555556,312.676,987.2,100.0,30.7,75.07222222222222
SP-00082,FCAST-000327,Northeast,southwest_monsoon,9,464,2021-09-08,11.7,6.270833333333333,159.268,1001.9,100.0,31.7,74.83194444444445
SP-00082,FCAST-000328,Northeast,summer_storm,5,364,2021-05-31,16.38,6.833194444444445,115.794,999.5,97.5,32.61,75.225
SP-00083,FCAST-000329,Northeast,heatwave,3,1003,2021-03-12,4.68,2.7269444444444444,38.385,1005.1,66.3,38.2,74.93472222222222
SP-00083,FCAST-000330,Northeast,summer_storm,5,702,2020-05-15,16.38,6.862638888888889,118.959,1000.0,98.2,34.3,75.47777777777777
SP-00083,FCAST-000331,Northeast,southwest_monsoon,6,1836,2023-06-23,11.7,6.318472222222223,162.941,1001.8,100.0,31.7,74.89166666666667
SP-00083,FCAST-000332,Northeast,tropical_cyclone,10,1214,2021-10-09,26.33,13.280277777777778,318.062,987.1,100.0,30.7,75.16527777777777
SP-00084,FCAST-000333,Northeast,summer_storm,5,1016,2021-05-24,16.38,6.8261111111111115,119.551,999.4,98.6,33.04,74.66666666666667
SP-00084,FCAST-000334,Northeast,heatwave,4,1342,2022-04-15,4.68,2.518333333333333,42.123,1004.4,62.1,38.2,75.11666666666666
SP-00084,FCAST-000335,Northeast,southwest_monsoon,6,1047,2021-06-24,11.7,6.086805555555555,153.536,1001.7,99.1,31.7,74.85416666666667
SP-00084,FCAST-000336,Northeast,tropical_cyclone,8,366,2019-08-13,26.33,13.413194444444445,326.084,986.6,99.8,30.7,75.00972222222222
SP-00085,FCAST-000337,Northeast,tropical_cyclone,9,316,2022-09-21,26.33,13.40611111111111,318.749,987.3,100.0,30.7,74.49166666666666
SP-00085,FCAST-000338,Northeast,heatwave,3,478,2023-03-02,4.68,2.7870833333333334,41.153999999999996,1004.7,62.8,38.2,75.16805555555555
SP-00085,FCAST-000339,Northeast,southwest_monsoon,8,647,2023-08-18,11.7,6.088888888888889,157.062,1001.8,99.1,31.7,74.59444444444445
SP-00085,FCAST-000340,Northeast,summer_storm,4,533,2023-04-26,16.38,6.8180555555555555,123.29899999999999,999.0,97.8,33.14,74.77638888888889
SP-00086,FCAST-000341,Northeast,tropical_cyclone,10,143,2019-10-26,26.33,13.716111111111111,318.837,987.0,100.0,30.7,75.46944444444445
SP-00086,FCAST-000342,Northeast,southwest_monsoon,8,1534,2023-08-17,11.7,6.399722222222222,149.713,1001.5,99.0,31.7,75.2486111111111
SP-00086,FCAST-000343,Northeast,summer_storm,4,302,2020-04-02,16.38,6.761388888888889,120.989,998.8,96.9,32.96,74.95833333333333
SP-00086,FCAST-000344,Northeast,heatwave,3,1009,2022-03-10,4.68,2.84375,45.744,1004.8,63.7,38.2,75.40416666666667
SP-00087,FCAST-000345,Northeast,southwest_monsoon,6,487,2021-06-28,11.7,5.8758333333333335,167.009,1001.1,100.0,31.7,74.97638888888889
SP-00087,FCAST-000346,Northeast,heatwave,4,783,2022-04-20,4.68,2.5926388888888887,39.195,1004.8,64.1,38.2,75.15138888888889
SP-00087,FCAST-000347,Northeast,tropical_cyclone,9,924,2022-09-08,26.33,13.386805555555556,316.23,987.0,100.0,30.7,75.12222222222222
SP-00087,FCAST-000348,Northeast,summer_storm,5,1526,2024-05-02,16.38,6.55625,123.05499999999999,999.4,97.0,33.81,74.75416666666666
SP-00088,FCAST-000349,Northeast,heatwave,4,944,2024-04-15,4.68,2.682777777777778,38.804,1004.8,62.0,38.2,74.43055555555556
SP-00088,FCAST-000350,Northeast,southwest_monsoon,9,2,2021-09-16,11.7,6.308194444444444,149.009,1001.9,100.0,31.7,75.23472222222222
SP-00088,FCAST-000351,Northeast,summer_storm,5,987,2024-05-28,16.38,7.2437499999999995,135.666,999.5,96.6,32.89,74.76249999999999
SP-00088,FCAST-000352,Northeast,tropical_cyclone,10,44,2021-10-28,26.33,13.32,318.919,987.5,100.0,30.7,74.73472222222222
SP-00089,FCAST-000353,Northeast,southwest_monsoon,6,1584,2024-06-01,11.7,6.399861111111111,158.81,1001.6,98.8,31.7,74.95694444444445
SP-00089,FCAST-000354,Northeast,tropical_cyclone,8,1303,2023-08-25,26.33,13.753055555555555,317.441,987.4,100.0,30.7,75.05000000000001
SP-00089,FCAST-000355,Northeast,heatwave,4,1174,2023-04-18,4.68,2.5858333333333334,42.660000000000004,1004.9,66.9,38.2,74.83333333333333
SP-00089,FCAST-000356,Northeast,summer_storm,4,793,2022-04-02,16.38,6.81,127.024,999.1,96.5,32.62,75.03888888888889
SP-00090,FCAST-000357,Northeast,heatwave,4,616,2022-04-09,4.68,2.783333333333333,38.974,1005.3,67.3,38.2,74.67361111111111
SP-00090,FCAST-000358,Northeast,tropical_cyclone,8,17,2020-08-18,26.33,13.347083333333334,310.235,987.6,100.0,30.7,75.33472222222223
SP-00090,FCAST-000359,Northeast,southwest_monsoon,8,737,2022-08-08,11.7,6.384722222222222,166.802,1001.4,99.3,31.7,74.80555555555556
SP-00090,FCAST-000360,Northeast,summer_storm,4,252,2021-04-10,16.38,6.742083333333333,124.988,999.0,97.2,33.4,75.275
SP-00091,FCAST-000361,Northeast,tropical_cyclone,10,306,2019-10-16,26.33,13.499305555555557,317.693,987.4,100.0,30.7,74.82777777777778
SP-00091,FCAST-000362,Northeast,heatwave,4,1942,2024-04-08,4.68,2.554861111111111,38.946,1004.8,62.6,38.2,74.88055555555555
SP-00091,FCAST-000363,Northeast,summer_storm,4,1207,2022-04-04,16.38,6.800138888888889,124.105,999.6,97.7,33.53,74.6236111111111
SP-00091,FCAST-000364,Northeast,southwest_monsoon,7,1296,2022-07-02,11.7,6.319444444444445,160.291,1001.3,100.0,31.7,75.08472222222223
SP-00092,FCAST-000365,Northeast,heatwave,4,1314,2024-04-06,4.68,2.6512499999999997,45.105000000000004,1004.6,71.1,38.2,74.78472222222223
SP-00092,FCAST-000366,Northeast,tropical_cyclone,8,1447,2024-08-17,26.33,13.540555555555555,316.099,986.3,100.0,30.7,75.09305555555555
SP-00092,FCAST-000367,Northeast,summer_storm,5,632,2022-05-25,16.38,6.900833333333334,123.941,999.2,99.1,32.74,75.64861111111111
SP-00092,FCAST-000368,Northeast,southwest_monsoon,9,742,2022-09-12,11.7,6.317083333333333,157.72,1001.6,98.8,31.7,75.09861111111111
SP-00093,FCAST-000369,Northeast,southwest_monsoon,8,213,2018-08-09,11.7,6.40875,161.693,1001.9,99.3,31.7,74.83194444444445
SP-00093,FCAST-000370,Northeast,heatwave,4,1201,2021-04-23,4.68,2.6976388888888887,35.825,1004.5,66.3,38.2,75.38611111111112
SP-00093,FCAST-000371,Northeast,tropical_cyclone,8,571,2019-08-02,26.33,13.15986111111111,315.055,986.6,100.0,30.7,75.17777777777778
SP-00093,FCAST-000372,Northeast,summer_storm,5,121,2018-05-09,16.38,6.720833333333333,124.13199999999999,999.4,98.1,34.03,75.05416666666666
SP-00094,FCAST-000373,Northeast,tropical_cyclone,8,420,2020-08-03,26.33,13.234722222222222,323.529,987.1,100.0,30.7,75.09027777777777
SP-00094,FCAST-000374,Northeast,heatwave,3,651,2021-03-22,4.68,2.67625,40.301,1004.8,61.9,38.2,75.12777777777778
SP-00094,FCAST-000375,Northeast,summer_storm,5,715,2021-05-25,16.38,6.908333333333333,115.779,999.0,98.9,33.43,75.03333333333333
SP-00094,FCAST-000376,Northeast,southwest_monsoon,7,1856,2024-07-09,11.7,6.369027777777777,154.827,1001.8,98.1,31.7,74.89583333333333
SP-00095,FCAST-000377,Northeast,summer_storm,4,1743,2024-04-21,16.38,6.5401388888888885,122.65,999.0,98.0,33.75,74.94166666666666
SP-00095,FCAST-000378,Northeast,heatwave,4,640,2021-04-14,4.68,2.615,41.795,1005.1,61.8,38.2,75.13749999999999
SP-00095,FCAST-000379,Northeast,southwest_monsoon,8,1854,2024-08-10,11.7,6.117222222222222,152.978,1001.9,99.7,31.7,75.03888888888889
SP-00095,FCAST-000380,Northeast,tropical_cyclone,9,444,2020-09-30,26.33,13.247083333333332,317.372,987.5,100.0,30.7,74.79861111111111
SP-00096,FCAST-000381,Northeast,southwest_monsoon,9,1049,2021-09-05,11.7,5.964444444444444,157.192,1001.7,100.0,31.7,75.37916666666666
SP-00096,FCAST-000382,Northeast,summer_storm,4,896,2021-04-05,16.38,7.0031944444444445,120.749,999.5,98.0,33.41,74.9125
SP-00096,FCAST-000383,Northeast,heatwave,3,137,2019-03-08,4.68,2.850972222222222,39.879,1004.2,63.1,38.2,75.36111111111111
SP-00096,FCAST-000384,Northeast,tropical_cyclone,9,696,2020-09-17,26.33,13.164027777777777,317.764,987.1,100.0,30.7,75.07222222222222
SP-00097,FCAST-000385,Northeast,heatwave,4,1038,2022-04-08,4.68,2.729861111111111,39.523,1005.0,63.4,38.2,75.23055555555555
SP-00097,FCAST-000386,Northeast,summer_storm,5,1431,2023-05-06,16.38,6.8566666666666665,119.958,999.2,98.1,33.65,75.03194444444445
SP-00097,FCAST-000387,Northeast,southwest_monsoon,7,49,2019-07-24,11.7,6.120555555555556,153.425,1002.4,100.0,31.7,74.63333333333334
SP-00097,FCAST-000388,Northeast,tropical_cyclone,10,1946,2024-10-02,26.33,13.379166666666666,317.866,987.3,100.0,30.7,74.30416666666666
SP-00098,FCAST-000389,Northeast,southwest_monsoon,7,93,2019-07-16,11.7,6.284722222222222,161.819,1001.8,100.0,31.7,74.9986111111111
SP-00098,FCAST-000390,Northeast,summer_storm,5,25,2019-05-09,16.38,6.722361111111111,123.959,999.2,96.9,33.62,74.96944444444445
SP-00098,FCAST-000391,Northeast,tropical_cyclone,9,1995,2024-09-29,26.33,13.431527777777779,315.025,987.2,100.0,30.7,75.29166666666667
SP-00098,FCAST-000392,Northeast,heatwave,3,1440,2023-03-24,4.68,2.651527777777778,46.11,1004.5,63.5,38.2,75.07916666666667
SP-00099,FCAST-000393,Northeast,southwest_monsoon,9,2295,2024-09-03,11.7,6.2501388888888885,158.73,1001.7,99.6,31.7,75.36527777777778
SP-00099,FCAST-000394,Northeast,summer_storm,5,1094,2021-05-21,16.38,6.685972222222222,125.264,999.3,97.3,33.21,74.71388888888889
SP-00099,FCAST-000395,Northeast,heatwave,3,661,2020-03-14,4.68,2.567083333333333,38.815,1005.1,64.0,38.2,74.98888888888888
SP-00099,FCAST-000396,Northeast,tropical_cyclone,8,1181,2021-08-16,26.33,13.258611111111112,322.011,987.0,100.0,30.7,74.99583333333334
SP-00100,FCAST-000397,Northeast,southwest_monsoon,8,1345,2023-08-31,11.7,6.1525,153.055,1001.8,98.8,31.7,75.30000000000001
SP-00100,FCAST-000398,Northeast,summer_storm,4,1194,2023-04-02,16.38,7.020694444444445,118.891,998.8,99.7,32.81,74.85972222222222
SP-00100,FCAST-000399,Northeast,tropical_cyclone,8,240,2020-08-21,26.33,13.356527777777778,326.909,987.6,100.0,30.7,74.79861111111111
SP-00100,FCAST-000400,Northeast,heatwave,3,827,2022-03-31,4.68,2.6263888888888887,39.476,1004.6,68.0,38.2,75.09444444444445
SP-00101,FCAST-000401,Northeast,tropical_cyclone,10,2261,2024-10-01,26.33,13.41375,320.585,987.0,100.0,30.7,74.88472222222222
SP-00101,FCAST-000402,Northeast,heatwave,4,635,2020-04-19,4.68,2.7240277777777777,37.647,1004.9,63.9,38.2,74.73194444444444
SP-00101,FCAST-000403,Northeast,summer_storm,5,1386,2022-05-10,16.38,7.07236111111111,122.346,999.3,96.4,33.41,74.91944444444444
SP-00101,FCAST-000404,Northeast,southwest_monsoon,6,329,2019-06-18,11.7,6.260694444444444,154.761,1001.6,99.6,31.7,75.48333333333333
SP-00102,FCAST-000405,Northeast,tropical_cyclone,9,14,2020-09-27,26.33,13.123888888888889,313.087,987.5,100.0,30.7,74.75833333333334
SP-00102,FCAST-000406,Northeast,heatwave,3,1653,2025-03-24,4.68,2.7224999999999997,40.266,1004.5,62.5,38.2,75.23055555555555
SP-00102,FCAST-000407,Northeast,summer_storm,4,218,2021-04-19,16.38,6.708611111111111,128.892,999.5,98.3,32.97,75.17500000000001
SP-00102,FCAST-000408,Northeast,southwest_monsoon,7,668,2022-07-13,11.7,5.957083333333333,162.461,1001.7,100.0,31.7,74.82361111111112
SP-00103,FCAST-000409,Northeast,tropical_cyclone,11,1147,2023-11-26,26.33,13.305277777777778,322.616,986.9,100.0,30.7,74.9388888888889
SP-00103,FCAST-000410,Northeast,summer_storm,5,225,2021-05-18,16.38,6.846527777777777,129.41,999.6,97.2,33.17,75.11527777777778
SP-00103,FCAST-000411,Northeast,southwest_monsoon,8,305,2021-08-06,11.7,6.387083333333333,160.297,1002.2,99.3,31.7,74.92916666666666
SP-00103,FCAST-000412,Northeast,heatwave,3,151,2021-03-05,4.68,2.8423611111111113,41.096000000000004,1005.0,66.2,38.2,75.05555555555556
SP-00104,FCAST-000413,Northeast,southwest_monsoon,9,1445,2024-09-17,11.7,6.3005555555555555,162.832,1001.8,100.0,31.7,74.99722222222222
SP-00104,FCAST-000414,Northeast,summer_storm,5,1319,2024-05-14,16.38,6.8005555555555555,125.991,999.5,97.0,33.0,74.58472222222223
SP-00104,FCAST-000415,Northeast,tropical_cyclone,10,749,2022-10-22,26.33,13.436944444444444,321.541,987.0,100.0,30.7,74.8375
SP-00104,FCAST-000416,Northeast,heatwave,4,933,2023-04-24,4.68,2.5881944444444445,40.342,1005.0,64.5,38.2,75.07222222222222
SP-00105,FCAST-000417,Northeast,heatwave,3,1018,2024-03-20,4.68,2.582638888888889,36.591,1005.0,64.8,38.2,74.88611111111112
SP-00105,FCAST-000418,Northeast,summer_storm,5,1079,2024-05-20,16.38,6.926388888888889,127.629,999.2,97.4,32.66,74.65138888888889
SP-00105,FCAST-000419,Northeast,tropical_cyclone,11,526,2022-11-14,26.33,13.304444444444444,324.118,987.4,100.0,30.7,75.13472222222222
SP-00105,FCAST-000420,Northeast,southwest_monsoon,7,1143,2024-07-23,11.7,6.247638888888889,157.046,1001.9,100.0,31.7,75.08472222222223
SP-00106,FCAST-000421,Northeast,summer_storm,5,200,2020-05-28,16.38,6.647083333333333,115.505,999.8,97.0,33.45,74.61250000000001
SP-00106,FCAST-000422,Northeast,tropical_cyclone,11,1840,2024-11-23,26.33,13.399722222222222,317.138,987.2,100.0,30.7,75.00833333333334
SP-00106,FCAST-000423,Northeast,heatwave,4,164,2020-04-22,4.68,2.7227777777777775,36.6,1004.6,63.4,38.2,75.025
SP-00106,FCAST-000424,Northeast,southwest_monsoon,9,1769,2024-09-13,11.7,6.3805555555555555,160.644,1001.4,99.4,31.7,74.60277777777777
SP-00107,FCAST-000425,Northeast,tropical_cyclone,8,1103,2023-08-05,26.33,13.46888888888889,315.902,986.9,100.0,30.7,74.71388888888889
SP-00107,FCAST-000426,Northeast,southwest_monsoon,6,1421,2024-06-18,11.7,6.512361111111111,157.445,1001.7,100.0,31.7,75.0375
SP-00107,FCAST-000427,Northeast,heatwave,4,1349,2024-04-07,4.68,2.55125,42.639,1004.9,64.7,38.2,75.09305555555555
SP-00107,FCAST-000428,Northeast,summer_storm,4,1355,2024-04-13,16.38,6.897638888888888,120.55,999.4,96.5,32.89,74.98194444444444
SP-00108,FCAST-000429,Northeast,summer_storm,5,839,2021-05-24,16.38,7.161666666666666,130.083,999.5,98.0,32.69,75.17638888888888
SP-00108,FCAST-000430,Northeast,heatwave,3,406,2020-03-17,4.68,2.6731944444444444,42.851,1004.9,61.6,38.2,75.25277777777778
SP-00108,FCAST-000431,Northeast,tropical_cyclone,11,1029,2021-11-30,26.33,13.433611111111112,319.323,986.6,100.0,30.7,74.67916666666666
SP-00108,FCAST-000432,Northeast,southwest_monsoon,7,515,2020-07-04,11.7,6.324583333333333,155.558,1001.8,100.0,31.7,75.33333333333333
SP-00109,FCAST-000433,Northeast,summer_storm,5,587,2023-05-27,16.38,6.588888888888889,122.76,999.5,97.5,33.53,74.90833333333333
SP-00109,FCAST-000434,Northeast,southwest_monsoon,8,300,2022-08-13,11.7,6.2975,160.129,1001.8,99.5,31.7,75.13333333333334
SP-00109,FCAST-000435,Northeast,heatwave,4,543,2023-04-13,4.68,2.662638888888889,34.147,1004.7,62.5,38.2,74.89027777777778
SP-00109,FCAST-000436,Northeast,tropical_cyclone,8,303,2022-08-16,26.33,13.553333333333335,315.238,987.0,100.0,30.7,74.8763888888889
SP-00110,FCAST-000437,Northeast,heatwave,3,648,2022-03-17,4.68,2.735555555555555,39.768,1004.8,63.6,38.2,74.98194444444444
SP-00110,FCAST-000438,Northeast,summer_storm,5,332,2021-05-05,16.38,7.036111111111111,123.166,999.2,97.0,33.09,75.30555555555556
SP-00110,FCAST-000439,Northeast,tropical_cyclone,8,61,2020-08-07,26.33,13.413055555555555,321.102,987.5,100.0,30.7,75.41111111111111
SP-00110,FCAST-000440,Northeast,southwest_monsoon,6,752,2022-06-29,11.7,6.545555555555556,158.076,1002.1,98.8,31.7,75.07777777777778
SP-00111,FCAST-000441,Northeast,southwest_monsoon,7,305,2022-07-31,11.7,6.179861111111111,160.633,1002.0,100.0,31.7,75.29722222222222
SP-00111,FCAST-000442,Northeast,heatwave,4,924,2024-04-10,4.68,2.7918055555555554,46.206,1004.6,64.0,38.2,75.07916666666667
SP-00111,FCAST-000443,Northeast,summer_storm,5,214,2022-05-01,16.38,6.610555555555555,124.364,999.5,96.6,33.48,75.14583333333333
SP-00111,FCAST-000444,Northeast,tropical_cyclone,8,309,2022-08-04,26.33,13.396388888888888,317.678,987.5,100.0,30.7,74.775
SP-00112,FCAST-000445,Northeast,tropical_cyclone,11,1316,2021-11-18,26.33,13.39375,315.811,987.8,100.0,30.7,74.98611111111111
SP-00112,FCAST-000446,Northeast,heatwave,3,1795,2023-03-12,4.68,2.7480555555555553,41.124,1004.7,62.7,38.2,75.35416666666667
SP-00112,FCAST-000447,Northeast,southwest_monsoon,9,895,2020-09-23,11.7,6.153333333333333,156.619,1001.8,100.0,31.7,74.76944444444445
SP-00112,FCAST-000448,Northeast,summer_storm,4,1816,2023-04-02,16.38,7.233472222222223,124.44200000000001,999.7,98.0,33.08,74.92777777777778
SP-00113,FCAST-000449,Northeast,summer_storm,5,1193,2021-05-16,16.38,6.982083333333333,119.641,999.5,96.9,33.45,74.8125
SP-00113,FCAST-000450,Northeast,heatwave,4,429,2019-04-13,4.68,2.624861111111111,37.55,1004.6,60.7,38.2,74.49722222222222
SP-00113,FCAST-000451,Northeast,southwest_monsoon,9,2414,2024-09-18,11.7,6.289861111111112,158.089,1001.9,100.0,31.7,74.88611111111112
SP-00113,FCAST-000452,Northeast,tropical_cyclone,10,614,2019-10-15,26.33,13.5075,318.755,987.1,100.0,30.7,75.1861111111111
SP-00114,FCAST-000453,Northeast,summer_storm,5,577,2022-05-16,16.38,6.889027777777778,124.361,999.3,96.4,33.0,75.13472222222222
SP-00114,FCAST-000454,Northeast,heatwave,4,560,2022-04-29,4.68,2.782361111111111,45.088,1004.7,63.8,38.2,75.39861111111111
SP-00114,FCAST-000455,Northeast,tropical_cyclone,10,744,2022-10-30,26.33,12.993194444444445,317.789,987.3,100.0,30.7,75.05000000000001
SP-00114,FCAST-000456,Northeast,southwest_monsoon,6,975,2023-06-18,11.7,6.481805555555556,155.245,1001.4,100.0,31.7,75.02222222222223
SP-00115,FCAST-000457,Northeast,summer_storm,5,607,2023-05-09,16.38,6.98,128.626,999.6,97.1,33.51,75.27916666666667
SP-00115,FCAST-000458,Northeast,heatwave,4,575,2023-04-07,4.68,2.7240277777777777,37.412,1005.1,62.5,38.2,75.05694444444445
SP-00115,FCAST-000459,Northeast,tropical_cyclone,10,1141,2024-10-24,26.33,13.412638888888889,318.954,987.9,100.0,30.7,75.15972222222223
SP-00115,FCAST-000460,Northeast,southwest_monsoon,7,686,2023-07-27,11.7,6.255277777777778,162.79,1001.8,99.8,31.7,75.45833333333333
SP-00116,FCAST-000461,Northeast,tropical_cyclone,9,2022,2024-09-17,26.33,13.474861111111112,327.447,987.3,100.0,30.7,75.07222222222222
SP-00116,FCAST-000462,Northeast,summer_storm,5,1543,2023-05-27,16.38,7.107222222222223,119.674,999.3,96.8,33.71,75.09583333333333
SP-00116,FCAST-000463,Northeast,heatwave,4,37,2019-04-12,4.68,2.586388888888889,41.799,1004.8,64.9,38.2,75.00694444444444
SP-00116,FCAST-000464,Northeast,southwest_monsoon,6,1935,2024-06-22,11.7,6.324305555555556,157.426,1001.8,100.0,31.7,74.71666666666667
SP-00117,FCAST-000465,Northeast,southwest_monsoon,7,315,2020-07-05,11.7,6.201527777777778,159.89600000000002,1001.8,100.0,31.7,74.61388888888888
SP-00117,FCAST-000466,Northeast,summer_storm,5,616,2021-05-02,16.38,6.755,126.868,999.0,97.9,33.25,74.90555555555555
SP-00117,FCAST-000467,Northeast,tropical_cyclone,8,1823,2024-08-21,26.33,13.415416666666665,320.293,987.1,99.6,30.7,75.27638888888889
SP-00117,FCAST-000468,Northeast,heatwave,3,922,2022-03-04,4.68,2.5691666666666664,34.587,1004.6,62.4,38.2,74.67361111111111
SP-00118,FCAST-000469,Northeast,summer_storm,5,1672,2024-05-15,16.38,6.780555555555555,124.278,999.2,99.4,32.62,75.19583333333334
SP-00118,FCAST-000470,Northeast,southwest_monsoon,6,1690,2024-06-02,11.7,6.165555555555556,161.376,1000.9,100.0,31.7,75.57222222222222
SP-00118,FCAST-000471,Northeast,tropical_cyclone,10,1447,2023-10-03,26.33,13.414861111111112,314.072,987.1,100.0,30.7,75.15138888888889
SP-00118,FCAST-000472,Northeast,heatwave,3,1601,2024-03-05,4.68,2.575416666666667,38.27,1004.9,65.6,38.2,75.15
SP-00119,FCAST-000473,Northeast,tropical_cyclone,8,522,2021-08-21,26.33,13.5325,317.728,987.4,100.0,30.7,74.88888888888889
SP-00119,FCAST-000474,Northeast,heatwave,3,1108,2023-03-30,4.68,2.6097222222222225,40.903,1005.1,62.2,38.2,75.10416666666667
SP-00119,FCAST-000475,Northeast,southwest_monsoon,7,1202,2023-07-02,11.7,6.287083333333333,161.599,1001.6,100.0,31.7,74.89027777777778
SP-00119,FCAST-000476,Northeast,summer_storm,4,409,2021-04-30,16.38,7.084027777777778,127.656,999.4,98.1,32.68,75.13749999999999
SP-00120,FCAST-000477,Northeast,summer_storm,5,983,2023-05-18,16.38,6.734722222222222,129.996,999.0,97.2,32.94,75.10555555555555
SP-00120,FCAST-000478,Northeast,southwest_monsoon,6,1005,2023-06-09,11.7,6.508194444444444,162.64600000000002,1001.0,100.0,31.7,75.05138888888888
SP-00120,FCAST-000479,Northeast,tropical_cyclone,10,394,2021-10-06,26.33,13.385416666666666,318.153,986.8,100.0,30.7,74.86388888888888
SP-00120,FCAST-000480,Northeast,heatwave,3,554,2022-03-15,4.68,2.6643055555555555,35.722,1005.0,62.7,38.2,74.98750000000001
SP-00121,FCAST-000481,Northeast,heatwave,4,684,2023-04-30,4.68,2.633472222222222,47.02,1004.9,64.5,38.2,74.58055555555556
SP-00121,FCAST-000482,Northeast,summer_storm,5,704,2023-05-20,16.38,6.45888888888889,122.238,999.4,99.5,33.65,74.92777777777778
SP-00121,FCAST-000483,Northeast,tropical_cyclone,8,438,2022-08-27,26.33,13.507638888888888,318.959,987.2,100.0,30.7,75.10277777777777
SP-00121,FCAST-000484,Northeast,southwest_monsoon,6,720,2023-06-05,11.7,6.427499999999999,153.665,1001.9,100.0,31.7,74.97222222222223
SP-00122,FCAST-000485,Northeast,tropical_cyclone,8,68,2018-08-04,26.33,13.530972222222223,316.575,987.1,100.0,30.7,75.24444444444445
SP-00122,FCAST-000486,Northeast,heatwave,4,1778,2023-04-10,4.68,2.902222222222222,38.301,1004.6,65.2,38.2,75.04722222222222
SP-00122,FCAST-000487,Northeast,summer_storm,4,329,2019-04-22,16.38,6.7626388888888895,119.589,999.3,98.2,33.14,74.95694444444445
SP-00122,FCAST-000488,Northeast,southwest_monsoon,9,2289,2024-09-02,11.7,6.210972222222222,160.574,1001.1,100.0,31.7,75.42638888888888
SP-00123,FCAST-000489,Northeast,tropical_cyclone,10,1324,2024-10-27,26.33,13.518888888888888,315.135,986.8,100.0,30.7,74.69583333333334
SP-00123,FCAST-000490,Northeast,heatwave,4,1123,2024-04-09,4.68,2.5740277777777774,42.323,1004.9,64.6,38.2,74.88333333333334
SP-00123,FCAST-000491,Northeast,southwest_monsoon,6,454,2022-06-10,11.7,6.484722222222222,155.72,1001.8,100.0,31.7,75.34305555555555
SP-00123,FCAST-000492,Northeast,summer_storm,4,386,2022-04-03,16.38,6.730277777777777,118.684,999.4,97.2,33.39,74.96666666666667
SP-00124,FCAST-000493,Northeast,tropical_cyclone,8,634,2020-08-30,26.33,13.28138888888889,316.965,987.5,100.0,30.7,75.26527777777778
SP-00124,FCAST-000494,Northeast,southwest_monsoon,7,1314,2022-07-11,11.7,6.32236111111111,164.24,1001.8,100.0,31.7,75.1
SP-00124,FCAST-000495,Northeast,summer_storm,5,1620,2023-05-13,16.38,6.698888888888889,124.249,999.6,97.4,33.04,75.14027777777778
SP-00124,FCAST-000496,Northeast,heatwave,4,855,2021-04-08,4.68,2.674583333333333,46.104,1004.9,65.3,38.2,74.87916666666666
SP-00125,FCAST-000497,Northeast,heatwave,4,1355,2022-04-18,4.68,2.579861111111111,41.715,1004.6,61.4,38.2,74.82499999999999
SP-00125,FCAST-000498,Northeast,southwest_monsoon,9,2226,2024-09-05,11.7,6.287222222222223,159.019,1001.6,100.0,31.7,74.9375
SP-00125,FCAST-000499,Northeast,summer_storm,5,2113,2024-05-15,16.38,7.126111111111111,119.456,999.5,98.0,32.7,74.99305555555556
SP-00125,FCAST-000500,Northeast,tropical_cyclone,9,1149,2021-09-24,26.33,13.385277777777778,317.183,986.8,100.0,30.7,75.18055555555556
SP-00126,FCAST-000501,Northeast,southwest_monsoon,9,1860,2024-09-04,11.7,6.310972222222222,157.659,1001.7,99.9,31.7,74.47638888888889
SP-00126,FCAST-000502,Northeast,heatwave,3,2044,2025-03-07,4.68,2.632083333333333,45.393,1005.1,64.4,38.2,74.80277777777778
SP-00126,FCAST-000503,Northeast,tropical_cyclone,10,802,2021-10-12,26.33,13.229444444444445,318.51800000000003,987.4,100.0,30.7,75.11250000000001
SP-00126,FCAST-000504,Northeast,summer_storm,5,1390,2023-05-23,16.38,6.733333333333333,127.709,999.6,96.2,33.02,75.42500000000001
SP-00127,FCAST-000505,Northeast,tropical_cyclone,11,708,2023-11-15,26.33,13.165416666666665,320.093,986.8,100.0,30.7,75.57499999999999
SP-00127,FCAST-000506,Northeast,heatwave,3,1206,2025-03-27,4.68,2.4719444444444445,37.658,1004.7,65.6,38.2,74.75555555555555
SP-00127,FCAST-000507,Northeast,summer_storm,4,855,2024-04-10,16.38,7.031805555555556,124.396,999.4,97.7,32.72,75.04027777777777
SP-00127,FCAST-000508,Northeast,southwest_monsoon,9,292,2022-09-25,11.7,6.30125,165.39,1001.8,99.0,31.7,74.86527777777778
SP-00128,FCAST-000509,Northeast,tropical_cyclone,9,2189,2024-09-02,26.33,13.434861111111111,320.122,986.5,100.0,30.7,74.82916666666667
SP-00128,FCAST-000510,Northeast,southwest_monsoon,9,368,2019-09-08,11.7,6.108888888888888,159.899,1001.8,100.0,31.7,74.86388888888888
SP-00128,FCAST-000511,Northeast,heatwave,3,194,2019-03-18,4.68,2.592777777777778,35.835,1004.4,64.2,38.2,74.86805555555556
SP-00128,FCAST-000512,Northeast,summer_storm,5,633,2020-05-30,16.38,6.815138888888889,128.98,999.1,97.8,33.59,74.99722222222222
SP-00129,FCAST-000513,Northeast,southwest_monsoon,9,149,2018-09-12,11.7,6.220555555555555,152.771,1000.2,100.0,31.7,74.88194444444444
SP-00129,FCAST-000514,Northeast,heatwave,3,1070,2021-03-21,4.68,2.7680555555555553,43.431,1005.1,63.7,38.2,74.51666666666667
SP-00129,FCAST-000515,Northeast,tropical_cyclone,10,560,2019-10-28,26.33,13.70375,318.191,987.0,100.0,30.7,74.76666666666667
SP-00129,FCAST-000516,Northeast,summer_storm,4,1458,2022-04-13,16.38,6.994166666666667,129.267,999.7,97.1,33.31,74.85138888888889
SP-00130,FCAST-000517,Northeast,tropical_cyclone,8,348,2021-08-16,26.33,13.297083333333333,316.033,987.7,100.0,30.7,75.55000000000001
SP-00130,FCAST-000518,Northeast,southwest_monsoon,9,13,2020-09-15,11.7,6.288194444444445,158.706,1002.1,100.0,31.7,75.23472222222222
SP-00130,FCAST-000519,Northeast,summer_storm,5,994,2023-05-24,16.38,6.6748611111111105,123.112,999.2,97.6,33.6,74.99583333333334
SP-00130,FCAST-000520,Northeast,heatwave,3,571,2022-03-27,4.68,2.839861111111111,35.451,1004.7,63.6,38.2,75.0638888888889
SP-00131,FCAST-000521,Northeast,summer_storm,5,43,2018-05-31,16.38,6.841944444444445,122.8,999.5,98.3,33.9,74.90972222222223
SP-00131,FCAST-000522,Northeast,southwest_monsoon,7,461,2019-07-23,11.7,6.299722222222222,153.95,1002.1,100.0,31.7,75.11944444444445
SP-00131,FCAST-000523,Northeast,heatwave,3,699,2020-03-17,4.68,2.627638888888889,38.117,1005.0,62.2,38.2,75.56666666666666
SP-00131,FCAST-000524,Northeast,tropical_cyclone,11,589,2019-11-28,26.33,13.158194444444444,318.311,987.0,100.0,30.7,74.98055555555555
SP-00132,FCAST-000525,Northeast,southwest_monsoon,6,61,2020-06-16,11.7,6.240833333333333,156.527,1001.7,99.3,31.7,74.85972222222222
SP-00132,FCAST-000526,Northeast,heatwave,3,711,2022-03-28,4.68,2.5434722222222224,48.531,1004.5,64.3,38.2,74.90972222222223
SP-00132,FCAST-000527,Northeast,summer_storm,4,1456,2024-04-11,16.38,6.796944444444445,119.20700000000001,999.0,97.5,34.03,75.32361111111112
SP-00132,FCAST-000528,Northeast,tropical_cyclone,9,522,2021-09-20,26.33,13.428472222222222,321.987,987.7,100.0,30.7,75.54166666666667
SP-00133,FCAST-000529,Northeast,southwest_monsoon,6,77,2020-06-12,11.7,6.2075,155.921,1001.6,100.0,31.7,75.03611111111111
SP-00133,FCAST-000530,Northeast,summer_storm,4,376,2021-04-07,16.38,6.703055555555555,122.577,999.0,98.9,33.04,74.85694444444444
SP-00133,FCAST-000531,Northeast,tropical_cyclone,11,230,2020-11-12,26.33,13.346527777777778,319.315,986.7,100.0,30.7,75.16944444444444
SP-00133,FCAST-000532,Northeast,heatwave,4,1129,2023-04-30,4.68,2.720833333333333,36.932,1004.7,61.6,38.2,75.44027777777778
SP-00134,FCAST-000533,Northeast,heatwave,4,452,2021-04-15,4.68,2.7729166666666667,40.607,1004.7,63.1,38.2,75.225
SP-00134,FCAST-000534,Northeast,summer_storm,4,1181,2023-04-14,16.38,6.59125,124.647,998.8,97.1,33.77,74.98888888888888
SP-00134,FCAST-000535,Northeast,tropical_cyclone,8,954,2022-08-30,26.33,13.342638888888889,321.121,987.4,100.0,30.7,74.70833333333333
SP-00134,FCAST-000536,Northeast,southwest_monsoon,7,186,2020-07-23,11.7,6.400833333333334,155.519,1002.4,100.0,31.7,74.74305555555556
SP-00135,FCAST-000537,Northeast,tropical_cyclone,11,60,2018-11-15,26.33,13.167361111111111,320.197,986.6,100.0,30.7,75.15277777777777
SP-00135,FCAST-000538,Northeast,southwest_monsoon,7,2136,2024-07-22,11.7,6.510277777777778,157.636,1001.6,100.0,31.7,75.17777777777778
SP-00135,FCAST-000539,Northeast,summer_storm,5,1345,2022-05-23,16.38,6.925833333333333,116.558,999.5,97.6,33.46,74.66666666666667
SP-00135,FCAST-000540,Northeast,heatwave,3,1276,2022-03-15,4.68,2.645972222222222,34.85,1005.1,63.8,38.2,75.11388888888888
SP-00136,FCAST-000541,Northeast,heatwave,3,2010,2024-03-04,4.68,2.6456944444444446,43.166,1004.5,63.9,38.2,75.06666666666666
SP-00136,FCAST-000542,Northeast,southwest_monsoon,6,1368,2022-06-01,11.7,6.338611111111111,161.418,1002.1,98.1,31.7,74.71388888888889
SP-00136,FCAST-000543,Northeast,summer_storm,5,626,2020-05-20,16.38,6.564444444444444,123.699,999.7,97.7,33.25,74.90555555555555
SP-00136,FCAST-000544,Northeast,tropical_cyclone,9,1469,2022-09-10,26.33,13.414305555555556,317.578,986.3,100.0,30.7,74.98055555555555
SP-00137,FCAST-000545,Northeast,summer_storm,5,1010,2021-05-10,16.38,6.728055555555556,123.43299999999999,999.1,97.8,32.68,74.87916666666666
SP-00137,FCAST-000546,Northeast,tropical_cyclone,11,1194,2021-11-10,26.33,13.450416666666667,315.403,986.5,100.0,30.7,75.09583333333333
SP-00137,FCAST-000547,Northeast,southwest_monsoon,6,1048,2021-06-17,11.7,6.254583333333333,156.626,1001.9,99.3,31.7,74.82777777777778
SP-00137,FCAST-000548,Northeast,heatwave,4,260,2019-04-21,4.68,2.6404166666666664,41.168,1004.9,63.1,38.2,75.70555555555556
SP-00138,FCAST-000549,Northeast,summer_storm,5,2253,2024-05-03,16.38,6.727222222222222,128.428,999.4,97.0,33.06,74.55138888888888
SP-00138,FCAST-000550,Northeast,southwest_monsoon,8,528,2019-08-13,11.7,6.125416666666666,152.645,1001.7,98.4,31.7,74.69583333333334
SP-00138,FCAST-000551,Northeast,heatwave,3,386,2019-03-24,4.68,2.6377777777777776,43.202,1004.8,65.0,38.2,75.29722222222222
SP-00138,FCAST-000552,Northeast,tropical_cyclone,8,545,2019-08-30,26.33,13.244444444444445,314.05400000000003,987.5,100.0,30.7,75.41527777777777
SP-00139,FCAST-000553,Northeast,southwest_monsoon,7,278,2020-07-02,11.7,6.414027777777778,159.158,1001.0,100.0,31.7,75.31805555555555
SP-00139,FCAST-000554,Northeast,summer_storm,4,1649,2024-04-03,16.38,6.755833333333333,124.4,999.5,97.5,33.22,74.89444444444445
SP-00139,FCAST-000555,Northeast,heatwave,3,167,2020-03-13,4.68,2.68625,44.888,1005.0,64.7,38.2,74.63333333333334
SP-00139,FCAST-000556,Northeast,tropical_cyclone,10,1490,2023-10-27,26.33,13.101527777777777,316.929,987.0,100.0,30.7,74.91944444444444
SP-00140,FCAST-000557,Northeast,southwest_monsoon,9,748,2022-09-23,11.7,6.331944444444444,155.974,1002.0,99.1,31.7,74.73888888888888
SP-00140,FCAST-000558,Northeast,summer_storm,4,1323,2024-04-20,16.38,6.746388888888889,121.748,999.3,97.8,33.58,75.13611111111112
SP-00140,FCAST-000559,Northeast,tropical_cyclone,8,1435,2024-08-10,26.33,13.24763888888889,314.712,987.5,100.0,30.7,74.85416666666667
SP-00140,FCAST-000560,Northeast,heatwave,3,1283,2024-03-11,4.68,2.762916666666667,36.381,1004.3,62.0,38.2,74.96527777777777
SP-00141,FCAST-000561,Northeast,summer_storm,4,1824,2024-04-07,16.38,6.611805555555556,121.64399999999999,999.0,97.3,32.53,74.89166666666667
SP-00141,FCAST-000562,Northeast,tropical_cyclone,8,1584,2023-08-11,26.33,13.176666666666668,317.675,987.1,100.0,30.7,75.28333333333333
SP-00141,FCAST-000563,Northeast,southwest_monsoon,9,1610,2023-09-06,11.7,6.47861111111111,156.775,1002.2,100.0,31.7,75.1861111111111
SP-00141,FCAST-000564,Northeast,heatwave,4,360,2020-04-04,4.68,2.8784722222222223,36.662,1004.6,63.8,38.2,75.20555555555556
SP-00142,FCAST-000565,Northeast,tropical_cyclone,9,1516,2023-09-01,26.33,13.500277777777777,316.555,986.3,100.0,30.7,75.07638888888889
SP-00142,FCAST-000566,Northeast,heatwave,4,662,2021-04-30,4.68,2.580833333333333,39.589,1005.1,62.3,38.2,75.02361111111111
SP-00142,FCAST-000567,Northeast,southwest_monsoon,9,1905,2024-09-24,11.7,6.550416666666667,164.942,1001.5,100.0,31.7,75.17500000000001
SP-00142,FCAST-000568,Northeast,summer_storm,4,1371,2023-04-09,16.38,6.8261111111111115,123.051,998.7,97.7,32.92,74.975
SP-00143,FCAST-000569,Northeast,tropical_cyclone,9,899,2022-09-20,26.33,13.5775,318.718,987.4,100.0,30.7,74.73055555555555
SP-00143,FCAST-000570,Northeast,summer_storm,4,384,2021-04-23,16.38,6.530833333333334,123.468,999.8,99.1,33.19,75.02083333333333
SP-00143,FCAST-000571,Northeast,heatwave,3,1800,2025-03-09,4.68,2.5211111111111113,51.534,1004.3,64.8,38.2,74.91111111111111
SP-00143,FCAST-000572,Northeast,southwest_monsoon,9,533,2021-09-19,11.7,6.160416666666666,160.498,1001.9,99.3,31.7,75.23611111111111
SP-00144,FCAST-000573,Northeast,tropical_cyclone,11,1197,2023-11-26,26.33,13.256666666666668,318.138,987.0,100.0,30.7,75.18333333333334
SP-00144,FCAST-000574,Northeast,southwest_monsoon,7,1416,2024-07-02,11.7,6.333194444444445,162.074,1001.8,99.7,31.7,75.29583333333333
SP-00144,FCAST-000575,Northeast,heatwave,3,1297,2024-03-05,4.68,2.6127777777777776,43.316,1004.5,60.9,38.2,75.4625
SP-00144,FCAST-000576,Northeast,summer_storm,5,1371,2024-05-18,16.38,6.8966666666666665,122.54,999.1,99.1,33.83,75.35972222222222
SP-00145,FCAST-000577,Northeast,tropical_cyclone,10,94,2020-10-18,26.33,13.43625,318.826,986.7,100.0,30.7,74.98611111111111
SP-00145,FCAST-000578,Northeast,heatwave,3,987,2023-03-30,4.68,2.6102777777777777,45.119,1004.1,64.8,38.2,74.90694444444445
SP-00145,FCAST-000579,Northeast,southwest_monsoon,9,1162,2023-09-21,11.7,6.396111111111111,159.737,1001.5,99.3,31.7,75.19583333333334
SP-00145,FCAST-000580,Northeast,summer_storm,5,1040,2023-05-22,16.38,6.793472222222222,121.922,999.2,97.6,32.57,75.05694444444445
SP-00146,FCAST-000581,Northeast,southwest_monsoon,9,1421,2024-09-01,11.7,6.471527777777777,159.181,1002.0,99.9,31.7,75.13472222222222
SP-00146,FCAST-000582,Northeast,summer_storm,4,903,2023-04-02,16.38,6.378888888888889,133.541,998.7,96.8,33.63,74.90694444444445
SP-00146,FCAST-000583,Northeast,tropical_cyclone,10,364,2021-10-10,26.33,13.231388888888889,319.144,987.1,100.0,30.7,75.22222222222223
SP-00146,FCAST-000584,Northeast,heatwave,4,923,2023-04-22,4.68,2.650833333333333,42.847,1005.0,63.0,38.2,74.80694444444445
SP-00147,FCAST-000585,Northeast,summer_storm,5,614,2023-05-01,16.38,7.143888888888889,123.667,999.0,96.3,33.42,74.99166666666666
SP-00147,FCAST-000586,Northeast,southwest_monsoon,6,668,2023-06-24,11.7,6.099166666666666,164.044,1002.1,100.0,31.7,74.91944444444444
SP-00147,FCAST-000587,Northeast,tropical_cyclone,8,359,2022-08-19,26.33,13.638055555555557,312.464,987.5,99.2,30.7,74.92083333333333
SP-00147,FCAST-000588,Northeast,heatwave,3,1304,2025-03-21,4.68,2.607916666666666,37.517,1004.5,66.9,38.2,74.84305555555555
SP-00148,FCAST-000589,Northeast,southwest_monsoon,7,1045,2024-07-22,11.7,6.446111111111112,158.904,1002.3,100.0,31.7,75.05833333333334
SP-00148,FCAST-000590,Northeast,tropical_cyclone,9,382,2022-09-28,26.33,13.475277777777778,315.843,987.4,100.0,30.7,74.90138888888889
SP-00148,FCAST-000591,Northeast,summer_storm,4,224,2022-04-23,16.38,6.8936111111111105,127.748,999.2,97.9,33.26,75.23472222222222
SP-00148,FCAST-000592,Northeast,heatwave,3,929,2024-03-28,4.68,2.6268055555555554,40.902,1004.9,63.8,38.2,75.21805555555555
SP-00149,FCAST-000593,Northeast,tropical_cyclone,8,301,2022-08-20,26.33,13.206111111111111,317.488,987.5,100.0,30.7,74.79027777777777
SP-00149,FCAST-000594,Northeast,heatwave,3,517,2023-03-24,4.68,2.5654166666666667,41.629,1004.5,62.1,38.2,74.80000000000001
SP-00149,FCAST-000595,Northeast,summer_storm,4,902,2024-04-12,16.38,6.927499999999999,128.437,999.1,98.4,33.83,75.07916666666667
SP-00149,FCAST-000596,Northeast,southwest_monsoon,8,672,2023-08-26,11.7,6.180138888888888,155.554,1002.4,100.0,31.7,74.71805555555555
SP-00150,FCAST-000597,Northeast,tropical_cyclone,10,1952,2024-10-01,26.33,13.537916666666668,317.971,987.5,100.0,30.7,75.53611111111111
SP-00150,FCAST-000598,Northeast,southwest_monsoon,9,849,2021-09-24,11.7,6.215833333333332,155.649,1001.8,100.0,31.7,75.05972222222222
SP-00150,FCAST-000599,Northeast,summer_storm,5,1805,2024-05-07,16.38,6.808472222222222,116.237,999.3,97.7,33.41,75.40138888888889
SP-00150,FCAST-000600,Northeast,heatwave,4,324,2020-04-17,4.68,2.7229166666666664,45.404,1004.5,62.9,38.2,75.19722222222222
SP-00151,FCAST-000601,Northeast,summer_storm,5,966,2024-05-16,16.38,6.370555555555556,118.777,999.3,97.5,33.16,74.77777777777777
SP-00151,FCAST-000602,Northeast,heatwave,3,187,2022-03-29,4.68,2.7493055555555554,49.555,1005.1,64.6,38.2,75.32083333333334
SP-00151,FCAST-000603,Northeast,southwest_monsoon,7,663,2023-07-18,11.7,6.103055555555556,155.499,1002.0,98.3,31.7,74.60972222222222
SP-00151,FCAST-000604,Northeast,tropical_cyclone,10,34,2021-10-27,26.33,13.54888888888889,325.811,986.8,100.0,30.7,74.82777777777778
SP-00152,FCAST-000605,Northeast,heatwave,4,1378,2023-04-22,4.68,2.8305555555555553,37.956,1004.7,63.9,38.2,75.21666666666667
SP-00152,FCAST-000606,Northeast,southwest_monsoon,8,771,2021-08-23,11.7,6.16625,160.476,1001.3,99.6,31.7,75.02638888888889
SP-00152,FCAST-000607,Northeast,tropical_cyclone,9,62,2019-09-14,26.33,13.345555555555556,319.278,987.4,100.0,30.7,75.03888888888889
SP-00152,FCAST-000608,Northeast,summer_storm,5,316,2020-05-25,16.38,7.069722222222222,123.403,999.2,98.8,32.96,74.76666666666667
SP-00153,FCAST-000609,Northeast,heatwave,3,1482,2024-03-06,4.68,2.7302777777777774,42.688,1004.6,65.7,38.2,75.11388888888888
SP-00153,FCAST-000610,Northeast,tropical_cyclone,10,260,2020-10-31,26.33,13.585833333333333,327.507,987.4,100.0,30.7,74.9986111111111
SP-00153,FCAST-000611,Northeast,southwest_monsoon,9,1675,2024-09-15,11.7,6.180138888888888,151.923,1001.4,99.0,31.7,75.32638888888889
SP-00153,FCAST-000612,Northeast,summer_storm,4,426,2021-04-15,16.38,7.20125,122.19,999.5,96.8,32.84,75.34305555555555
SP-00154,FCAST-000613,Northeast,tropical_cyclone,10,794,2021-10-13,26.33,13.624166666666667,327.529,987.3,100.0,30.7,75.32916666666667
SP-00154,FCAST-000614,Northeast,heatwave,4,967,2022-04-04,4.68,2.7108333333333334,38.258,1004.6,63.3,38.2,74.76388888888889
SP-00154,FCAST-000615,Northeast,southwest_monsoon,8,1823,2024-08-07,11.7,6.212916666666667,160.095,1002.0,100.0,31.7,74.88611111111112
SP-00154,FCAST-000616,Northeast,summer_storm,4,1704,2024-04-10,16.38,6.795277777777778,119.935,999.0,99.4,33.05,74.82777777777778
SP-00155,FCAST-000617,Northeast,tropical_cyclone,10,924,2023-10-11,26.33,13.5125,324.398,986.7,100.0,30.7,74.85972222222222
SP-00155,FCAST-000618,Northeast,summer_storm,5,1142,2024-05-16,16.38,6.8886111111111115,121.985,999.2,96.5,33.73,74.73472222222222
SP-00155,FCAST-000619,Northeast,heatwave,3,703,2023-03-04,4.68,2.6904166666666667,37.18,1004.8,65.2,38.2,74.97916666666667
SP-00155,FCAST-000620,Northeast,southwest_monsoon,7,1215,2024-07-28,11.7,6.311944444444444,162.768,1001.8,100.0,31.7,74.83888888888889
SP-00156,FCAST-000621,Northeast,heatwave,4,909,2023-04-15,4.68,2.790972222222222,42.291,1004.5,65.1,38.2,75.23333333333333
SP-00156,FCAST-000622,Northeast,summer_storm,4,173,2021-04-09,16.38,6.8025,125.006,998.8,98.0,33.01,74.71111111111111
SP-00156,FCAST-000623,Northeast,tropical_cyclone,10,360,2021-10-13,26.33,13.390416666666667,323.588,987.7,100.0,30.7,75.19861111111112
SP-00156,FCAST-000624,Northeast,southwest_monsoon,8,316,2021-08-30,11.7,6.3348611111111115,152.966,1001.4,100.0,31.7,75.02916666666667
SP-00157,FCAST-000625,Northeast,heatwave,4,1070,2021-04-16,4.68,2.604722222222222,30.287,1004.5,64.8,38.2,75.09166666666667
SP-00157,FCAST-000626,Northeast,southwest_monsoon,8,822,2020-08-11,11.7,6.31375,159.71,1001.3,100.0,31.7,75.08472222222223
SP-00157,FCAST-000627,Northeast,tropical_cyclone,8,1915,2023-08-09,26.33,13.651527777777778,321.713,986.7,100.0,30.7,75.07499999999999
SP-00157,FCAST-000628,Northeast,summer_storm,5,359,2019-05-06,16.38,6.742083333333333,125.506,999.6,98.5,32.63,74.95138888888889
SP-00158,FCAST-000629,Northeast,summer_storm,5,549,2023-05-27,16.38,6.994166666666667,118.672,999.6,98.5,32.62,75.1
SP-00158,FCAST-000630,Northeast,heatwave,3,469,2023-03-08,4.68,2.4419444444444443,40.23,1005.1,62.0,38.2,74.88611111111112
SP-00158,FCAST-000631,Northeast,tropical_cyclone,11,1100,2024-11-28,26.33,13.41763888888889,317.14,986.9,100.0,30.7,75.16388888888889
SP-00158,FCAST-000632,Northeast,southwest_monsoon,7,592,2023-07-09,11.7,6.178472222222222,161.983,1001.1,98.0,31.7,74.91666666666667
SP-00159,FCAST-000633,Northeast,tropical_cyclone,11,1960,2023-11-06,26.33,13.337916666666667,317.535,987.1,99.5,30.7,75.1263888888889
SP-00159,FCAST-000634,Northeast,summer_storm,5,684,2020-05-09,16.38,6.792638888888889,125.652,999.5,96.8,33.0,74.71805555555555
SP-00159,FCAST-000635,Northeast,heatwave,3,1727,2023-03-18,4.68,2.727777777777778,43.062,1004.9,63.0,38.2,74.69027777777778
SP-00159,FCAST-000636,Northeast,southwest_monsoon,9,1168,2021-09-05,11.7,6.266666666666667,160.905,1001.6,99.6,31.7,75.05277777777778
SP-00160,FCAST-000637,Northeast,heatwave,4,1735,2024-04-20,4.68,2.6231944444444446,39.094,1004.5,64.5,38.2,74.93055555555556
SP-00160,FCAST-000638,Northeast,southwest_monsoon,8,749,2021-08-08,11.7,6.2091666666666665,155.694,1001.9,100.0,31.7,74.61805555555556
SP-00160,FCAST-000639,Northeast,tropical_cyclone,8,32,2019-08-22,26.33,13.671527777777778,315.575,986.8,100.0,30.7,75.2513888888889
SP-00160,FCAST-000640,Northeast,summer_storm,5,294,2020-05-10,16.38,6.9225,115.289,999.1,96.9,32.79,75.13749999999999
SP-00161,FCAST-000641,Northeast,tropical_cyclone,11,795,2023-11-20,26.33,13.537916666666668,319.012,986.8,100.0,30.7,74.70277777777778
SP-00161,FCAST-000642,Northeast,summer_storm,4,929,2024-04-02,16.38,6.981111111111111,126.201,999.3,96.6,32.86,75.1263888888889
SP-00161,FCAST-000643,Northeast,heatwave,4,957,2024-04-30,4.68,2.7356944444444444,37.565,1005.0,62.9,38.2,74.92500000000001
SP-00161,FCAST-000644,Northeast,southwest_monsoon,8,700,2023-08-17,11.7,6.264583333333333,159.143,1002.5,100.0,31.7,74.8736111111111
SP-00162,FCAST-000645,Northeast,southwest_monsoon,8,1432,2024-08-08,11.7,6.1225,154.945,1001.6,100.0,31.7,74.89444444444445
SP-00162,FCAST-000646,Northeast,tropical_cyclone,8,1059,2023-08-01,26.33,13.279305555555556,323.282,987.5,99.8,30.7,75.17916666666666
SP-00162,FCAST-000647,Northeast,summer_storm,4,586,2022-04-15,16.38,6.727916666666667,124.993,999.4,96.6,33.14,75.08888888888889
SP-00162,FCAST-000648,Northeast,heatwave,4,212,2021-04-06,4.68,2.6531944444444444,43.437,1004.2,64.2,38.2,74.78888888888889
SP-00163,FCAST-000649,Northeast,heatwave,4,1065,2024-04-08,4.68,2.7341666666666664,42.699,1005.0,63.7,38.2,75.39166666666667
SP-00163,FCAST-000650,Northeast,southwest_monsoon,7,64,2021-07-12,11.7,6.42,154.431,1001.6,100.0,31.7,75.11250000000001
SP-00163,FCAST-000651,Northeast,tropical_cyclone,10,885,2023-10-11,26.33,13.467083333333333,317.38100000000003,987.4,100.0,30.7,74.90555555555555
SP-00163,FCAST-000652,Northeast,summer_storm,4,1065,2024-04-08,16.38,6.5801388888888885,119.15,999.4,98.5,33.14,75.00694444444444
SP-00164,FCAST-000653,Northeast,summer_storm,5,1397,2022-05-11,16.38,6.764305555555556,121.877,999.3,97.5,33.82,74.60277777777777
SP-00164,FCAST-000654,Northeast,southwest_monsoon,7,1472,2022-07-25,11.7,6.321666666666666,155.723,1001.9,100.0,31.7,74.91805555555555
SP-00164,FCAST-000655,Northeast,heatwave,4,267,2019-04-07,4.68,2.6197222222222223,41.08,1004.9,65.7,38.2,74.95694444444445
SP-00164,FCAST-000656,Northeast,tropical_cyclone,11,135,2018-11-26,26.33,13.604166666666666,318.404,987.4,100.0,30.7,74.67083333333333
SP-00165,FCAST-000657,Northeast,southwest_monsoon,7,285,2020-07-04,11.7,6.2186111111111115,162.873,1002.1,100.0,31.7,75.09583333333333
SP-00165,FCAST-000658,Northeast,summer_storm,5,1682,2024-05-01,16.38,6.808055555555556,121.41799999999999,999.3,97.5,33.02,74.90277777777777
SP-00165,FCAST-000659,Northeast,tropical_cyclone,10,1482,2023-10-14,26.33,13.357083333333334,321.235,986.3,100.0,30.7,75.00833333333334
SP-00165,FCAST-000660,Northeast,heatwave,4,1657,2024-04-06,4.68,2.6597222222222223,38.115,1005.0,67.7,38.2,75.08333333333333
SP-00166,FCAST-000661,Northeast,tropical_cyclone,9,1676,2024-09-19,26.33,13.518194444444443,318.419,987.7,100.0,30.7,74.83333333333333
SP-00166,FCAST-000662,Northeast,summer_storm,5,460,2021-05-22,16.38,6.6883333333333335,125.729,999.8,96.8,32.89,74.85555555555555
SP-00166,FCAST-000663,Northeast,southwest_monsoon,7,505,2021-07-06,11.7,6.416388888888889,166.205,1001.5,98.6,31.7,74.775
SP-00166,FCAST-000664,Northeast,heatwave,3,1504,2024-03-31,4.68,2.527083333333333,49.35,1005.1,62.3,38.2,75.06805555555555
SP-00167,FCAST-000665,Northeast,summer_storm,4,713,2021-04-04,16.38,6.949722222222222,121.094,999.4,96.7,33.41,75.05555555555556
SP-00167,FCAST-000666,Northeast,tropical_cyclone,8,1562,2023-08-01,26.33,13.5175,320.418,986.9,100.0,30.7,75.30138888888888
SP-00167,FCAST-000667,Northeast,heatwave,4,1823,2024-04-18,4.68,2.7525,46.608000000000004,1004.7,64.2,38.2,75.54305555555555
SP-00167,FCAST-000668,Northeast,southwest_monsoon,6,1887,2024-06-21,11.7,6.247361111111111,162.681,1002.1,100.0,31.7,74.71111111111111
SP-00168,FCAST-000669,Northeast,heatwave,4,782,2022-04-16,4.68,2.460277777777778,39.164,1005.0,62.6,38.2,74.69444444444444
SP-00168,FCAST-000670,Northeast,southwest_monsoon,6,1580,2024-06-22,11.7,6.683055555555556,163.327,1001.7,99.4,31.7,75.17916666666666
SP-00168,FCAST-000671,Northeast,tropical_cyclone,8,1255,2023-08-02,26.33,13.518472222222222,315.164,987.3,100.0,30.7,74.70416666666667
SP-00168,FCAST-000672,Northeast,summer_storm,4,1151,2023-04-20,16.38,7.1450000000000005,125.637,999.2,97.4,33.31,75.21805555555555
SP-00169,FCAST-000673,Northeast,southwest_monsoon,9,2235,2024-09-22,11.7,6.34,152.861,1001.5,100.0,31.7,74.91111111111111
SP-00169,FCAST-000674,Northeast,heatwave,4,1720,2023-04-26,4.68,2.5484722222222222,36.899,1004.7,63.3,38.2,74.89722222222223
SP-00169,FCAST-000675,Northeast,tropical_cyclone,9,1493,2022-09-11,26.33,13.255972222222221,312.332,987.0,100.0,30.7,74.69999999999999
SP-00169,FCAST-000676,Northeast,summer_storm,5,656,2020-05-27,16.38,6.693194444444445,121.137,999.0,97.0,32.63,74.65416666666667
SP-00170,FCAST-000677,Northeast,tropical_cyclone,10,276,2019-10-07,26.33,13.487361111111111,319.902,987.5,100.0,30.7,74.96527777777777
SP-00170,FCAST-000678,Northeast,summer_storm,5,865,2021-05-18,16.38,6.9151388888888885,124.547,999.6,97.0,33.06,74.84861111111111
SP-00170,FCAST-000679,Northeast,southwest_monsoon,9,620,2020-09-15,11.7,6.129027777777778,154.292,1001.9,99.4,31.7,74.86388888888888
SP-00170,FCAST-000680,Northeast,heatwave,4,1194,2022-04-12,4.68,2.705,40.685,1004.9,64.1,38.2,74.92361111111111
SP-00171,FCAST-000681,Northeast,summer_storm,4,1078,2022-04-03,16.38,6.905138888888889,124.318,999.6,98.4,33.16,74.84861111111111
SP-00171,FCAST-000682,Northeast,southwest_monsoon,9,1595,2023-09-02,11.7,5.931388888888889,155.665,1002.0,100.0,31.7,74.79861111111111
SP-00171,FCAST-000683,Northeast,tropical_cyclone,11,1673,2023-11-19,26.33,13.185972222222222,319.526,987.1,100.0,30.7,75.03333333333333
SP-00171,FCAST-000684,Northeast,heatwave,3,1073,2022-03-29,4.68,2.3741666666666665,45.413,1004.8,63.0,38.2,75.3138888888889
SP-00172,FCAST-000685,Northeast,summer_storm,4,1692,2024-04-20,16.38,6.790416666666667,123.243,999.7,97.9,33.37,75.1263888888889
SP-00172,FCAST-000686,Northeast,tropical_cyclone,11,813,2021-11-23,26.33,13.11125,319.812,986.8,100.0,30.7,75.09583333333333
SP-00172,FCAST-000687,Northeast,heatwave,4,1336,2023-04-30,4.68,2.6565277777777774,41.015,1004.9,62.5,38.2,75.06527777777778
SP-00172,FCAST-000688,Northeast,southwest_monsoon,6,1757,2024-06-24,11.7,6.313055555555556,156.437,1002.2,100.0,31.7,74.92500000000001
SP-00173,FCAST-000689,Northeast,southwest_monsoon,7,1127,2024-07-16,11.7,6.217499999999999,164.361,1001.9,100.0,31.7,75.12916666666666
SP-00173,FCAST-000690,Northeast,heatwave,4,681,2023-04-27,4.68,2.6615277777777777,43.257,1004.1,63.6,38.2,75.05833333333334
SP-00173,FCAST-000691,Northeast,tropical_cyclone,9,1199,2024-09-26,26.33,13.399861111111111,320.189,985.8,100.0,30.7,75.0013888888889
SP-00173,FCAST-000692,Northeast,summer_storm,5,1064,2024-05-14,16.38,6.541388888888889,130.301,998.1,97.6,33.75,75.19999999999999
SP-00174,FCAST-000693,Northeast,tropical_cyclone,10,462,2021-10-17,26.33,13.2875,317.09,987.0,99.2,30.7,75.15277777777777
SP-00174,FCAST-000694,Northeast,heatwave,4,639,2022-04-12,4.68,2.7579166666666666,42.532,1005.3,62.9,38.2,75.30000000000001
SP-00174,FCAST-000695,Northeast,southwest_monsoon,9,799,2022-09-19,11.7,6.251944444444444,152.432,1001.7,99.5,31.7,74.79861111111111
SP-00174,FCAST-000696,Northeast,summer_storm,5,1031,2023-05-09,16.38,7.329444444444444,123.162,998.9,97.2,33.76,75.06666666666666
SP-00175,FCAST-000697,Northeast,summer_storm,5,1042,2022-05-03,16.38,6.6575,122.68599999999999,998.7,97.0,33.3,75.15972222222223
SP-00175,FCAST-000698,Northeast,tropical_cyclone,8,1497,2023-08-01,26.33,13.447916666666666,314.277,987.3,100.0,30.7,74.95138888888889
SP-00175,FCAST-000699,Northeast,southwest_monsoon,8,778,2021-08-12,11.7,6.267083333333334,160.262,1001.8,100.0,31.7,75.0013888888889
SP-00175,FCAST-000700,Northeast,heatwave,3,2084,2025-03-10,4.68,2.697777777777778,37.484,1005.1,63.0,38.2,74.13472222222222
SP-00176,FCAST-000701,Northeast,summer_storm,5,1170,2022-05-01,16.38,6.908055555555555,119.431,999.3,95.8,33.68,75.25555555555555
SP-00176,FCAST-000702,Northeast,southwest_monsoon,9,947,2021-09-20,11.7,6.338611111111111,156.536,1002.2,99.5,31.7,74.96527777777777
SP-00176,FCAST-000703,Northeast,tropical_cyclone,9,2031,2024-09-08,26.33,13.408472222222223,315.867,987.5,99.5,30.7,74.84722222222223
SP-00176,FCAST-000704,Northeast,heatwave,4,1148,2022-04-09,4.68,2.7227777777777775,44.085,1004.7,64.2,38.2,74.67500000000001
SP-00177,FCAST-000705,Northeast,heatwave,3,1168,2024-03-29,4.68,2.575416666666667,39.393,1005.3,63.8,38.2,75.09861111111111
SP-00177,FCAST-000706,Northeast,summer_storm,4,1190,2024-04-20,16.38,6.540555555555556,123.631,999.6,97.3,34.26,74.88611111111112
SP-00177,FCAST-000707,Northeast,tropical_cyclone,9,228,2021-09-01,26.33,13.286111111111111,322.15,987.4,100.0,30.7,75.17083333333333
SP-00177,FCAST-000708,Northeast,southwest_monsoon,7,553,2022-07-23,11.7,6.21875,155.602,1001.9,99.4,31.7,74.66944444444444
SP-00178,FCAST-000709,Northeast,summer_storm,4,337,2019-04-18,16.38,6.889722222222222,121.901,998.7,96.4,33.42,75.49444444444445
SP-00178,FCAST-000710,Northeast,heatwave,4,1792,2023-04-12,4.68,2.609861111111111,42.897,1004.9,61.9,38.2,74.75277777777778
SP-00178,FCAST-000711,Northeast,tropical_cyclone,8,2273,2024-08-05,26.33,13.412777777777778,309.457,986.7,100.0,30.7,74.86805555555556
SP-00178,FCAST-000712,Northeast,southwest_monsoon,8,823,2020-08-16,11.7,6.139722222222222,153.077,1002.0,99.4,31.7,74.90833333333333
SP-00179,FCAST-000713,Northeast,heatwave,3,720,2023-03-22,4.68,2.607222222222222,35.889,1004.7,62.2,38.2,74.22083333333333
SP-00179,FCAST-000714,Northeast,tropical_cyclone,8,881,2023-08-30,26.33,13.719166666666666,316.488,987.0,100.0,30.7,75.26666666666667
SP-00179,FCAST-000715,Northeast,southwest_monsoon,9,167,2021-09-15,11.7,6.323611111111111,157.334,1001.1,98.9,31.7,75.19999999999999
SP-00179,FCAST-000716,Northeast,summer_storm,5,1146,2024-05-21,16.38,6.799305555555556,128.127,999.5,96.5,33.36,75.19305555555555
SP-00180,FCAST-000717,Northeast,southwest_monsoon,6,805,2023-06-23,11.7,6.382777777777778,156.687,1001.4,100.0,31.7,74.85694444444444
SP-00180,FCAST-000718,Northeast,summer_storm,4,20,2021-04-29,16.38,6.957222222222223,128.47299999999998,999.2,99.4,33.99,74.9986111111111
SP-00180,FCAST-000719,Northeast,heatwave,4,734,2023-04-13,4.68,2.7224999999999997,42.33,1005.0,64.3,38.2,75.20555555555556
SP-00180,FCAST-000720,Northeast,tropical_cyclone,8,847,2023-08-04,26.33,13.438055555555556,319.494,986.7,100.0,30.7,74.97083333333333
SP-00181,FCAST-000721,Northeast,southwest_monsoon,8,627,2021-08-01,11.7,6.270555555555556,160.317,1002.1,100.0,31.7,75.03472222222223
SP-00181,FCAST-000722,Northeast,summer_storm,4,1629,2024-04-29,16.38,6.744305555555555,130.765,999.7,98.2,33.65,75.16666666666667
SP-00181,FCAST-000723,Northeast,heatwave,3,1210,2023-03-07,4.68,2.734861111111111,42.263,1004.8,62.3,38.2,74.89166666666667
SP-00181,FCAST-000724,Northeast,tropical_cyclone,9,294,2020-09-02,26.33,13.110833333333334,320.126,987.4,100.0,30.7,75.08888888888889
SP-00182,FCAST-000725,Northeast,heatwave,3,1077,2024-03-26,4.68,2.622222222222222,41.366,1004.7,64.1,38.2,74.99166666666666
SP-00182,FCAST-000726,Northeast,southwest_monsoon,8,501,2022-08-28,11.7,6.299305555555556,162.306,1001.9,98.8,31.7,75.15694444444445
SP-00182,FCAST-000727,Northeast,tropical_cyclone,8,499,2022-08-26,26.33,13.017222222222223,314.78499999999997,986.8,100.0,30.7,75.44166666666666
SP-00182,FCAST-000728,Northeast,summer_storm,4,723,2023-04-07,16.38,6.774444444444445,123.755,999.3,98.6,33.19,74.99027777777778
SP-00183,FCAST-000729,Northeast,summer_storm,4,783,2022-04-19,16.38,6.912222222222223,127.72,999.0,97.2,33.15,74.63888888888889
SP-00183,FCAST-000730,Northeast,tropical_cyclone,11,996,2022-11-18,26.33,13.399027777777778,313.311,987.4,100.0,30.7,75.40694444444445
SP-00183,FCAST-000731,Northeast,southwest_monsoon,7,1602,2024-07-16,11.7,6.170694444444445,150.457,1002.1,100.0,31.7,74.85277777777777
SP-00183,FCAST-000732,Northeast,heatwave,4,777,2022-04-13,4.68,2.59625,38.109,1004.6,67.6,38.2,74.92777777777778
SP-00184,FCAST-000733,Northeast,southwest_monsoon,7,303,2021-07-19,11.7,6.061388888888889,159.853,1001.6,99.1,31.7,75.04861111111111
SP-00184,FCAST-000734,Northeast,tropical_cyclone,9,1094,2023-09-18,26.33,13.390555555555556,321.279,987.5,100.0,30.7,75.11388888888888
SP-00184,FCAST-000735,Northeast,heatwave,4,1309,2024-04-20,4.68,2.886944444444444,42.148,1004.8,64.1,38.2,74.91111111111111
SP-00184,FCAST-000736,Northeast,summer_storm,4,203,2021-04-10,16.38,7.119722222222222,122.319,1000.0,98.0,33.02,75.09722222222223
SP-00185,FCAST-000737,Northeast,summer_storm,4,760,2023-04-21,16.38,6.932777777777778,124.684,999.2,97.4,32.7,75.3375
SP-00185,FCAST-000738,Northeast,heatwave,4,1127,2024-04-22,4.68,2.5656944444444445,43.585,1004.9,65.5,38.2,75.16527777777777
SP-00185,FCAST-000739,Northeast,tropical_cyclone,11,1330,2024-11-11,26.33,13.342638888888889,323.516,986.9,100.0,30.7,74.85972222222222
SP-00185,FCAST-000740,Northeast,southwest_monsoon,6,810,2023-06-10,11.7,6.387083333333333,160.106,1001.8,100.0,31.7,74.80416666666666
SP-00186,FCAST-000741,Northeast,summer_storm,4,545,2021-04-25,16.38,6.745694444444444,120.12,999.7,97.6,32.73,74.75972222222222
SP-00186,FCAST-000742,Northeast,southwest_monsoon,8,1030,2022-08-23,11.7,6.505972222222223,156.45,1002.2,100.0,31.7,74.69305555555555
SP-00186,FCAST-000743,Northeast,tropical_cyclone,10,364,2020-10-26,26.33,13.342083333333333,319.244,987.3,100.0,30.7,75.11388888888888
SP-00186,FCAST-000744,Northeast,heatwave,3,1616,2024-03-31,4.68,2.6655555555555552,45.233,1004.7,65.4,38.2,74.98194444444444
SP-00187,FCAST-000745,Northeast,tropical_cyclone,10,316,2019-10-04,26.33,13.34236111111111,317.201,987.4,100.0,30.7,75.53472222222223
SP-00187,FCAST-000746,Northeast,heatwave,4,884,2021-04-24,4.68,2.651388888888889,34.431,1005.0,64.3,38.2,75.14305555555556
SP-00187,FCAST-000747,Northeast,southwest_monsoon,9,1022,2021-09-09,11.7,6.53125,156.645,1001.9,99.7,31.7,74.65138888888889
SP-00187,FCAST-000748,Northeast,summer_storm,4,513,2020-04-18,16.38,6.82,124.84700000000001,999.3,100.0,33.8,75.21666666666667
SP-00188,FCAST-000749,Northeast,southwest_monsoon,8,63,2021-08-16,11.7,6.110694444444444,158.862,1001.6,98.8,31.7,75.1263888888889
SP-00188,FCAST-000750,Northeast,tropical_cyclone,9,1204,2024-09-30,26.33,13.497083333333332,315.606,987.3,100.0,30.7,75.11666666666666
SP-00188,FCAST-000751,Northeast,summer_storm,4,656,2023-04-01,16.38,6.493888888888889,119.895,999.8,98.6,33.6,74.71111111111111
SP-00188,FCAST-000752,Northeast,heatwave,4,300,2022-04-10,4.68,2.6190277777777777,46.324,1004.8,63.1,38.2,74.95972222222223
SP-00189,FCAST-000753,Northeast,southwest_monsoon,9,931,2020-09-22,11.7,6.182361111111111,158.828,1001.7,100.0,31.7,75.03472222222223
SP-00189,FCAST-000754,Northeast,tropical_cyclone,10,216,2018-10-08,26.33,13.615416666666667,325.589,987.2,100.0,30.7,75.125
SP-00189,FCAST-000755,Northeast,heatwave,3,746,2020-03-21,4.68,2.618888888888889,39.857,1005.0,64.4,38.2,74.61944444444445
SP-00189,FCAST-000756,Northeast,summer_storm,4,2235,2024-04-18,16.38,6.853055555555556,126.413,998.9,98.6,33.78,74.79722222222222
SP-00190,FCAST-000757,Northeast,southwest_monsoon,9,808,2023-09-06,11.7,6.293749999999999,156.534,1002.0,100.0,31.7,75.21111111111111
SP-00190,FCAST-000758,Northeast,tropical_cyclone,11,866,2023-11-03,26.33,13.378333333333334,322.056,987.2,100.0,30.7,74.87777777777778
SP-00190,FCAST-000759,Northeast,summer_storm,5,681,2023-05-02,16.38,7.027777777777778,122.853,999.3,98.6,34.32,74.92777777777778
SP-00190,FCAST-000760,Northeast,heatwave,3,1371,2025-03-22,4.68,2.6231944444444446,40.76,1004.9,63.0,38.2,75.08611111111111
SP-00191,FCAST-000761,Northeast,summer_storm,5,1079,2022-05-22,16.38,6.612916666666667,124.381,999.5,97.1,33.14,74.87222222222222
SP-00191,FCAST-000762,Northeast,southwest_monsoon,8,1155,2022-08-06,11.7,6.166666666666667,157.925,1001.7,99.6,31.7,74.86250000000001
SP-00191,FCAST-000763,Northeast,heatwave,4,1054,2022-04-27,4.68,2.6116666666666664,38.463,1004.8,64.3,38.2,75.14583333333333
SP-00191,FCAST-000764,Northeast,tropical_cyclone,10,1969,2024-10-28,26.33,13.098194444444445,315.057,987.6,100.0,30.7,75.44861111111112
SP-00192,FCAST-000765,Northeast,summer_storm,5,373,2020-05-03,16.38,6.9245833333333335,124.514,999.3,96.9,33.45,74.7875
SP-00192,FCAST-000766,Northeast,heatwave,4,1454,2023-04-19,4.68,2.6783333333333332,40.666,1004.9,64.2,38.2,74.85694444444444
SP-00192,FCAST-000767,Northeast,tropical_cyclone,10,1282,2022-10-29,26.33,13.135,316.984,987.2,100.0,30.7,75.23750000000001
SP-00192,FCAST-000768,Northeast,southwest_monsoon,8,1940,2024-08-17,11.7,6.223194444444444,160.117,1001.9,100.0,31.7,75.10833333333333
SP-00193,FCAST-000769,Northeast,tropical_cyclone,8,1172,2022-08-07,26.33,13.61625,320.285,987.4,100.0,30.7,74.76249999999999
SP-00193,FCAST-000770,Northeast,summer_storm,5,1081,2022-05-08,16.38,6.934444444444445,121.309,999.2,98.5,32.72,74.80694444444445
SP-00193,FCAST-000771,Northeast,southwest_monsoon,7,1156,2022-07-22,11.7,6.3469444444444445,151.946,1001.7,99.2,31.7,75.03194444444445
SP-00193,FCAST-000772,Northeast,heatwave,3,2117,2025-03-09,4.68,2.6980555555555554,43.781,1004.5,63.0,38.2,75.13749999999999
SP-00194,FCAST-000773,Northeast,heatwave,4,492,2023-04-22,4.68,2.609861111111111,38.12,1004.7,63.9,38.2,74.89027777777778
SP-00194,FCAST-000774,Northeast,tropical_cyclone,8,251,2022-08-24,26.33,13.391666666666667,316.193,986.7,100.0,30.7,75.16527777777777
SP-00194,FCAST-000775,Northeast,southwest_monsoon,9,645,2023-09-22,11.7,5.8815277777777775,152.304,1002.0,100.0,31.7,75.04027777777777
SP-00194,FCAST-000776,Northeast,summer_storm,5,897,2024-05-31,16.38,7.2387500000000005,123.842,999.3,98.1,32.68,74.86805555555556
SP-00195,FCAST-000777,Northeast,southwest_monsoon,6,124,2021-06-15,11.7,6.288888888888889,154.767,1001.4,98.4,31.7,74.72222222222223
SP-00195,FCAST-000778,Northeast,summer_storm,4,422,2022-04-09,16.38,7.00986111111111,121.29899999999999,998.8,96.8,33.18,75.09583333333333
SP-00195,FCAST-000779,Northeast,tropical_cyclone,11,280,2021-11-18,26.33,13.535138888888888,316.993,987.4,100.0,30.7,75.33055555555556
SP-00195,FCAST-000780,Northeast,heatwave,4,66,2021-04-18,4.68,2.678888888888889,42.078,1004.9,64.6,38.2,75.16388888888889
SP-00196,FCAST-000781,Northeast,summer_storm,4,1,2019-04-29,16.38,7.071944444444444,129.152,999.3,96.4,33.86,75.05416666666666
SP-00196,FCAST-000782,Northeast,southwest_monsoon,6,42,2019-06-09,11.7,6.237916666666667,155.273,1002.0,100.0,31.7,75.10416666666667
SP-00196,FCAST-000783,Northeast,tropical_cyclone,11,2030,2024-11-17,26.33,13.287638888888889,317.005,987.7,100.0,30.7,74.79027777777777
SP-00196,FCAST-000784,Northeast,heatwave,4,1088,2022-04-20,4.68,2.810416666666667,37.876,1005.0,65.6,38.2,75.13055555555555
SP-00197,FCAST-000785,Northeast,tropical_cyclone,9,1569,2022-09-21,26.33,13.355555555555556,322.526,987.2,100.0,30.7,74.73055555555555
SP-00197,FCAST-000786,Northeast,heatwave,3,275,2019-03-07,4.68,2.6093055555555558,36.916,1005.1,71.8,38.2,75.36527777777778
SP-00197,FCAST-000787,Northeast,southwest_monsoon,8,818,2020-08-31,11.7,6.35,161.318,1002.0,99.7,31.7,74.61666666666666
SP-00197,FCAST-000788,Northeast,summer_storm,5,704,2020-05-09,16.38,7.078611111111112,120.126,999.2,98.1,33.3,75.04444444444444
SP-00198,FCAST-000789,Northeast,southwest_monsoon,8,457,2020-08-16,11.7,6.372777777777777,154.915,1001.5,99.7,31.7,75.08333333333333
SP-00198,FCAST-000790,Northeast,heatwave,3,1019,2022-03-01,4.68,2.5293055555555553,50.224000000000004,1004.1,64.9,38.2,75.09305555555555
SP-00198,FCAST-000791,Northeast,tropical_cyclone,8,1542,2023-08-06,26.33,13.581111111111111,317.412,987.0,100.0,30.7,74.91527777777777
SP-00198,FCAST-000792,Northeast,summer_storm,4,1422,2023-04-08,16.38,6.988472222222223,121.596,999.4,98.0,33.43,75.15555555555555
SP-00199,FCAST-000793,Northeast,heatwave,4,1111,2024-04-25,4.68,2.629305555555556,37.886,1004.3,64.5,38.2,74.71111111111111
SP-00199,FCAST-000794,Northeast,summer_storm,5,758,2023-05-08,16.38,7.0559722222222225,128.155,999.3,99.7,33.3,74.82499999999999
SP-00199,FCAST-000795,Northeast,southwest_monsoon,6,809,2023-06-28,11.7,6.444861111111111,155.472,1000.9,100.0,31.7,74.76388888888889
SP-00199,FCAST-000796,Northeast,tropical_cyclone,9,511,2022-09-03,26.33,13.739305555555555,321.031,987.4,100.0,30.7,74.89166666666667
SP-00200,FCAST-000797,Northeast,heatwave,4,776,2023-04-05,4.68,2.6841666666666666,45.304,1005.1,63.9,38.2,75.00972222222222
SP-00200,FCAST-000798,Northeast,southwest_monsoon,8,1273,2024-08-14,11.7,6.347083333333334,156.728,1001.5,100.0,31.7,75.02638888888889
SP-00200,FCAST-000799,Northeast,summer_storm,4,1156,2024-04-19,16.38,7.076944444444445,120.925,999.2,97.5,33.68,75.30972222222222
SP-00200,FCAST-000800,Northeast,tropical_cyclone,10,972,2023-10-18,26.33,13.450972222222223,320.538,987.0,100.0,30.7,75.40833333333333
SP-00201,FCAST-000801,Northeast,heatwave,4,954,2024-04-22,4.68,2.688472222222222,33.769999999999996,1004.8,64.2,38.2,75.09027777777777
SP-00201,FCAST-000802,Northeast,tropical_cyclone,11,796,2023-11-16,26.33,13.385,322.276,987.0,100.0,30.7,75.08472222222223
SP-00201,FCAST-000803,Northeast,summer_storm,4,592,2023-04-26,16.38,6.884305555555556,121.807,999.1,97.6,33.84,75.42916666666666
SP-00201,FCAST-000804,Northeast,southwest_monsoon,6,628,2023-06-01,11.7,6.305694444444445,162.575,1001.5,100.0,31.7,74.76805555555556
SP-00202,FCAST-000805,Northeast,southwest_monsoon,7,969,2021-07-22,11.7,6.439722222222222,160.098,1001.9,100.0,31.7,75.15138888888889
SP-00202,FCAST-000806,Northeast,summer_storm,4,1243,2022-04-22,16.38,6.52625,125.135,999.0,98.7,33.08,75.22916666666667
SP-00202,FCAST-000807,Northeast,tropical_cyclone,9,1747,2023-09-08,26.33,13.286805555555555,319.637,987.3,100.0,30.7,75.68472222222222
SP-00202,FCAST-000808,Northeast,heatwave,4,504,2020-04-13,4.68,2.754722222222222,43.491,1004.6,64.4,38.2,75.0013888888889
SP-00203,FCAST-000809,Northeast,summer_storm,4,953,2021-04-24,16.38,7.338472222222222,124.23,999.8,96.6,33.05,75.15555555555555
SP-00203,FCAST-000810,Northeast,tropical_cyclone,8,1811,2023-08-30,26.33,13.475277777777778,327.349,987.3,100.0,30.7,74.95138888888889
SP-00203,FCAST-000811,Northeast,heatwave,4,211,2019-04-13,4.68,2.576666666666666,37.726,1005.1,66.4,38.2,74.74722222222222
SP-00203,FCAST-000812,Northeast,southwest_monsoon,7,314,2019-07-25,11.7,6.315972222222222,158.449,1002.2,100.0,31.7,74.84027777777777
SP-00204,FCAST-000813,Northeast,tropical_cyclone,11,582,2021-11-08,26.33,13.537222222222221,321.935,987.5,100.0,30.7,74.94166666666666
SP-00204,FCAST-000814,Northeast,heatwave,4,1484,2024-04-28,4.68,2.7601388888888887,39.339,1004.7,67.5,38.2,74.9986111111111
SP-00204,FCAST-000815,Northeast,summer_storm,5,36,2020-05-11,16.38,7.0569444444444445,129.563,999.5,97.4,34.12,74.88749999999999
SP-00204,FCAST-000816,Northeast,southwest_monsoon,6,75,2020-06-19,11.7,6.224722222222223,163.672,1001.8,100.0,31.7,74.77777777777777
SP-00205,FCAST-000817,Northeast,southwest_monsoon,7,1391,2022-07-28,11.7,6.140694444444445,159.257,1002.4,98.9,31.7,74.9375
SP-00205,FCAST-000818,Northeast,heatwave,4,549,2020-04-07,4.68,2.826388888888889,48.273,1005.6,63.4,38.2,74.97916666666667
SP-00205,FCAST-000819,Northeast,tropical_cyclone,8,1035,2021-08-06,26.33,13.48013888888889,318.961,987.1,100.0,30.7,75.1263888888889
SP-00205,FCAST-000820,Northeast,summer_storm,5,602,2020-05-30,16.38,7.288194444444445,118.464,999.0,97.1,32.77,75.18333333333334
SP-00206,FCAST-000821,Northeast,southwest_monsoon,9,1483,2024-09-02,11.7,6.168333333333333,162.152,1001.6,100.0,31.7,75.10972222222222
SP-00206,FCAST-000822,Northeast,heatwave,3,222,2021-03-21,4.68,2.6544444444444446,46.487,1004.8,63.2,38.2,74.97361111111111
SP-00206,FCAST-000823,Northeast,tropical_cyclone,9,407,2021-09-22,26.33,13.335,324.939,987.5,100.0,30.7,74.91111111111111
SP-00206,FCAST-000824,Northeast,summer_storm,5,640,2022-05-13,16.38,6.507638888888889,118.733,999.1,97.3,33.52,74.76944444444445
SP-00207,FCAST-000825,Northeast,heatwave,4,1446,2022-04-16,4.68,2.702638888888889,41.877,1004.8,62.2,38.2,75.09583333333333
SP-00207,FCAST-000826,Northeast,southwest_monsoon,6,2247,2024-06-25,11.7,6.23375,159.643,1001.8,100.0,31.7,75.24166666666666
SP-00207,FCAST-000827,Northeast,tropical_cyclone,9,1597,2022-09-14,26.33,13.47375,317.692,987.4,100.0,30.7,74.89861111111111
SP-00207,FCAST-000828,Northeast,summer_storm,4,1796,2023-04-01,16.38,6.987222222222222,120.16,999.0,97.5,34.05,74.8375
SP-00208,FCAST-000829,Northeast,tropical_cyclone,8,1507,2023-08-12,26.33,13.336944444444445,316.227,986.9,100.0,30.7,74.99166666666666
SP-00208,FCAST-000830,Northeast,southwest_monsoon,7,1114,2022-07-15,11.7,6.387499999999999,156.087,1002.2,100.0,31.7,75.49305555555556
SP-00208,FCAST-000831,Northeast,summer_storm,5,1420,2023-05-17,16.38,6.639583333333333,125.074,999.0,98.0,32.98,74.98750000000001
SP-00208,FCAST-000832,Northeast,heatwave,3,639,2021-03-27,4.68,2.6543055555555553,40.054,1004.1,63.6,38.2,75.03472222222223
SP-00209,FCAST-000833,Northeast,tropical_cyclone,11,904,2023-11-05,26.33,13.616805555555555,320.465,986.7,100.0,30.7,74.65972222222223
SP-00209,FCAST-000834,Northeast,southwest_monsoon,9,132,2021-09-24,11.7,6.010555555555555,158.604,1001.1,100.0,31.7,74.75833333333334
SP-00209,FCAST-000835,Northeast,summer_storm,5,365,2022-05-15,16.38,7.033194444444444,117.961,999.3,98.0,32.9,75.11805555555556
SP-00209,FCAST-000836,Northeast,heatwave,3,302,2022-03-13,4.68,2.759722222222222,36.467,1004.9,67.1,38.2,74.73888888888888
SP-00210,FCAST-000837,Northeast,heatwave,3,1498,2023-03-30,4.68,2.8941666666666666,39.004,1004.3,64.6,38.2,74.90138888888889
SP-00210,FCAST-000838,Northeast,southwest_monsoon,8,1284,2022-08-28,11.7,6.571111111111112,162.369,1001.4,99.1,31.7,75.02083333333333
SP-00210,FCAST-000839,Northeast,summer_storm,4,68,2019-04-30,16.38,6.775277777777777,120.947,999.3,96.5,32.36,74.68055555555556
SP-00210,FCAST-000840,Northeast,tropical_cyclone,10,600,2020-10-13,26.33,13.2025,321.091,987.1,100.0,30.7,74.51805555555556
SP-00211,FCAST-000841,Northeast,heatwave,4,748,2022-04-02,4.68,2.6308333333333334,38.624,1004.9,62.9,38.2,75.34722222222223
SP-00211,FCAST-000842,Northeast,summer_storm,5,52,2020-05-06,16.38,6.759722222222222,126.892,998.9,95.8,33.16,75.1236111111111
SP-00211,FCAST-000843,Northeast,tropical_cyclone,9,924,2022-09-25,26.33,13.256111111111112,319.17,987.1,100.0,30.7,74.80972222222222
SP-00211,FCAST-000844,Northeast,southwest_monsoon,8,1261,2023-08-28,11.7,6.087777777777777,161.841,1001.6,100.0,31.7,74.99166666666666
SP-00212,FCAST-000845,Northeast,summer_storm,5,659,2020-05-27,16.38,6.7538888888888895,121.03,999.3,98.2,33.12,74.96527777777777
SP-00212,FCAST-000846,Northeast,tropical_cyclone,9,776,2020-09-21,26.33,13.306944444444445,321.228,986.9,100.0,30.7,75.5
SP-00212,FCAST-000847,Northeast,heatwave,4,609,2020-04-07,4.68,2.595416666666667,39.39,1005.5,63.8,38.2,74.83611111111111
SP-00212,FCAST-000848,Northeast,southwest_monsoon,6,1038,2021-06-10,11.7,6.29125,161.266,1001.9,100.0,31.7,74.79444444444444
SP-00213,FCAST-000849,Northeast,heatwave,4,1855,2023-04-09,4.68,2.808611111111111,40.065,1005.0,63.0,38.2,74.59305555555555
SP-00213,FCAST-000850,Northeast,tropical_cyclone,10,230,2018-10-27,26.33,13.337361111111111,323.28000000000003,987.3,100.0,30.7,75.57777777777778
SP-00213,FCAST-000851,Northeast,southwest_monsoon,9,550,2019-09-12,11.7,6.2444444444444445,157.772,1001.9,100.0,31.7,74.85694444444444
SP-00213,FCAST-000852,Northeast,summer_storm,5,1895,2023-05-19,16.38,6.843472222222222,118.121,999.5,97.8,33.39,74.89722222222223
SP-00214,FCAST-000853,Northeast,southwest_monsoon,7,1644,2022-07-03,11.7,6.548194444444444,160.563,1001.2,100.0,31.7,74.8375
SP-00214,FCAST-000854,Northeast,summer_storm,5,497,2019-05-13,16.38,7.082916666666667,121.395,998.6,97.6,33.62,74.92777777777778
SP-00214,FCAST-000855,Northeast,heatwave,3,2279,2024-03-29,4.68,2.839861111111111,37.446,1004.9,69.8,38.2,75.25416666666666
SP-00214,FCAST-000856,Northeast,tropical_cyclone,11,1410,2021-11-11,26.33,13.377638888888889,324.435,987.4,100.0,30.7,74.6875
SP-00215,FCAST-000857,Northeast,southwest_monsoon,9,168,2020-09-01,11.7,6.281944444444445,158.452,1001.6,100.0,31.7,75.41111111111111
SP-00215,FCAST-000858,Northeast,summer_storm,5,61,2020-05-17,16.38,6.951666666666666,115.126,999.3,98.1,33.85,74.64305555555556
SP-00215,FCAST-000859,Northeast,tropical_cyclone,9,909,2022-09-12,26.33,13.558055555555555,318.001,987.8,100.0,30.7,74.69861111111112
SP-00215,FCAST-000860,Northeast,heatwave,3,716,2022-03-03,4.68,2.6093055555555558,40.043,1004.8,62.8,38.2,75.55972222222222
SP-00216,FCAST-000861,Northeast,southwest_monsoon,7,981,2023-07-05,11.7,6.061527777777778,163.392,1001.9,98.7,31.7,75.07638888888889
SP-00216,FCAST-000862,Northeast,summer_storm,4,1280,2024-04-29,16.38,7.199166666666667,123.645,999.6,95.8,33.01,74.7486111111111
SP-00216,FCAST-000863,Northeast,heatwave,4,176,2021-04-21,4.68,2.792222222222222,37.998,1004.1,66.2,38.2,74.81527777777778
SP-00216,FCAST-000864,Northeast,tropical_cyclone,10,1463,2024-10-29,26.33,13.096805555555555,320.582,987.1,100.0,30.7,75.16527777777777
SP-00217,FCAST-000865,Northeast,tropical_cyclone,8,1918,2023-08-03,26.33,13.4525,323.422,986.9,100.0,30.7,74.74583333333334
SP-00217,FCAST-000866,Northeast,southwest_monsoon,6,1135,2021-06-11,11.7,6.324999999999999,152.469,1002.0,100.0,31.7,74.9361111111111
SP-00217,FCAST-000867,Northeast,heatwave,4,707,2020-04-09,4.68,2.6631944444444446,36.299,1004.8,62.1,38.2,75.1236111111111
SP-00217,FCAST-000868,Northeast,summer_storm,4,2180,2024-04-21,16.38,6.912638888888889,126.563,999.7,96.8,32.96,75.05277777777778
SP-00218,FCAST-000869,Northeast,tropical_cyclone,11,1674,2023-11-02,26.33,13.555833333333332,319.114,987.1,100.0,30.7,74.85555555555555
SP-00218,FCAST-000870,Northeast,southwest_monsoon,8,870,2021-08-20,11.7,6.304722222222222,156.827,1002.0,100.0,31.7,74.92222222222222
SP-00218,FCAST-000871,Northeast,summer_storm,4,392,2020-04-29,16.38,6.991805555555556,127.005,999.5,97.8,33.22,75.11666666666666
SP-00218,FCAST-000872,Northeast,heatwave,3,1818,2024-03-25,4.68,2.7531944444444445,40.608,1005.0,66.2,38.2,75.27638888888889
SP-00219,FCAST-000873,Northeast,summer_storm,5,1021,2023-05-31,16.38,7.224027777777778,117.889,999.8,97.4,33.31,75.33472222222223
SP-00219,FCAST-000874,Northeast,heatwave,4,611,2022-04-16,4.68,2.6799999999999997,39.875,1004.6,64.5,38.2,74.6263888888889
SP-00219,FCAST-000875,Northeast,southwest_monsoon,6,667,2022-06-11,11.7,6.369583333333334,159.037,1001.8,100.0,31.7,74.86250000000001
SP-00219,FCAST-000876,Northeast,tropical_cyclone,11,1190,2023-11-16,26.33,13.303055555555556,312.679,987.0,100.0,30.7,74.9625
SP-00220,FCAST-000877,Northeast,heatwave,3,1665,2023-03-09,4.68,2.683333333333333,42.556,1005.0,62.8,38.2,75.05833333333334
SP-00220,FCAST-000878,Northeast,tropical_cyclone,10,1515,2022-10-10,26.33,13.608055555555556,322.221,987.6,100.0,30.7,74.71944444444445
SP-00220,FCAST-000879,Northeast,summer_storm,4,1327,2022-04-05,16.38,6.7323611111111115,123.703,999.6,97.4,33.76,75.17500000000001
SP-00220,FCAST-000880,Northeast,southwest_monsoon,8,1472,2022-08-28,11.7,6.34625,162.135,1001.6,100.0,31.7,75.11250000000001
SP-00221,FCAST-000881,Northeast,southwest_monsoon,6,1012,2024-06-14,11.7,6.305,157.919,1001.6,99.3,31.7,74.82499999999999
SP-00221,FCAST-000882,Northeast,tropical_cyclone,8,1068,2024-08-09,26.33,13.379166666666666,315.03,987.5,100.0,30.7,75.13611111111112
SP-00221,FCAST-000883,Northeast,summer_storm,4,601,2023-04-30,16.38,6.7804166666666665,125.679,999.4,97.6,33.73,75.01111111111112
SP-00221,FCAST-000884,Northeast,heatwave,4,226,2022-04-20,4.68,2.651388888888889,42.171,1004.8,65.7,38.2,74.7486111111111
SP-00222,FCAST-000885,Northeast,southwest_monsoon,6,855,2023-06-09,11.7,6.285833333333333,155.169,1001.0,100.0,31.7,75.13333333333334
SP-00222,FCAST-000886,Northeast,summer_storm,4,64,2021-04-09,16.38,6.866944444444445,122.31099999999999,999.4,99.1,34.21,74.78611111111111
SP-00222,FCAST-000887,Northeast,tropical_cyclone,9,1308,2024-09-04,26.33,13.532083333333333,326.385,987.4,100.0,30.7,74.89305555555556
SP-00222,FCAST-000888,Northeast,heatwave,3,780,2023-03-26,4.68,2.8180555555555555,45.178,1004.5,63.6,38.2,75.03055555555555
SP-00223,FCAST-000889,Northeast,summer_storm,4,1133,2023-04-23,16.38,6.977916666666667,129.752,999.5,97.0,33.72,74.74583333333334
SP-00223,FCAST-000890,Northeast,tropical_cyclone,10,567,2021-10-04,26.33,13.292083333333332,324.473,987.6,100.0,30.7,74.96805555555555
SP-00223,FCAST-000891,Northeast,heatwave,4,771,2022-04-26,4.68,2.8718055555555555,47.042,1005.1,62.7,38.2,74.98888888888888
SP-00223,FCAST-000892,Northeast,southwest_monsoon,7,1203,2023-07-02,11.7,6.405694444444444,160.107,1002.0,99.7,31.7,75.02361111111111
SP-00224,FCAST-000893,Northeast,tropical_cyclone,8,416,2020-08-18,26.33,13.045,316.702,987.5,100.0,30.7,74.96805555555555
SP-00224,FCAST-000894,Northeast,southwest_monsoon,8,59,2019-08-27,11.7,6.430138888888888,156.246,1001.8,100.0,31.7,74.92500000000001
SP-00224,FCAST-000895,Northeast,heatwave,3,997,2022-03-22,4.68,2.7045833333333333,36.383,1004.9,63.0,38.2,75.01249999999999
SP-00224,FCAST-000896,Northeast,summer_storm,4,1022,2022-04-16,16.38,7.143333333333334,119.21300000000001,999.6,96.6,33.15,74.82222222222222
SP-00225,FCAST-000897,Northeast,tropical_cyclone,10,1957,2023-10-14,26.33,13.526944444444446,318.757,987.3,99.9,30.7,74.87222222222222
SP-00225,FCAST-000898,Northeast,summer_storm,5,339,2019-05-10,16.38,6.952361111111111,123.809,998.9,99.1,32.58,74.89027777777778
SP-00225,FCAST-000899,Northeast,southwest_monsoon,7,1495,2022-07-09,11.7,6.152638888888889,158.177,1002.5,98.3,31.7,74.91388888888889
SP-00225,FCAST-000900,Northeast,heatwave,3,1733,2023-03-04,4.68,2.6255555555555556,38.851,1005.0,64.7,38.2,75.29027777777777
SP-00226,FCAST-000901,Northeast,tropical_cyclone,8,757,2023-08-30,26.33,13.26138888888889,319.277,987.6,100.0,30.7,74.61944444444445
SP-00226,FCAST-000902,Northeast,heatwave,3,584,2023-03-10,4.68,2.5543055555555556,45.366,1004.9,64.7,38.2,74.70555555555556
SP-00226,FCAST-000903,Northeast,southwest_monsoon,8,24,2021-08-27,11.7,6.10375,167.98,1001.6,98.8,31.7,75.16388888888889
SP-00226,FCAST-000904,Northeast,summer_storm,5,298,2022-05-28,16.38,6.816666666666666,125.739,999.1,97.3,32.94,74.85138888888889
SP-00227,FCAST-000905,Northeast,heatwave,4,1258,2022-04-19,4.68,2.7186111111111106,37.614,1004.2,63.5,38.2,75.25972222222222
SP-00227,FCAST-000906,Northeast,summer_storm,4,1975,2024-04-05,16.38,6.567222222222222,116.896,999.5,96.7,33.14,74.75972222222222
SP-00227,FCAST-000907,Northeast,tropical_cyclone,11,1455,2022-11-02,26.33,13.556805555555556,315.735,987.3,100.0,30.7,74.9625
SP-00227,FCAST-000908,Northeast,southwest_monsoon,7,2075,2024-07-14,11.7,6.354166666666667,161.391,1002.1,98.5,31.7,75.04027777777777
SP-00228,FCAST-000909,Northeast,tropical_cyclone,10,1248,2021-10-03,26.33,13.461388888888889,310.544,987.0,100.0,30.7,75.47222222222223
SP-00228,FCAST-000910,Northeast,heatwave,3,672,2020-03-06,4.68,2.6375,43.623,1004.9,61.9,38.2,75.44583333333334
SP-00228,FCAST-000911,Northeast,southwest_monsoon,7,1179,2021-07-26,11.7,6.637222222222222,156.737,1001.7,100.0,31.7,74.98888888888888
SP-00228,FCAST-000912,Northeast,summer_storm,5,744,2020-05-17,16.38,6.762083333333333,122.243,999.2,96.5,33.12,75.04027777777777
SP-00229,FCAST-000913,Northeast,southwest_monsoon,7,2101,2024-07-31,11.7,6.328194444444445,153.373,1002.4,100.0,31.7,74.98194444444444
SP-00229,FCAST-000914,Northeast,summer_storm,4,886,2021-04-03,16.38,6.960694444444445,121.615,999.3,98.9,33.53,75.05277777777778
SP-00229,FCAST-000915,Northeast,heatwave,4,1641,2023-04-28,4.68,2.531527777777778,40.067,1004.8,66.3,38.2,75.27638888888889
SP-00229,FCAST-000916,Northeast,tropical_cyclone,10,1817,2023-10-21,26.33,13.28263888888889,320.653,986.6,100.0,30.7,74.89305555555556
SP-00230,FCAST-000917,Northeast,southwest_monsoon,7,914,2023-07-04,11.7,6.145555555555556,152.48499999999999,1001.6,99.2,31.7,74.82638888888889
SP-00230,FCAST-000918,Northeast,tropical_cyclone,9,625,2022-09-18,26.33,13.22625,317.471,987.0,100.0,30.7,75.33194444444445
SP-00230,FCAST-000919,Northeast,summer_storm,5,867,2023-05-18,16.38,6.58,125.92999999999999,999.4,97.6,32.93,75.12083333333334
SP-00230,FCAST-000920,Northeast,heatwave,4,104,2021-04-15,4.68,2.7729166666666667,46.019,1005.3,65.7,38.2,74.74305555555556
SP-00231,FCAST-000921,Northeast,summer_storm,5,763,2021-05-21,16.38,7.078611111111112,124.044,999.1,98.4,33.04,75.41111111111111
SP-00231,FCAST-000922,Northeast,southwest_monsoon,8,1212,2022-08-13,11.7,6.5344444444444445,158.794,1001.8,100.0,31.7,75.17500000000001
SP-00231,FCAST-000923,Northeast,tropical_cyclone,11,210,2019-11-15,26.33,13.379722222222222,323.837,987.4,100.0,30.7,75.13611111111112
SP-00231,FCAST-000924,Northeast,heatwave,4,355,2020-04-08,4.68,2.7525,44.049,1004.7,62.7,38.2,75.09583333333333
SP-00232,FCAST-000925,Northeast,tropical_cyclone,10,102,2020-10-30,26.33,13.5175,317.922,987.7,100.0,30.7,75.15277777777777
SP-00232,FCAST-000926,Northeast,southwest_monsoon,8,744,2022-08-03,11.7,6.303333333333333,156.055,1001.6,100.0,31.7,75.38888888888889
SP-00232,FCAST-000927,Northeast,heatwave,4,1007,2023-04-23,4.68,2.7563888888888886,35.147,1004.4,64.6,38.2,75.20555555555556
SP-00232,FCAST-000928,Northeast,summer_storm,5,299,2021-05-15,16.38,6.862638888888889,125.584,999.3,97.7,32.96,74.55277777777778
SP-00233,FCAST-000929,Northeast,southwest_monsoon,9,1377,2023-09-09,11.7,6.325555555555556,159.708,1002.0,100.0,31.7,75.01527777777778
SP-00233,FCAST-000930,Northeast,tropical_cyclone,8,1353,2023-08-16,26.33,13.075277777777778,319.855,987.6,100.0,30.7,74.95416666666667
SP-00233,FCAST-000931,Northeast,heatwave,4,137,2020-04-17,4.68,2.6643055555555555,43.330999999999996,1004.7,63.8,38.2,75.27638888888889
SP-00233,FCAST-000932,Northeast,summer_storm,5,902,2022-05-22,16.38,7.042638888888889,116.915,999.7,98.0,33.08,75.08888888888889
SP-00234,FCAST-000933,Northeast,heatwave,4,2143,2024-04-11,4.68,2.618888888888889,32.922,1004.9,64.6,38.2,74.84444444444445
SP-00234,FCAST-000934,Northeast,summer_storm,5,725,2020-05-24,16.38,6.853472222222222,130.146,999.2,97.7,33.38,74.63333333333334
SP-00234,FCAST-000935,Northeast,tropical_cyclone,9,2302,2024-09-17,26.33,13.398472222222223,323.858,987.4,100.0,30.7,75.04722222222222
SP-00234,FCAST-000936,Northeast,southwest_monsoon,7,1868,2023-07-11,11.7,6.052083333333333,158.367,1002.1,100.0,31.7,75.6625
SP-00235,FCAST-000937,Northeast,summer_storm,5,708,2023-05-29,16.38,6.698194444444444,119.868,999.3,98.8,33.73,74.97083333333333
SP-00235,FCAST-000938,Northeast,tropical_cyclone,9,817,2023-09-15,26.33,13.208472222222222,318.266,987.0,100.0,30.7,74.96388888888889
SP-00235,FCAST-000939,Northeast,heatwave,3,648,2023-03-30,4.68,2.716111111111111,43.412,1004.4,65.5,38.2,74.92083333333333
SP-00235,FCAST-000940,Northeast,southwest_monsoon,7,747,2023-07-07,11.7,6.413888888888889,160.771,1001.8,100.0,31.7,74.72916666666667
SP-00236,FCAST-000941,Northeast,summer_storm,4,493,2021-04-24,16.38,6.86375,123.154,999.2,97.2,33.41,74.92777777777778
SP-00236,FCAST-000942,Northeast,heatwave,4,860,2022-04-26,4.68,2.6355555555555554,41.323,1004.9,64.4,38.2,74.8138888888889
SP-00236,FCAST-000943,Northeast,southwest_monsoon,8,619,2021-08-28,11.7,6.10361111111111,158.766,1002.0,100.0,31.7,75.16111111111111
SP-00236,FCAST-000944,Northeast,tropical_cyclone,8,1692,2024-08-05,26.33,13.453194444444444,324.543,987.3,100.0,30.7,74.85694444444444
SP-00237,FCAST-000945,Northeast,southwest_monsoon,7,1409,2022-07-09,11.7,6.57236111111111,155.394,1002.3,100.0,31.7,75.09583333333333
SP-00237,FCAST-000946,Northeast,summer_storm,4,2048,2024-04-08,16.38,6.7636111111111115,125.269,998.7,97.7,34.04,74.85972222222222
SP-00237,FCAST-000947,Northeast,tropical_cyclone,8,730,2020-08-29,26.33,13.2225,320.49399999999997,987.5,100.0,30.7,75.51111111111112
SP-00237,FCAST-000948,Northeast,heatwave,3,200,2019-03-18,4.68,2.771111111111111,42.382,1004.4,64.6,38.2,74.93472222222222
SP-00238,FCAST-000949,Northeast,tropical_cyclone,8,339,2022-08-06,26.33,13.424305555555556,316.507,987.2,100.0,30.7,74.97916666666667
SP-00238,FCAST-000950,Northeast,heatwave,3,181,2022-03-01,4.68,2.8333333333333335,40.814,1004.9,64.0,38.2,75.34166666666667
SP-00238,FCAST-000951,Northeast,summer_storm,4,947,2024-04-05,16.38,7.039722222222222,125.441,999.8,97.6,32.92,75.30555555555556
SP-00238,FCAST-000952,Northeast,southwest_monsoon,8,1074,2024-08-10,11.7,6.185277777777777,158.927,1001.9,100.0,31.7,75.44444444444444
SP-00239,FCAST-000953,Northeast,heatwave,3,1338,2025-03-17,4.68,2.6405555555555558,39.504,1004.2,64.6,38.2,74.73611111111111
SP-00239,FCAST-000954,Northeast,tropical_cyclone,9,775,2023-09-01,26.33,13.413888888888888,320.366,986.4,100.0,30.7,74.83472222222223
SP-00239,FCAST-000955,Northeast,summer_storm,5,294,2022-05-08,16.38,6.757361111111111,119.237,999.3,97.7,33.62,75.2513888888889
SP-00239,FCAST-000956,Northeast,southwest_monsoon,7,1094,2024-07-16,11.7,6.028888888888889,163.488,1002.0,99.7,31.7,75.0875
SP-00240,FCAST-000957,Northeast,tropical_cyclone,11,1622,2024-11-04,26.33,13.51972222222222,314.791,987.3,100.0,30.7,74.89722222222223
SP-00240,FCAST-000958,Northeast,heatwave,3,294,2021-03-17,4.68,2.799027777777778,47.032,1004.9,62.7,38.2,75.26527777777778
SP-00240,FCAST-000959,Northeast,summer_storm,5,1446,2024-05-12,16.38,6.6745833333333335,121.818,999.6,98.0,33.48,74.9986111111111
SP-00240,FCAST-000960,Northeast,southwest_monsoon,9,851,2022-09-25,11.7,6.242638888888888,162.274,1002.2,100.0,31.7,74.88055555555555
SP-00241,FCAST-000961,Northeast,summer_storm,5,1308,2023-05-24,16.38,7.439444444444444,117.604,999.8,96.5,33.12,74.77638888888889
SP-00241,FCAST-000962,Northeast,tropical_cyclone,9,1055,2022-09-13,26.33,13.424166666666666,314.967,986.9,100.0,30.7,75.30277777777778
SP-00241,FCAST-000963,Northeast,southwest_monsoon,7,265,2020-07-15,11.7,6.341527777777777,158.481,1001.0,99.2,31.7,75.11388888888888
SP-00241,FCAST-000964,Northeast,heatwave,3,1608,2024-03-19,4.68,2.5243055555555554,48.259,1004.3,62.4,38.2,75.21527777777777
SP-00242,FCAST-000965,Northeast,summer_storm,4,1111,2024-04-13,16.38,6.976805555555555,119.38,999.1,96.9,33.58,74.92222222222222
SP-00242,FCAST-000966,Northeast,tropical_cyclone,11,954,2023-11-08,26.33,13.314166666666667,319.4,987.2,100.0,30.7,75.02083333333333
SP-00242,FCAST-000967,Northeast,heatwave,4,1119,2024-04-21,4.68,2.718611111111111,38.572,1005.2,63.8,38.2,75.05972222222222
SP-00242,FCAST-000968,Northeast,southwest_monsoon,7,118,2021-07-25,11.7,6.2813888888888885,154.996,1001.9,100.0,31.7,74.86805555555556
SP-00243,FCAST-000969,Northeast,heatwave,3,1293,2025-03-14,4.68,2.6955555555555555,38.921,1005.2,63.4,38.2,74.78888888888889
SP-00243,FCAST-000970,Northeast,tropical_cyclone,9,734,2023-09-02,26.33,13.563194444444443,318.448,987.3,100.0,30.7,74.79166666666667
SP-00243,FCAST-000971,Northeast,southwest_monsoon,8,345,2022-08-09,11.7,6.226111111111111,168.346,1002.0,100.0,31.7,75.02083333333333
SP-00243,FCAST-000972,Northeast,summer_storm,5,982,2024-05-07,16.38,6.629583333333333,128.137,999.2,96.8,34.01,74.63194444444444
SP-00244,FCAST-000973,Northeast,southwest_monsoon,8,1224,2024-08-30,11.7,6.356527777777777,157.303,1001.6,100.0,31.7,75.14583333333333
SP-00244,FCAST-000974,Northeast,tropical_cyclone,11,557,2022-11-02,26.33,13.201944444444443,327.172,986.7,100.0,30.7,75.17916666666666
SP-00244,FCAST-000975,Northeast,heatwave,3,676,2023-03-01,4.68,2.6927777777777777,43.349,1005.2,62.8,38.2,74.84305555555555
SP-00244,FCAST-000976,Northeast,summer_storm,5,764,2023-05-28,16.38,7.005,128.85,998.9,99.3,33.51,74.96944444444445
SP-00245,FCAST-000977,Northeast,summer_storm,5,1207,2024-05-03,16.38,6.786527777777778,125.349,999.3,97.7,32.07,75.02222222222223
SP-00245,FCAST-000978,Northeast,tropical_cyclone,8,1318,2024-08-22,26.33,13.465694444444445,317.217,987.1,99.6,30.7,74.875
SP-00245,FCAST-000979,Northeast,heatwave,4,1182,2024-04-08,4.68,2.7515277777777776,40.621,1004.7,64.9,38.2,75.21666666666667
SP-00245,FCAST-000980,Northeast,southwest_monsoon,8,937,2023-08-07,11.7,6.166388888888889,158.182,1001.4,99.7,31.7,74.45138888888889
SP-00246,FCAST-000981,Northeast,southwest_monsoon,7,112,2019-07-22,11.7,6.108194444444444,156.306,1001.9,98.9,31.7,74.71666666666667
SP-00246,FCAST-000982,Northeast,heatwave,4,375,2020-04-10,4.68,2.6544444444444446,35.788,1004.9,65.2,38.2,74.82916666666667
SP-00246,FCAST-000983,Northeast,tropical_cyclone,9,525,2020-09-07,26.33,13.387916666666666,322.889,987.0,100.0,30.7,74.83472222222223
SP-00246,FCAST-000984,Northeast,summer_storm,5,1865,2024-05-09,16.38,6.59875,124.442,998.7,98.8,33.37,75.42222222222222
SP-00247,FCAST-000985,Northeast,tropical_cyclone,8,461,2021-08-29,26.33,13.31625,318.03,987.2,100.0,30.7,74.79166666666667
SP-00247,FCAST-000986,Northeast,southwest_monsoon,7,776,2022-07-10,11.7,6.104166666666667,162.185,1002.0,99.9,31.7,75.08472222222223
SP-00247,FCAST-000987,Northeast,summer_storm,4,1047,2023-04-07,16.38,6.782777777777778,120.965,999.7,97.6,33.04,74.96388888888889
SP-00247,FCAST-000988,Northeast,heatwave,3,1381,2024-03-06,4.68,2.714861111111111,44.225,1004.6,66.0,38.2,74.9388888888889
SP-00248,FCAST-000989,Northeast,southwest_monsoon,7,801,2022-07-27,11.7,6.210277777777778,153.695,1002.1,100.0,31.7,75.42083333333333
SP-00248,FCAST-000990,Northeast,summer_storm,4,1074,2023-04-26,16.38,6.6033333333333335,126.901,999.1,98.7,33.07,74.91388888888889
SP-00248,FCAST-000991,Northeast,tropical_cyclone,9,475,2021-09-04,26.33,13.372777777777777,317.596,987.5,100.0,30.7,75.08611111111111
SP-00248,FCAST-000992,Northeast,heatwave,4,335,2021-04-17,4.68,2.6116666666666664,45.777,1004.6,62.3,38.2,75.10694444444444
SP-00249,FCAST-000993,Northeast,summer_storm,5,1090,2022-05-27,16.38,6.649583333333333,121.592,998.8,98.1,33.5,74.73888888888888
SP-00249,FCAST-000994,Northeast,tropical_cyclone,9,102,2019-09-12,26.33,13.354444444444445,321.548,987.2,100.0,30.7,75.24305555555556
SP-00249,FCAST-000995,Northeast,heatwave,3,638,2021-03-01,4.68,2.531944444444444,39.029,1004.8,61.2,38.2,75.05416666666666
SP-00249,FCAST-000996,Northeast,southwest_monsoon,7,44,2019-07-16,11.7,6.236805555555556,160.03,1001.8,98.0,31.7,75.10277777777777
SP-00250,FCAST-000997,Northeast,summer_storm,5,586,2023-05-18,16.38,6.872777777777778,126.261,999.5,98.9,33.15,75.05972222222222
SP-00250,FCAST-000998,Northeast,tropical_cyclone,9,1076,2024-09-19,26.33,13.53111111111111,321.463,987.1,100.0,30.7,74.98055555555555
SP-00250,FCAST-000999,Northeast,southwest_monsoon,8,312,2022-08-17,11.7,6.464305555555556,151.668,1001.4,100.0,31.7,74.99444444444445
SP-00250,FCAST-001000,Northeast,heatwave,3,521,2023-03-14,4.68,2.6751388888888887,43.336,1004.9,61.8,38.2,75.38472222222222
SP-00251,FCAST-001001,Northeast,summer_storm,5,130,2020-05-10,16.38,7.096527777777777,118.048,998.9,96.8,33.26,75.28472222222223
SP-00251,FCAST-001002,Northeast,heatwave,4,1577,2024-04-26,4.68,2.727361111111111,38.876,1005.0,65.0,38.2,75.16666666666667
SP-00251,FCAST-001003,Northeast,tropical_cyclone,8,1334,2023-08-27,26.33,13.264444444444443,320.362,986.8,100.0,30.7,74.84166666666667
SP-00251,FCAST-001004,Northeast,southwest_monsoon,7,561,2021-07-15,11.7,6.199305555555555,152.886,1001.8,100.0,31.7,74.95277777777778
SP-00252,FCAST-001005,Northeast,heatwave,4,1311,2023-04-14,4.68,2.7625,36.519,1005.0,66.3,38.2,74.32638888888889
SP-00252,FCAST-001006,Northeast,tropical_cyclone,9,376,2020-09-21,26.33,13.518611111111111,316.852,986.4,100.0,30.7,74.73194444444444
SP-00252,FCAST-001007,Northeast,summer_storm,5,1708,2024-05-15,16.38,7.424861111111111,134.185,998.9,96.8,33.02,74.85555555555555
SP-00252,FCAST-001008,Northeast,southwest_monsoon,8,1064,2022-08-10,11.7,6.553333333333333,159.59,1001.6,100.0,31.7,75.01388888888889
SP-00253,FCAST-001009,Northeast,summer_storm,5,63,2019-05-17,16.38,6.880416666666666,126.176,999.1,95.8,33.44,75.19999999999999
SP-00253,FCAST-001010,Northeast,southwest_monsoon,7,503,2020-07-30,11.7,6.425000000000001,157.283,1001.7,100.0,31.7,75.09027777777777
SP-00253,FCAST-001011,Northeast,tropical_cyclone,11,978,2021-11-17,26.33,13.282222222222224,320.217,987.3,100.0,30.7,74.99166666666666
SP-00253,FCAST-001012,Northeast,heatwave,4,46,2019-04-30,4.68,2.7643055555555556,44.410000000000004,1004.2,63.4,38.2,74.73611111111111
SP-00254,FCAST-001013,Northeast,heatwave,4,72,2018-04-15,4.68,2.8563888888888886,44.748,1005.0,63.2,38.2,74.86805555555556
SP-00254,FCAST-001014,Northeast,southwest_monsoon,9,238,2018-09-28,11.7,6.285972222222222,155.409,1001.9,100.0,31.7,75.03333333333333
SP-00254,FCAST-001015,Northeast,tropical_cyclone,10,2083,2023-10-17,26.33,13.489722222222222,315.937,987.0,100.0,30.7,75.08333333333333
SP-00254,FCAST-001016,Northeast,summer_storm,5,483,2019-05-31,16.38,6.693472222222223,122.57900000000001,999.4,96.1,33.5,75.06944444444444
SP-00255,FCAST-001017,Northeast,summer_storm,5,1125,2023-05-06,16.38,6.634305555555556,123.138,999.2,98.7,34.45,74.51805555555556
SP-00255,FCAST-001018,Northeast,southwest_monsoon,7,1208,2023-07-28,11.7,6.332083333333333,161.154,1001.9,99.8,31.7,75.35833333333333
SP-00255,FCAST-001019,Northeast,heatwave,4,729,2022-04-05,4.68,2.5999999999999996,44.83,1004.3,63.3,38.2,74.97222222222223
SP-00255,FCAST-001020,Northeast,tropical_cyclone,10,190,2020-10-13,26.33,13.255833333333333,313.799,987.4,100.0,30.7,74.79722222222222
SP-00256,FCAST-001021,Northeast,tropical_cyclone,10,558,2021-10-02,26.33,13.383472222222222,310.67900000000003,987.1,100.0,30.7,74.90972222222223
SP-00256,FCAST-001022,Northeast,southwest_monsoon,6,827,2022-06-28,11.7,6.196666666666666,155.26500000000001,1002.1,100.0,31.7,74.76666666666667
SP-00256,FCAST-001023,Northeast,summer_storm,4,1117,2023-04-14,16.38,6.5801388888888885,126.888,999.7,99.2,33.3,74.99027777777778
SP-00256,FCAST-001024,Northeast,heatwave,4,398,2021-04-25,4.68,2.483333333333333,48.133,1004.7,64.9,38.2,74.89583333333333
SP-00257,FCAST-001025,Northeast,tropical_cyclone,11,119,2020-11-28,26.33,13.170972222222222,320.201,986.8,100.0,30.7,74.50277777777778
SP-00257,FCAST-001026,Northeast,southwest_monsoon,7,1455,2024-07-26,11.7,6.176527777777777,160.069,1002.2,100.0,31.7,75.26527777777778
SP-00257,FCAST-001027,Northeast,summer_storm,4,261,2021-04-19,16.38,6.824722222222222,130.404,999.3,97.2,33.29,75.15
SP-00257,FCAST-001028,Northeast,heatwave,3,578,2022-03-02,4.68,2.8127777777777774,40.137,1004.5,63.2,38.2,75.05972222222222
SP-00258,FCAST-001029,Northeast,summer_storm,4,1518,2022-04-15,16.38,6.955,120.825,999.1,97.4,32.68,74.62777777777778
SP-00258,FCAST-001030,Northeast,tropical_cyclone,10,2053,2023-10-02,26.33,13.73847222222222,318.831,987.5,100.0,30.7,75.17361111111111
SP-00258,FCAST-001031,Northeast,heatwave,4,1522,2022-04-19,4.68,2.7820833333333335,45.752,1004.7,66.4,38.2,74.93333333333334
SP-00258,FCAST-001032,Northeast,southwest_monsoon,6,1575,2022-06-11,11.7,6.269166666666667,159.38400000000001,1001.9,99.9,31.7,75.00694444444444
SP-00259,FCAST-001033,Northeast,southwest_monsoon,9,586,2021-09-27,11.7,6.593194444444444,161.364,1001.9,100.0,31.7,75.0375
SP-00259,FCAST-001034,Northeast,tropical_cyclone,11,630,2021-11-10,26.33,13.138333333333334,318.42,987.3,100.0,30.7,75.24722222222222
SP-00259,FCAST-001035,Northeast,summer_storm,4,1146,2023-04-10,16.38,6.994861111111111,124.532,999.1,95.6,34.28,75.08194444444445
SP-00259,FCAST-001036,Northeast,heatwave,4,53,2020-04-12,4.68,2.6502777777777777,32.550000000000004,1005.0,67.5,38.2,74.97916666666667
SP-00260,FCAST-001037,Northeast,summer_storm,4,895,2022-04-25,16.38,6.8213888888888885,121.555,999.3,96.9,33.1,75.23750000000001
SP-00260,FCAST-001038,Northeast,heatwave,3,480,2021-03-06,4.68,2.725833333333333,38.737,1005.1,62.5,38.2,75.38333333333334
SP-00260,FCAST-001039,Northeast,southwest_monsoon,7,1353,2023-07-27,11.7,6.077638888888888,161.25,1001.4,100.0,31.7,74.86944444444445
SP-00260,FCAST-001040,Northeast,tropical_cyclone,11,1835,2024-11-20,26.33,13.472916666666666,317.084,987.8,100.0,30.7,75.05416666666666
SP-00261,FCAST-001041,Northeast,southwest_monsoon,7,214,2022-07-31,11.7,6.316666666666666,158.762,1001.6,99.9,31.7,74.79166666666667
SP-00261,FCAST-001042,Northeast,tropical_cyclone,8,604,2023-08-25,26.33,13.589305555555555,325.171,987.1,100.0,30.7,75.16805555555555
SP-00261,FCAST-001043,Northeast,heatwave,4,837,2024-04-14,4.68,2.5970833333333334,47.264,1005.0,62.7,38.2,74.86111111111111
SP-00261,FCAST-001044,Northeast,summer_storm,5,140,2022-05-18,16.38,7.007222222222222,121.209,999.6,97.4,32.54,75.29583333333333
SP-00262,FCAST-001045,Northeast,heatwave,3,1986,2024-03-17,4.68,2.629722222222222,44.977,1004.8,66.1,38.2,74.98611111111111
SP-00262,FCAST-001046,Northeast,summer_storm,4,183,2019-04-10,16.38,7.120555555555555,123.317,999.5,96.4,33.65,75.21388888888889
SP-00262,FCAST-001047,Northeast,southwest_monsoon,6,616,2020-06-16,11.7,6.159722222222222,159.045,1001.5,99.3,31.7,75.55000000000001
SP-00262,FCAST-001048,Northeast,tropical_cyclone,10,1481,2022-10-29,26.33,13.147361111111111,319.961,987.1,100.0,30.7,74.66944444444444
SP-00263,FCAST-001049,Northeast,tropical_cyclone,8,739,2023-08-16,26.33,13.55888888888889,316.641,987.2,100.0,30.7,75.30972222222222
SP-00263,FCAST-001050,Northeast,southwest_monsoon,8,750,2023-08-27,11.7,6.236111111111111,163.536,1001.6,100.0,31.7,75.05555555555556
SP-00263,FCAST-001051,Northeast,heatwave,4,238,2022-04-02,4.68,2.6791666666666667,35.372,1005.1,63.2,38.2,74.76249999999999
SP-00263,FCAST-001052,Northeast,summer_storm,4,260,2022-04-24,16.38,7.012083333333333,120.159,999.1,98.1,33.01,74.68194444444445
SP-00264,FCAST-001053,Northeast,heatwave,4,1012,2022-04-28,4.68,2.714444444444444,41.4,1005.0,63.6,38.2,75.59166666666667
SP-00264,FCAST-001054,Northeast,tropical_cyclone,10,1539,2023-10-07,26.33,13.18888888888889,323.017,987.2,100.0,30.7,75.21388888888889
SP-00264,FCAST-001055,Northeast,southwest_monsoon,8,1119,2022-08-13,11.7,6.214027777777777,154.442,1001.6,100.0,31.7,75.29166666666667
SP-00264,FCAST-001056,Northeast,summer_storm,4,1364,2023-04-15,16.38,6.99013888888889,122.936,999.7,98.2,33.24,74.8736111111111
SP-00265,FCAST-001057,Northeast,tropical_cyclone,10,1677,2024-10-26,26.33,13.556944444444445,320.308,987.7,100.0,30.7,75.26805555555556
SP-00265,FCAST-001058,Northeast,southwest_monsoon,7,493,2021-07-30,11.7,6.31,156.201,1001.9,99.9,31.7,75.14305555555556
SP-00265,FCAST-001059,Northeast,summer_storm,5,771,2022-05-04,16.38,7.010000000000001,120.407,999.4,97.5,32.88,75.16527777777777
SP-00265,FCAST-001060,Northeast,heatwave,3,1451,2024-03-14,4.68,2.653472222222222,43.934,1005.2,63.8,38.2,74.90416666666667
SP-00266,FCAST-001061,Northeast,southwest_monsoon,8,477,2021-08-15,11.7,6.421111111111111,167.098,1001.8,100.0,31.7,74.92638888888888
SP-00266,FCAST-001062,Northeast,summer_storm,4,351,2021-04-11,16.38,6.950138888888889,119.022,999.3,97.1,32.87,75.12916666666666
SP-00266,FCAST-001063,Northeast,heatwave,4,344,2021-04-04,4.68,2.752222222222222,38.013,1004.7,64.4,38.2,75.34444444444445
SP-00266,FCAST-001064,Northeast,tropical_cyclone,9,1234,2023-09-11,26.33,13.632083333333334,326.748,985.7,100.0,30.7,75.2875
SP-00267,FCAST-001065,Northeast,heatwave,3,59,2019-03-28,4.68,2.740972222222222,41.965,1005.2,62.4,38.2,75.58194444444445
SP-00267,FCAST-001066,Northeast,tropical_cyclone,11,1033,2021-11-26,26.33,13.691666666666666,323.405,987.1,100.0,30.7,75.22222222222223
SP-00267,FCAST-001067,Northeast,southwest_monsoon,7,523,2020-07-04,11.7,6.389722222222222,161.648,1001.1,100.0,31.7,75.04583333333333
SP-00267,FCAST-001068,Northeast,summer_storm,4,73,2019-04-11,16.38,7.2501388888888885,126.656,999.8,98.0,33.73,75.45555555555556
SP-00268,FCAST-001069,Northeast,southwest_monsoon,7,1213,2021-07-04,11.7,6.276111111111111,163.762,1001.9,100.0,31.7,74.90555555555555
SP-00268,FCAST-001070,Northeast,heatwave,4,1859,2023-04-11,4.68,2.563611111111111,36.908,1005.2,63.4,38.2,74.99583333333334
SP-00268,FCAST-001071,Northeast,tropical_cyclone,9,2383,2024-09-16,26.33,13.397222222222222,315.559,987.4,100.0,30.7,75.0875
SP-00268,FCAST-001072,Northeast,summer_storm,4,1142,2021-04-24,16.38,6.822777777777778,118.312,999.5,100.0,33.17,74.96805555555555
SP-00269,FCAST-001073,Northeast,heatwave,3,9,2019-03-03,4.68,2.804027777777778,46.58,1004.4,63.2,38.2,74.85138888888889
SP-00269,FCAST-001074,Northeast,tropical_cyclone,11,622,2020-11-05,26.33,13.252916666666668,321.238,986.9,100.0,30.7,74.95694444444445
SP-00269,FCAST-001075,Northeast,southwest_monsoon,6,833,2021-06-04,11.7,6.226666666666667,155.899,1001.9,99.9,31.7,75.00416666666666
SP-00269,FCAST-001076,Northeast,summer_storm,4,408,2020-04-05,16.38,6.874722222222222,119.521,999.5,96.4,33.04,75.01805555555556
SP-00270,FCAST-001077,Northeast,tropical_cyclone,9,1638,2024-09-13,26.33,13.305416666666666,322.482,986.8,99.1,30.7,74.75416666666666
SP-00270,FCAST-001078,Northeast,heatwave,3,714,2022-03-04,4.68,2.5526388888888887,38.417,1005.0,62.8,38.2,75.21527777777777
SP-00270,FCAST-001079,Northeast,summer_storm,4,34,2020-04-23,16.38,6.934166666666666,125.043,999.0,97.5,33.95,75.07916666666667
SP-00270,FCAST-001080,Northeast,southwest_monsoon,8,140,2020-08-07,11.7,6.292638888888889,159.642,1001.7,100.0,31.7,74.92916666666666
SP-00271,FCAST-001081,Northeast,heatwave,4,577,2023-04-16,4.68,2.5508333333333333,40.555,1004.9,64.1,38.2,74.94583333333334
SP-00271,FCAST-001082,Northeast,southwest_monsoon,7,1040,2024-07-22,11.7,6.16375,162.921,1002.0,99.5,31.7,75.19166666666666
SP-00271,FCAST-001083,Northeast,tropical_cyclone,8,1069,2024-08-20,26.33,13.271527777777777,318.737,987.4,100.0,30.7,75.05138888888888
SP-00271,FCAST-001084,Northeast,summer_storm,5,600,2023-05-09,16.38,6.810277777777777,116.634,999.6,96.7,33.6,74.62083333333334
SP-00272,FCAST-001085,Northeast,tropical_cyclone,11,748,2023-11-04,26.33,13.842638888888889,313.029,987.2,100.0,30.7,74.83472222222223
SP-00272,FCAST-001086,Northeast,heatwave,3,873,2024-03-08,4.68,2.6454166666666667,45.059,1005.2,63.1,38.2,75.22222222222223
SP-00272,FCAST-001087,Northeast,southwest_monsoon,7,1018,2024-07-31,11.7,6.170833333333333,156.376,1001.8,100.0,31.7,75.02916666666667
SP-00272,FCAST-001088,Northeast,summer_storm,4,166,2022-04-01,16.38,7.329583333333334,123.185,999.1,96.9,33.67,74.89444444444445
SP-00273,FCAST-001089,Northeast,summer_storm,5,1334,2023-05-25,16.38,6.824722222222222,123.83800000000001,999.2,96.1,32.92,74.8736111111111
SP-00273,FCAST-001090,Northeast,southwest_monsoon,7,669,2021-07-29,11.7,6.297361111111112,161.459,1000.8,100.0,31.7,74.94444444444444
SP-00273,FCAST-001091,Northeast,heatwave,4,1666,2024-04-21,4.68,2.567083333333333,45.784,1005.2,64.5,38.2,75.4125
SP-00273,FCAST-001092,Northeast,tropical_cyclone,8,1794,2024-08-27,26.33,13.132222222222222,321.16,987.1,99.8,30.7,75.05972222222222
SP-00274,FCAST-001093,Northeast,southwest_monsoon,9,11,2020-09-09,11.7,6.283194444444444,155.374,1001.6,100.0,31.7,74.92916666666666
SP-00274,FCAST-001094,Northeast,tropical_cyclone,9,1116,2023-09-19,26.33,13.176666666666668,312.971,987.5,100.0,30.7,74.97777777777777
SP-00274,FCAST-001095,Northeast,summer_storm,5,995,2023-05-21,16.38,7.120694444444445,119.34,999.3,99.0,33.56,75.12916666666666
SP-00274,FCAST-001096,Northeast,heatwave,3,1306,2024-03-27,4.68,2.635,44.874,1004.9,64.3,38.2,75.10555555555555
SP-00275,FCAST-001097,Northeast,summer_storm,5,913,2023-05-30,16.38,6.889722222222222,117.742,999.5,97.3,33.56,74.91527777777777
SP-00275,FCAST-001098,Northeast,tropical_cyclone,8,261,2021-08-16,26.33,13.3,316.628,987.0,100.0,30.7,75.21666666666667
SP-00275,FCAST-001099,Northeast,southwest_monsoon,8,275,2021-08-30,11.7,6.329166666666667,156.27,1001.1,100.0,31.7,74.35694444444444
SP-00275,FCAST-001100,Northeast,heatwave,3,1563,2025-03-10,4.68,2.7181944444444444,39.888,1005.2,64.3,38.2,75.32361111111112
SP-00276,FCAST-001101,Northeast,tropical_cyclone,11,1853,2023-11-23,26.33,13.437777777777777,318.228,987.5,100.0,30.7,75.06944444444444
SP-00276,FCAST-001102,Northeast,summer_storm,4,532,2020-04-11,16.38,6.830972222222222,119.649,998.9,97.4,33.44,75.28194444444445
SP-00276,FCAST-001103,Northeast,southwest_monsoon,9,1406,2022-09-02,11.7,6.151527777777778,163.348,1001.9,100.0,31.7,74.79444444444444
SP-00276,FCAST-001104,Northeast,heatwave,4,175,2019-04-20,4.68,2.6973611111111113,40.229,1005.2,62.5,38.2,75.09861111111111
SP-00277,FCAST-001105,Northeast,tropical_cyclone,10,686,2023-10-22,26.33,13.42138888888889,318.683,987.2,100.0,30.7,75.04166666666667
SP-00277,FCAST-001106,Northeast,heatwave,3,823,2024-03-07,4.68,2.8413888888888885,40.439,1004.9,62.5,38.2,74.86250000000001
SP-00277,FCAST-001107,Northeast,southwest_monsoon,7,590,2023-07-18,11.7,6.2051388888888885,156.27,1001.8,100.0,31.7,74.55555555555556
SP-00277,FCAST-001108,Northeast,summer_storm,5,894,2024-05-17,16.38,6.725833333333333,122.802,999.5,96.7,33.34,75.11388888888888
SP-00278,FCAST-001109,Northeast,summer_storm,5,1061,2021-05-14,16.38,6.970555555555555,131.811,999.6,97.2,33.62,74.8763888888889
SP-00278,FCAST-001110,Northeast,tropical_cyclone,9,2275,2024-09-09,26.33,13.43763888888889,317.363,987.3,100.0,30.7,74.90694444444445
SP-00278,FCAST-001111,Northeast,heatwave,3,266,2019-03-11,4.68,2.5952777777777776,41.574,1004.2,62.5,38.2,75.19583333333334
SP-00278,FCAST-001112,Northeast,southwest_monsoon,6,371,2019-06-24,11.7,6.280555555555555,150.162,1002.2,99.2,31.7,74.91388888888889
SP-00279,FCAST-001113,Northeast,tropical_cyclone,11,676,2023-11-04,26.33,13.286388888888888,323.463,987.1,100.0,30.7,75.09583333333333
SP-00279,FCAST-001114,Northeast,southwest_monsoon,7,209,2022-07-25,11.7,6.270972222222222,161.35,1001.8,97.9,31.7,75.15694444444445
SP-00279,FCAST-001115,Northeast,heatwave,4,479,2023-04-21,4.68,2.7665277777777777,51.043,1004.9,64.3,38.2,74.80694444444445
SP-00279,FCAST-001116,Northeast,summer_storm,4,481,2023-04-23,16.38,6.674027777777777,125.24,999.3,97.5,33.45,75.01944444444445
SP-00280,FCAST-001117,Northeast,tropical_cyclone,9,57,2019-09-24,26.33,13.575277777777778,322.489,987.7,100.0,30.7,74.61944444444445
SP-00280,FCAST-001118,Northeast,heatwave,4,991,2022-04-15,4.68,2.8291666666666666,51.995,1004.7,63.8,38.2,75.08333333333333
SP-00280,FCAST-001119,Northeast,southwest_monsoon,6,1418,2023-06-16,11.7,6.357777777777778,158.973,1001.6,100.0,31.7,74.83194444444445
SP-00280,FCAST-001120,Northeast,summer_storm,4,1354,2023-04-13,16.38,6.943888888888889,121.802,999.0,97.7,33.85,75.20555555555556
SP-00281,FCAST-001121,Northeast,tropical_cyclone,8,1359,2023-08-24,26.33,13.232083333333334,321.472,986.8,100.0,30.7,74.67638888888888
SP-00281,FCAST-001122,Northeast,southwest_monsoon,9,1383,2023-09-17,11.7,5.857222222222222,155.934,1001.8,98.6,31.7,75.225
SP-00281,FCAST-001123,Northeast,summer_storm,4,1580,2024-04-01,16.38,7.132638888888888,127.783,999.2,96.3,33.36,74.90416666666667
SP-00281,FCAST-001124,Northeast,heatwave,4,119,2020-04-01,4.68,2.4691666666666667,34.766,1004.3,62.3,38.2,74.72083333333333
SP-00282,FCAST-001125,Northeast,tropical_cyclone,11,59,2019-11-28,26.33,13.23486111111111,314.889,986.9,100.0,30.7,74.95694444444445
SP-00282,FCAST-001126,Northeast,summer_storm,5,965,2022-05-22,16.38,7.48888888888889,126.789,999.4,95.9,32.87,74.80833333333334
SP-00282,FCAST-001127,Northeast,southwest_monsoon,8,1431,2023-08-31,11.7,6.397777777777778,160.016,1001.6,99.9,31.7,75.04583333333333
SP-00282,FCAST-001128,Northeast,heatwave,3,172,2020-03-20,4.68,2.6483333333333334,38.275,1005.0,66.0,38.2,74.99027777777778
SP-00283,FCAST-001129,Northeast,tropical_cyclone,9,990,2022-09-13,26.33,13.412222222222221,321.77299999999997,986.9,100.0,30.7,74.98333333333333
SP-00283,FCAST-001130,Northeast,southwest_monsoon,6,175,2020-06-20,11.7,6.081388888888889,158.666,1001.8,100.0,31.7,74.69444444444444
SP-00283,FCAST-001131,Northeast,heatwave,4,486,2021-04-27,4.68,2.5095833333333335,44.912,1005.0,66.7,38.2,75.05138888888888
SP-00283,FCAST-001132,Northeast,summer_storm,5,1242,2023-05-23,16.38,7.022083333333334,126.492,999.5,97.6,33.87,74.68472222222222
SP-00284,FCAST-001133,Northeast,southwest_monsoon,8,821,2023-08-26,11.7,6.461666666666667,161.114,1001.7,100.0,31.7,75.40694444444445
SP-00284,FCAST-001134,Northeast,heatwave,3,1023,2024-03-15,4.68,2.657916666666667,41.349000000000004,1005.0,62.3,38.2,75.04305555555555
SP-00284,FCAST-001135,Northeast,tropical_cyclone,9,106,2021-09-10,26.33,13.230833333333333,314.698,987.4,100.0,30.7,74.3375
SP-00284,FCAST-001136,Northeast,summer_storm,5,1077,2024-05-08,16.38,6.817777777777778,125.227,999.0,97.8,32.99,75.36944444444445
SP-00285,FCAST-001137,Northeast,summer_storm,5,253,2020-05-07,16.38,6.7575,115.565,999.3,98.1,32.86,74.74027777777778
SP-00285,FCAST-001138,Northeast,southwest_monsoon,6,1383,2023-06-11,11.7,6.1873611111111115,157.978,1002.2,98.7,31.7,75.31527777777778
SP-00285,FCAST-001139,Northeast,heatwave,4,956,2022-04-10,4.68,2.677222222222222,41.586,1004.8,62.4,38.2,74.84444444444445
SP-00285,FCAST-001140,Northeast,tropical_cyclone,10,1515,2023-10-21,26.33,13.470972222222223,320.688,987.1,100.0,30.7,74.64583333333333
SP-00286,FCAST-001141,Northeast,southwest_monsoon,7,504,2020-07-07,11.7,6.182083333333334,155.419,1002.0,100.0,31.7,75.39722222222223
SP-00286,FCAST-001142,Northeast,summer_storm,5,100,2019-05-30,16.38,6.711111111111111,124.645,999.4,97.0,32.52,75.30277777777778
SP-00286,FCAST-001143,Northeast,heatwave,4,1877,2024-04-10,4.68,2.759722222222222,39.301,1004.5,65.1,38.2,75.49027777777778
SP-00286,FCAST-001144,Northeast,tropical_cyclone,9,219,2019-09-26,26.33,13.198194444444445,315.279,987.2,100.0,30.7,75.27083333333333
SP-00287,FCAST-001145,Northeast,summer_storm,4,616,2023-04-21,16.38,6.8059722222222225,122.281,999.2,97.0,33.44,75.22638888888889
SP-00287,FCAST-001146,Northeast,tropical_cyclone,10,780,2023-10-02,26.33,13.41236111111111,318.136,986.9,100.0,30.7,75.08333333333333
SP-00287,FCAST-001147,Northeast,heatwave,3,1301,2025-03-06,4.68,2.930833333333333,42.727,1004.6,64.7,38.2,74.70972222222223
SP-00287,FCAST-001148,Northeast,southwest_monsoon,9,31,2021-09-13,11.7,6.2844444444444445,156.165,1001.7,100.0,31.7,75.48611111111111
SP-00288,FCAST-001149,Northeast,tropical_cyclone,8,281,2022-08-27,26.33,13.514444444444443,322.6,987.6,100.0,30.7,75.02361111111111
SP-00288,FCAST-001150,Northeast,heatwave,3,486,2023-03-20,4.68,2.652638888888889,41.283,1004.1,63.1,38.2,75.06666666666666
SP-00288,FCAST-001151,Northeast,southwest_monsoon,6,563,2023-06-05,11.7,6.225972222222222,159.76500000000001,1002.2,99.4,31.7,74.95138888888889
SP-00288,FCAST-001152,Northeast,summer_storm,5,899,2024-05-06,16.38,6.751388888888889,120.975,999.4,98.6,32.94,75.1263888888889
SP-00289,FCAST-001153,Northeast,heatwave,4,597,2021-04-26,4.68,2.607222222222222,33.69,1005.1,63.7,38.2,75.19861111111112
SP-00289,FCAST-001154,Northeast,summer_storm,4,222,2020-04-16,16.38,6.734444444444445,126.269,999.3,96.6,33.19,74.975
SP-00289,FCAST-001155,Northeast,tropical_cyclone,11,1158,2022-11-08,26.33,13.550277777777778,320.722,987.2,100.0,30.7,74.86805555555556
SP-00289,FCAST-001156,Northeast,southwest_monsoon,9,1462,2023-09-08,11.7,6.133333333333333,159.498,1001.9,98.2,31.7,74.90694444444445
SP-00290,FCAST-001157,Northeast,heatwave,4,348,2019-04-12,4.68,2.7766666666666664,38.463,1004.8,64.4,38.2,75.01527777777778
SP-00290,FCAST-001158,Northeast,southwest_monsoon,8,487,2019-08-29,11.7,6.267361111111111,159.51,1001.8,100.0,31.7,75.33472222222223
SP-00290,FCAST-001159,Northeast,tropical_cyclone,10,1261,2021-10-11,26.33,13.138194444444444,320.591,987.3,100.0,30.7,75.04444444444444
SP-00290,FCAST-001160,Northeast,summer_storm,4,358,2019-04-22,16.38,6.745138888888889,120.724,999.3,98.3,33.18,74.88333333333334
SP-00291,FCAST-001161,Northeast,summer_storm,4,132,2020-04-07,16.38,6.931111111111111,122.39,999.4,97.9,32.74,74.92222222222222
SP-00291,FCAST-001162,Northeast,heatwave,3,95,2020-03-01,4.68,2.793611111111111,41.475,1004.8,63.7,38.2,75.29166666666667
SP-00291,FCAST-001163,Northeast,tropical_cyclone,9,1019,2022-09-11,26.33,13.272361111111111,319.629,987.4,100.0,30.7,74.78333333333333
SP-00291,FCAST-001164,Northeast,southwest_monsoon,6,201,2020-06-15,11.7,6.173472222222222,157.18,1002.2,99.7,31.7,74.99583333333334
SP-00292,FCAST-001165,Northeast,tropical_cyclone,10,1378,2021-10-28,26.33,13.367638888888889,317.74,987.2,100.0,30.7,74.66944444444444
SP-00292,FCAST-001166,Northeast,summer_storm,5,1928,2023-05-01,16.38,7.2225,122.726,999.1,99.3,32.91,74.8736111111111
SP-00292,FCAST-001167,Northeast,southwest_monsoon,8,217,2018-08-24,11.7,6.1748611111111105,154.926,1001.6,100.0,31.7,75.41111111111111
SP-00292,FCAST-001168,Northeast,heatwave,3,1871,2023-03-05,4.68,2.5708333333333333,36.966,1004.4,61.8,38.2,74.50972222222222
SP-00293,FCAST-001169,Northeast,summer_storm,4,399,2019-04-05,16.38,6.980416666666667,126.228,999.3,97.6,33.75,75.08055555555556
SP-00293,FCAST-001170,Northeast,southwest_monsoon,7,2331,2024-07-19,11.7,6.390972222222222,157.551,1001.9,99.6,31.7,74.98750000000001
SP-00293,FCAST-001171,Northeast,heatwave,3,2566,2025-03-11,4.68,2.618333333333333,44.646,1005.0,65.8,38.2,75.22777777777777
SP-00293,FCAST-001172,Northeast,tropical_cyclone,9,570,2019-09-23,26.33,13.482777777777777,319.272,986.3,100.0,30.7,75.09722222222223
SP-00294,FCAST-001173,Northeast,heatwave,4,279,2022-04-24,4.68,2.452083333333333,46.347,1005.1,64.3,38.2,74.6861111111111
SP-00294,FCAST-001174,Northeast,tropical_cyclone,9,1143,2024-09-04,26.33,13.645416666666668,315.353,987.4,100.0,30.7,75.08888888888889
SP-00294,FCAST-001175,Northeast,southwest_monsoon,6,703,2023-06-22,11.7,6.2877777777777775,154.534,1002.2,100.0,31.7,74.85972222222222
SP-00294,FCAST-001176,Northeast,summer_storm,4,643,2023-04-23,16.38,7.175833333333333,124.599,999.3,96.8,33.61,75.24027777777778
SP-00295,FCAST-001177,Northeast,summer_storm,4,505,2021-04-03,16.38,6.955694444444444,119.705,999.5,98.7,33.02,74.86666666666666
SP-00295,FCAST-001178,Northeast,tropical_cyclone,9,314,2020-09-24,26.33,13.244444444444445,317.28,987.3,100.0,30.7,75.07361111111112
SP-00295,FCAST-001179,Northeast,southwest_monsoon,8,651,2021-08-27,11.7,6.33625,156.186,1001.6,100.0,31.7,74.4388888888889
SP-00295,FCAST-001180,Northeast,heatwave,3,1575,2024-03-08,4.68,2.763611111111111,34.457,1004.8,64.3,38.2,74.79861111111111
SP-00296,FCAST-001181,Northeast,summer_storm,4,1900,2023-04-20,16.38,6.556805555555556,121.25,999.4,97.8,33.52,75.07638888888889
SP-00296,FCAST-001182,Northeast,heatwave,3,1856,2023-03-07,4.68,2.692361111111111,39.152,1004.4,66.4,38.2,75.13888888888889
SP-00296,FCAST-001183,Northeast,tropical_cyclone,10,264,2018-10-27,26.33,13.292083333333332,317.06,986.8,100.0,30.7,75.05138888888888
SP-00296,FCAST-001184,Northeast,southwest_monsoon,9,2050,2023-09-17,11.7,6.3220833333333335,157.138,1002.1,99.3,31.7,75.04027777777777
SP-00297,FCAST-001185,Northeast,summer_storm,5,1413,2022-05-02,16.38,6.6369444444444445,119.07300000000001,998.5,96.4,32.49,74.81944444444444
SP-00297,FCAST-001186,Northeast,southwest_monsoon,6,2178,2024-06-05,11.7,6.35375,158.135,1002.3,99.3,31.7,75.1888888888889
SP-00297,FCAST-001187,Northeast,tropical_cyclone,9,441,2019-09-03,26.33,13.484305555555556,316.792,987.4,100.0,30.7,74.7486111111111
SP-00297,FCAST-001188,Northeast,heatwave,3,1006,2021-03-21,4.68,2.469027777777778,39.746,1004.8,62.4,38.2,74.73333333333333
SP-00298,FCAST-001189,Northeast,tropical_cyclone,11,405,2022-11-13,26.33,13.514583333333333,318.727,987.1,100.0,30.7,75.05138888888888
SP-00298,FCAST-001190,Northeast,heatwave,3,1249,2025-03-06,4.68,2.7719444444444443,43.175,1004.9,61.9,38.2,75.2875
SP-00298,FCAST-001191,Northeast,southwest_monsoon,6,1000,2024-06-30,11.7,6.153611111111111,156.165,1000.7,99.7,31.7,74.69444444444444
SP-00298,FCAST-001192,Northeast,summer_storm,4,562,2023-04-19,16.38,6.9054166666666665,128.802,999.1,98.4,33.82,75.42500000000001
SP-00299,FCAST-001193,Northeast,tropical_cyclone,11,1397,2024-11-18,26.33,13.784027777777778,317.96,987.2,100.0,30.7,74.9125
SP-00299,FCAST-001194,Northeast,southwest_monsoon,7,549,2022-07-24,11.7,6.272777777777778,155.924,1002.1,100.0,31.7,75.14166666666667
SP-00299,FCAST-001195,Northeast,summer_storm,4,452,2022-04-18,16.38,6.815138888888889,121.678,999.0,96.0,33.75,74.61388888888888
SP-00299,FCAST-001196,Northeast,heatwave,3,1517,2025-03-18,4.68,2.552222222222222,40.022,1004.8,62.6,38.2,75.4375
SP-00300,FCAST-001197,Northeast,southwest_monsoon,9,550,2019-09-17,11.7,6.22875,165.046,1002.2,100.0,31.7,74.99305555555556
SP-00300,FCAST-001198,Northeast,tropical_cyclone,10,2037,2023-10-13,26.33,13.45125,320.039,987.7,100.0,30.7,74.92222222222222
SP-00300,FCAST-001199,Northeast,heatwave,3,1838,2023-03-28,4.68,2.7656944444444442,35.901,1005.0,68.9,38.2,74.9375
SP-00300,FCAST-001200,Northeast,summer_storm,5,1170,2021-05-29,16.38,6.935,119.695,999.6,97.7,33.92,75.08055555555556
SP-00301,FCAST-001201,Northeast,summer_storm,4,315,2020-04-27,16.38,6.842083333333333,119.824,999.3,96.6,33.31,74.67638888888888
SP-00301,FCAST-001202,Northeast,southwest_monsoon,9,1908,2024-09-06,11.7,6.085138888888888,155.807,1002.0,100.0,31.7,75.11805555555556
SP-00301,FCAST-001203,Northeast,heatwave,3,287,2020-03-30,4.68,2.6690277777777776,47.304,1004.2,61.1,38.2,75.2125
SP-00301,FCAST-001204,Northeast,tropical_cyclone,9,450,2020-09-09,26.33,13.43736111111111,321.67,987.5,100.0,30.7,74.97916666666667
SP-00302,FCAST-001205,Northeast,southwest_monsoon,8,2090,2024-08-24,11.7,6.279444444444445,152.609,1001.8,100.0,31.7,75.10972222222222
SP-00302,FCAST-001206,Northeast,tropical_cyclone,11,1086,2021-11-24,26.33,13.377777777777778,321.67,987.2,100.0,30.7,75.13749999999999
SP-00302,FCAST-001207,Northeast,heatwave,3,1944,2024-03-31,4.68,2.5420833333333333,35.778,1003.8,64.3,38.2,74.95277777777778
SP-00302,FCAST-001208,Northeast,summer_storm,5,1271,2022-05-28,16.38,6.784722222222222,119.994,999.8,97.3,33.74,75.07083333333334
SP-00303,FCAST-001209,Northeast,heatwave,3,2272,2024-03-29,4.68,2.663333333333333,40.212,1004.6,62.3,38.2,74.74444444444445
SP-00303,FCAST-001210,Northeast,southwest_monsoon,6,147,2018-06-04,11.7,6.158055555555555,158.084,1001.5,100.0,31.7,75.20694444444445
SP-00303,FCAST-001211,Northeast,summer_storm,5,874,2020-05-31,16.38,7.077777777777778,125.965,999.4,99.8,33.48,75.0638888888889
SP-00303,FCAST-001212,Northeast,tropical_cyclone,9,1715,2022-09-19,26.33,13.454583333333334,316.204,987.4,100.0,30.7,75.11666666666666
SP-00304,FCAST-001213,Northeast,southwest_monsoon,7,938,2023-07-28,11.7,6.2186111111111115,157.382,1001.7,100.0,31.7,75.17500000000001
SP-00304,FCAST-001214,Northeast,heatwave,4,464,2022-04-10,4.68,2.7598611111111113,46.015,1005.2,64.8,38.2,74.7875
SP-00304,FCAST-001215,Northeast,summer_storm,5,851,2023-05-02,16.38,6.866944444444445,126.169,999.5,96.7,32.84,75.16805555555555
SP-00304,FCAST-001216,Northeast,tropical_cyclone,11,1043,2023-11-10,26.33,13.315555555555555,321.687,987.4,100.0,30.7,75.07638888888889
SP-00305,FCAST-001217,Northeast,southwest_monsoon,6,1769,2024-06-07,11.7,6.546944444444445,159.861,1002.0,99.9,31.7,74.85833333333333
SP-00305,FCAST-001218,Northeast,summer_storm,5,1379,2023-05-14,16.38,6.949999999999999,120.5,999.7,97.2,33.44,74.89583333333333
SP-00305,FCAST-001219,Northeast,heatwave,3,967,2022-03-28,4.68,2.7566666666666664,44.231,1005.4,63.4,38.2,75.15833333333333
SP-00305,FCAST-001220,Northeast,tropical_cyclone,11,114,2019-11-26,26.33,13.269166666666667,322.712,987.0,100.0,30.7,75.30000000000001
SP-00306,FCAST-001221,Northeast,heatwave,4,2137,2024-04-21,4.68,2.7476388888888885,36.465,1004.7,63.7,38.2,74.81666666666666
SP-00306,FCAST-001222,Northeast,summer_storm,4,1022,2021-04-02,16.38,7.276666666666666,125.346,999.4,98.4,33.35,74.91388888888889
SP-00306,FCAST-001223,Northeast,tropical_cyclone,9,838,2020-09-30,26.33,13.324305555555556,313.232,987.2,100.0,30.7,75.06805555555555
SP-00306,FCAST-001224,Northeast,southwest_monsoon,9,824,2020-09-16,11.7,6.008055555555555,155.379,1001.5,100.0,31.7,75.16527777777777
SP-00307,FCAST-001225,Northeast,heatwave,3,1216,2024-03-01,4.68,2.9068055555555556,41.255,1005.0,62.8,38.2,75.14305555555556
SP-00307,FCAST-001226,Northeast,southwest_monsoon,8,1015,2023-08-13,11.7,6.2825,158.687,1002.1,100.0,31.7,75.43055555555556
SP-00307,FCAST-001227,Northeast,tropical_cyclone,8,1006,2023-08-04,26.33,13.448472222222222,318.15,987.5,100.0,30.7,74.75694444444444
SP-00307,FCAST-001228,Northeast,summer_storm,5,919,2023-05-09,16.38,7.1906944444444445,126.026,999.6,96.1,33.29,74.97777777777777
SP-00308,FCAST-001229,Northeast,southwest_monsoon,7,2118,2024-07-17,11.7,6.328194444444445,153.44,1002.1,99.3,31.7,75.17083333333333
SP-00308,FCAST-001230,Northeast,summer_storm,5,966,2021-05-22,16.38,6.784722222222222,124.327,999.0,96.7,33.4,75.10555555555555
SP-00308,FCAST-001231,Northeast,tropical_cyclone,11,423,2019-11-26,26.33,13.4975,320.275,987.2,100.0,30.7,75.06805555555555
SP-00308,FCAST-001232,Northeast,heatwave,3,1988,2024-03-09,4.68,2.7224999999999997,39.759,1004.5,63.3,38.2,75.10972222222222
SP-00309,FCAST-001233,Northeast,southwest_monsoon,6,34,2018-06-17,11.7,6.374444444444444,162.066,1001.8,100.0,31.7,74.9375
SP-00309,FCAST-001234,Northeast,heatwave,3,1776,2023-03-25,4.68,2.775,41.476,1004.7,62.6,38.2,74.67916666666666
SP-00309,FCAST-001235,Northeast,summer_storm,5,2185,2024-05-07,16.38,7.215972222222222,120.583,999.6,99.3,33.16,75.13194444444444
SP-00309,FCAST-001236,Northeast,tropical_cyclone,8,811,2020-08-02,26.33,13.359305555555556,316.838,987.2,100.0,30.7,74.97083333333333
SP-00310,FCAST-001237,Northeast,southwest_monsoon,8,845,2023-08-04,11.7,6.250694444444445,159.182,1002.0,100.0,31.7,74.90277777777777
SP-00310,FCAST-001238,Northeast,heatwave,4,734,2023-04-15,4.68,2.56375,33.037,1004.9,62.8,38.2,75.42916666666666
SP-00310,FCAST-001239,Northeast,tropical_cyclone,9,877,2023-09-05,26.33,13.180972222222222,315.272,987.0,100.0,30.7,74.37083333333334
SP-00310,FCAST-001240,Northeast,summer_storm,4,1096,2024-04-11,16.38,6.7363888888888885,119.76,999.3,96.9,33.27,75.02083333333333
SP-00311,FCAST-001241,Northeast,southwest_monsoon,7,1166,2024-07-26,11.7,6.1025,154.814,1002.1,100.0,31.7,74.92500000000001
SP-00311,FCAST-001242,Northeast,summer_storm,5,1095,2024-05-16,16.38,6.910694444444444,124.24,999.3,97.0,32.83,75.07222222222222
SP-00311,FCAST-001243,Northeast,tropical_cyclone,9,110,2021-09-04,26.33,13.20875,322.659,986.6,100.0,30.7,75.30138888888888
SP-00311,FCAST-001244,Northeast,heatwave,3,1392,2025-03-09,4.68,2.7934722222222224,38.309,1005.3,62.5,38.2,75.10277777777777
SP-00312,FCAST-001245,Northeast,tropical_cyclone,11,1686,2024-11-18,26.33,13.259861111111112,318.491,986.7,100.0,30.7,74.98333333333333
SP-00312,FCAST-001246,Northeast,heatwave,4,1,2020-04-08,4.68,2.587638888888889,42.423,1004.6,62.8,38.2,75.40138888888889
SP-00312,FCAST-001247,Northeast,summer_storm,5,1512,2024-05-28,16.38,7.171388888888889,122.349,999.6,98.5,32.12,74.60833333333333
SP-00312,FCAST-001248,Northeast,southwest_monsoon,6,1543,2024-06-28,11.7,6.340277777777778,156.839,1001.7,100.0,31.7,75.01666666666667
SP-00313,FCAST-001249,Northeast,southwest_monsoon,9,1264,2024-09-23,11.7,6.370694444444444,161.375,1001.7,100.0,31.7,75.1861111111111
SP-00313,FCAST-001250,Northeast,heatwave,4,730,2023-04-08,4.68,2.5923611111111113,36.577,1004.3,66.1,38.2,74.91805555555555
SP-00313,FCAST-001251,Northeast,summer_storm,4,370,2022-04-13,16.38,6.910972222222222,121.985,999.1,97.2,32.75,74.94166666666666
SP-00313,FCAST-001252,Northeast,tropical_cyclone,10,558,2022-10-18,26.33,13.348888888888888,317.948,987.5,100.0,30.7,75.03472222222223
SP-00314,FCAST-001253,Northeast,heatwave,4,990,2024-04-08,4.68,2.867361111111111,39.913000000000004,1005.1,61.9,38.2,74.94027777777778
SP-00314,FCAST-001254,Northeast,southwest_monsoon,8,744,2023-08-06,11.7,6.454027777777778,154.999,1001.9,100.0,31.7,74.94861111111112
SP-00314,FCAST-001255,Northeast,summer_storm,5,296,2022-05-15,16.38,6.6601388888888895,125.101,999.6,96.8,32.95,75.06805555555555
SP-00314,FCAST-001256,Northeast,tropical_cyclone,11,1199,2024-11-03,26.33,13.291666666666666,317.579,987.2,100.0,30.7,74.66527777777777
SP-00315,FCAST-001257,Northeast,southwest_monsoon,7,1048,2024-07-21,11.7,6.264166666666666,159.207,1002.0,100.0,31.7,74.6625
SP-00315,FCAST-001258,Northeast,tropical_cyclone,11,433,2022-11-14,26.33,13.451527777777777,320.19,987.8,100.0,30.7,75.1875
SP-00315,FCAST-001259,Northeast,heatwave,4,572,2023-04-02,4.68,2.560277777777778,43.842,1004.6,63.8,38.2,75.11944444444445
SP-00315,FCAST-001260,Northeast,summer_storm,4,574,2023-04-04,16.38,7.098055555555556,117.379,999.6,96.2,33.36,74.81527777777778
SP-00316,FCAST-001261,Northeast,tropical_cyclone,11,77,2019-11-08,26.33,13.497916666666667,318.172,987.0,100.0,30.7,75.40972222222223
SP-00316,FCAST-001262,Northeast,southwest_monsoon,7,1063,2022-07-21,11.7,6.0945833333333335,159.306,1001.4,98.6,31.7,75.14027777777778
SP-00316,FCAST-001263,Northeast,heatwave,4,1346,2023-04-30,4.68,2.608888888888889,47.988,1004.6,63.4,38.2,75.51527777777778
SP-00316,FCAST-001264,Northeast,summer_storm,5,1347,2023-05-01,16.38,7.087361111111111,124.599,999.1,96.7,33.33,75.05972222222222
SP-00317,FCAST-001265,Northeast,southwest_monsoon,9,768,2021-09-10,11.7,6.412916666666666,157.147,1001.8,98.5,31.7,75.0638888888889
SP-00317,FCAST-001266,Northeast,summer_storm,5,1756,2024-05-25,16.38,7.012777777777778,122.251,999.0,100.0,33.69,74.98333333333333
SP-00317,FCAST-001267,Northeast,heatwave,3,233,2020-03-24,4.68,2.7670833333333333,39.28,1004.7,65.8,38.2,74.99583333333334
SP-00317,FCAST-001268,Northeast,tropical_cyclone,10,1519,2023-10-01,26.33,13.45861111111111,317.881,987.1,100.0,30.7,74.9125
SP-00318,FCAST-001269,Northeast,southwest_monsoon,6,1001,2022-06-12,11.7,6.092638888888889,164.75,1001.1,100.0,31.7,75.06666666666666
SP-00318,FCAST-001270,Northeast,heatwave,3,911,2022-03-14,4.68,2.7318055555555554,36.776,1005.0,65.3,38.2,74.74583333333334
SP-00318,FCAST-001271,Northeast,tropical_cyclone,10,774,2021-10-28,26.33,13.300694444444444,320.01,987.7,100.0,30.7,75.10833333333333
SP-00318,FCAST-001272,Northeast,summer_storm,5,229,2020-05-01,16.38,7.013055555555556,119.124,998.8,96.9,33.01,75.0611111111111
SP-00319,FCAST-001273,Northeast,southwest_monsoon,7,638,2021-07-08,11.7,6.320694444444444,159.60399999999998,1001.6,98.7,31.7,75.04444444444444
SP-00319,FCAST-001274,Northeast,heatwave,4,1278,2023-04-09,4.68,2.4519444444444445,44.28,1004.6,62.4,38.2,74.74722222222222
SP-00319,FCAST-001275,Northeast,summer_storm,4,551,2021-04-12,16.38,7.004166666666666,124.397,998.7,98.2,33.36,74.92916666666666
SP-00319,FCAST-001276,Northeast,tropical_cyclone,11,1864,2024-11-15,26.33,13.35736111111111,313.641,987.3,100.0,30.7,75.14305555555556
SP-00320,FCAST-001277,Northeast,southwest_monsoon,7,619,2023-07-15,11.7,6.443888888888889,161.226,1001.9,99.7,31.7,75.00416666666666
SP-00320,FCAST-001278,Northeast,tropical_cyclone,8,1003,2024-08-02,26.33,13.621944444444445,319.754,987.8,100.0,30.7,75.14166666666667
SP-00320,FCAST-001279,Northeast,summer_storm,5,913,2024-05-04,16.38,7.010416666666667,120.782,999.5,97.5,33.48,74.92500000000001
SP-00320,FCAST-001280,Northeast,heatwave,3,852,2024-03-04,4.68,2.774861111111111,37.592,1005.2,62.0,38.2,75.09166666666667
SP-00321,FCAST-001281,Northeast,heatwave,4,1639,2023-04-27,4.68,2.6318055555555553,43.858000000000004,1004.9,64.4,38.2,74.85833333333333
SP-00321,FCAST-001282,Northeast,southwest_monsoon,6,585,2020-06-07,11.7,6.310138888888889,158.888,1001.6,100.0,31.7,75.1
SP-00321,FCAST-001283,Northeast,summer_storm,4,530,2020-04-13,16.38,6.570694444444444,125.286,998.2,97.5,33.51,75.18472222222222
SP-00321,FCAST-001284,Northeast,tropical_cyclone,9,1415,2022-09-15,26.33,13.490555555555556,320.366,987.3,100.0,30.7,74.9
SP-00322,FCAST-001285,Northeast,summer_storm,4,1064,2023-04-29,16.38,6.99625,122.418,999.8,98.1,33.17,75.01111111111112
SP-00322,FCAST-001286,Northeast,southwest_monsoon,8,1176,2023-08-19,11.7,6.437222222222222,155.944,1002.2,100.0,31.7,74.95416666666667
SP-00322,FCAST-001287,Northeast,heatwave,3,1756,2025-03-21,4.68,2.67625,43.996,1004.1,63.0,38.2,75.17777777777778
SP-00322,FCAST-001288,Northeast,tropical_cyclone,11,1262,2023-11-13,26.33,13.264861111111111,315.118,985.8,100.0,30.7,75.05833333333334
SP-00323,FCAST-001289,Northeast,summer_storm,5,442,2021-05-20,16.38,7.030694444444444,127.286,999.4,97.7,33.02,75.52777777777777
SP-00323,FCAST-001290,Northeast,southwest_monsoon,7,878,2022-07-30,11.7,6.506805555555555,157.048,1001.5,100.0,31.7,75.29444444444444
SP-00323,FCAST-001291,Northeast,heatwave,3,1104,2023-03-13,4.68,2.6113888888888885,43.681,1005.0,62.1,38.2,74.95972222222223
SP-00323,FCAST-001292,Northeast,tropical_cyclone,9,1646,2024-09-05,26.33,13.214027777777778,318.142,987.1,100.0,30.7,74.79305555555555
SP-00324,FCAST-001293,Northeast,summer_storm,5,1857,2024-05-12,16.38,6.9406944444444445,127.37,998.8,97.5,33.13,75.07083333333334
SP-00324,FCAST-001294,Northeast,southwest_monsoon,6,72,2019-06-23,11.7,6.157777777777778,158.958,1002.0,100.0,31.7,75.03194444444445
SP-00324,FCAST-001295,Northeast,heatwave,4,1105,2022-04-21,4.68,2.7513888888888887,40.927,1004.9,64.8,38.2,75.28194444444445
SP-00324,FCAST-001296,Northeast,tropical_cyclone,11,571,2020-11-03,26.33,13.192916666666667,319.285,987.7,100.0,30.7,75.02916666666667
SP-00325,FCAST-001297,Northeast,heatwave,3,1368,2025-03-16,4.68,2.7055555555555553,35.742,1004.8,62.2,38.2,75.125
SP-00325,FCAST-001298,Northeast,southwest_monsoon,7,379,2022-07-01,11.7,6.448055555555555,160.168,1002.1,100.0,31.7,75.01666666666667
SP-00325,FCAST-001299,Northeast,summer_storm,5,699,2023-05-17,16.38,6.653333333333333,118.152,999.7,97.1,33.38,74.70694444444445
SP-00325,FCAST-001300,Northeast,tropical_cyclone,8,1143,2024-08-03,26.33,13.2975,319.216,987.1,100.0,30.7,74.98472222222222
SP-00326,FCAST-001301,Northeast,summer_storm,4,1898,2023-04-12,16.38,7.032638888888889,121.18299999999999,999.4,98.1,33.31,74.81666666666666
SP-00326,FCAST-001302,Northeast,southwest_monsoon,8,924,2020-08-11,11.7,6.429166666666666,152.889,1001.3,100.0,31.7,74.96111111111111
SP-00326,FCAST-001303,Northeast,heatwave,4,453,2019-04-28,4.68,2.5718055555555552,42.311,1005.0,62.5,38.2,75.30416666666666
SP-00326,FCAST-001304,Northeast,tropical_cyclone,8,1291,2021-08-13,26.33,13.600555555555555,318.969,987.2,100.0,30.7,75.06527777777778
SP-00327,FCAST-001305,Northeast,heatwave,4,1300,2024-04-22,4.68,2.47125,38.189,1004.9,66.6,38.2,75.3763888888889
SP-00327,FCAST-001306,Northeast,southwest_monsoon,7,1013,2023-07-10,11.7,6.25875,155.986,1001.5,100.0,31.7,74.71666666666667
SP-00327,FCAST-001307,Northeast,tropical_cyclone,9,1081,2023-09-16,26.33,13.32125,326.684,987.4,100.0,30.7,74.73888888888888
SP-00327,FCAST-001308,Northeast,summer_storm,5,950,2023-05-08,16.38,6.846388888888889,131.087,998.6,96.7,32.53,75.0875
SP-00328,FCAST-001309,Northeast,summer_storm,5,1328,2023-05-19,16.38,7.310416666666667,126.1,999.4,99.9,33.86,75.00555555555555
SP-00328,FCAST-001310,Northeast,tropical_cyclone,8,1065,2022-08-29,26.33,13.581805555555555,326.601,987.4,100.0,30.7,74.98055555555555
SP-00328,FCAST-001311,Northeast,heatwave,3,898,2022-03-15,4.68,2.6943055555555553,41.215,1004.4,68.8,38.2,74.69861111111112
SP-00328,FCAST-001312,Northeast,southwest_monsoon,9,1810,2024-09-12,11.7,6.375277777777778,156.157,1002.3,99.1,31.7,74.85972222222222
SP-00329,FCAST-001313,Northeast,summer_storm,5,640,2021-05-27,16.38,6.866666666666666,127.921,998.7,97.6,34.7,75.11527777777778
SP-00329,FCAST-001314,Northeast,tropical_cyclone,11,80,2019-11-14,26.33,13.562083333333334,317.431,987.4,100.0,30.7,75.38888888888889
SP-00329,FCAST-001315,Northeast,heatwave,3,190,2020-03-03,4.68,2.648611111111111,38.618,1004.5,64.4,38.2,74.64722222222223
SP-00329,FCAST-001316,Northeast,southwest_monsoon,8,1094,2022-08-24,11.7,6.245,158.314,1001.4,98.7,31.7,74.96805555555555
SP-00330,FCAST-001317,Northeast,tropical_cyclone,11,409,2020-11-30,26.33,13.594583333333333,314.958,987.1,100.0,30.7,74.39305555555556
SP-00330,FCAST-001318,Northeast,heatwave,4,1280,2023-04-20,4.68,2.7112499999999997,34.186,1004.8,66.3,38.2,74.90833333333333
SP-00330,FCAST-001319,Northeast,summer_storm,5,1677,2024-05-21,16.38,6.809583333333333,121.557,999.5,97.5,33.21,75.57083333333334
SP-00330,FCAST-001320,Northeast,southwest_monsoon,6,229,2020-06-03,11.7,6.235555555555555,160.644,1001.5,99.9,31.7,75.12777777777778
SP-00331,FCAST-001321,Northeast,summer_storm,4,1188,2022-04-30,16.38,6.689583333333333,126.117,999.7,99.7,33.68,74.83611111111111
SP-00331,FCAST-001322,Northeast,southwest_monsoon,6,1249,2022-06-30,11.7,6.150833333333334,159.624,1001.4,99.0,31.7,74.83472222222223
SP-00331,FCAST-001323,Northeast,heatwave,3,400,2020-03-03,4.68,2.682083333333333,42.335,1004.8,61.7,38.2,74.89861111111111
SP-00331,FCAST-001324,Northeast,tropical_cyclone,8,920,2021-08-05,26.33,13.270416666666668,314.902,987.7,100.0,30.7,74.9986111111111
SP-00332,FCAST-001325,Northeast,tropical_cyclone,11,665,2021-11-24,26.33,13.382083333333334,317.877,986.4,100.0,30.7,74.73888888888888
SP-00332,FCAST-001326,Northeast,southwest_monsoon,9,594,2021-09-14,11.7,6.04875,151.798,1001.8,98.5,31.7,74.90555555555555
SP-00332,FCAST-001327,Northeast,heatwave,4,1529,2024-04-06,4.68,2.6091666666666664,40.067,1005.0,65.0,38.2,75.2875
SP-00332,FCAST-001328,Northeast,summer_storm,4,84,2020-04-22,16.38,7.036388888888889,121.786,999.0,97.5,33.3,75.15138888888889
SP-00333,FCAST-001329,Northeast,southwest_monsoon,7,1579,2024-07-12,11.7,6.583888888888889,151.567,1001.9,97.9,31.7,74.69583333333334
SP-00333,FCAST-001330,Northeast,heatwave,3,365,2021-03-16,4.68,2.5234722222222223,44.074,1005.3,70.5,38.2,74.97361111111111
SP-00333,FCAST-001331,Northeast,summer_storm,5,440,2021-05-30,16.38,6.939861111111111,122.68,999.3,98.2,33.53,75.18194444444445
SP-00333,FCAST-001332,Northeast,tropical_cyclone,10,1677,2024-10-18,26.33,13.280277777777776,316.116,986.9,100.0,30.7,75.17916666666666
SP-00334,FCAST-001333,Northeast,summer_storm,4,635,2023-04-15,16.38,6.725972222222222,118.487,999.3,98.5,32.98,75.09861111111111
SP-00334,FCAST-001334,Northeast,heatwave,3,1341,2025-03-21,4.68,2.70625,43.678,1003.9,62.5,38.2,75.00555555555555
SP-00334,FCAST-001335,Northeast,southwest_monsoon,8,1120,2024-08-12,11.7,5.989722222222222,156.084,1001.8,100.0,31.7,74.37083333333334
SP-00334,FCAST-001336,Northeast,tropical_cyclone,11,843,2023-11-09,26.33,13.772777777777778,313.633,987.4,100.0,30.7,74.92916666666666
SP-00335,FCAST-001337,Northeast,tropical_cyclone,11,1057,2024-11-05,26.33,13.535833333333334,318.861,987.2,100.0,30.7,74.5375
SP-00335,FCAST-001338,Northeast,southwest_monsoon,8,246,2022-08-17,11.7,6.043749999999999,156.769,1001.4,100.0,31.7,75.00833333333334
SP-00335,FCAST-001339,Northeast,summer_storm,5,533,2023-05-31,16.38,6.960416666666666,117.242,999.0,96.8,33.9,75.15138888888889
SP-00335,FCAST-001340,Northeast,heatwave,4,858,2024-04-20,4.68,2.7091666666666665,44.822,1005.0,63.0,38.2,75.01111111111112
SP-00336,FCAST-001341,Northeast,southwest_monsoon,6,1785,2024-06-28,11.7,6.304444444444445,158.359,1001.6,100.0,31.7,74.85555555555555
SP-00336,FCAST-001342,Northeast,tropical_cyclone,11,817,2021-11-03,26.33,13.401527777777778,321.278,987.6,100.0,30.7,75.01805555555556
SP-00336,FCAST-001343,Northeast,heatwave,3,600,2021-03-31,4.68,2.8065277777777777,42.57,1005.0,62.3,38.2,74.83055555555556
SP-00336,FCAST-001344,Northeast,summer_storm,4,972,2022-04-07,16.38,6.89638888888889,121.893,999.3,97.6,33.5,74.76111111111112
SP-00337,FCAST-001345,Northeast,tropical_cyclone,9,767,2021-09-11,26.33,13.657222222222224,315.625,986.9,100.0,30.7,74.61944444444445
SP-00337,FCAST-001346,Northeast,southwest_monsoon,9,421,2020-09-30,11.7,6.591666666666666,163.118,1002.0,100.0,31.7,74.90416666666667
SP-00337,FCAST-001347,Northeast,summer_storm,4,613,2021-04-10,16.38,6.753472222222222,129.149,999.6,98.0,32.79,75.16527777777777
SP-00337,FCAST-001348,Northeast,heatwave,3,220,2020-03-13,4.68,2.6551388888888887,44.376,1004.9,62.5,38.2,75.05000000000001
SP-00338,FCAST-001349,Northeast,tropical_cyclone,11,1461,2023-11-23,26.33,13.425277777777778,320.225,987.0,100.0,30.7,74.96944444444445
SP-00338,FCAST-001350,Northeast,southwest_monsoon,9,667,2021-09-20,11.7,6.332222222222223,155.708,1002.1,99.4,31.7,75.70555555555556
SP-00338,FCAST-001351,Northeast,heatwave,3,120,2020-03-22,4.68,2.770555555555555,43.016,1004.9,65.4,38.2,75.20972222222223
SP-00338,FCAST-001352,Northeast,summer_storm,5,183,2020-05-24,16.38,7.056111111111111,122.068,999.5,95.3,32.79,75.28333333333333
SP-00339,FCAST-001353,Northeast,heatwave,3,493,2023-03-09,4.68,2.7852777777777775,38.874,1005.2,66.5,38.2,75.00972222222222
SP-00339,FCAST-001354,Northeast,summer_storm,4,883,2024-04-02,16.38,6.853194444444444,130.44,999.2,96.4,32.87,75.23055555555555
SP-00339,FCAST-001355,Northeast,tropical_cyclone,11,732,2023-11-03,26.33,13.145694444444445,321.742,986.9,100.0,30.7,74.94027777777778
SP-00339,FCAST-001356,Northeast,southwest_monsoon,8,279,2022-08-07,11.7,6.326944444444445,161.408,1002.3,98.1,31.7,74.98750000000001
SP-00340,FCAST-001357,Northeast,tropical_cyclone,10,1215,2024-10-03,26.33,13.520000000000001,315.866,986.7,100.0,30.7,75.06805555555555
SP-00340,FCAST-001358,Northeast,summer_storm,5,359,2022-05-31,16.38,6.895138888888889,127.289,999.2,97.5,34.16,75.04722222222222
SP-00340,FCAST-001359,Northeast,southwest_monsoon,9,824,2023-09-08,11.7,6.349722222222223,159.593,1001.7,100.0,31.7,74.86250000000001
SP-00340,FCAST-001360,Northeast,heatwave,3,284,2022-03-17,4.68,2.6877777777777774,40.648,1004.8,62.5,38.2,74.975
SP-00341,FCAST-001361,Northeast,heatwave,3,948,2022-03-02,4.68,2.482361111111111,40.951,1004.9,64.7,38.2,74.96111111111111
SP-00341,FCAST-001362,Northeast,southwest_monsoon,8,1479,2023-08-15,11.7,6.213055555555555,163.743,1001.2,100.0,31.7,74.78333333333333
SP-00341,FCAST-001363,Northeast,summer_storm,4,983,2022-04-06,16.38,6.867916666666667,127.569,999.3,98.2,34.09,75.08333333333333
SP-00341,FCAST-001364,Northeast,tropical_cyclone,10,452,2020-10-22,26.33,13.419305555555557,316.144,986.9,100.0,30.7,74.90277777777777
SP-00342,FCAST-001365,Northeast,heatwave,4,890,2022-04-16,4.68,2.6956944444444444,38.338,1005.2,68.3,38.2,75.27777777777777
SP-00342,FCAST-001366,Northeast,tropical_cyclone,8,292,2020-08-26,26.33,13.161388888888888,321.805,987.6,100.0,30.7,75.32916666666667
SP-00342,FCAST-001367,Northeast,summer_storm,4,166,2020-04-22,16.38,6.532222222222222,125.678,999.0,95.3,33.17,74.94583333333334
SP-00342,FCAST-001368,Northeast,southwest_monsoon,8,1369,2023-08-08,11.7,6.214305555555556,160.1,1001.9,99.1,31.7,74.96666666666667
SP-00343,FCAST-001369,Northeast,summer_storm,4,531,2023-04-23,16.38,7.099861111111111,119.491,999.6,98.2,33.02,74.66111111111111
SP-00343,FCAST-001370,Northeast,tropical_cyclone,10,332,2022-10-06,26.33,13.318194444444444,319.577,987.5,100.0,30.7,75.07083333333334
SP-00343,FCAST-001371,Northeast,heatwave,4,513,2023-04-05,4.68,2.4969444444444444,44.811,1005.0,63.2,38.2,74.89583333333333
SP-00343,FCAST-001372,Northeast,southwest_monsoon,7,994,2024-07-29,11.7,6.311527777777778,156.742,1001.5,99.3,31.7,75.11388888888888
SP-00344,FCAST-001373,Northeast,summer_storm,5,1358,2024-05-30,16.38,6.752083333333333,114.174,999.1,97.6,32.94,74.72361111111111
SP-00344,FCAST-001374,Northeast,heatwave,4,596,2022-04-29,4.68,2.628333333333333,39.34,1005.2,70.8,38.2,75.80138888888888
SP-00344,FCAST-001375,Northeast,southwest_monsoon,7,1039,2023-07-16,11.7,6.242777777777778,159.545,1002.0,99.9,31.7,74.59444444444445
SP-00344,FCAST-001376,Northeast,tropical_cyclone,11,1174,2023-11-28,26.33,13.440833333333334,313.408,986.7,100.0,30.7,75.10138888888889
SP-00345,FCAST-001377,Northeast,heatwave,3,1705,2024-03-30,4.68,2.694861111111111,35.68,1004.5,66.6,38.2,75.125
SP-00345,FCAST-001378,Northeast,summer_storm,5,660,2021-05-20,16.38,6.913472222222222,122.04,999.3,96.8,33.4,75.43194444444445
SP-00345,FCAST-001379,Northeast,southwest_monsoon,9,1514,2023-09-21,11.7,6.058055555555556,156.795,1001.8,98.7,31.7,74.7125
SP-00345,FCAST-001380,Northeast,tropical_cyclone,10,1554,2023-10-31,26.33,13.397638888888888,317.973,986.9,100.0,30.7,74.50694444444444
SP-00346,FCAST-001381,Northeast,southwest_monsoon,6,675,2021-06-18,11.7,6.329305555555555,159.062,1001.8,100.0,31.7,74.94166666666666
SP-00346,FCAST-001382,Northeast,summer_storm,4,978,2022-04-17,16.38,7.0575,127.716,999.4,97.5,33.45,75.1263888888889
SP-00346,FCAST-001383,Northeast,tropical_cyclone,10,1898,2024-10-23,26.33,13.48125,321.179,987.3,100.0,30.7,75.26805555555556
SP-00346,FCAST-001384,Northeast,heatwave,4,990,2022-04-29,4.68,2.7955555555555556,34.718,1005.0,65.7,38.2,75.06666666666666
SP-00347,FCAST-001385,Northeast,tropical_cyclone,9,2121,2024-09-13,26.33,13.264444444444443,312.27,987.4,100.0,30.7,74.88472222222222
SP-00347,FCAST-001386,Northeast,summer_storm,4,862,2021-04-03,16.38,6.7975,123.949,998.9,97.5,33.26,74.75972222222222
SP-00347,FCAST-001387,Northeast,southwest_monsoon,9,1038,2021-09-26,11.7,6.268750000000001,157.786,1002.1,99.1,31.7,74.94444444444444
SP-00347,FCAST-001388,Northeast,heatwave,3,1578,2023-03-20,4.68,2.7465277777777777,42.724,1004.4,62.7,38.2,75.0875
SP-00348,FCAST-001389,Northeast,heatwave,4,444,2021-04-26,4.68,2.6951388888888888,45.703,1004.8,66.1,38.2,75.22083333333333
SP-00348,FCAST-001390,Northeast,summer_storm,4,1178,2023-04-30,16.38,6.544027777777778,119.599,999.8,98.5,32.8,74.84861111111111
SP-00348,FCAST-001391,Northeast,tropical_cyclone,9,1681,2024-09-14,26.33,13.294305555555557,314.806,987.3,100.0,30.7,75.23194444444444
SP-00348,FCAST-001392,Northeast,southwest_monsoon,6,135,2020-06-21,11.7,6.41611111111111,167.433,1001.6,100.0,31.7,75.09166666666667
SP-00349,FCAST-001393,Northeast,tropical_cyclone,9,1863,2023-09-15,26.33,13.169583333333334,322.917,986.8,100.0,30.7,75.15138888888889
SP-00349,FCAST-001394,Northeast,summer_storm,4,1335,2022-04-05,16.38,6.645416666666666,119.127,999.4,96.6,33.58,74.70833333333333
SP-00349,FCAST-001395,Northeast,heatwave,4,1339,2022-04-09,4.68,2.707361111111111,35.669,1004.7,62.0,38.2,74.99722222222222
SP-00349,FCAST-001396,Northeast,southwest_monsoon,9,401,2019-09-14,11.7,6.407638888888888,163.905,1001.8,99.8,31.7,74.95277777777778
SP-00350,FCAST-001397,Northeast,summer_storm,4,465,2021-04-01,16.38,6.725833333333333,123.93,999.3,96.3,33.19,74.91805555555555
SP-00350,FCAST-001398,Northeast,tropical_cyclone,10,294,2020-10-12,26.33,13.62375,317.171,987.3,100.0,30.7,74.89722222222223
SP-00350,FCAST-001399,Northeast,heatwave,4,122,2020-04-23,4.68,2.6151388888888887,41.973,1004.6,64.2,38.2,75.05000000000001
SP-00350,FCAST-001400,Northeast,southwest_monsoon,7,922,2022-07-02,11.7,6.336944444444445,151.234,1001.9,98.4,31.7,74.45694444444445
SP-00351,FCAST-001401,Northeast,heatwave,3,1489,2025-03-13,4.68,2.769722222222222,43.371,1005.1,64.4,38.2,74.69027777777778
SP-00351,FCAST-001402,Northeast,southwest_monsoon,6,843,2023-06-06,11.7,6.24375,151.764,1001.5,98.8,31.7,74.87222222222222
SP-00351,FCAST-001403,Northeast,summer_storm,4,786,2023-04-10,16.38,7.059444444444445,126.213,999.3,98.0,33.37,74.84444444444445
SP-00351,FCAST-001404,Northeast,tropical_cyclone,11,650,2022-11-25,26.33,13.391944444444444,320.842,987.2,100.0,30.7,74.98750000000001
SP-00352,FCAST-001405,Northeast,tropical_cyclone,11,1575,2024-11-11,26.33,13.428194444444445,313.331,987.5,100.0,30.7,75.06805555555555
SP-00352,FCAST-001406,Northeast,heatwave,4,642,2022-04-23,4.68,2.5565277777777777,41.591,1005.2,63.6,38.2,75.00833333333334
SP-00352,FCAST-001407,Northeast,summer_storm,5,1037,2023-05-23,16.38,7.450416666666666,125.591,999.4,96.4,33.01,75.22222222222223
SP-00352,FCAST-001408,Northeast,southwest_monsoon,6,694,2022-06-14,11.7,6.421527777777778,157.194,1001.3,100.0,31.7,75.17361111111111
SP-00353,FCAST-001409,Northeast,summer_storm,4,634,2023-04-30,16.38,7.033472222222223,116.724,999.4,98.3,34.4,75.3111111111111
SP-00353,FCAST-001410,Northeast,tropical_cyclone,10,801,2023-10-14,26.33,13.233472222222222,315.335,987.4,100.0,30.7,75.1
SP-00353,FCAST-001411,Northeast,heatwave,3,963,2024-03-24,4.68,2.5940277777777774,35.964,1004.8,63.0,38.2,74.8375
SP-00353,FCAST-001412,Northeast,southwest_monsoon,8,11,2021-08-15,11.7,6.365833333333333,161.977,1001.8,99.3,31.7,75.22916666666667
SP-00354,FCAST-001413,Northeast,summer_storm,4,480,2022-04-01,16.38,7.1075,128.393,999.4,98.2,32.92,74.94444444444444
SP-00354,FCAST-001414,Northeast,southwest_monsoon,7,582,2022-07-12,11.7,6.582777777777777,159.755,1002.0,100.0,31.7,75.00555555555555
SP-00354,FCAST-001415,Northeast,tropical_cyclone,10,1032,2023-10-05,26.33,13.447083333333333,315.327,987.2,100.0,30.7,74.67222222222222
SP-00354,FCAST-001416,Northeast,heatwave,4,870,2023-04-26,4.68,2.578888888888889,40.108,1004.9,64.9,38.2,75.10416666666667
SP-00355,FCAST-001417,Northeast,heatwave,3,1454,2025-03-09,4.68,2.6352777777777776,40.297,1004.7,68.7,38.2,75.13194444444444
SP-00355,FCAST-001418,Northeast,tropical_cyclone,8,517,2022-08-15,26.33,13.433333333333334,316.664,986.7,100.0,30.7,75.02083333333333
SP-00355,FCAST-001419,Northeast,southwest_monsoon,7,472,2022-07-01,11.7,6.235138888888889,155.064,1001.4,100.0,31.7,75.15555555555555
SP-00355,FCAST-001420,Northeast,summer_storm,5,781,2023-05-06,16.38,6.68,128.133,999.5,99.2,33.86,74.68194444444445
SP-00356,FCAST-001421,Northeast,tropical_cyclone,11,1500,2022-11-23,26.33,13.371805555555556,319.117,987.2,100.0,30.7,74.86527777777778
SP-00356,FCAST-001422,Northeast,heatwave,3,503,2020-03-01,4.68,2.7933333333333334,39.178,1004.8,62.7,38.2,75.39861111111111
SP-00356,FCAST-001423,Northeast,summer_storm,4,551,2020-04-18,16.38,6.634444444444444,130.836,999.2,97.3,33.46,75.16111111111111
SP-00356,FCAST-001424,Northeast,southwest_monsoon,8,1396,2022-08-11,11.7,6.371388888888889,164.657,1002.0,100.0,31.7,74.89444444444445
SP-00357,FCAST-001425,Northeast,southwest_monsoon,8,786,2023-08-20,11.7,6.368611111111111,157.442,1001.6,99.5,31.7,75.48611111111111
SP-00357,FCAST-001426,Northeast,heatwave,4,294,2022-04-15,4.68,2.640833333333333,42.291,1004.7,63.7,38.2,74.6263888888889
SP-00357,FCAST-001427,Northeast,summer_storm,4,308,2022-04-29,16.38,6.748333333333333,121.964,999.6,98.9,33.35,74.75416666666666
SP-00357,FCAST-001428,Northeast,tropical_cyclone,10,847,2023-10-20,26.33,13.217083333333333,315.484,986.8,100.0,30.7,75.36805555555556
SP-00358,FCAST-001429,Northeast,summer_storm,4,1206,2022-04-05,16.38,7.0720833333333335,126.838,999.6,100.0,33.18,75.04444444444444
SP-00358,FCAST-001430,Northeast,tropical_cyclone,10,2126,2024-10-11,26.33,13.371944444444445,320.465,987.2,100.0,30.7,74.98194444444444
SP-00358,FCAST-001431,Northeast,heatwave,3,1903,2024-03-02,4.68,2.6581944444444443,39.046,1005.1,64.8,38.2,74.74722222222222
SP-00358,FCAST-001432,Northeast,southwest_monsoon,7,2029,2024-07-06,11.7,6.2498611111111115,156.279,1001.6,100.0,31.7,74.78333333333333
SP-00359,FCAST-001433,Northeast,summer_storm,4,579,2020-04-14,16.38,6.5368055555555555,129.191,999.1,96.5,32.5,75.14444444444445
SP-00359,FCAST-001434,Northeast,southwest_monsoon,7,1397,2022-07-11,11.7,6.446805555555556,161.311,1002.1,100.0,31.7,75.24722222222222
SP-00359,FCAST-001435,Northeast,tropical_cyclone,11,2264,2024-11-24,26.33,13.564583333333333,313.309,987.2,100.0,30.7,74.72361111111111
SP-00359,FCAST-001436,Northeast,heatwave,3,908,2021-03-09,4.68,2.64625,39.695,1004.9,66.0,38.2,75.08194444444445
SP-00360,FCAST-001437,Northeast,southwest_monsoon,6,981,2023-06-02,11.7,6.2811111111111115,164.512,1001.9,100.0,31.7,74.66111111111111
SP-00360,FCAST-001438,Northeast,summer_storm,4,944,2023-04-26,16.38,6.47125,123.016,999.1,97.1,34.16,75.14861111111111
SP-00360,FCAST-001439,Northeast,tropical_cyclone,10,27,2020-10-21,26.33,13.375555555555556,320.172,987.4,100.0,30.7,75.10277777777777
SP-00360,FCAST-001440,Northeast,heatwave,4,1291,2024-04-07,4.68,2.646111111111111,39.352,1004.9,63.4,38.2,75.08055555555556
SP-00361,FCAST-001441,Northeast,summer_storm,4,280,2019-04-06,16.38,7.100555555555555,125.02,998.7,98.5,34.37,75.0013888888889
SP-00361,FCAST-001442,Northeast,heatwave,3,630,2020-03-21,4.68,2.6591666666666662,42.876,1004.5,67.0,38.2,74.85138888888889
SP-00361,FCAST-001443,Northeast,southwest_monsoon,6,712,2020-06-11,11.7,6.350138888888889,159.12,1001.7,100.0,31.7,75.53611111111111
SP-00361,FCAST-001444,Northeast,tropical_cyclone,8,1515,2022-08-23,26.33,13.411944444444444,315.415,987.6,100.0,30.7,74.50555555555555
SP-00362,FCAST-001445,Northeast,tropical_cyclone,11,1185,2023-11-26,26.33,13.078055555555556,320.564,987.3,100.0,30.7,75.09027777777777
SP-00362,FCAST-001446,Northeast,summer_storm,5,1345,2024-05-04,16.38,6.835277777777778,121.648,999.5,96.5,33.76,74.7486111111111
SP-00362,FCAST-001447,Northeast,heatwave,3,1650,2025-03-05,4.68,2.7031944444444442,34.266,1005.1,65.0,38.2,74.94861111111112
SP-00362,FCAST-001448,Northeast,southwest_monsoon,9,1117,2023-09-19,11.7,6.4181944444444445,155.796,1002.3,100.0,31.7,74.88194444444444
SP-00363,FCAST-001449,Northeast,heatwave,4,1576,2024-04-19,4.68,2.439583333333333,40.892,1005.0,64.1,38.2,74.92500000000001
SP-00363,FCAST-001450,Northeast,tropical_cyclone,10,1746,2024-10-06,26.33,13.720972222222223,323.176,987.4,100.0,30.7,74.68333333333334
SP-00363,FCAST-001451,Northeast,summer_storm,5,871,2022-05-15,16.38,6.949027777777777,121.615,999.8,97.8,33.2,75.21666666666667
SP-00363,FCAST-001452,Northeast,southwest_monsoon,6,916,2022-06-29,11.7,6.330694444444444,160.041,1001.3,98.9,31.7,74.69305555555555
SP-00364,FCAST-001453,Northeast,summer_storm,4,56,2021-04-29,16.38,6.961527777777778,124.188,999.3,97.7,33.28,74.81805555555555
SP-00364,FCAST-001454,Northeast,southwest_monsoon,7,1227,2024-07-13,11.7,6.190972222222222,159.145,1001.8,99.7,31.7,74.91388888888889
SP-00364,FCAST-001455,Northeast,heatwave,3,1100,2024-03-08,4.68,2.6845833333333333,36.748,1004.8,65.7,38.2,74.85138888888889
SP-00364,FCAST-001456,Northeast,tropical_cyclone,8,889,2023-08-10,26.33,13.42,325.94,987.1,100.0,30.7,74.83194444444445
SP-00365,FCAST-001457,Northeast,summer_storm,5,1688,2024-05-05,16.38,6.948888888888889,124.053,999.5,96.8,33.82,75.05000000000001
SP-00365,FCAST-001458,Northeast,tropical_cyclone,10,752,2021-10-12,26.33,13.29263888888889,321.021,987.0,100.0,30.7,75.16388888888889
SP-00365,FCAST-001459,Northeast,southwest_monsoon,6,623,2021-06-05,11.7,6.36875,154.143,1001.2,100.0,31.7,75.04305555555555
SP-00365,FCAST-001460,Northeast,heatwave,4,1669,2024-04-16,4.68,2.4770833333333333,41.032000000000004,1004.8,62.5,38.2,75.39027777777778
SP-00366,FCAST-001461,Northeast,summer_storm,4,616,2022-04-17,16.38,6.928194444444444,121.06,998.4,97.4,33.28,75.13611111111112
SP-00366,FCAST-001462,Northeast,southwest_monsoon,9,394,2021-09-07,11.7,6.269444444444444,155.656,1001.0,100.0,31.7,75.36111111111111
SP-00366,FCAST-001463,Northeast,tropical_cyclone,11,1551,2024-11-07,26.33,13.51736111111111,312.438,987.3,100.0,30.7,75.34166666666667
SP-00366,FCAST-001464,Northeast,heatwave,4,249,2021-04-15,4.68,2.675,45.077,1004.7,63.2,38.2,74.85
SP-00367,FCAST-001465,Northeast,summer_storm,5,691,2021-05-01,16.38,6.860138888888889,128.157,999.1,95.6,33.26,75.04166666666667
SP-00367,FCAST-001466,Northeast,southwest_monsoon,8,1907,2024-08-29,11.7,6.200972222222222,159.071,1001.5,100.0,31.7,74.8111111111111
SP-00367,FCAST-001467,Northeast,heatwave,4,1401,2023-04-11,4.68,2.759027777777778,38.784,1005.4,63.1,38.2,75.14444444444445
SP-00367,FCAST-001468,Northeast,tropical_cyclone,9,472,2020-09-24,26.33,13.454305555555557,324.806,987.2,100.0,30.7,75.20555555555556
SP-00368,FCAST-001469,Northeast,southwest_monsoon,7,1339,2022-07-09,11.7,6.232777777777778,161.771,1002.3,100.0,31.7,75.09583333333333
SP-00368,FCAST-001470,Northeast,heatwave,3,132,2019-03-20,4.68,2.681111111111111,37.662,1004.9,64.9,38.2,75.36388888888888
SP-00368,FCAST-001471,Northeast,summer_storm,5,2025,2024-05-25,16.38,6.6225,124.391,999.6,97.0,33.02,75.30694444444445
SP-00368,FCAST-001472,Northeast,tropical_cyclone,11,1842,2023-11-24,26.33,13.379305555555554,316.814,986.6,100.0,30.7,75.01388888888889
SP-00369,FCAST-001473,Northeast,tropical_cyclone,8,458,2020-08-07,26.33,13.474027777777778,318.297,986.3,100.0,30.7,75.04583333333333
SP-00369,FCAST-001474,Northeast,summer_storm,4,698,2021-04-04,16.38,6.632638888888889,129.421,999.2,97.6,33.21,75.25694444444444
SP-00369,FCAST-001475,Northeast,heatwave,4,1069,2022-04-10,4.68,2.6751388888888887,42.459,1004.9,64.5,38.2,74.75416666666666
SP-00369,FCAST-001476,Northeast,southwest_monsoon,7,1176,2022-07-26,11.7,6.532638888888889,161.588,1001.6,99.6,31.7,75.33888888888889
SP-00370,FCAST-001477,Northeast,southwest_monsoon,7,504,2019-07-03,11.7,6.332916666666666,162.434,1002.0,99.8,31.7,75.15555555555555
SP-00370,FCAST-001478,Northeast,heatwave,3,1493,2022-03-18,4.68,2.7831944444444443,37.33,1004.6,64.3,38.2,74.51805555555556
SP-00370,FCAST-001479,Northeast,summer_storm,5,807,2020-05-01,16.38,6.950694444444444,123.21300000000001,999.6,98.7,33.36,75.35972222222222
SP-00370,FCAST-001480,Northeast,tropical_cyclone,9,935,2020-09-06,26.33,13.449166666666667,323.075,987.4,100.0,30.7,74.60694444444444
SP-00371,FCAST-001481,Northeast,heatwave,4,1296,2022-04-27,4.68,2.56,37.827,1004.9,62.9,38.2,74.92916666666666
SP-00371,FCAST-001482,Northeast,tropical_cyclone,9,1432,2022-09-10,26.33,13.137083333333333,313.118,987.1,100.0,30.7,74.69583333333334
SP-00371,FCAST-001483,Northeast,southwest_monsoon,9,703,2020-09-11,11.7,6.218472222222222,165.331,1002.0,100.0,31.7,74.8111111111111
SP-00371,FCAST-001484,Northeast,summer_storm,4,560,2020-04-21,16.38,6.940138888888889,118.189,999.4,96.1,33.91,74.83888888888889
SP-00372,FCAST-001485,Northeast,heatwave,3,1778,2025-03-12,4.68,2.6284722222222223,39.13,1004.3,63.3,38.2,74.90972222222223
SP-00372,FCAST-001486,Northeast,southwest_monsoon,9,1237,2023-09-18,11.7,6.341111111111111,154.366,1001.8,100.0,31.7,74.78472222222223
SP-00372,FCAST-001487,Northeast,summer_storm,5,395,2021-05-29,16.38,6.815138888888889,126.933,999.0,97.5,33.64,74.79027777777777
SP-00372,FCAST-001488,Northeast,tropical_cyclone,9,1231,2023-09-12,26.33,13.540138888888889,319.045,986.8,100.0,30.7,75.03055555555555
SP-00373,FCAST-001489,Northeast,summer_storm,5,787,2023-05-31,16.38,6.858194444444445,119.833,998.7,96.4,32.91,75.23611111111111
SP-00373,FCAST-001490,Northeast,tropical_cyclone,8,141,2021-08-23,26.33,13.366527777777778,316.728,987.3,100.0,30.7,75.11805555555556
SP-00373,FCAST-001491,Northeast,heatwave,3,1078,2024-03-17,4.68,2.7266666666666666,34.124,1004.9,62.3,38.2,75.07361111111112
SP-00373,FCAST-001492,Northeast,southwest_monsoon,9,544,2022-09-30,11.7,6.120416666666667,161.41,1002.0,98.6,31.7,75.22638888888889
SP-00374,FCAST-001493,Northeast,heatwave,3,1866,2025-03-06,4.68,2.9004166666666666,36.458,1004.9,63.0,38.2,75.08472222222223
SP-00374,FCAST-001494,Northeast,tropical_cyclone,10,1725,2024-10-16,26.33,13.579305555555557,317.724,987.2,100.0,30.7,74.85555555555555
SP-00374,FCAST-001495,Northeast,southwest_monsoon,9,239,2020-09-21,11.7,6.453333333333333,156.662,1001.3,100.0,31.7,75.14444444444445
SP-00374,FCAST-001496,Northeast,summer_storm,5,482,2021-05-22,16.38,6.943888888888889,115.276,999.9,98.1,32.94,74.60555555555555
SP-00375,FCAST-001497,Northeast,heatwave,3,1175,2023-03-06,4.68,2.764861111111111,46.13,1004.7,65.3,38.2,74.8111111111111
SP-00375,FCAST-001498,Northeast,tropical_cyclone,10,678,2021-10-25,26.33,13.434166666666666,318.589,987.3,100.0,30.7,74.73333333333333
SP-00375,FCAST-001499,Northeast,summer_storm,4,490,2021-04-20,16.38,6.925833333333333,119.278,999.3,96.7,34.34,75.36805555555556
SP-00375,FCAST-001500,Northeast,southwest_monsoon,8,1335,2023-08-13,11.7,6.209027777777778,156.403,1002.0,100.0,31.7,75.1625
SP-00376,FCAST-001501,Northeast,summer_storm,4,319,2021-04-16,16.38,7.126250000000001,126.321,999.3,99.5,32.7,74.79583333333333
SP-00376,FCAST-001502,Northeast,southwest_monsoon,7,1152,2023-07-28,11.7,6.2125,162.639,1002.2,99.1,31.7,75.10694444444444
SP-00376,FCAST-001503,Northeast,tropical_cyclone,11,905,2022-11-23,26.33,13.262638888888889,316.62,987.0,100.0,30.7,75.09305555555555
SP-00376,FCAST-001504,Northeast,heatwave,4,1058,2023-04-25,4.68,2.744861111111111,39.079,1005.1,67.9,38.2,75.23333333333333
SP-00377,FCAST-001505,Northeast,heatwave,3,380,2021-03-31,4.68,2.647361111111111,41.979,1004.5,62.3,38.2,75.29305555555555
SP-00377,FCAST-001506,Northeast,tropical_cyclone,11,624,2021-11-30,26.33,13.375416666666666,314.04200000000003,986.4,100.0,30.7,75.65
SP-00377,FCAST-001507,Northeast,southwest_monsoon,7,472,2021-07-01,11.7,6.5075,159.479,1001.6,100.0,31.7,74.98888888888888
SP-00377,FCAST-001508,Northeast,summer_storm,5,1152,2023-05-12,16.38,6.8805555555555555,133.37,999.5,97.3,32.98,74.91527777777777
SP-00378,FCAST-001509,Northeast,heatwave,4,1844,2023-04-19,4.68,2.6755555555555555,39.989,1004.9,65.9,38.2,74.95277777777778
SP-00378,FCAST-001510,Northeast,southwest_monsoon,8,139,2018-08-18,11.7,5.911111111111111,159.349,1002.1,99.2,31.7,74.82361111111112
SP-00378,FCAST-001511,Northeast,summer_storm,5,408,2019-05-14,16.38,6.8261111111111115,131.196,999.8,96.9,34.1,74.72361111111111
SP-00378,FCAST-001512,Northeast,tropical_cyclone,10,2012,2023-10-04,26.33,13.450416666666667,319.737,987.6,100.0,30.7,75.02222222222223
SP-00379,FCAST-001513,Northeast,tropical_cyclone,10,1001,2021-10-29,26.33,13.445833333333333,317.098,987.9,100.0,30.7,74.88333333333334
SP-00379,FCAST-001514,Northeast,summer_storm,5,1573,2023-05-24,16.38,6.819305555555555,123.571,999.5,97.2,32.92,74.69583333333334
SP-00379,FCAST-001515,Northeast,heatwave,3,1865,2024-03-11,4.68,2.7720833333333332,42.197,1004.6,64.4,38.2,74.8736111111111
SP-00379,FCAST-001516,Northeast,southwest_monsoon,6,1975,2024-06-29,11.7,6.408611111111111,162.35,1000.8,100.0,31.7,74.71527777777777
SP-00380,FCAST-001517,Northeast,tropical_cyclone,8,755,2021-08-15,26.33,13.377777777777778,325.648,987.7,100.0,30.7,74.98611111111111
SP-00380,FCAST-001518,Northeast,summer_storm,5,284,2020-05-01,16.38,6.789722222222222,121.715,999.3,99.7,33.98,74.92916666666666
SP-00380,FCAST-001519,Northeast,southwest_monsoon,8,1500,2023-08-30,11.7,6.487777777777778,154.711,1002.0,100.0,31.7,74.48888888888888
SP-00380,FCAST-001520,Northeast,heatwave,4,272,2020-04-19,4.68,2.5601388888888885,37.46,1004.3,63.3,38.2,74.73750000000001
SP-00381,FCAST-001521,Northeast,summer_storm,4,13,2021-04-22,16.38,6.898333333333333,123.435,999.1,98.2,33.54,74.86527777777778
SP-00381,FCAST-001522,Northeast,tropical_cyclone,10,1293,2024-10-23,26.33,13.369305555555556,319.754,987.7,100.0,30.7,74.98333333333333
SP-00381,FCAST-001523,Northeast,heatwave,4,737,2023-04-16,4.68,2.5254166666666666,38.042,1004.5,62.2,38.2,75.30694444444445
SP-00381,FCAST-001524,Northeast,southwest_monsoon,6,72,2021-06-20,11.7,6.009027777777778,164.495,1002.2,100.0,31.7,75.01527777777778
SP-00382,FCAST-001525,Northeast,summer_storm,4,1077,2023-04-23,16.38,6.926805555555556,122.393,999.9,99.4,33.63,74.98888888888888
SP-00382,FCAST-001526,Northeast,tropical_cyclone,11,933,2022-11-30,26.33,13.181527777777779,317.096,987.1,100.0,30.7,75.2486111111111
SP-00382,FCAST-001527,Northeast,southwest_monsoon,9,1236,2023-09-29,11.7,6.141805555555555,156.728,1001.5,98.9,31.7,74.96388888888889
SP-00382,FCAST-001528,Northeast,heatwave,3,1046,2023-03-23,4.68,2.5391666666666666,37.702,1004.7,64.5,38.2,75.23888888888888
SP-00383,FCAST-001529,Northeast,southwest_monsoon,7,735,2023-07-01,11.7,6.22,162.89,1002.1,100.0,31.7,75.29861111111111
SP-00383,FCAST-001530,Northeast,summer_storm,4,1034,2024-04-25,16.38,6.5438888888888895,131.446,999.0,97.4,33.6,75.00694444444444
SP-00383,FCAST-001531,Northeast,tropical_cyclone,10,123,2021-10-27,26.33,13.436666666666667,315.963,987.5,100.0,30.7,74.81944444444444
SP-00383,FCAST-001532,Northeast,heatwave,4,1036,2024-04-27,4.68,2.7820833333333335,35.921,1005.0,62.6,38.2,75.04583333333333
SP-00384,FCAST-001533,Northeast,summer_storm,4,1392,2023-04-02,16.38,6.77125,120.551,999.2,98.0,33.27,74.99444444444445
SP-00384,FCAST-001534,Northeast,heatwave,3,1011,2022-03-17,4.68,2.709722222222222,41.925,1005.4,62.4,38.2,74.82499999999999
SP-00384,FCAST-001535,Northeast,southwest_monsoon,7,1854,2024-07-07,11.7,6.124027777777778,156.534,1001.9,100.0,31.7,75.29444444444444
SP-00384,FCAST-001536,Northeast,tropical_cyclone,8,435,2020-08-18,26.33,13.455833333333334,315.74,986.9,100.0,30.7,75.22361111111111
SP-00385,FCAST-001537,Northeast,southwest_monsoon,7,1376,2023-07-18,11.7,6.38625,161.551,1001.5,98.7,31.7,74.91805555555555
SP-00385,FCAST-001538,Northeast,heatwave,4,1277,2023-04-10,4.68,2.6190277777777777,38.633,1005.0,67.1,38.2,75.09583333333333
SP-00385,FCAST-001539,Northeast,summer_storm,5,1674,2024-05-11,16.38,7.064861111111111,124.143,999.4,99.6,33.11,74.97777777777777
SP-00385,FCAST-001540,Northeast,tropical_cyclone,11,39,2019-11-19,26.33,13.389444444444443,316.783,987.2,100.0,30.7,75.17083333333333
SP-00386,FCAST-001541,Northeast,southwest_monsoon,6,689,2023-06-22,11.7,6.108472222222222,161.62,1002.1,100.0,31.7,74.80416666666666
SP-00386,FCAST-001542,Northeast,tropical_cyclone,8,746,2023-08-18,26.33,13.455833333333334,316.686,987.9,100.0,30.7,75.15972222222223
SP-00386,FCAST-001543,Northeast,summer_storm,4,249,2022-04-08,16.38,6.946527777777778,127.227,998.6,97.3,34.05,74.69861111111112
SP-00386,FCAST-001544,Northeast,heatwave,4,998,2024-04-26,4.68,2.788611111111111,40.317,1004.5,67.7,38.2,74.9
SP-00387,FCAST-001545,Northeast,heatwave,3,223,2019-03-19,4.68,2.5372222222222223,46.316,1005.0,64.3,38.2,75.75555555555555
SP-00387,FCAST-001546,Northeast,southwest_monsoon,9,1512,2022-09-28,11.7,6.40625,153.496,1002.0,100.0,31.7,75.15
SP-00387,FCAST-001547,Northeast,tropical_cyclone,11,835,2020-11-20,26.33,13.504166666666666,317.581,986.7,100.0,30.7,75.09722222222223
SP-00387,FCAST-001548,Northeast,summer_storm,4,1349,2022-04-18,16.38,7.002361111111111,122.216,998.7,96.6,32.86,75.09583333333333
SP-00388,FCAST-001549,Northeast,southwest_monsoon,9,882,2023-09-21,11.7,6.397777777777778,154.028,1001.0,100.0,31.7,74.67500000000001
SP-00388,FCAST-001550,Northeast,tropical_cyclone,10,901,2023-10-10,26.33,13.285,314.818,987.1,100.0,30.7,75.65416666666667
SP-00388,FCAST-001551,Northeast,heatwave,4,344,2022-04-01,4.68,2.6030555555555552,37.05,1004.2,67.6,38.2,75.39861111111111
SP-00388,FCAST-001552,Northeast,summer_storm,4,710,2023-04-02,16.38,6.809166666666666,121.80799999999999,999.6,98.4,33.68,74.88333333333334
SP-00389,FCAST-001553,Northeast,southwest_monsoon,9,395,2020-09-04,11.7,6.140416666666667,155.651,1002.3,98.2,31.7,74.58194444444445
SP-00389,FCAST-001554,Northeast,heatwave,4,976,2022-04-08,4.68,2.593472222222222,38.542,1004.8,62.8,38.2,75.27777777777777
SP-00389,FCAST-001555,Northeast,summer_storm,4,1341,2023-04-08,16.38,7.064027777777778,125.411,999.3,97.3,32.59,75.25277777777778
SP-00389,FCAST-001556,Northeast,tropical_cyclone,10,80,2019-10-25,26.33,13.386805555555556,314.614,987.7,100.0,30.7,74.74305555555556
SP-00390,FCAST-001557,Northeast,tropical_cyclone,8,2317,2024-08-28,26.33,13.560555555555556,315.289,986.6,100.0,30.7,75.02361111111111
SP-00390,FCAST-001558,Northeast,southwest_monsoon,7,1169,2021-07-07,11.7,6.036527777777778,158.434,1001.8,100.0,31.7,74.57083333333334
SP-00390,FCAST-001559,Northeast,heatwave,4,1813,2023-04-12,4.68,2.583055555555555,42.487,1004.6,64.4,38.2,74.94583333333334
SP-00390,FCAST-001560,Northeast,summer_storm,4,2177,2024-04-10,16.38,6.743888888888889,125.234,999.5,98.0,33.93,75.23888888888888
SP-00391,FCAST-001561,Northeast,heatwave,3,1630,2024-03-25,4.68,2.7431944444444443,45.771,1005.3,61.7,38.2,74.94999999999999
SP-00391,FCAST-001562,Northeast,southwest_monsoon,7,1371,2023-07-10,11.7,6.179861111111111,152.411,1002.1,100.0,31.7,74.82222222222222
SP-00391,FCAST-001563,Northeast,summer_storm,4,935,2022-04-30,16.38,6.589166666666667,125.786,999.3,98.3,33.03,74.88472222222222
SP-00391,FCAST-001564,Northeast,tropical_cyclone,8,1421,2023-08-29,26.33,13.281527777777777,318.078,987.5,100.0,30.7,74.90972222222223
SP-00392,FCAST-001565,Northeast,heatwave,4,739,2020-04-23,4.68,2.5887499999999997,40.973,1005.0,63.4,38.2,75.16805555555555
SP-00392,FCAST-001566,Northeast,summer_storm,5,45,2018-05-30,16.38,7.044583333333333,126.916,999.2,97.4,33.03,74.98472222222222
SP-00392,FCAST-001567,Northeast,tropical_cyclone,9,524,2019-09-21,26.33,13.592777777777776,315.95,987.5,99.6,30.7,74.85972222222222
SP-00392,FCAST-001568,Northeast,southwest_monsoon,9,1977,2023-09-13,11.7,6.295555555555556,155.085,1002.1,98.4,31.7,74.89166666666667
SP-00393,FCAST-001569,Northeast,summer_storm,5,1242,2023-05-04,16.38,6.782916666666667,119.93,999.3,97.3,33.35,74.72777777777777
SP-00393,FCAST-001570,Northeast,tropical_cyclone,9,1001,2022-09-05,26.33,13.36486111111111,319.986,987.4,100.0,30.7,75.23055555555555
SP-00393,FCAST-001571,Northeast,southwest_monsoon,7,589,2021-07-20,11.7,6.414861111111112,153.11599999999999,1001.8,99.8,31.7,75.23750000000001
SP-00393,FCAST-001572,Northeast,heatwave,3,91,2020-03-09,4.68,2.6630555555555557,40.807,1004.8,62.9,38.2,75.32777777777778
SP-00394,FCAST-001573,Northeast,tropical_cyclone,10,18,2021-10-19,26.33,13.677777777777777,311.609,987.6,100.0,30.7,75.00277777777778
SP-00394,FCAST-001574,Northeast,summer_storm,5,222,2022-05-11,16.38,7.138194444444445,124.504,998.8,97.9,33.06,75.025
SP-00394,FCAST-001575,Northeast,heatwave,3,891,2024-03-10,4.68,2.7227777777777775,40.519,1004.6,62.4,38.2,74.73888888888888
SP-00394,FCAST-001576,Northeast,southwest_monsoon,7,278,2022-07-06,11.7,6.430972222222222,155.787,1001.7,97.1,31.7,74.7486111111111
SP-00395,FCAST-001577,Northeast,southwest_monsoon,8,1717,2024-08-29,11.7,6.280555555555555,161.023,1001.8,99.8,31.7,75.23472222222222
SP-00395,FCAST-001578,Northeast,heatwave,3,1173,2023-03-04,4.68,2.7831944444444443,37.763,1004.6,66.6,38.2,74.80833333333334
SP-00395,FCAST-001579,Northeast,tropical_cyclone,10,1024,2022-10-06,26.33,13.474166666666667,318.7,987.2,100.0,30.7,75.07222222222222
SP-00395,FCAST-001580,Northeast,summer_storm,5,505,2021-05-05,16.38,6.38875,125.358,999.4,98.3,33.61,75.18333333333334
SP-00396,FCAST-001581,Northeast,southwest_monsoon,9,115,2020-09-19,11.7,6.217499999999999,162.435,1001.9,100.0,31.7,74.66527777777777
SP-00396,FCAST-001582,Northeast,heatwave,4,1424,2024-04-20,4.68,2.8433333333333333,38.849,1004.6,61.5,38.2,75.03055555555555
SP-00396,FCAST-001583,Northeast,tropical_cyclone,11,895,2022-11-08,26.33,13.47125,319.134,987.2,100.0,30.7,75.1236111111111
SP-00396,FCAST-001584,Northeast,summer_storm,5,1448,2024-05-14,16.38,7.019722222222223,120.825,999.0,99.2,32.95,75.08611111111111
SP-00397,FCAST-001585,Northeast,southwest_monsoon,8,1089,2021-08-17,11.7,6.161944444444444,164.643,1002.3,100.0,31.7,74.62222222222222
SP-00397,FCAST-001586,Northeast,tropical_cyclone,9,32,2018-09-25,26.33,13.576527777777777,319.479,986.9,99.5,30.7,75.1236111111111
SP-00397,FCAST-001587,Northeast,heatwave,4,226,2019-04-07,4.68,2.7231944444444443,37.919,1004.9,63.1,38.2,74.80416666666666
SP-00397,FCAST-001588,Northeast,summer_storm,5,1367,2022-05-22,16.38,7.121944444444444,123.911,999.1,97.9,33.63,74.9388888888889
SP-00398,FCAST-001589,Northeast,heatwave,3,2256,2025-03-14,4.68,2.7063888888888887,42.676,1005.1,65.0,38.2,75.04027777777777
SP-00398,FCAST-001590,Northeast,summer_storm,4,1186,2022-04-09,16.38,6.495833333333334,128.687,999.0,97.8,33.33,75.19999999999999
SP-00398,FCAST-001591,Northeast,tropical_cyclone,11,672,2020-11-11,26.33,13.34361111111111,318.537,987.0,100.0,30.7,75.0013888888889
SP-00398,FCAST-001592,Northeast,southwest_monsoon,8,1694,2023-08-30,11.7,6.397777777777778,148.65,1001.8,100.0,31.7,75.12222222222222
SP-00399,FCAST-001593,Northeast,heatwave,4,793,2022-04-09,4.68,2.766111111111111,36.891999999999996,1005.2,62.4,38.2,74.95694444444445
SP-00399,FCAST-001594,Northeast,summer_storm,5,1184,2023-05-05,16.38,6.644166666666667,120.561,999.3,97.3,33.02,74.975
SP-00399,FCAST-001595,Northeast,southwest_monsoon,6,862,2022-06-17,11.7,6.346111111111111,163.024,1001.7,99.7,31.7,74.96944444444445
SP-00399,FCAST-001596,Northeast,tropical_cyclone,9,1697,2024-09-29,26.33,13.147222222222222,321.406,987.3,100.0,30.7,74.96805555555555
SP-00400,FCAST-001597,Northeast,southwest_monsoon,8,782,2021-08-21,11.7,6.39638888888889,156.244,1001.8,100.0,31.7,74.51666666666667
SP-00400,FCAST-001598,Northeast,tropical_cyclone,10,836,2021-10-14,26.33,13.126944444444444,318.13,987.3,100.0,30.7,74.8375
SP-00400,FCAST-001599,Northeast,summer_storm,4,1026,2022-04-22,16.38,7.111944444444445,120.748,999.5,96.9,33.16,75.14583333333333
SP-00400,FCAST-001600,Northeast,heatwave,4,1742,2024-04-07,4.68,2.7405555555555554,33.488,1005.0,62.3,38.2,75.09166666666667
SP-00401,FCAST-001601,Northeast,heatwave,3,2048,2024-03-30,4.68,2.7938888888888886,37.538,1004.5,64.3,38.2,75.2513888888889
SP-00401,FCAST-001602,Northeast,tropical_cyclone,10,1504,2022-10-03,26.33,13.04125,314.05,986.6,100.0,30.7,74.89166666666667
SP-00401,FCAST-001603,Northeast,summer_storm,4,957,2021-04-04,16.38,6.597638888888889,116.764,999.2,96.5,33.04,74.86944444444445
SP-00401,FCAST-001604,Northeast,southwest_monsoon,6,1386,2022-06-07,11.7,5.987500000000001,154.913,1001.9,99.4,31.7,75.20416666666667
SP-00402,FCAST-001605,Northeast,southwest_monsoon,9,1814,2023-09-01,11.7,6.34125,151.796,1001.3,99.9,31.7,74.99166666666666
SP-00402,FCAST-001606,Northeast,summer_storm,4,1315,2022-04-20,16.38,7.04625,121.15,998.9,97.6,32.97,75.07916666666667
SP-00402,FCAST-001607,Northeast,heatwave,4,2035,2024-04-09,4.68,2.700416666666667,40.791,1004.1,65.0,38.2,74.80694444444445
SP-00402,FCAST-001608,Northeast,tropical_cyclone,11,1155,2021-11-11,26.33,13.626805555555556,324.255,986.9,100.0,30.7,74.84444444444445
SP-00403,FCAST-001609,Northeast,southwest_monsoon,8,1112,2023-08-20,11.7,6.400555555555555,158.817,1001.8,100.0,31.7,74.87222222222222
SP-00403,FCAST-001610,Northeast,tropical_cyclone,11,472,2021-11-18,26.33,13.456805555555555,319.996,986.9,100.0,30.7,74.78888888888889
SP-00403,FCAST-001611,Northeast,summer_storm,5,638,2022-05-03,16.38,6.99,129.886,999.5,97.7,33.14,74.84027777777777
SP-00403,FCAST-001612,Northeast,heatwave,4,250,2021-04-10,4.68,2.6081944444444445,39.29,1004.8,63.9,38.2,74.99583333333334
SP-00404,FCAST-001613,Northeast,southwest_monsoon,7,977,2024-07-26,11.7,6.423611111111111,158.969,1001.7,100.0,31.7,75.13194444444444
SP-00404,FCAST-001614,Northeast,summer_storm,5,552,2023-05-28,16.38,6.565138888888889,121.295,998.7,96.0,33.47,74.66944444444444
SP-00404,FCAST-001615,Northeast,heatwave,3,472,2023-03-09,4.68,2.739444444444444,41.812,1005.1,63.1,38.2,75.19166666666666
SP-00404,FCAST-001616,Northeast,tropical_cyclone,11,1076,2024-11-02,26.33,13.320833333333333,313.258,987.0,100.0,30.7,74.85833333333333
SP-00405,FCAST-001617,Northeast,summer_storm,4,300,2022-04-02,16.38,7.07236111111111,123.311,999.3,98.9,33.33,75.08333333333333
SP-00405,FCAST-001618,Northeast,heatwave,4,1055,2024-04-26,4.68,2.6977777777777776,38.955,1004.9,63.1,38.2,75.03888888888889
SP-00405,FCAST-001619,Northeast,southwest_monsoon,8,814,2023-08-29,11.7,6.440416666666667,158.47299999999998,1001.6,98.4,31.7,75.48055555555555
SP-00405,FCAST-001620,Northeast,tropical_cyclone,9,465,2022-09-14,26.33,13.36,318.335,987.4,100.0,30.7,74.58611111111111
SP-00406,FCAST-001621,Northeast,tropical_cyclone,11,744,2021-11-20,26.33,13.547222222222222,317.622,987.4,100.0,30.7,74.9986111111111
SP-00406,FCAST-001622,Northeast,heatwave,3,1595,2024-03-20,4.68,2.801527777777778,42.053,1005.1,63.2,38.2,75.13194444444444
SP-00406,FCAST-001623,Northeast,southwest_monsoon,7,1719,2024-07-22,11.7,6.29125,158.752,1002.0,99.4,31.7,75.02916666666667
SP-00406,FCAST-001624,Northeast,summer_storm,4,1611,2024-04-05,16.38,6.711388888888889,121.154,999.5,97.0,33.28,74.98333333333333
SP-00407,FCAST-001625,Northeast,tropical_cyclone,8,1333,2024-08-21,26.33,13.519027777777778,315.83299999999997,986.6,100.0,30.7,75.10833333333333
SP-00407,FCAST-001626,Northeast,southwest_monsoon,7,923,2023-07-08,11.7,6.161944444444445,159.115,1002.1,100.0,31.7,75.09583333333333
SP-00407,FCAST-001627,Northeast,heatwave,3,800,2023-03-07,4.68,2.7,42.269,1004.1,63.9,38.2,74.37222222222222
SP-00407,FCAST-001628,Northeast,summer_storm,5,866,2023-05-12,16.38,6.823611111111111,121.80499999999999,998.3,98.3,33.3,74.9
SP-00408,FCAST-001629,Northeast,heatwave,3,247,2022-03-03,4.68,2.7241666666666666,37.874,1004.6,62.6,38.2,74.8763888888889
SP-00408,FCAST-001630,Northeast,tropical_cyclone,9,432,2022-09-04,26.33,13.135416666666666,322.075,987.0,100.0,30.7,75.39444444444445
SP-00408,FCAST-001631,Northeast,southwest_monsoon,8,1131,2024-08-03,11.7,6.339305555555556,160.474,1002.0,100.0,31.7,75.16527777777777
SP-00408,FCAST-001632,Northeast,summer_storm,4,1014,2024-04-08,16.38,6.7131944444444445,124.453,999.3,98.8,33.26,75.11250000000001
SP-00409,FCAST-001633,Northeast,heatwave,4,933,2024-04-23,4.68,2.797361111111111,47.436,1005.0,68.5,38.2,75.15138888888889
SP-00409,FCAST-001634,Northeast,summer_storm,4,556,2023-04-12,16.38,6.935277777777778,120.877,999.9,99.3,33.25,75.10277777777777
SP-00409,FCAST-001635,Northeast,tropical_cyclone,11,412,2022-11-19,26.33,13.271666666666667,315.248,987.6,100.0,30.7,75.17500000000001
SP-00409,FCAST-001636,Northeast,southwest_monsoon,6,241,2022-06-01,11.7,6.323194444444444,151.795,1002.4,99.5,31.7,74.77777777777777
SP-00410,FCAST-001637,Northeast,southwest_monsoon,9,1052,2023-09-17,11.7,6.288472222222222,152.704,1001.3,100.0,31.7,75.19027777777778
SP-00410,FCAST-001638,Northeast,summer_storm,5,557,2022-05-10,16.38,6.852222222222222,120.234,999.2,97.6,33.65,75.19305555555555
SP-00410,FCAST-001639,Northeast,heatwave,3,514,2022-03-28,4.68,2.825,40.62,1004.6,67.5,38.2,75.04027777777777
SP-00410,FCAST-001640,Northeast,tropical_cyclone,11,736,2022-11-05,26.33,13.445138888888888,317.335,987.0,100.0,30.7,75.08055555555556
SP-00411,FCAST-001641,Northeast,southwest_monsoon,8,5,2019-08-14,11.7,6.405694444444444,153.526,1001.8,100.0,31.7,75.07777777777778
SP-00411,FCAST-001642,Northeast,heatwave,3,1696,2024-03-31,4.68,2.5630555555555556,42.295,1004.3,63.6,38.2,74.52638888888889
SP-00411,FCAST-001643,Northeast,summer_storm,4,1360,2023-04-30,16.38,6.767916666666667,122.886,999.1,96.7,33.48,74.78333333333333
SP-00411,FCAST-001644,Northeast,tropical_cyclone,11,104,2019-11-21,26.33,12.978611111111112,320.49,987.2,100.0,30.7,75.13472222222222
SP-00412,FCAST-001645,Northeast,summer_storm,4,466,2023-04-07,16.38,7.067222222222223,124.126,999.3,98.8,33.21,75.02222222222223
SP-00412,FCAST-001646,Northeast,tropical_cyclone,9,274,2022-09-27,26.33,13.431666666666667,320.223,987.3,100.0,30.7,74.93194444444445
SP-00412,FCAST-001647,Northeast,southwest_monsoon,8,588,2023-08-07,11.7,6.219166666666666,158.098,1001.9,100.0,31.7,75.22777777777777
SP-00412,FCAST-001648,Northeast,heatwave,4,98,2022-04-04,4.68,2.7156944444444444,42.762,1005.1,66.1,38.2,75.11666666666666
SP-00413,FCAST-001649,Northeast,heatwave,4,508,2023-04-11,4.68,2.7730555555555556,42.017,1004.5,64.0,38.2,74.78611111111111
SP-00413,FCAST-001650,Northeast,tropical_cyclone,11,734,2023-11-23,26.33,13.375277777777777,317.903,987.2,100.0,30.7,74.84166666666667
SP-00413,FCAST-001651,Northeast,summer_storm,4,142,2022-04-10,16.38,6.670416666666666,118.769,998.5,98.5,34.04,75.12222222222222
SP-00413,FCAST-001652,Northeast,southwest_monsoon,8,648,2023-08-29,11.7,6.1925,161.299,1001.4,100.0,31.7,74.97361111111111
SP-00414,FCAST-001653,Northeast,tropical_cyclone,10,367,2022-10-13,26.33,13.292916666666667,317.357,987.2,100.0,30.7,74.97916666666667
SP-00414,FCAST-001654,Northeast,heatwave,3,892,2024-03-21,4.68,2.758611111111111,34.213,1005.0,64.0,38.2,74.74166666666666
SP-00414,FCAST-001655,Northeast,southwest_monsoon,6,612,2023-06-15,11.7,6.237222222222222,154.698,1002.4,100.0,31.7,75.10833333333333
SP-00414,FCAST-001656,Northeast,summer_storm,4,190,2022-04-19,16.38,7.305277777777778,121.62,999.2,96.5,33.36,74.8763888888889
SP-00415,FCAST-001657,Northeast,summer_storm,4,42,2020-04-06,16.38,7.1876388888888885,121.62,999.0,98.8,33.58,75.02916666666667
SP-00415,FCAST-001658,Northeast,heatwave,3,746,2022-03-11,4.68,2.700833333333333,36.479,1004.9,64.5,38.2,74.48194444444444
SP-00415,FCAST-001659,Northeast,southwest_monsoon,8,181,2020-08-23,11.7,6.385,160.232,1001.7,100.0,31.7,75.18472222222222
SP-00415,FCAST-001660,Northeast,tropical_cyclone,11,1739,2024-11-28,26.33,13.605833333333333,315.467,986.5,100.0,30.7,74.85833333333333
SP-00416,FCAST-001661,Northeast,southwest_monsoon,6,993,2023-06-05,11.7,6.2588888888888885,157.014,1001.7,100.0,31.7,74.80972222222222
SP-00416,FCAST-001662,Northeast,summer_storm,4,221,2021-04-24,16.38,6.875555555555556,122.728,999.3,96.6,33.37,74.84444444444445
SP-00416,FCAST-001663,Northeast,heatwave,3,1289,2024-03-27,4.68,2.67875,45.081,1005.0,63.1,38.2,74.83472222222223
SP-00416,FCAST-001664,Northeast,tropical_cyclone,11,1511,2024-11-04,26.33,13.499305555555557,323.63,987.7,100.0,30.7,74.95555555555556
SP-00417,FCAST-001665,Northeast,tropical_cyclone,9,1784,2023-09-18,26.33,13.368611111111111,317.132,987.1,100.0,30.7,75.28888888888889
SP-00417,FCAST-001666,Northeast,southwest_monsoon,6,221,2019-06-08,11.7,6.3486111111111105,161.446,1001.8,100.0,31.7,74.99166666666666
SP-00417,FCAST-001667,Northeast,summer_storm,4,1997,2024-04-18,16.38,7.057638888888889,120.057,998.6,97.6,32.92,74.75416666666666
SP-00417,FCAST-001668,Northeast,heatwave,4,1627,2023-04-14,4.68,2.8165277777777775,40.985,1005.0,62.3,38.2,75.0
SP-00418,FCAST-001669,Northeast,heatwave,4,502,2023-04-22,4.68,2.5891666666666664,40.435,1005.0,64.5,38.2,74.94999999999999
SP-00418,FCAST-001670,Northeast,summer_storm,5,171,2022-05-26,16.38,6.693472222222223,122.336,998.8,96.0,33.55,75.38749999999999
SP-00418,FCAST-001671,Northeast,southwest_monsoon,8,249,2022-08-12,11.7,6.159305555555555,152.452,1001.4,99.7,31.7,74.89166666666667
SP-00418,FCAST-001672,Northeast,tropical_cyclone,9,290,2022-09-22,26.33,13.426666666666668,315.76,987.5,100.0,30.7,74.81805555555555
SP-00419,FCAST-001673,Northeast,heatwave,3,579,2023-03-22,4.68,2.6330555555555555,34.851,1005.0,63.6,38.2,75.19861111111112
SP-00419,FCAST-001674,Northeast,tropical_cyclone,10,413,2022-10-07,26.33,13.569027777777778,324.58799999999997,986.6,100.0,30.7,74.93472222222222
SP-00419,FCAST-001675,Northeast,summer_storm,5,632,2023-05-14,16.38,6.98,119.654,999.3,97.7,33.32,75.16111111111111
SP-00419,FCAST-001676,Northeast,southwest_monsoon,8,1091,2024-08-15,11.7,6.494583333333334,158.216,1001.7,100.0,31.7,75.04027777777777
SP-00420,FCAST-001677,Northeast,summer_storm,5,1285,2023-05-17,16.38,7.035416666666666,120.408,999.1,96.2,33.35,75.03472222222223
SP-00420,FCAST-001678,Northeast,tropical_cyclone,11,1463,2023-11-11,26.33,13.137361111111112,320.256,987.1,100.0,30.7,75.34583333333333
SP-00420,FCAST-001679,Northeast,heatwave,4,1630,2024-04-26,4.68,2.839444444444444,42.643,1004.5,66.9,38.2,75.15972222222223
SP-00420,FCAST-001680,Northeast,southwest_monsoon,8,634,2021-08-04,11.7,6.497638888888889,165.38400000000001,1001.0,100.0,31.7,75.72222222222223
SP-00421,FCAST-001681,North,heatwave,3,1427,2025-03-02,5.4,2.885972222222222,39.942,1001.4,63.7,36.1,74.90694444444445
SP-00421,FCAST-001682,North,tropical_cyclone,9,900,2023-09-22,30.38,15.18861111111111,256.127,984.3,100.0,28.6,75.24583333333334
SP-00421,FCAST-001683,North,southwest_monsoon,6,802,2023-06-16,13.5,7.305416666666667,188.336,998.6,100.0,29.6,74.67638888888888
SP-00421,FCAST-001684,North,summer_storm,4,748,2023-04-23,18.9,8.228333333333333,124.758,996.4,98.1,32.35,75.36388888888888
SP-00422,FCAST-001685,North,summer_storm,5,1748,2023-05-08,18.9,7.858750000000001,137.876,996.5,100.0,30.88,75.23194444444444
SP-00422,FCAST-001686,North,tropical_cyclone,11,465,2019-11-02,30.38,15.532222222222222,250.90800000000002,984.4,100.0,28.6,75.36250000000001
SP-00422,FCAST-001687,North,southwest_monsoon,6,331,2019-06-21,13.5,7.505416666666666,186.524,999.4,100.0,29.6,74.84722222222223
SP-00422,FCAST-001688,North,heatwave,4,644,2020-04-29,5.4,3.30375,38.753,1002.1,68.4,36.1,75.35
SP-00423,FCAST-001689,North,heatwave,4,733,2021-04-10,5.4,2.953333333333333,44.053,1002.1,61.8,36.1,75.24722222222222
SP-00423,FCAST-001690,North,southwest_monsoon,7,1184,2022-07-05,13.5,7.433888888888889,188.229,998.8,100.0,29.6,75.35972222222222
SP-00423,FCAST-001691,North,tropical_cyclone,11,1697,2023-11-30,30.38,15.499166666666667,255.632,984.4,100.0,28.6,74.9625
SP-00423,FCAST-001692,North,summer_storm,5,1867,2024-05-18,18.9,8.124583333333334,133.92600000000002,996.7,96.9,30.69,74.80694444444445
SP-00424,FCAST-001693,North,southwest_monsoon,7,1868,2024-07-09,13.5,7.032777777777778,191.327,998.5,99.1,29.6,75.05416666666666
SP-00424,FCAST-001694,North,heatwave,3,1386,2023-03-15,5.4,3.1152777777777776,41.121,1002.2,63.4,36.1,75.42500000000001
SP-00424,FCAST-001695,North,summer_storm,5,719,2021-05-17,18.9,7.907222222222223,133.753,995.8,96.5,30.76,74.71111111111111
SP-00424,FCAST-001696,North,tropical_cyclone,8,89,2019-08-26,30.38,15.679166666666667,260.143,984.8,100.0,28.6,74.48333333333333
SP-00425,FCAST-001697,North,summer_storm,5,2084,2024-05-18,18.9,8.271388888888888,127.387,996.0,95.7,31.14,75.275
SP-00425,FCAST-001698,North,tropical_cyclone,11,1906,2023-11-22,30.38,15.752361111111112,258.515,984.0,100.0,28.6,75.04861111111111
SP-00425,FCAST-001699,North,southwest_monsoon,6,1390,2022-06-24,13.5,7.306527777777778,187.973,999.0,100.0,29.6,75.04166666666667
SP-00425,FCAST-001700,North,heatwave,3,180,2019-03-02,5.4,3.091111111111111,44.405,1002.1,64.3,36.1,74.86527777777778
SP-00426,FCAST-001701,North,heatwave,4,1777,2023-04-08,5.4,3.275833333333333,44.234,1001.4,65.2,36.1,75.08333333333333
SP-00426,FCAST-001702,North,tropical_cyclone,11,1994,2023-11-11,30.38,15.684722222222222,257.805,984.7,100.0,28.6,74.98472222222222
SP-00426,FCAST-001703,North,southwest_monsoon,8,2272,2024-08-15,13.5,7.489305555555556,190.86,998.8,99.8,29.6,74.70277777777778
SP-00426,FCAST-001704,North,summer_storm,4,1419,2022-04-15,18.9,7.698055555555555,131.4,996.5,98.3,31.31,74.92083333333333
SP-00427,FCAST-001705,North,tropical_cyclone,8,1029,2023-08-19,30.38,15.123472222222224,255.411,984.0,100.0,28.6,75.32638888888889
SP-00427,FCAST-001706,North,southwest_monsoon,9,683,2022-09-07,13.5,7.122222222222222,190.717,999.0,100.0,29.6,75.17916666666666
SP-00427,FCAST-001707,North,summer_storm,4,1272,2024-04-18,18.9,8.231805555555557,132.621,996.1,98.6,31.63,75.14027777777778
SP-00427,FCAST-001708,North,heatwave,4,172,2021-04-14,5.4,3.292222222222222,45.385,1002.3,65.6,36.1,75.10972222222222
SP-00428,FCAST-001709,North,summer_storm,5,349,2022-05-26,18.9,7.826666666666666,131.256,995.9,96.7,30.81,74.93194444444445
SP-00428,FCAST-001710,North,southwest_monsoon,8,56,2021-08-06,13.5,7.190972222222222,180.663,998.6,100.0,29.6,74.51527777777778
SP-00428,FCAST-001711,North,tropical_cyclone,11,896,2023-11-24,30.38,15.590277777777779,255.99099999999999,984.7,100.0,28.6,74.75277777777778
SP-00428,FCAST-001712,North,heatwave,4,308,2022-04-15,5.4,3.168611111111111,39.168,1002.3,61.5,36.1,75.12222222222222
SP-00429,FCAST-001713,North,summer_storm,5,975,2023-05-03,18.9,8.33625,136.393,996.6,96.4,30.7,75.19444444444444
SP-00429,FCAST-001714,North,heatwave,4,943,2023-04-01,5.4,2.946527777777778,40.74,1001.8,63.0,36.1,75.01249999999999
SP-00429,FCAST-001715,North,southwest_monsoon,6,283,2021-06-10,13.5,7.133055555555556,191.775,998.3,99.6,29.6,74.91666666666667
SP-00429,FCAST-001716,North,tropical_cyclone,9,1096,2023-09-01,30.38,15.243333333333332,261.457,983.4,100.0,28.6,75.48055555555555
SP-00430,FCAST-001717,North,tropical_cyclone,11,781,2020-11-07,30.38,15.690000000000001,257.519,984.3,100.0,28.6,74.80416666666666
SP-00430,FCAST-001718,North,heatwave,3,189,2019-03-26,5.4,3.2394444444444446,43.894,1002.3,64.8,36.1,75.39305555555556
SP-00430,FCAST-001719,North,summer_storm,4,569,2020-04-09,18.9,8.084444444444445,135.601,996.4,97.0,31.47,75.13194444444444
SP-00430,FCAST-001720,North,southwest_monsoon,8,322,2019-08-06,13.5,7.0505555555555555,186.107,999.1,99.6,29.6,74.75972222222222
SP-00431,FCAST-001721,North,heatwave,3,1366,2025-03-21,5.4,2.9168055555555554,38.813,1002.1,64.4,36.1,74.99583333333334
SP-00431,FCAST-001722,North,southwest_monsoon,9,463,2022-09-30,13.5,7.107638888888889,191.883,998.8,99.1,29.6,75.13194444444444
SP-00431,FCAST-001723,North,summer_storm,5,327,2022-05-17,18.9,7.981249999999999,136.288,996.0,98.3,30.94,75.17777777777778
SP-00431,FCAST-001724,North,tropical_cyclone,11,861,2023-11-02,30.38,15.519166666666669,260.725,984.0,100.0,28.6,74.71805555555555
SP-00432,FCAST-001725,North,tropical_cyclone,11,785,2023-11-17,30.38,15.347916666666666,258.229,984.2,100.0,28.6,75.28888888888889
SP-00432,FCAST-001726,North,summer_storm,4,569,2023-04-15,18.9,7.807638888888889,130.224,996.5,99.6,31.37,74.90277777777777
SP-00432,FCAST-001727,North,heatwave,4,559,2023-04-05,5.4,3.044166666666667,46.782,1002.2,61.4,36.1,75.09166666666667
SP-00432,FCAST-001728,North,southwest_monsoon,6,637,2023-06-22,13.5,7.208194444444445,188.605,997.8,100.0,29.6,74.76527777777778
SP-00433,FCAST-001729,North,heatwave,4,1441,2022-04-29,5.4,3.0381944444444446,43.921,1001.8,64.1,36.1,75.17777777777778
SP-00433,FCAST-001730,North,tropical_cyclone,10,162,2018-10-28,30.38,15.49111111111111,262.598,984.3,100.0,28.6,75.22777777777777
SP-00433,FCAST-001731,North,southwest_monsoon,6,1866,2023-06-28,13.5,7.4025,190.764,998.3,100.0,29.6,75.36250000000001
SP-00433,FCAST-001732,North,summer_storm,4,1798,2023-04-21,18.9,7.938472222222223,130.118,996.4,96.0,31.69,74.90416666666667
SP-00434,FCAST-001733,North,southwest_monsoon,6,493,2020-06-22,13.5,7.279166666666667,185.594,998.7,100.0,29.6,74.94861111111112
SP-00434,FCAST-001734,North,heatwave,4,1154,2022-04-14,5.4,3.0677777777777777,52.665,1001.6,62.4,36.1,75.10138888888889
SP-00434,FCAST-001735,North,tropical_cyclone,10,246,2019-10-19,30.38,15.440277777777778,257.285,984.8,100.0,28.6,74.90555555555555
SP-00434,FCAST-001736,North,summer_storm,5,813,2021-05-08,18.9,8.377777777777778,133.873,996.4,99.0,31.16,74.92500000000001
SP-00435,FCAST-001737,North,southwest_monsoon,7,1532,2024-07-25,13.5,7.361666666666666,189.704,999.4,100.0,29.6,74.94305555555555
SP-00435,FCAST-001738,North,summer_storm,4,1069,2023-04-19,18.9,7.731388888888889,136.493,996.4,97.5,31.0,75.1875
SP-00435,FCAST-001739,North,tropical_cyclone,11,557,2021-11-23,30.38,15.34847222222222,252.62099999999998,984.2,100.0,28.6,74.53472222222223
SP-00435,FCAST-001740,North,heatwave,3,312,2021-03-23,5.4,3.1669444444444443,44.091,1001.6,63.4,36.1,75.03611111111111
SP-00436,FCAST-001741,North,summer_storm,4,326,2020-04-09,18.9,7.662222222222222,134.478,995.8,96.3,31.18,74.83888888888889
SP-00436,FCAST-001742,North,southwest_monsoon,8,1198,2022-08-29,13.5,7.572361111111111,181.086,998.5,98.4,29.6,74.975
SP-00436,FCAST-001743,North,heatwave,4,322,2020-04-05,5.4,3.034861111111111,44.653999999999996,1000.9,63.5,36.1,75.32083333333334
SP-00436,FCAST-001744,North,tropical_cyclone,9,105,2019-09-01,30.38,15.390833333333335,258.951,983.9,100.0,28.6,75.17916666666666
SP-00437,FCAST-001745,North,tropical_cyclone,11,177,2021-11-18,30.38,15.370000000000001,259.676,984.0,100.0,28.6,75.13194444444444
SP-00437,FCAST-001746,North,summer_storm,4,1051,2024-04-10,18.9,7.747361111111112,136.956,996.2,97.0,31.57,75.19999999999999
SP-00437,FCAST-001747,North,heatwave,3,647,2023-03-03,5.4,3.26625,48.117,1002.2,63.7,36.1,75.10277777777777
SP-00437,FCAST-001748,North,southwest_monsoon,8,94,2021-08-27,13.5,7.306388888888888,189.45,998.9,98.8,29.6,74.8111111111111
SP-00438,FCAST-001749,North,heatwave,3,528,2021-03-07,5.4,3.033333333333333,40.622,1001.7,66.3,36.1,75.04583333333333
SP-00438,FCAST-001750,North,summer_storm,5,1325,2023-05-13,18.9,8.31375,134.535,996.4,97.0,30.78,74.6236111111111
SP-00438,FCAST-001751,North,southwest_monsoon,7,659,2021-07-16,13.5,7.108472222222222,191.762,998.0,100.0,29.6,74.83333333333333
SP-00438,FCAST-001752,North,tropical_cyclone,9,1448,2023-09-13,30.38,15.659166666666668,262.824,984.3,99.8,28.6,74.51388888888889
SP-00439,FCAST-001753,North,tropical_cyclone,11,227,2018-11-20,30.38,15.54763888888889,261.212,984.1,100.0,28.6,75.26111111111112
SP-00439,FCAST-001754,North,southwest_monsoon,8,1606,2022-08-30,13.5,7.3093055555555555,190.314,999.2,100.0,29.6,75.14027777777778
SP-00439,FCAST-001755,North,heatwave,4,1478,2022-04-24,5.4,3.1955555555555555,37.919000000000004,1001.6,63.8,36.1,74.82916666666667
SP-00439,FCAST-001756,North,summer_storm,4,1475,2022-04-21,18.9,7.82361111111111,133.681,995.7,97.9,31.0,75.12777777777778
SP-00440,FCAST-001757,North,tropical_cyclone,10,106,2018-10-31,30.38,15.796666666666669,258.957,984.2,100.0,28.6,74.90138888888889
SP-00440,FCAST-001758,North,heatwave,4,1358,2022-04-05,5.4,3.100972222222222,39.875,1001.2,64.7,36.1,74.98888888888888
SP-00440,FCAST-001759,North,southwest_monsoon,8,24,2018-08-10,13.5,7.2870833333333325,186.417,999.0,99.0,29.6,74.92777777777778
SP-00440,FCAST-001760,North,summer_storm,5,2130,2024-05-16,18.9,7.9406944444444445,136.093,996.3,97.1,31.82,74.79166666666667
SP-00441,FCAST-001761,North,southwest_monsoon,7,824,2023-07-07,13.5,7.272222222222222,193.763,998.5,99.3,29.6,75.39166666666667
SP-00441,FCAST-001762,North,tropical_cyclone,11,1320,2024-11-14,30.38,15.351944444444444,256.356,984.4,100.0,28.6,75.19722222222222
SP-00441,FCAST-001763,North,heatwave,3,711,2023-03-16,5.4,3.0093055555555552,44.475,1001.9,61.6,36.1,74.95972222222223
SP-00441,FCAST-001764,North,summer_storm,5,1153,2024-05-31,18.9,8.32861111111111,133.142,996.5,95.8,30.74,74.86944444444445
SP-00442,FCAST-001765,North,summer_storm,4,162,2021-04-28,18.9,7.754583333333334,128.599,996.5,97.3,31.08,75.24305555555556
SP-00442,FCAST-001766,North,tropical_cyclone,10,1054,2023-10-07,30.38,15.503333333333334,262.75,983.5,100.0,28.6,75.44305555555555
SP-00442,FCAST-001767,North,heatwave,3,859,2023-03-26,5.4,3.0806944444444446,42.949,1001.9,66.0,36.1,74.85
SP-00442,FCAST-001768,North,southwest_monsoon,6,930,2023-06-05,13.5,7.459722222222222,189.385,998.9,100.0,29.6,74.8375
SP-00443,FCAST-001769,North,tropical_cyclone,8,2340,2024-08-16,30.38,15.535694444444443,263.736,984.3,100.0,28.6,74.96111111111111
SP-00443,FCAST-001770,North,summer_storm,5,1514,2022-05-13,18.9,8.083333333333334,136.917,996.3,96.8,30.36,75.06805555555555
SP-00443,FCAST-001771,North,heatwave,3,721,2020-03-11,5.4,3.011111111111111,46.467,1001.6,64.1,36.1,74.7125
SP-00443,FCAST-001772,North,southwest_monsoon,9,181,2018-09-18,13.5,7.075138888888889,188.346,998.4,100.0,29.6,74.71944444444445
SP-00444,FCAST-001773,North,tropical_cyclone,8,88,2019-08-11,30.38,15.356805555555557,258.165,983.6,100.0,28.6,74.94583333333334
SP-00444,FCAST-001774,North,southwest_monsoon,6,400,2020-06-18,13.5,7.456666666666667,187.734,998.7,100.0,29.6,75.18055555555556
SP-00444,FCAST-001775,North,heatwave,4,692,2021-04-06,5.4,3.1038888888888887,41.075,1001.7,65.8,36.1,75.58611111111111
SP-00444,FCAST-001776,North,summer_storm,4,711,2021-04-25,18.9,8.231805555555555,131.086,996.4,98.4,31.02,75.0638888888889
SP-00445,FCAST-001777,North,southwest_monsoon,7,1531,2024-07-04,13.5,7.248333333333333,189.483,998.4,99.4,29.6,75.12083333333334
SP-00445,FCAST-001778,North,summer_storm,5,756,2022-05-21,18.9,8.12138888888889,129.229,996.2,98.4,30.97,74.65694444444445
SP-00445,FCAST-001779,North,heatwave,3,1063,2023-03-24,5.4,3.125972222222222,42.005,1002.0,64.4,36.1,75.06666666666666
SP-00445,FCAST-001780,North,tropical_cyclone,8,112,2020-08-15,30.38,15.519166666666669,260.046,984.4,100.0,28.6,74.75694444444444
SP-00446,FCAST-001781,North,tropical_cyclone,8,786,2021-08-13,30.38,15.785416666666666,257.885,984.6,100.0,28.6,74.63055555555555
SP-00446,FCAST-001782,North,summer_storm,5,684,2021-05-03,18.9,8.120833333333334,136.208,996.4,99.1,31.84,75.04444444444444
SP-00446,FCAST-001783,North,heatwave,4,678,2021-04-27,5.4,3.1620833333333334,47.863,1002.2,66.0,36.1,75.30833333333334
SP-00446,FCAST-001784,North,southwest_monsoon,6,1809,2024-06-01,13.5,7.222638888888889,188.215,998.9,100.0,29.6,75.15694444444445
SP-00447,FCAST-001785,North,tropical_cyclone,9,959,2021-09-25,30.38,15.242777777777778,261.895,984.0,100.0,28.6,75.11805555555556
SP-00447,FCAST-001786,North,summer_storm,5,822,2021-05-11,18.9,8.417499999999999,132.536,996.3,98.9,30.98,74.57777777777778
SP-00447,FCAST-001787,North,heatwave,3,1859,2024-03-13,5.4,3.0941666666666667,41.855,1002.1,63.5,36.1,74.74305555555556
SP-00447,FCAST-001788,North,southwest_monsoon,7,519,2020-07-12,13.5,7.452361111111112,186.872,998.8,99.2,29.6,74.89722222222223
SP-00448,FCAST-001789,North,summer_storm,4,252,2019-04-05,18.9,8.224027777777778,130.808,995.9,98.3,31.85,74.9986111111111
SP-00448,FCAST-001790,North,heatwave,3,1679,2023-03-02,5.4,3.121111111111111,48.958,1001.7,64.8,36.1,74.61805555555556
SP-00448,FCAST-001791,North,southwest_monsoon,8,399,2019-08-30,13.5,7.385277777777778,187.888,999.0,98.4,29.6,74.86805555555556
SP-00448,FCAST-001792,North,tropical_cyclone,8,1130,2021-08-30,30.38,15.885833333333332,255.054,983.6,100.0,28.6,75.46388888888889
SP-00449,FCAST-001793,North,southwest_monsoon,8,1324,2023-08-30,13.5,7.546250000000001,189.656,998.3,100.0,29.6,75.23055555555555
SP-00449,FCAST-001794,North,tropical_cyclone,11,1389,2023-11-03,30.38,15.432500000000001,267.634,983.5,100.0,28.6,74.55972222222222
SP-00449,FCAST-001795,North,summer_storm,4,453,2021-04-11,18.9,7.7875000000000005,130.12,996.3,96.6,30.7,75.29166666666667
SP-00449,FCAST-001796,North,heatwave,3,431,2021-03-20,5.4,3.0411111111111113,38.66,1001.0,64.3,36.1,75.45138888888889
SP-00450,FCAST-001797,North,tropical_cyclone,11,2490,2024-11-12,30.38,15.658055555555556,255.486,984.4,100.0,28.6,74.90416666666667
SP-00450,FCAST-001798,North,summer_storm,5,2299,2024-05-05,18.9,7.888055555555557,133.491,995.9,98.0,31.05,75.05972222222222
SP-00450,FCAST-001799,North,southwest_monsoon,9,1331,2021-09-10,13.5,7.335555555555555,191.869,999.3,100.0,29.6,74.93194444444445
SP-00450,FCAST-001800,North,heatwave,3,1885,2023-03-18,5.4,3.0568055555555556,37.148,1001.8,63.7,36.1,75.14583333333333
SP-00451,FCAST-001801,North,tropical_cyclone,11,1213,2024-11-16,30.38,15.646527777777777,257.463,984.1,100.0,28.6,75.04027777777777
SP-00451,FCAST-001802,North,heatwave,4,646,2023-04-29,5.4,3.305138888888889,39.798,1001.6,62.6,36.1,75.11944444444445
SP-00451,FCAST-001803,North,summer_storm,4,647,2023-04-30,18.9,7.739027777777778,134.284,996.3,98.5,31.18,75.02638888888889
SP-00451,FCAST-001804,North,southwest_monsoon,8,1125,2024-08-20,13.5,7.2931944444444445,188.62800000000001,998.6,100.0,29.6,74.98333333333333
SP-00452,FCAST-001805,North,summer_storm,5,862,2021-05-29,18.9,8.162500000000001,134.543,996.6,100.0,30.85,74.50694444444444
SP-00452,FCAST-001806,North,southwest_monsoon,7,1286,2022-07-27,13.5,7.206666666666667,184.446,998.8,99.4,29.6,74.94305555555555
SP-00452,FCAST-001807,North,tropical_cyclone,9,1332,2022-09-11,30.38,15.40097222222222,257.627,983.7,100.0,28.6,75.16666666666667
SP-00452,FCAST-001808,North,heatwave,4,1545,2023-04-12,5.4,3.0579166666666664,41.747,1002.5,64.4,36.1,74.99444444444445
SP-00453,FCAST-001809,North,heatwave,3,2124,2024-03-08,5.4,3.2131944444444445,45.882,1001.9,63.3,36.1,75.05277777777778
SP-00453,FCAST-001810,North,southwest_monsoon,9,482,2019-09-09,13.5,7.287222222222222,190.453,998.9,98.3,29.6,74.73055555555555
SP-00453,FCAST-001811,North,tropical_cyclone,11,543,2019-11-09,30.38,15.357083333333334,260.243,984.3,100.0,28.6,74.53194444444445
SP-00453,FCAST-001812,North,summer_storm,5,2202,2024-05-25,18.9,8.351111111111111,129.562,996.0,97.8,31.31,74.98750000000001
SP-00454,FCAST-001813,North,tropical_cyclone,11,1101,2024-11-12,30.38,15.66638888888889,258.146,983.1,100.0,28.6,75.10972222222222
SP-00454,FCAST-001814,North,heatwave,3,505,2023-03-27,5.4,3.20625,43.933,1002.1,63.7,36.1,74.7125
SP-00454,FCAST-001815,North,summer_storm,5,560,2023-05-21,18.9,7.91,129.533,996.2,98.8,31.32,74.92083333333333
SP-00454,FCAST-001816,North,southwest_monsoon,9,307,2022-09-10,13.5,7.293333333333333,193.287,999.1,99.2,29.6,75.10694444444444
SP-00455,FCAST-001817,North,southwest_monsoon,6,958,2024-06-02,13.5,7.492916666666667,186.222,999.0,100.0,29.6,74.70972222222223
SP-00455,FCAST-001818,North,tropical_cyclone,9,693,2023-09-11,30.38,15.33486111111111,258.745,983.8,100.0,28.6,74.55972222222222
SP-00455,FCAST-001819,North,summer_storm,5,956,2024-05-31,18.9,8.191944444444445,140.877,996.2,96.7,31.17,74.77916666666667
SP-00455,FCAST-001820,North,heatwave,3,869,2024-03-05,5.4,3.1218055555555555,45.673,1001.9,62.3,36.1,75.19027777777778
SP-00456,FCAST-001821,North,heatwave,3,2199,2024-03-25,5.4,3.19625,36.992,1002.1,63.7,36.1,74.875
SP-00456,FCAST-001822,North,tropical_cyclone,10,577,2019-10-16,30.38,15.33361111111111,259.477,984.5,100.0,28.6,74.99583333333334
SP-00456,FCAST-001823,North,southwest_monsoon,8,1237,2021-08-06,13.5,7.306527777777778,191.615,999.0,99.1,29.6,75.02361111111111
SP-00456,FCAST-001824,North,summer_storm,4,1133,2021-04-24,18.9,8.189027777777778,146.637,996.0,97.9,31.14,74.94166666666666
SP-00457,FCAST-001825,North,heatwave,3,257,2021-03-20,5.4,3.191111111111111,42.303,1002.1,63.5,36.1,75.00833333333334
SP-00457,FCAST-001826,North,summer_storm,5,318,2021-05-20,18.9,8.36888888888889,132.372,996.0,97.7,31.68,74.61805555555556
SP-00457,FCAST-001827,North,southwest_monsoon,7,1476,2024-07-21,13.5,7.474444444444444,182.261,998.9,99.2,29.6,75.49027777777778
SP-00457,FCAST-001828,North,tropical_cyclone,8,401,2021-08-11,30.38,15.137777777777778,251.622,984.3,100.0,28.6,74.71388888888889
SP-00458,FCAST-001829,North,summer_storm,5,1080,2024-05-13,18.9,7.77861111111111,131.515,996.3,97.6,31.87,74.69166666666666
SP-00458,FCAST-001830,North,heatwave,4,1064,2024-04-27,5.4,3.1968055555555552,47.312,1002.0,63.5,36.1,75.16527777777777
SP-00458,FCAST-001831,North,tropical_cyclone,11,909,2023-11-24,30.38,15.459305555555554,261.301,984.4,100.0,28.6,74.84305555555555
SP-00458,FCAST-001832,North,southwest_monsoon,6,1116,2024-06-18,13.5,7.071805555555556,190.194,999.0,100.0,29.6,75.01944444444445
SP-00459,FCAST-001833,North,southwest_monsoon,8,249,2020-08-10,13.5,7.146527777777777,187.622,998.7,100.0,29.6,75.16527777777777
SP-00459,FCAST-001834,North,summer_storm,4,867,2022-04-20,18.9,7.9151388888888885,132.726,996.6,97.6,31.02,74.90138888888889
SP-00459,FCAST-001835,North,tropical_cyclone,10,675,2021-10-10,30.38,15.485972222222223,258.949,983.8,100.0,28.6,74.73888888888888
SP-00459,FCAST-001836,North,heatwave,4,1216,2023-04-04,5.4,3.198472222222222,50.516,1001.6,62.0,36.1,75.02777777777777
SP-00460,FCAST-001837,North,southwest_monsoon,9,1130,2024-09-12,13.5,7.194583333333333,180.719,998.3,97.6,29.6,74.975
SP-00460,FCAST-001838,North,heatwave,4,253,2022-04-19,5.4,3.096111111111111,39.358,1002.2,64.7,36.1,75.16944444444444
SP-00460,FCAST-001839,North,tropical_cyclone,10,81,2021-10-29,30.38,15.534583333333334,255.689,984.6,100.0,28.6,75.49583333333334
SP-00460,FCAST-001840,North,summer_storm,4,253,2022-04-19,18.9,7.8573611111111115,133.862,995.8,97.6,31.29,75.07222222222222
SP-00461,FCAST-001841,North,summer_storm,4,735,2020-04-03,18.9,8.600416666666668,131.11599999999999,996.0,97.6,31.04,75.17222222222222
SP-00461,FCAST-001842,North,heatwave,4,740,2020-04-08,5.4,3.139166666666666,47.111,1001.6,61.9,36.1,74.74583333333334
SP-00461,FCAST-001843,North,southwest_monsoon,7,1929,2023-07-11,13.5,7.017083333333334,189.647,999.0,100.0,29.6,74.4625
SP-00461,FCAST-001844,North,tropical_cyclone,11,227,2018-11-12,30.38,15.591249999999999,262.64,983.3,100.0,28.6,74.90833333333333
SP-00462,FCAST-001845,North,heatwave,3,1739,2025-03-12,5.4,3.1526388888888888,44.321,1001.7,63.9,36.1,74.90416666666667
SP-00462,FCAST-001846,North,southwest_monsoon,7,1135,2023-07-17,13.5,7.143750000000001,191.827,998.9,99.4,29.6,74.97638888888889
SP-00462,FCAST-001847,North,summer_storm,4,308,2021-04-11,18.9,7.646249999999999,128.546,995.8,96.5,31.62,74.77222222222223
SP-00462,FCAST-001848,North,tropical_cyclone,8,1177,2023-08-28,30.38,15.366666666666667,257.398,983.9,100.0,28.6,74.97916666666667
SP-00463,FCAST-001849,North,southwest_monsoon,7,332,2022-07-06,13.5,7.151944444444443,190.196,998.8,100.0,29.6,75.38194444444444
SP-00463,FCAST-001850,North,tropical_cyclone,8,373,2022-08-16,30.38,15.296944444444446,250.2,984.4,100.0,28.6,75.26249999999999
SP-00463,FCAST-001851,North,heatwave,4,242,2022-04-07,5.4,2.8941666666666666,40.917,1002.2,63.6,36.1,74.98750000000001
SP-00463,FCAST-001852,North,summer_storm,4,626,2023-04-26,18.9,7.995972222222223,132.316,996.2,98.8,30.68,75.09166666666667
SP-00464,FCAST-001853,North,heatwave,3,649,2021-03-20,5.4,3.2147222222222225,43.25,1001.6,63.8,36.1,74.55833333333334
SP-00464,FCAST-001854,North,summer_storm,4,1757,2024-04-01,18.9,8.085833333333333,132.582,996.3,98.0,30.3,75.25416666666666
SP-00464,FCAST-001855,North,southwest_monsoon,9,104,2019-09-22,13.5,7.101388888888889,190.536,998.1,100.0,29.6,75.07222222222222
SP-00464,FCAST-001856,North,tropical_cyclone,9,825,2021-09-12,30.38,15.258194444444444,257.912,983.8,100.0,28.6,74.78055555555555
SP-00465,FCAST-001857,North,heatwave,3,543,2022-03-09,5.4,2.891388888888889,42.604,1001.7,65.9,36.1,75.14583333333333
SP-00465,FCAST-001858,North,summer_storm,4,1307,2024-04-11,18.9,8.304583333333333,135.967,995.7,97.3,31.2,74.94166666666666
SP-00465,FCAST-001859,North,southwest_monsoon,9,354,2021-09-01,13.5,7.146388888888889,184.48499999999999,998.9,100.0,29.6,74.96111111111111
SP-00465,FCAST-001860,North,tropical_cyclone,11,69,2020-11-20,30.38,15.711527777777778,252.501,984.1,100.0,28.6,74.84305555555555
SP-00466,FCAST-001861,North,summer_storm,5,1780,2024-05-19,18.9,8.288611111111111,135.208,996.1,97.2,30.94,75.225
SP-00466,FCAST-001862,North,heatwave,3,264,2020-03-25,5.4,3.2702777777777774,37.319,1001.6,64.7,36.1,75.26388888888889
SP-00466,FCAST-001863,North,southwest_monsoon,8,770,2021-08-13,13.5,7.406527777777778,190.197,998.3,98.7,29.6,75.05000000000001
SP-00466,FCAST-001864,North,tropical_cyclone,8,1871,2024-08-18,30.38,15.22722222222222,254.95,983.9,100.0,28.6,75.00694444444444
SP-00467,FCAST-001865,North,southwest_monsoon,9,928,2020-09-30,13.5,7.418611111111111,182.62,998.6,100.0,29.6,74.96527777777777
SP-00467,FCAST-001866,North,tropical_cyclone,11,974,2020-11-15,30.38,15.174583333333333,255.86599999999999,984.2,100.0,28.6,75.15555555555555
SP-00467,FCAST-001867,North,summer_storm,4,2233,2024-04-27,18.9,8.233333333333333,131.718,996.4,97.1,31.79,74.97916666666667
SP-00467,FCAST-001868,North,heatwave,3,719,2020-03-05,5.4,3.162361111111111,42.999,1001.5,63.9,36.1,75.14722222222223
SP-00468,FCAST-001869,North,southwest_monsoon,6,176,2020-06-23,13.5,7.300972222222222,195.419,998.9,97.9,29.6,74.77638888888889
SP-00468,FCAST-001870,North,heatwave,4,835,2022-04-13,5.4,3.2325,44.48,1001.8,68.6,36.1,74.82777777777778
SP-00468,FCAST-001871,North,tropical_cyclone,8,240,2020-08-26,30.38,15.485555555555557,260.923,984.5,100.0,28.6,75.52638888888889
SP-00468,FCAST-001872,North,summer_storm,5,490,2021-05-03,18.9,8.160277777777777,137.589,996.0,96.1,32.3,74.96805555555555
SP-00469,FCAST-001873,North,heatwave,3,1450,2024-03-13,5.4,3.154027777777778,39.012,1001.8,62.2,36.1,75.16111111111111
SP-00469,FCAST-001874,North,tropical_cyclone,10,1298,2023-10-13,30.38,15.648888888888889,251.358,983.7,100.0,28.6,74.85833333333333
SP-00469,FCAST-001875,North,southwest_monsoon,6,801,2022-06-03,13.5,7.291805555555555,185.285,999.0,99.9,29.6,75.01805555555556
SP-00469,FCAST-001876,North,summer_storm,5,63,2020-05-26,18.9,7.9437500000000005,135.387,996.4,98.4,31.27,74.69722222222222
SP-00470,FCAST-001877,North,tropical_cyclone,9,434,2019-09-08,30.38,15.295555555555556,259.529,984.4,100.0,28.6,75.08333333333333
SP-00470,FCAST-001878,North,southwest_monsoon,9,2270,2024-09-17,13.5,7.372777777777778,189.559,999.0,100.0,29.6,75.17222222222222
SP-00470,FCAST-001879,North,summer_storm,5,1039,2021-05-05,18.9,7.654166666666667,129.898,996.0,99.0,31.59,75.17083333333333
SP-00470,FCAST-001880,North,heatwave,4,2112,2024-04-12,5.4,3.1879166666666667,42.251,1001.8,63.8,36.1,75.36805555555556
SP-00471,FCAST-001881,North,summer_storm,4,1785,2024-04-05,18.9,8.075416666666666,129.733,995.7,99.5,31.44,75.22638888888889
SP-00471,FCAST-001882,North,tropical_cyclone,11,534,2020-11-01,30.38,15.212222222222222,258.972,983.6,100.0,28.6,75.1236111111111
SP-00471,FCAST-001883,North,southwest_monsoon,6,1113,2022-06-03,13.5,7.547083333333333,189.069,998.6,99.9,29.6,75.4
SP-00471,FCAST-001884,North,heatwave,4,1078,2022-04-29,5.4,3.092777777777778,48.042,1001.9,65.6,36.1,75.69583333333334
SP-00472,FCAST-001885,North,summer_storm,5,622,2022-05-19,18.9,8.135416666666666,130.346,996.3,96.9,31.59,75.19999999999999
SP-00472,FCAST-001886,North,tropical_cyclone,11,432,2021-11-10,30.38,15.070277777777777,257.361,984.5,100.0,28.6,74.99722222222222
SP-00472,FCAST-001887,North,heatwave,3,1290,2024-03-17,5.4,3.07125,49.556,1001.8,65.0,36.1,74.74583333333334
SP-00472,FCAST-001888,North,southwest_monsoon,9,751,2022-09-25,13.5,7.336944444444445,193.396,998.5,99.2,29.6,74.77638888888889
SP-00473,FCAST-001889,North,tropical_cyclone,10,531,2022-10-15,30.38,15.425694444444446,258.681,984.5,99.4,28.6,75.02777777777777
SP-00473,FCAST-001890,North,southwest_monsoon,9,149,2021-09-28,13.5,7.276527777777777,187.445,999.2,100.0,29.6,75.24305555555556
SP-00473,FCAST-001891,North,summer_storm,5,1116,2024-05-22,18.9,7.980277777777778,127.321,996.6,95.3,31.01,74.44305555555555
SP-00473,FCAST-001892,North,heatwave,4,725,2023-04-27,5.4,3.083472222222222,41.631,1002.0,63.1,36.1,74.74166666666666
SP-00474,FCAST-001893,North,southwest_monsoon,7,1039,2024-07-12,13.5,7.159166666666668,192.847,998.6,99.7,29.6,74.84305555555555
SP-00474,FCAST-001894,North,tropical_cyclone,8,358,2022-08-31,30.38,15.22736111111111,264.114,983.3,100.0,28.6,75.00972222222222
SP-00474,FCAST-001895,North,heatwave,3,923,2024-03-18,5.4,3.072222222222222,41.294,1001.7,64.1,36.1,74.80138888888888
SP-00474,FCAST-001896,North,summer_storm,4,590,2023-04-20,18.9,7.805138888888889,137.642,996.9,97.7,30.48,74.8138888888889
SP-00475,FCAST-001897,North,southwest_monsoon,9,2026,2023-09-08,13.5,7.036527777777778,185.305,998.3,100.0,29.6,74.77916666666667
SP-00475,FCAST-001898,North,tropical_cyclone,10,977,2020-10-24,30.38,15.657777777777776,248.83,984.4,100.0,28.6,75.19027777777778
SP-00475,FCAST-001899,North,heatwave,3,740,2020-03-01,5.4,2.803888888888889,42.304,1001.8,61.6,36.1,74.51944444444445
SP-00475,FCAST-001900,North,summer_storm,4,2234,2024-04-03,18.9,7.749166666666667,135.882,996.5,98.4,31.06,75.00277777777778
SP-00476,FCAST-001901,North,southwest_monsoon,7,460,2019-07-03,13.5,7.223194444444445,182.854,999.1,100.0,29.6,74.98194444444444
SP-00476,FCAST-001902,North,summer_storm,4,753,2020-04-21,18.9,7.989166666666667,132.038,996.5,96.8,31.49,74.73472222222222
SP-00476,FCAST-001903,North,tropical_cyclone,10,1672,2022-10-27,30.38,15.431666666666665,257.061,983.8,100.0,28.6,74.99444444444445
SP-00476,FCAST-001904,North,heatwave,3,1808,2023-03-12,5.4,3.0459722222222223,42.706,1001.8,64.0,36.1,74.7875
SP-00477,FCAST-001905,North,summer_storm,4,846,2024-04-01,18.9,7.900972222222222,134.187,995.9,98.5,31.34,75.16388888888889
SP-00477,FCAST-001906,North,heatwave,4,873,2024-04-28,5.4,3.1080555555555556,46.542,1001.5,63.3,36.1,74.61666666666666
SP-00477,FCAST-001907,North,tropical_cyclone,8,622,2023-08-21,30.38,15.20013888888889,261.937,984.1,100.0,28.6,74.67916666666666
SP-00477,FCAST-001908,North,southwest_monsoon,9,1022,2024-09-24,13.5,7.342222222222222,186.696,998.5,99.7,29.6,75.30972222222222
SP-00478,FCAST-001909,North,southwest_monsoon,7,348,2021-07-12,13.5,7.680138888888889,187.414,998.7,100.0,29.6,74.97222222222223
SP-00478,FCAST-001910,North,summer_storm,4,1352,2024-04-11,18.9,8.013055555555557,132.153,996.2,97.2,31.37,74.9625
SP-00478,FCAST-001911,North,tropical_cyclone,10,1172,2023-10-14,30.38,15.72388888888889,258.921,984.7,99.6,28.6,75.48888888888888
SP-00478,FCAST-001912,North,heatwave,4,999,2023-04-24,5.4,2.9412499999999997,51.485,1001.7,65.7,36.1,74.65972222222223
SP-00479,FCAST-001913,North,heatwave,4,1156,2022-04-03,5.4,3.2919444444444443,51.063,1001.8,63.8,36.1,75.23611111111111
SP-00479,FCAST-001914,North,tropical_cyclone,8,919,2021-08-09,30.38,15.434861111111111,256.157,983.8,100.0,28.6,75.0638888888889
SP-00479,FCAST-001915,North,southwest_monsoon,8,573,2020-08-28,13.5,7.192083333333334,186.845,998.4,98.2,29.6,74.61250000000001
SP-00479,FCAST-001916,North,summer_storm,5,456,2020-05-03,18.9,7.944444444444445,136.053,995.6,97.8,31.03,75.16805555555555
SP-00480,FCAST-001917,North,summer_storm,4,944,2021-04-17,18.9,7.709444444444445,134.956,995.8,97.0,30.07,74.71944444444445
SP-00480,FCAST-001918,North,southwest_monsoon,8,1063,2021-08-14,13.5,7.338055555555556,186.133,998.7,98.4,29.6,75.1236111111111
SP-00480,FCAST-001919,North,heatwave,3,1993,2024-03-01,5.4,3.1822222222222223,38.006,1001.3,65.9,36.1,75.33888888888889
SP-00480,FCAST-001920,North,tropical_cyclone,9,745,2020-09-30,30.38,15.289305555555554,261.492,984.2,100.0,28.6,75.275
SP-00481,FCAST-001921,North,southwest_monsoon,6,2291,2024-06-16,13.5,7.085,180.131,998.7,100.0,29.6,74.77777777777777
SP-00481,FCAST-001922,North,tropical_cyclone,11,1361,2021-11-29,30.38,15.438888888888888,257.798,984.3,99.9,28.6,74.79166666666667
SP-00481,FCAST-001923,North,summer_storm,5,814,2020-05-31,18.9,7.9629166666666675,136.539,996.5,96.4,31.19,74.9125
SP-00481,FCAST-001924,North,heatwave,4,1869,2023-04-21,5.4,3.192083333333333,35.739,1001.6,65.4,36.1,75.15555555555555
SP-00482,FCAST-001925,North,summer_storm,5,773,2022-05-08,18.9,8.25,138.91,995.9,97.5,31.17,75.20277777777778
SP-00482,FCAST-001926,North,southwest_monsoon,8,1617,2024-08-29,13.5,7.1066666666666665,190.929,999.2,100.0,29.6,75.21944444444445
SP-00482,FCAST-001927,North,tropical_cyclone,11,1323,2023-11-09,30.38,15.404583333333335,253.131,983.9,100.0,28.6,75.27222222222223
SP-00482,FCAST-001928,North,heatwave,4,1129,2023-04-29,5.4,3.3154166666666667,39.62,1002.0,66.0,36.1,75.01249999999999
SP-00483,FCAST-001929,North,tropical_cyclone,11,1537,2024-11-30,30.38,15.398055555555556,253.761,983.6,100.0,28.6,74.56666666666666
SP-00483,FCAST-001930,North,summer_storm,4,210,2021-04-13,18.9,8.21888888888889,131.35,995.7,98.5,31.23,74.88333333333334
SP-00483,FCAST-001931,North,heatwave,3,554,2022-03-23,5.4,3.2008333333333336,38.714,1001.4,63.1,36.1,74.62222222222222
SP-00483,FCAST-001932,North,southwest_monsoon,8,715,2022-08-31,13.5,7.158888888888888,181.442,999.2,99.7,29.6,74.80833333333334
SP-00484,FCAST-001933,North,heatwave,3,1231,2023-03-27,5.4,3.093472222222222,44.93,1001.7,62.7,36.1,75.23055555555555
SP-00484,FCAST-001934,North,summer_storm,5,191,2020-05-21,18.9,7.953472222222222,127.027,996.3,95.6,31.1,74.91805555555555
SP-00484,FCAST-001935,North,southwest_monsoon,6,593,2021-06-27,13.5,7.594861111111111,191.297,998.7,98.5,29.6,75.06944444444444
SP-00484,FCAST-001936,North,tropical_cyclone,11,745,2021-11-26,30.38,15.495694444444446,261.841,984.5,100.0,28.6,75.45694444444445
SP-00485,FCAST-001937,North,tropical_cyclone,11,1295,2022-11-08,30.38,15.757083333333334,252.506,984.6,100.0,28.6,75.02361111111111
SP-00485,FCAST-001938,North,summer_storm,4,710,2021-04-02,18.9,7.808888888888889,134.355,996.6,98.2,31.22,75.14444444444445
SP-00485,FCAST-001939,North,heatwave,3,2166,2025-03-28,5.4,3.057361111111111,44.293,1001.8,61.8,36.1,74.95694444444445
SP-00485,FCAST-001940,North,southwest_monsoon,6,1892,2024-06-27,13.5,7.4373611111111115,192.672,999.0,100.0,29.6,74.77083333333333
SP-00486,FCAST-001941,North,tropical_cyclone,9,1269,2022-09-25,30.38,15.898888888888889,259.949,984.3,100.0,28.6,75.08194444444445
SP-00486,FCAST-001942,North,southwest_monsoon,6,426,2020-06-04,13.5,7.021527777777778,189.48,998.8,98.9,29.6,75.1625
SP-00486,FCAST-001943,North,summer_storm,4,389,2020-04-28,18.9,8.114583333333334,127.33,996.2,99.4,31.17,74.93333333333334
SP-00486,FCAST-001944,North,heatwave,4,1476,2023-04-20,5.4,3.1522222222222225,44.532000000000004,1001.4,61.8,36.1,75.15694444444445
SP-00487,FCAST-001945,North,southwest_monsoon,8,1220,2024-08-08,13.5,7.274305555555555,187.383,997.8,100.0,29.6,75.32638888888889
SP-00487,FCAST-001946,North,summer_storm,4,382,2022-04-23,18.9,7.983888888888889,138.441,995.5,97.0,31.14,75.06666666666666
SP-00487,FCAST-001947,North,heatwave,3,694,2023-03-01,5.4,2.916527777777778,41.853,1001.8,64.5,36.1,75.36250000000001
SP-00487,FCAST-001948,North,tropical_cyclone,11,941,2023-11-03,30.38,15.544305555555557,258.323,984.3,100.0,28.6,74.88194444444444
SP-00488,FCAST-001949,North,summer_storm,4,1080,2023-04-06,18.9,7.893194444444443,132.994,996.3,98.2,31.32,75.59861111111111
SP-00488,FCAST-001950,North,tropical_cyclone,11,1680,2024-11-26,30.38,15.366388888888887,258.778,983.7,99.6,28.6,74.76527777777778
SP-00488,FCAST-001951,North,southwest_monsoon,6,1513,2024-06-12,13.5,7.124305555555556,188.398,998.2,100.0,29.6,74.94999999999999
SP-00488,FCAST-001952,North,heatwave,3,1440,2024-03-31,5.4,3.2466666666666666,48.226,1001.9,63.8,36.1,74.6625
SP-00489,FCAST-001953,North,heatwave,3,811,2023-03-31,5.4,3.108611111111111,43.6,1001.3,62.0,36.1,75.53194444444445
SP-00489,FCAST-001954,North,summer_storm,5,1233,2024-05-26,18.9,7.9063888888888885,129.467,996.4,98.8,31.88,75.19861111111112
SP-00489,FCAST-001955,North,southwest_monsoon,6,1244,2024-06-06,13.5,7.294305555555555,184.593,998.8,100.0,29.6,74.64722222222223
SP-00489,FCAST-001956,North,tropical_cyclone,9,986,2023-09-22,30.38,15.518194444444443,258.293,984.2,100.0,28.6,74.85555555555555
SP-00490,FCAST-001957,North,tropical_cyclone,10,994,2022-10-14,30.38,15.081944444444446,258.668,984.7,100.0,28.6,74.89861111111111
SP-00490,FCAST-001958,North,southwest_monsoon,8,193,2020-08-04,13.5,7.197500000000001,186.813,998.6,100.0,29.6,74.69166666666666
SP-00490,FCAST-001959,North,heatwave,4,438,2021-04-06,5.4,3.208194444444444,43.778,1001.7,63.2,36.1,74.89583333333333
SP-00490,FCAST-001960,North,summer_storm,4,445,2021-04-13,18.9,8.139583333333333,139.17,996.6,97.1,30.86,75.23750000000001
SP-00491,FCAST-001961,North,southwest_monsoon,6,703,2023-06-15,13.5,7.394722222222222,196.28,998.5,100.0,29.6,74.9125
SP-00491,FCAST-001962,North,summer_storm,4,268,2022-04-06,18.9,7.925000000000001,127.132,996.3,96.6,31.1,75.03888888888889
SP-00491,FCAST-001963,North,heatwave,3,977,2024-03-15,5.4,3.0884722222222223,40.144,1001.9,66.8,36.1,75.29166666666667
SP-00491,FCAST-001964,North,tropical_cyclone,11,854,2023-11-13,30.38,15.122499999999999,259.304,984.3,100.0,28.6,74.7513888888889
SP-00492,FCAST-001965,North,tropical_cyclone,9,1736,2023-09-27,30.38,15.48638888888889,259.601,984.2,100.0,28.6,75.18472222222222
SP-00492,FCAST-001966,North,summer_storm,4,106,2019-04-11,18.9,7.507638888888888,133.49099999999999,996.5,98.1,31.61,75.32916666666667
SP-00492,FCAST-001967,North,heatwave,3,812,2021-03-17,5.4,3.1366666666666667,50.048,1002.0,63.1,36.1,74.87777777777778
SP-00492,FCAST-001968,North,southwest_monsoon,7,570,2020-07-18,13.5,7.590833333333332,188.021,998.8,99.4,29.6,74.44305555555555
SP-00493,FCAST-001969,North,heatwave,4,782,2022-04-21,5.4,3.1312499999999996,47.934,1002.1,62.6,36.1,75.01111111111112
SP-00493,FCAST-001970,North,southwest_monsoon,9,1300,2023-09-21,13.5,7.059444444444444,190.392,999.0,99.8,29.6,75.14166666666667
SP-00493,FCAST-001971,North,tropical_cyclone,8,1620,2024-08-06,30.38,15.544583333333334,255.754,983.6,100.0,28.6,74.64722222222223
SP-00493,FCAST-001972,North,summer_storm,4,415,2021-04-19,18.9,8.347222222222221,140.936,996.2,96.3,30.55,75.18194444444445
SP-00494,FCAST-001973,North,tropical_cyclone,10,739,2023-10-24,30.38,15.820555555555554,256.904,984.6,100.0,28.6,74.94444444444444
SP-00494,FCAST-001974,North,heatwave,4,181,2022-04-14,5.4,3.113888888888889,46.767,1001.4,62.9,36.1,74.76666666666667
SP-00494,FCAST-001975,North,summer_storm,4,556,2023-04-24,18.9,8.005833333333333,134.001,996.2,96.6,31.46,75.0375
SP-00494,FCAST-001976,North,southwest_monsoon,7,1015,2024-07-26,13.5,7.345833333333333,187.251,999.0,100.0,29.6,75.08888888888889
SP-00495,FCAST-001977,North,summer_storm,4,297,2019-04-13,18.9,8.047083333333333,127.803,996.8,96.6,31.26,74.66388888888889
SP-00495,FCAST-001978,North,southwest_monsoon,7,1121,2021-07-15,13.5,7.130277777777778,184.614,998.7,100.0,29.6,74.92083333333333
SP-00495,FCAST-001979,North,heatwave,3,998,2021-03-14,5.4,3.1512499999999997,46.028,1002.0,64.2,36.1,75.13194444444444
SP-00495,FCAST-001980,North,tropical_cyclone,10,474,2019-10-07,30.38,15.528888888888888,262.919,984.5,100.0,28.6,74.76805555555556
SP-00496,FCAST-001981,North,heatwave,4,255,2022-04-01,5.4,2.910833333333333,40.095,1001.4,62.3,36.1,75.23888888888888
SP-00496,FCAST-001982,North,summer_storm,5,296,2022-05-12,18.9,8.471944444444444,128.308,996.2,96.2,31.19,75.01527777777778
SP-00496,FCAST-001983,North,tropical_cyclone,8,749,2023-08-08,30.38,15.407499999999999,268.111,984.0,100.0,28.6,74.9986111111111
SP-00496,FCAST-001984,North,southwest_monsoon,7,11,2021-07-31,13.5,7.521249999999999,185.317,998.6,100.0,29.6,74.94999999999999
SP-00497,FCAST-001985,North,heatwave,4,1165,2022-04-17,5.4,3.285972222222222,46.027,1001.2,62.4,36.1,74.80972222222222
SP-00497,FCAST-001986,North,tropical_cyclone,11,641,2020-11-09,30.38,15.244166666666665,256.436,983.9,100.0,28.6,75.45416666666667
SP-00497,FCAST-001987,North,southwest_monsoon,8,544,2020-08-04,13.5,7.291527777777778,185.109,999.1,99.1,29.6,74.975
SP-00497,FCAST-001988,North,summer_storm,5,1564,2023-05-21,18.9,7.687222222222222,134.998,995.8,98.6,31.03,74.98055555555555
SP-00498,FCAST-001989,North,tropical_cyclone,10,1392,2023-10-15,30.38,15.634583333333333,265.101,984.3,100.0,28.6,74.98333333333333
SP-00498,FCAST-001990,North,summer_storm,5,517,2021-05-23,18.9,7.688194444444444,134.767,996.3,97.0,30.93,75.28055555555555
SP-00498,FCAST-001991,North,southwest_monsoon,6,910,2022-06-20,13.5,7.2780555555555555,195.90800000000002,999.3,99.0,29.6,75.0611111111111
SP-00498,FCAST-001992,North,heatwave,4,1569,2024-04-09,5.4,3.1016666666666666,43.259,1001.7,64.7,36.1,75.26249999999999
SP-00499,FCAST-001993,North,heatwave,3,469,2023-03-25,5.4,3.2276388888888885,46.107,1001.7,65.4,36.1,75.15416666666667
SP-00499,FCAST-001994,North,southwest_monsoon,6,200,2022-06-29,13.5,7.360972222222222,192.727,999.0,98.1,29.6,75.09444444444445
SP-00499,FCAST-001995,North,summer_storm,5,882,2024-05-11,18.9,8.114027777777778,136.788,996.4,97.6,31.31,74.625
SP-00499,FCAST-001996,North,tropical_cyclone,10,1038,2024-10-14,30.38,15.687222222222223,259.816,984.2,100.0,28.6,75.01805555555556
SP-00500,FCAST-001997,North,southwest_monsoon,8,932,2021-08-03,13.5,6.904999999999999,184.719,999.1,100.0,29.6,74.99305555555556
SP-00500,FCAST-001998,North,summer_storm,4,1190,2022-04-18,18.9,7.67638888888889,131.402,995.7,98.3,30.92,74.71111111111111
SP-00500,FCAST-001999,North,heatwave,4,824,2021-04-17,5.4,3.0654166666666667,48.19,1002.1,65.0,36.1,74.93055555555556
SP-00500,FCAST-002000,North,tropical_cyclone,8,199,2019-08-01,30.38,15.571805555555557,258.785,983.6,100.0,28.6,74.90277777777777
SP-00501,FCAST-002001,North,summer_storm,5,1660,2024-05-16,18.9,7.676805555555556,139.448,996.4,97.4,30.84,74.89027777777778
SP-00501,FCAST-002002,North,southwest_monsoon,6,239,2020-06-25,13.5,7.304861111111112,196.847,999.4,100.0,29.6,74.97916666666667
SP-00501,FCAST-002003,North,tropical_cyclone,10,365,2020-10-29,30.38,15.612083333333333,259.775,983.7,100.0,28.6,74.86666666666666
SP-00501,FCAST-002004,North,heatwave,3,145,2020-03-23,5.4,3.1368055555555556,45.969,1001.6,62.9,36.1,75.19166666666666
SP-00502,FCAST-002005,North,southwest_monsoon,7,212,2021-07-05,13.5,7.274583333333333,191.846,999.4,100.0,29.6,74.71805555555555
SP-00502,FCAST-002006,North,summer_storm,4,503,2022-04-22,18.9,8.414027777777779,133.743,996.3,97.8,31.04,74.98194444444444
SP-00502,FCAST-002007,North,heatwave,4,133,2021-04-17,5.4,3.2880555555555553,39.312,1001.6,65.3,36.1,74.95416666666667
SP-00502,FCAST-002008,North,tropical_cyclone,11,720,2022-11-25,30.38,15.458472222222222,255.715,984.0,100.0,28.6,75.16111111111111
SP-00503,FCAST-002009,North,tropical_cyclone,10,1025,2023-10-25,30.38,15.72347222222222,260.371,984.7,100.0,28.6,74.72083333333333
SP-00503,FCAST-002010,North,summer_storm,5,848,2023-05-01,18.9,7.958333333333333,134.032,995.9,99.3,31.05,74.65555555555555
SP-00503,FCAST-002011,North,southwest_monsoon,6,165,2021-06-17,13.5,7.332222222222222,191.749,998.8,100.0,29.6,74.76249999999999
SP-00503,FCAST-002012,North,heatwave,3,445,2022-03-24,5.4,3.2927777777777774,44.99,1001.9,63.2,36.1,75.27083333333333
SP-00504,FCAST-002013,North,southwest_monsoon,8,374,2019-08-30,13.5,7.13638888888889,193.151,998.8,99.9,29.6,74.60416666666667
SP-00504,FCAST-002014,North,tropical_cyclone,10,2239,2024-10-07,30.38,15.457916666666668,254.523,984.2,100.0,28.6,75.16527777777777
SP-00504,FCAST-002015,North,summer_storm,5,2100,2024-05-21,18.9,7.84138888888889,130.68,996.4,100.0,31.1,74.91805555555555
SP-00504,FCAST-002016,North,heatwave,4,1702,2023-04-19,5.4,3.172638888888889,42.371,1001.8,68.5,36.1,74.9388888888889
SP-00505,FCAST-002017,North,tropical_cyclone,11,363,2020-11-06,30.38,15.374027777777778,258.018,983.8,100.0,28.6,74.60138888888889
SP-00505,FCAST-002018,North,heatwave,4,155,2020-04-12,5.4,3.092777777777778,47.016,1001.7,64.2,36.1,75.32222222222222
SP-00505,FCAST-002019,North,summer_storm,5,921,2022-05-18,18.9,8.299861111111111,130.574,996.8,96.6,31.4,75.13055555555555
SP-00505,FCAST-002020,North,southwest_monsoon,9,1394,2023-09-03,13.5,7.316527777777777,191.409,998.8,99.1,29.6,75.44722222222222
SP-00506,FCAST-002021,North,summer_storm,4,732,2023-04-02,18.9,8.1025,131.136,996.5,95.7,30.84,74.90416666666667
SP-00506,FCAST-002022,North,heatwave,4,1113,2024-04-17,5.4,3.198472222222222,46.442,1002.0,63.9,36.1,75.16944444444444
SP-00506,FCAST-002023,North,tropical_cyclone,10,932,2023-10-19,30.38,15.277083333333334,260.979,984.4,100.0,28.6,75.16805555555555
SP-00506,FCAST-002024,North,southwest_monsoon,8,880,2023-08-28,13.5,7.213333333333334,188.723,999.4,99.2,29.6,75.32083333333334
SP-00507,FCAST-002025,North,southwest_monsoon,6,577,2022-06-23,13.5,7.341666666666667,184.021,999.2,100.0,29.6,74.74583333333334
SP-00507,FCAST-002026,North,summer_storm,4,877,2023-04-19,18.9,7.809027777777778,139.321,996.3,97.5,32.1,74.99722222222222
SP-00507,FCAST-002027,North,heatwave,3,828,2023-03-01,5.4,3.183194444444444,41.052,1002.0,63.3,36.1,74.95555555555556
SP-00507,FCAST-002028,North,tropical_cyclone,10,1413,2024-10-06,30.38,15.478194444444446,253.295,984.0,100.0,28.6,74.84583333333333
SP-00508,FCAST-002029,North,summer_storm,4,1740,2023-04-28,18.9,7.740555555555556,134.031,996.3,98.0,31.52,75.24583333333334
SP-00508,FCAST-002030,North,southwest_monsoon,8,375,2019-08-02,13.5,7.211666666666667,190.228,999.3,99.5,29.6,74.79722222222222
SP-00508,FCAST-002031,North,tropical_cyclone,11,1583,2022-11-22,30.38,15.161805555555556,253.932,983.7,99.8,28.6,75.44444444444444
SP-00508,FCAST-002032,North,heatwave,4,255,2019-04-04,5.4,3.1391666666666667,40.491,1001.5,66.4,36.1,75.00694444444444
SP-00509,FCAST-002033,North,summer_storm,4,586,2022-04-10,18.9,7.780277777777777,139.23499999999999,996.4,97.8,31.55,75.22916666666667
SP-00509,FCAST-002034,North,southwest_monsoon,7,676,2022-07-09,13.5,7.495,190.363,998.5,98.8,29.6,75.0638888888889
SP-00509,FCAST-002035,North,tropical_cyclone,10,788,2022-10-29,30.38,15.807361111111113,266.625,984.2,100.0,28.6,74.78333333333333
SP-00509,FCAST-002036,North,heatwave,3,189,2021-03-09,5.4,3.0149999999999997,38.405,1001.7,62.3,36.1,75.25
SP-00510,FCAST-002037,North,summer_storm,4,370,2019-04-07,18.9,8.230555555555556,125.301,996.6,97.5,31.52,75.14027777777778
SP-00510,FCAST-002038,North,southwest_monsoon,9,898,2020-09-16,13.5,7.355555555555556,188.617,999.2,100.0,29.6,74.86666666666666
SP-00510,FCAST-002039,North,heatwave,4,2218,2024-04-28,5.4,3.1172222222222223,46.458,1001.9,63.3,36.1,74.68055555555556
SP-00510,FCAST-002040,North,tropical_cyclone,9,526,2019-09-10,30.38,15.560138888888888,262.947,984.2,100.0,28.6,75.03888888888889
SP-00511,FCAST-002041,North,heatwave,3,299,2022-03-08,5.4,3.1741666666666664,44.925,1001.6,63.2,36.1,74.6861111111111
SP-00511,FCAST-002042,North,southwest_monsoon,7,57,2021-07-09,13.5,7.464444444444445,190.544,999.0,100.0,29.6,74.85138888888889
SP-00511,FCAST-002043,North,tropical_cyclone,8,96,2021-08-17,30.38,15.485833333333334,262.347,984.3,100.0,28.6,74.85277777777777
SP-00511,FCAST-002044,North,summer_storm,4,704,2023-04-17,18.9,7.396527777777777,128.352,996.2,97.8,30.71,74.83333333333333
SP-00512,FCAST-002045,North,tropical_cyclone,10,1769,2024-10-03,30.38,15.671249999999999,252.725,984.0,100.0,28.6,74.62222222222222
SP-00512,FCAST-002046,North,heatwave,3,1941,2025-03-24,5.4,3.294861111111111,44.613,1001.4,63.1,36.1,74.46805555555555
SP-00512,FCAST-002047,North,southwest_monsoon,7,1696,2024-07-22,13.5,7.384305555555555,189.185,998.6,100.0,29.6,74.77222222222223
SP-00512,FCAST-002048,North,summer_storm,5,884,2022-05-02,18.9,8.006250000000001,133.356,996.1,96.9,31.73,74.97222222222223
SP-00513,FCAST-002049,North,southwest_monsoon,7,642,2021-07-07,13.5,7.4174999999999995,187.328,998.9,99.5,29.6,75.0
SP-00513,FCAST-002050,North,heatwave,3,886,2022-03-08,5.4,3.255,41.033,1002.2,64.0,36.1,74.82777777777778
SP-00513,FCAST-002051,North,summer_storm,5,223,2020-05-14,18.9,8.4175,130.665,996.4,98.3,32.51,74.99305555555556
SP-00513,FCAST-002052,North,tropical_cyclone,9,1823,2024-09-30,30.38,15.55375,253.602,984.1,100.0,28.6,75.14444444444445
SP-00514,FCAST-002053,North,southwest_monsoon,8,721,2023-08-22,13.5,7.412638888888889,187.066,999.4,100.0,29.6,74.86388888888888
SP-00514,FCAST-002054,North,heatwave,3,923,2024-03-11,5.4,3.057777777777778,43.019,1002.1,63.4,36.1,75.35
SP-00514,FCAST-002055,North,tropical_cyclone,10,31,2021-10-01,30.38,15.386805555555554,261.078,984.5,100.0,28.6,74.4625
SP-00514,FCAST-002056,North,summer_storm,4,973,2024-04-30,18.9,7.821805555555555,137.727,996.4,99.0,31.1,74.97916666666667
SP-00515,FCAST-002057,North,southwest_monsoon,6,59,2019-06-21,13.5,7.493888888888888,186.357,999.2,100.0,29.6,75.14444444444445
SP-00515,FCAST-002058,North,heatwave,4,1101,2022-04-28,5.4,3.1908333333333334,50.273,1001.9,66.1,36.1,75.18472222222222
SP-00515,FCAST-002059,North,summer_storm,5,740,2021-05-02,18.9,7.977222222222222,137.517,996.5,94.9,30.87,75.1236111111111
SP-00515,FCAST-002060,North,tropical_cyclone,8,1204,2022-08-09,30.38,15.618055555555555,261.777,984.6,100.0,28.6,75.43472222222222
SP-00516,FCAST-002061,North,summer_storm,5,2245,2024-05-31,18.9,8.121666666666666,130.173,996.4,97.7,31.24,74.98611111111111
SP-00516,FCAST-002062,North,heatwave,3,695,2020-03-03,5.4,3.2227777777777775,43.534,1001.5,62.7,36.1,75.17361111111111
SP-00516,FCAST-002063,North,southwest_monsoon,8,1588,2022-08-13,13.5,7.5055555555555555,186.901,999.0,100.0,29.6,74.98888888888888
SP-00516,FCAST-002064,North,tropical_cyclone,11,967,2020-11-30,30.38,15.652777777777779,260.767,984.2,100.0,28.6,74.68194444444445
SP-00517,FCAST-002065,North,southwest_monsoon,9,1590,2022-09-10,13.5,7.412777777777778,184.195,999.2,99.3,29.6,74.975
SP-00517,FCAST-002066,North,tropical_cyclone,10,1634,2022-10-24,30.38,15.610555555555557,263.46,984.6,100.0,28.6,74.69999999999999
SP-00517,FCAST-002067,North,heatwave,4,1456,2022-04-29,5.4,3.0779166666666664,42.915,1001.9,65.3,36.1,75.00833333333334
SP-00517,FCAST-002068,North,summer_storm,4,351,2019-04-20,18.9,8.183333333333334,134.194,995.9,95.7,31.03,74.775
SP-00518,FCAST-002069,North,tropical_cyclone,10,1242,2021-10-12,30.38,15.44277777777778,257.68,983.9,100.0,28.6,75.29861111111111
SP-00518,FCAST-002070,North,southwest_monsoon,9,1229,2021-09-29,13.5,6.976388888888889,190.281,999.0,98.3,29.6,74.94166666666666
SP-00518,FCAST-002071,North,summer_storm,5,3,2018-05-22,18.9,7.965416666666666,135.507,996.5,97.0,31.12,75.0013888888889
SP-00518,FCAST-002072,North,heatwave,3,288,2019-03-03,5.4,3.0654166666666667,40.557,1002.0,67.2,36.1,75.20277777777778
SP-00519,FCAST-002073,North,summer_storm,4,1080,2024-04-24,18.9,8.12375,129.677,996.3,96.4,31.83,75.29027777777777
SP-00519,FCAST-002074,North,heatwave,3,1040,2024-03-15,5.4,3.3284722222222225,51.992,1001.5,62.8,36.1,75.11666666666666
SP-00519,FCAST-002075,North,southwest_monsoon,6,50,2021-06-29,13.5,7.432638888888889,185.425,998.9,98.7,29.6,74.58194444444445
SP-00519,FCAST-002076,North,tropical_cyclone,9,127,2021-09-14,30.38,15.549305555555556,258.971,983.5,100.0,28.6,74.97638888888889
SP-00520,FCAST-002077,North,summer_storm,5,388,2019-05-06,18.9,8.427222222222222,132.841,995.9,98.5,31.39,75.20555555555556
SP-00520,FCAST-002078,North,heatwave,4,1090,2021-04-07,5.4,3.1543055555555553,41.158,1001.9,61.9,36.1,75.16388888888889
SP-00520,FCAST-002079,North,southwest_monsoon,7,462,2019-07-19,13.5,7.279583333333333,184.271,998.8,99.6,29.6,75.00972222222222
SP-00520,FCAST-002080,North,tropical_cyclone,8,111,2018-08-02,30.38,15.587083333333332,262.354,983.9,100.0,28.6,75.0638888888889
SP-00521,FCAST-002081,North,summer_storm,4,575,2022-04-16,18.9,7.864166666666667,133.599,996.7,97.9,31.35,75.19166666666666
SP-00521,FCAST-002082,North,tropical_cyclone,8,340,2021-08-24,30.38,15.466388888888888,263.238,984.4,99.2,28.6,75.15416666666667
SP-00521,FCAST-002083,North,southwest_monsoon,8,1436,2024-08-24,13.5,7.156944444444444,188.994,999.3,99.5,29.6,74.99583333333334
SP-00521,FCAST-002084,North,heatwave,4,935,2023-04-11,5.4,3.12375,42.989,1002.0,65.7,36.1,74.68194444444445
SP-00522,FCAST-002085,North,heatwave,3,1989,2024-03-07,5.4,3.0168055555555555,41.929,1001.8,63.6,36.1,75.02638888888889
SP-00522,FCAST-002086,North,tropical_cyclone,8,1429,2022-08-25,30.38,15.502777777777778,255.649,984.7,100.0,28.6,75.16944444444444
SP-00522,FCAST-002087,North,summer_storm,5,1695,2023-05-18,18.9,8.013333333333334,136.029,996.9,95.9,30.65,75.44999999999999
SP-00522,FCAST-002088,North,southwest_monsoon,9,1462,2022-09-27,13.5,7.27013888888889,184.619,999.1,99.5,29.6,75.17916666666666
SP-00523,FCAST-002089,North,tropical_cyclone,10,254,2020-10-04,30.38,15.193472222222223,260.037,984.8,100.0,28.6,74.96666666666667
SP-00523,FCAST-002090,North,southwest_monsoon,8,562,2021-08-08,13.5,7.230277777777778,189.522,999.2,99.4,29.6,74.79027777777777
SP-00523,FCAST-002091,North,heatwave,4,813,2022-04-16,5.4,3.0191666666666666,40.945,1001.8,63.6,36.1,75.38472222222222
SP-00523,FCAST-002092,North,summer_storm,4,95,2020-04-28,18.9,7.528333333333332,129.022,996.3,97.9,31.1,74.76527777777778
SP-00524,FCAST-002093,North,heatwave,4,378,2022-04-08,5.4,3.0520833333333335,45.477,1002.0,62.0,36.1,75.04861111111111
SP-00524,FCAST-002094,North,southwest_monsoon,6,460,2022-06-29,13.5,7.075694444444444,186.633,998.6,100.0,29.6,75.33333333333333
SP-00524,FCAST-002095,North,summer_storm,4,375,2022-04-05,18.9,7.599861111111112,127.627,996.0,97.5,31.3,74.69444444444444
SP-00524,FCAST-002096,North,tropical_cyclone,9,1262,2024-09-08,30.38,15.271388888888888,254.677,983.9,100.0,28.6,75.2513888888889
SP-00525,FCAST-002097,North,southwest_monsoon,9,703,2021-09-22,13.5,7.462222222222222,189.802,998.6,99.1,29.6,75.40555555555555
SP-00525,FCAST-002098,North,heatwave,4,915,2022-04-22,5.4,3.118611111111111,47.66,1001.8,63.2,36.1,75.30138888888888
SP-00525,FCAST-002099,North,summer_storm,4,1276,2023-04-18,18.9,8.03625,126.414,996.7,97.9,31.14,75.10972222222222
SP-00525,FCAST-002100,North,tropical_cyclone,10,740,2021-10-29,30.38,15.329027777777778,265.363,984.7,100.0,28.6,75.21944444444445
SP-00526,FCAST-002101,North,tropical_cyclone,8,266,2019-08-31,30.38,15.099166666666669,262.406,984.6,100.0,28.6,75.3125
SP-00526,FCAST-002102,North,summer_storm,5,1253,2022-05-14,18.9,7.813472222222223,134.954,996.5,99.2,32.13,75.20833333333333
SP-00526,FCAST-002103,North,heatwave,3,98,2019-03-16,5.4,3.3094444444444444,42.406,1001.0,66.0,36.1,74.99722222222222
SP-00526,FCAST-002104,North,southwest_monsoon,6,562,2020-06-22,13.5,7.263888888888889,186.413,999.5,100.0,29.6,74.77361111111111
SP-00527,FCAST-002105,North,southwest_monsoon,6,523,2022-06-17,13.5,7.12,185.842,998.4,100.0,29.6,75.02638888888889
SP-00527,FCAST-002106,North,tropical_cyclone,9,973,2023-09-10,30.38,15.540416666666667,257.152,984.2,100.0,28.6,75.08194444444445
SP-00527,FCAST-002107,North,summer_storm,4,815,2023-04-05,18.9,8.037083333333333,134.383,996.3,97.5,31.35,75.13611111111112
SP-00527,FCAST-002108,North,heatwave,3,1150,2024-03-05,5.4,3.275833333333333,41.544,1002.2,67.5,36.1,75.26249999999999
SP-00528,FCAST-002109,North,tropical_cyclone,9,842,2023-09-11,30.38,15.560277777777777,251.224,984.3,100.0,28.6,74.82083333333334
SP-00528,FCAST-002110,North,southwest_monsoon,9,842,2023-09-11,13.5,7.42625,193.308,998.9,100.0,29.6,75.23888888888888
SP-00528,FCAST-002111,North,summer_storm,4,1070,2024-04-26,18.9,7.622916666666667,136.12,996.4,97.2,31.34,74.97916666666667
SP-00528,FCAST-002112,North,heatwave,4,686,2023-04-08,5.4,2.995277777777778,36.07,1001.3,64.0,36.1,75.04861111111111
SP-00529,FCAST-002113,North,tropical_cyclone,11,1644,2024-11-25,30.38,15.728611111111112,259.398,984.3,100.0,28.6,74.57222222222222
SP-00529,FCAST-002114,North,heatwave,4,1048,2023-04-09,5.4,2.9594444444444443,44.596,1002.0,66.7,36.1,74.71388888888889
SP-00529,FCAST-002115,North,southwest_monsoon,6,8,2020-06-03,13.5,7.139722222222222,184.262,999.2,100.0,29.6,75.09722222222223
SP-00529,FCAST-002116,North,summer_storm,5,729,2022-05-25,18.9,7.932777777777777,135.576,995.7,96.9,31.24,75.18333333333334
SP-00530,FCAST-002117,North,southwest_monsoon,8,777,2022-08-10,13.5,7.321111111111112,189.643,999.3,99.7,29.6,74.9125
SP-00530,FCAST-002118,North,summer_storm,4,671,2022-04-26,18.9,8.443472222222221,139.885,996.1,99.0,30.93,75.03611111111111
SP-00530,FCAST-002119,North,tropical_cyclone,8,780,2022-08-13,30.38,15.356944444444444,266.289,984.6,100.0,28.6,74.96944444444445
SP-00530,FCAST-002120,North,heatwave,3,260,2021-03-11,5.4,3.227361111111111,42.648,1001.8,68.4,36.1,75.26666666666667
SP-00531,FCAST-002121,North,tropical_cyclone,8,136,2020-08-12,30.38,15.598055555555554,260.334,984.1,100.0,28.6,74.84305555555555
SP-00531,FCAST-002122,North,heatwave,3,1806,2025-03-09,5.4,3.018333333333333,46.255,1001.1,64.3,36.1,75.15694444444445
SP-00531,FCAST-002123,North,southwest_monsoon,7,479,2021-07-21,13.5,7.330972222222223,193.201,999.4,100.0,29.6,75.12222222222222
SP-00531,FCAST-002124,North,summer_storm,4,735,2022-04-03,18.9,7.77888888888889,138.22899999999998,996.6,97.1,31.01,74.79305555555555
SP-00532,FCAST-002125,North,heatwave,3,526,2023-03-18,5.4,3.142638888888889,39.25,1001.6,62.7,36.1,74.89722222222223
SP-00532,FCAST-002126,North,tropical_cyclone,10,732,2023-10-10,30.38,15.328750000000001,254.586,983.4,100.0,28.6,75.23333333333333
SP-00532,FCAST-002127,North,southwest_monsoon,8,324,2022-08-28,13.5,7.647638888888888,190.125,999.1,100.0,29.6,74.69722222222222
SP-00532,FCAST-002128,North,summer_storm,4,565,2023-04-26,18.9,7.911666666666666,138.188,996.3,98.1,31.33,74.775
SP-00533,FCAST-002129,North,summer_storm,5,330,2021-05-17,18.9,8.142222222222223,130.6,996.6,98.4,31.36,75.23611111111111
SP-00533,FCAST-002130,North,heatwave,4,1399,2024-04-20,5.4,3.1248611111111106,39.115,1001.8,63.2,36.1,74.88888888888889
SP-00533,FCAST-002131,North,tropical_cyclone,8,62,2020-08-22,30.38,15.337222222222222,263.315,984.4,100.0,28.6,75.50833333333334
SP-00533,FCAST-002132,North,southwest_monsoon,6,717,2022-06-08,13.5,7.512222222222222,192.226,998.5,100.0,29.6,74.96111111111111
SP-00534,FCAST-002133,North,southwest_monsoon,8,1794,2024-08-13,13.5,7.282638888888889,189.233,998.8,99.3,29.6,74.61666666666666
SP-00534,FCAST-002134,North,summer_storm,4,931,2022-04-03,18.9,8.119166666666667,132.953,996.1,97.3,31.21,74.76249999999999
SP-00534,FCAST-002135,North,tropical_cyclone,10,1857,2024-10-15,30.38,15.488333333333335,260.311,984.4,100.0,28.6,74.88611111111112
SP-00534,FCAST-002136,North,heatwave,3,545,2021-03-13,5.4,3.072222222222222,40.449,1001.8,64.4,36.1,74.88194444444444
SP-00535,FCAST-002137,North,southwest_monsoon,6,2243,2024-06-30,13.5,7.245416666666666,185.054,998.9,100.0,29.6,74.90833333333333
SP-00535,FCAST-002138,North,heatwave,4,2162,2024-04-10,5.4,2.878333333333333,47.232,1001.9,65.0,36.1,74.90972222222223
SP-00535,FCAST-002139,North,tropical_cyclone,8,844,2020-08-31,30.38,15.89625,254.55,984.1,99.9,28.6,74.63749999999999
SP-00535,FCAST-002140,North,summer_storm,4,1062,2021-04-06,18.9,8.256666666666668,137.884,996.0,96.6,30.87,75.19027777777778
SP-00536,FCAST-002141,North,summer_storm,4,650,2022-04-10,18.9,7.844583333333333,134.774,996.5,95.5,31.42,74.81527777777778
SP-00536,FCAST-002142,North,tropical_cyclone,8,1144,2023-08-17,30.38,15.19111111111111,260.414,983.6,100.0,28.6,75.1861111111111
SP-00536,FCAST-002143,North,southwest_monsoon,9,808,2022-09-15,13.5,7.061527777777778,184.01,998.7,99.8,29.6,74.90833333333333
SP-00536,FCAST-002144,North,heatwave,4,647,2022-04-07,5.4,3.3670833333333334,41.151,1002.4,63.4,36.1,74.88194444444444
SP-00537,FCAST-002145,North,summer_storm,5,1102,2023-05-06,18.9,7.9776388888888885,134.137,996.2,97.4,31.89,75.12083333333334
SP-00537,FCAST-002146,North,heatwave,3,701,2022-03-31,5.4,2.9858333333333333,40.362,1001.6,63.5,36.1,75.09027777777777
SP-00537,FCAST-002147,North,southwest_monsoon,8,1578,2024-08-24,13.5,7.194305555555555,187.42,999.3,100.0,29.6,75.55555555555556
SP-00537,FCAST-002148,North,tropical_cyclone,9,1224,2023-09-05,30.38,15.564722222222223,260.188,983.7,100.0,28.6,74.89583333333333
SP-00538,FCAST-002149,North,summer_storm,5,306,2022-05-30,18.9,7.750694444444444,132.746,996.3,96.7,31.1,74.85694444444444
SP-00538,FCAST-002150,North,tropical_cyclone,10,818,2023-10-24,30.38,15.643888888888888,257.10699999999997,983.9,100.0,28.6,74.94999999999999
SP-00538,FCAST-002151,North,southwest_monsoon,6,331,2022-06-24,13.5,7.409583333333334,188.868,997.5,100.0,29.6,74.75555555555555
SP-00538,FCAST-002152,North,heatwave,3,954,2024-03-08,5.4,3.0455555555555556,49.107,1001.9,66.4,36.1,75.00694444444444
SP-00539,FCAST-002153,North,heatwave,4,1310,2023-04-29,5.4,3.2540277777777775,45.739,1001.9,67.3,36.1,74.85694444444444
SP-00539,FCAST-002154,North,tropical_cyclone,10,1480,2023-10-16,30.38,15.670833333333333,258.306,984.8,100.0,28.6,74.78055555555555
SP-00539,FCAST-002155,North,southwest_monsoon,8,1429,2023-08-26,13.5,7.375972222222223,191.943,998.9,99.9,29.6,74.85833333333333
SP-00539,FCAST-002156,North,summer_storm,4,560,2021-04-09,18.9,8.425694444444444,136.251,996.1,97.3,30.3,75.02361111111111
SP-00540,FCAST-002157,North,tropical_cyclone,10,1411,2024-10-30,30.38,15.327777777777776,263.804,984.2,100.0,28.6,74.73611111111111
SP-00540,FCAST-002158,North,heatwave,3,804,2023-03-03,5.4,3.1077777777777778,45.905,1001.5,62.9,36.1,75.17222222222222
SP-00540,FCAST-002159,North,summer_storm,4,112,2021-04-10,18.9,8.224027777777778,138.174,996.7,97.1,31.54,74.97638888888889
SP-00540,FCAST-002160,North,southwest_monsoon,6,910,2023-06-17,13.5,7.313888888888889,190.898,999.2,100.0,29.6,75.05138888888888
SP-00541,FCAST-002161,North,summer_storm,5,501,2020-05-17,18.9,8.294305555555557,132.974,996.5,98.3,30.66,74.67083333333333
SP-00541,FCAST-002162,North,tropical_cyclone,11,1401,2022-11-03,30.38,15.415416666666667,255.93,984.7,100.0,28.6,74.85833333333333
SP-00541,FCAST-002163,North,southwest_monsoon,7,1290,2022-07-15,13.5,7.450277777777777,188.914,998.7,100.0,29.6,75.125
SP-00541,FCAST-002164,North,heatwave,4,468,2020-04-14,5.4,3.0820833333333333,43.514,1001.7,61.0,36.1,75.03333333333333
SP-00542,FCAST-002165,North,heatwave,4,822,2020-04-12,5.4,3.2175,43.695,1002.1,63.3,36.1,75.00555555555555
SP-00542,FCAST-002166,North,tropical_cyclone,10,2105,2023-10-17,30.38,15.619583333333331,255.714,984.5,100.0,28.6,74.63194444444444
SP-00542,FCAST-002167,North,summer_storm,5,849,2020-05-09,18.9,8.221527777777778,133.674,996.1,96.9,30.85,75.00694444444444
SP-00542,FCAST-002168,North,southwest_monsoon,6,162,2018-06-22,13.5,7.254027777777777,190.623,998.5,99.9,29.6,75.34722222222223
SP-00543,FCAST-002169,North,summer_storm,4,847,2024-04-06,18.9,7.793888888888889,122.527,996.6,97.1,31.95,75.07083333333334
SP-00543,FCAST-002170,North,southwest_monsoon,8,611,2023-08-14,13.5,7.2333333333333325,187.822,999.1,99.2,29.6,74.65
SP-00543,FCAST-002171,North,heatwave,4,122,2022-04-12,5.4,3.268472222222222,41.443,1001.3,63.2,36.1,74.86527777777778
SP-00543,FCAST-002172,North,tropical_cyclone,10,1049,2024-10-25,30.38,15.624583333333334,254.57,984.1,100.0,28.6,74.92361111111111
SP-00544,FCAST-002173,North,heatwave,3,1072,2023-03-19,5.4,3.090972222222222,39.456,1002.1,64.0,36.1,74.88333333333334
SP-00544,FCAST-002174,North,tropical_cyclone,10,918,2022-10-16,30.38,15.520277777777778,262.141,983.9,100.0,28.6,75.1236111111111
SP-00544,FCAST-002175,North,southwest_monsoon,9,168,2020-09-26,13.5,7.5424999999999995,180.137,998.8,99.5,29.6,75.26111111111112
SP-00544,FCAST-002176,North,summer_storm,4,366,2021-04-12,18.9,7.897638888888888,139.029,996.2,97.0,31.09,75.17083333333333
SP-00545,FCAST-002177,North,southwest_monsoon,9,1122,2024-09-25,13.5,7.625,183.967,999.1,99.5,29.6,75.39305555555556
SP-00545,FCAST-002178,North,heatwave,3,1289,2025-03-11,5.4,3.169861111111111,42.486,1001.9,62.2,36.1,75.09444444444445
SP-00545,FCAST-002179,North,tropical_cyclone,9,735,2023-09-04,30.38,15.779722222222224,261.004,984.1,100.0,28.6,74.93472222222222
SP-00545,FCAST-002180,North,summer_storm,4,229,2022-04-16,18.9,7.890416666666667,137.567,995.7,97.0,30.86,75.10138888888889
SP-00546,FCAST-002181,North,summer_storm,4,882,2024-04-16,18.9,7.794027777777777,129.194,996.7,98.4,30.54,74.53333333333333
SP-00546,FCAST-002182,North,southwest_monsoon,7,610,2023-07-19,13.5,7.444583333333333,194.16,998.5,98.9,29.6,74.75972222222222
SP-00546,FCAST-002183,North,tropical_cyclone,11,372,2022-11-23,30.38,15.577222222222222,251.643,984.3,100.0,28.6,75.21944444444445
SP-00546,FCAST-002184,North,heatwave,3,134,2022-03-30,5.4,3.3243055555555556,44.566,1001.9,63.0,36.1,74.66388888888889
SP-00547,FCAST-002185,North,summer_storm,4,1642,2024-04-23,18.9,8.155277777777776,139.227,996.3,97.1,30.35,75.33888888888889
SP-00547,FCAST-002186,North,tropical_cyclone,11,1842,2024-11-09,30.38,15.632083333333334,256.537,984.3,100.0,28.6,74.65694444444445
SP-00547,FCAST-002187,North,heatwave,4,1281,2023-04-28,5.4,3.048611111111111,43.589,1002.2,66.9,36.1,74.79583333333333
SP-00547,FCAST-002188,North,southwest_monsoon,9,1774,2024-09-02,13.5,7.361111111111111,190.183,999.3,99.6,29.6,75.02777777777777
SP-00548,FCAST-002189,North,tropical_cyclone,9,750,2022-09-18,30.38,15.474861111111112,262.224,983.9,100.0,28.6,75.1861111111111
SP-00548,FCAST-002190,North,summer_storm,4,957,2023-04-13,18.9,8.07263888888889,138.236,996.6,97.5,31.06,74.97916666666667
SP-00548,FCAST-002191,North,heatwave,3,195,2021-03-12,5.4,3.2315277777777776,42.285000000000004,1001.6,62.9,36.1,74.98888888888888
SP-00548,FCAST-002192,North,southwest_monsoon,6,670,2022-06-30,13.5,7.366666666666666,185.137,998.6,98.8,29.6,74.97222222222223
SP-00549,FCAST-002193,North,summer_storm,4,2059,2024-04-20,18.9,7.832083333333333,129.66,996.6,99.4,31.23,74.50694444444444
SP-00549,FCAST-002194,North,southwest_monsoon,8,2171,2024-08-10,13.5,7.024166666666667,190.409,998.0,98.3,29.6,74.95555555555556
SP-00549,FCAST-002195,North,heatwave,4,586,2020-04-08,5.4,3.163611111111111,42.781,1001.8,65.2,36.1,75.18055555555556
SP-00549,FCAST-002196,North,tropical_cyclone,9,1852,2023-09-26,30.38,15.601666666666667,250.834,984.2,100.0,28.6,75.21388888888889
SP-00550,FCAST-002197,North,summer_storm,5,528,2023-05-12,18.9,7.969027777777778,134.096,996.6,96.7,30.74,74.63749999999999
SP-00550,FCAST-002198,North,tropical_cyclone,9,296,2022-09-22,30.38,15.263055555555557,255.312,984.5,100.0,28.6,75.33611111111111
SP-00550,FCAST-002199,North,southwest_monsoon,6,203,2022-06-21,13.5,7.538055555555555,186.605,998.9,99.6,29.6,75.05833333333334
SP-00550,FCAST-002200,North,heatwave,4,862,2024-04-10,5.4,3.098333333333333,50.542,1001.9,62.3,36.1,74.78194444444445
SP-00551,FCAST-002201,North,southwest_monsoon,8,883,2021-08-16,13.5,7.409722222222222,192.147,999.2,99.5,29.6,74.90694444444445
SP-00551,FCAST-002202,North,tropical_cyclone,9,1265,2022-09-02,30.38,15.356805555555557,254.513,984.0,100.0,28.6,75.28888888888889
SP-00551,FCAST-002203,North,summer_storm,5,1145,2022-05-05,18.9,7.495277777777777,136.904,996.8,95.4,31.2,74.82777777777778
SP-00551,FCAST-002204,North,heatwave,4,34,2019-04-20,5.4,3.0066666666666664,43.581,1001.6,61.4,36.1,74.71666666666667
SP-00552,FCAST-002205,North,tropical_cyclone,8,1200,2024-08-02,30.38,15.466944444444445,258.235,984.2,100.0,28.6,75.09305555555555
SP-00552,FCAST-002206,North,southwest_monsoon,6,63,2021-06-22,13.5,7.05875,189.247,999.1,100.0,29.6,74.85277777777777
SP-00552,FCAST-002207,North,heatwave,3,1413,2025-03-03,5.4,3.1383333333333336,42.38,1002.2,64.0,36.1,75.04305555555555
SP-00552,FCAST-002208,North,summer_storm,4,1,2021-04-21,18.9,7.802638888888889,141.821,996.4,98.3,32.04,75.55694444444445
SP-00553,FCAST-002209,North,heatwave,3,2590,2025-03-05,5.4,3.064861111111111,41.197,1002.0,67.7,36.1,75.28888888888889
SP-00553,FCAST-002210,North,tropical_cyclone,11,668,2019-11-30,30.38,15.219999999999999,258.689,984.0,100.0,28.6,74.98055555555555
SP-00553,FCAST-002211,North,southwest_monsoon,8,940,2020-08-28,13.5,7.436527777777777,188.833,998.7,100.0,29.6,75.23333333333333
SP-00553,FCAST-002212,North,summer_storm,5,2303,2024-05-22,18.9,7.720833333333333,135.187,996.2,97.3,32.02,74.97638888888889
SP-00554,FCAST-002213,North,heatwave,4,1079,2024-04-23,5.4,3.26125,42.898,1001.2,62.7,36.1,74.875
SP-00554,FCAST-002214,North,tropical_cyclone,9,859,2023-09-16,30.38,15.332777777777778,260.225,984.0,100.0,28.6,74.99583333333334
SP-00554,FCAST-002215,North,southwest_monsoon,6,775,2023-06-24,13.5,7.23861111111111,189.43800000000002,999.2,99.9,29.6,74.64305555555556
SP-00554,FCAST-002216,North,summer_storm,5,741,2023-05-21,18.9,8.16375,123.113,995.8,97.9,30.92,75.32499999999999
SP-00555,FCAST-002217,North,summer_storm,4,527,2023-04-27,18.9,7.723055555555557,134.004,996.1,97.2,30.95,75.22916666666667
SP-00555,FCAST-002218,North,heatwave,3,479,2023-03-10,5.4,2.934861111111111,39.838,1001.9,64.0,36.1,74.79583333333333
SP-00555,FCAST-002219,North,southwest_monsoon,8,260,2022-08-03,13.5,7.207083333333333,190.757,998.7,100.0,29.6,75.15972222222223
SP-00555,FCAST-002220,North,tropical_cyclone,10,703,2023-10-20,30.38,15.404444444444444,254.264,984.6,100.0,28.6,75.31944444444444
SP-00556,FCAST-002221,North,tropical_cyclone,10,1590,2024-10-11,30.38,15.770555555555555,256.22,984.6,100.0,28.6,75.09583333333333
SP-00556,FCAST-002222,North,heatwave,3,1737,2025-03-07,5.4,3.1993055555555556,41.839999999999996,1001.9,70.5,36.1,75.0
SP-00556,FCAST-002223,North,southwest_monsoon,9,1190,2023-09-07,13.5,7.479305555555555,185.566,998.9,98.7,29.6,74.88611111111112
SP-00556,FCAST-002224,North,summer_storm,5,705,2022-05-10,18.9,7.680972222222222,132.102,996.1,98.1,31.28,74.9125
SP-00557,FCAST-002225,North,heatwave,3,224,2020-03-25,5.4,3.082222222222222,39.122,1001.8,64.0,36.1,74.92361111111111
SP-00557,FCAST-002226,North,southwest_monsoon,9,405,2020-09-22,13.5,7.13375,189.549,998.6,100.0,29.6,74.62916666666666
SP-00557,FCAST-002227,North,tropical_cyclone,11,1931,2024-11-26,30.38,15.39361111111111,255.016,984.6,100.0,28.6,75.07499999999999
SP-00557,FCAST-002228,North,summer_storm,4,1701,2024-04-10,18.9,7.444861111111111,134.844,995.9,97.7,31.34,75.03055555555555
SP-00558,FCAST-002229,North,summer_storm,4,719,2021-04-01,18.9,7.872083333333332,135.519,995.9,97.3,31.09,75.01111111111112
SP-00558,FCAST-002230,North,tropical_cyclone,10,1651,2023-10-20,30.38,15.637916666666667,257.761,983.4,100.0,28.6,74.57777777777778
SP-00558,FCAST-002231,North,heatwave,3,1798,2024-03-15,5.4,2.962638888888889,39.174,1001.6,64.3,36.1,74.82777777777778
SP-00558,FCAST-002232,North,southwest_monsoon,9,167,2019-09-27,13.5,7.2333333333333325,182.99,998.5,99.2,29.6,75.2875
SP-00559,FCAST-002233,North,summer_storm,4,243,2021-04-14,18.9,7.623472222222222,126.753,996.3,98.2,31.3,74.73611111111111
SP-00559,FCAST-002234,North,tropical_cyclone,9,765,2022-09-18,30.38,15.900416666666665,251.574,984.3,100.0,28.6,74.72361111111111
SP-00559,FCAST-002235,North,heatwave,4,966,2023-04-07,5.4,3.0755555555555554,48.83,1001.4,63.2,36.1,75.10555555555555
SP-00559,FCAST-002236,North,southwest_monsoon,8,1105,2023-08-24,13.5,7.3630555555555555,188.372,998.4,99.9,29.6,75.15555555555555
SP-00560,FCAST-002237,North,tropical_cyclone,11,1383,2024-11-21,30.38,15.319166666666668,260.01800000000003,984.6,100.0,28.6,75.05833333333334
SP-00560,FCAST-002238,North,southwest_monsoon,7,897,2023-07-24,13.5,7.473194444444443,187.503,998.0,100.0,29.6,74.87083333333334
SP-00560,FCAST-002239,North,heatwave,4,431,2022-04-14,5.4,3.017638888888889,42.29,1002.1,64.4,36.1,74.7513888888889
SP-00560,FCAST-002240,North,summer_storm,5,101,2021-05-19,18.9,8.105694444444445,134.299,995.9,100.0,31.8,74.78055555555555
SP-00561,FCAST-002241,North,southwest_monsoon,7,745,2021-07-26,13.5,7.1620833333333325,190.061,998.8,98.5,29.6,75.20416666666667
SP-00561,FCAST-002242,North,tropical_cyclone,11,481,2020-11-04,30.38,15.39138888888889,256.034,984.1,100.0,28.6,75.19305555555555
SP-00561,FCAST-002243,North,summer_storm,5,1034,2022-05-11,18.9,8.534444444444444,131.019,996.4,97.4,30.63,74.89861111111111
SP-00561,FCAST-002244,North,heatwave,3,1695,2024-03-02,5.4,3.1106944444444444,45.379,1001.9,63.0,36.1,75.08333333333333
SP-00562,FCAST-002245,North,southwest_monsoon,6,268,2021-06-13,13.5,7.4937499999999995,192.952,998.5,100.0,29.6,74.88472222222222
SP-00562,FCAST-002246,North,summer_storm,5,1333,2024-05-13,18.9,8.220416666666667,128.297,996.6,96.9,31.08,74.61944444444445
SP-00562,FCAST-002247,North,tropical_cyclone,8,695,2022-08-14,30.38,15.525555555555554,257.109,984.2,100.0,28.6,75.125
SP-00562,FCAST-002248,North,heatwave,3,1651,2025-03-27,5.4,3.2093055555555554,41.327,1001.7,65.3,36.1,75.21666666666667
SP-00563,FCAST-002249,North,tropical_cyclone,9,1225,2021-09-25,30.38,15.525694444444444,260.304,984.4,100.0,28.6,75.25
SP-00563,FCAST-002250,North,summer_storm,4,1050,2021-04-03,18.9,7.8093055555555555,129.913,995.1,96.2,30.64,74.70833333333333
SP-00563,FCAST-002251,North,southwest_monsoon,9,1566,2022-09-01,13.5,7.6052777777777765,186.275,998.6,100.0,29.6,75.21805555555555
SP-00563,FCAST-002252,North,heatwave,3,664,2020-03-13,5.4,3.248333333333333,42.068,1001.8,65.1,36.1,74.81527777777778
SP-00564,FCAST-002253,North,tropical_cyclone,11,967,2021-11-28,30.38,15.811805555555557,253.163,984.7,99.6,28.6,75.15833333333333
SP-00564,FCAST-002254,North,summer_storm,5,1494,2023-05-09,18.9,8.07763888888889,130.131,997.0,97.8,30.54,74.86666666666666
SP-00564,FCAST-002255,North,southwest_monsoon,7,1938,2024-07-26,13.5,7.217499999999999,185.706,999.2,99.3,29.6,74.83333333333333
SP-00564,FCAST-002256,North,heatwave,4,1467,2023-04-12,5.4,3.1038888888888887,43.99,1001.7,61.5,36.1,74.94166666666666
SP-00565,FCAST-002257,North,heatwave,3,396,2020-03-05,5.4,3.060277777777778,37.577,1001.3,66.4,36.1,75.02638888888889
SP-00565,FCAST-002258,North,southwest_monsoon,7,1995,2024-07-21,13.5,7.457777777777778,189.67,999.1,100.0,29.6,75.04583333333333
SP-00565,FCAST-002259,North,tropical_cyclone,10,1725,2023-10-25,30.38,15.579722222222223,256.877,984.1,100.0,28.6,75.0
SP-00565,FCAST-002260,North,summer_storm,4,1897,2024-04-14,18.9,8.1125,131.875,995.6,98.7,31.17,75.08611111111111
SP-00566,FCAST-002261,North,tropical_cyclone,11,321,2020-11-01,30.38,15.579722222222223,258.722,984.9,100.0,28.6,74.62777777777778
SP-00566,FCAST-002262,North,southwest_monsoon,9,1740,2024-09-20,13.5,7.455555555555555,182.231,999.3,99.4,29.6,75.39166666666667
SP-00566,FCAST-002263,North,summer_storm,4,1592,2024-04-25,18.9,8.18625,141.665,996.3,97.9,30.84,74.76944444444445
SP-00566,FCAST-002264,North,heatwave,4,1224,2023-04-23,5.4,3.100138888888889,43.342,1002.0,63.7,36.1,74.71805555555555
SP-00567,FCAST-002265,North,heatwave,3,818,2021-03-01,5.4,3.227361111111111,40.483,1001.9,66.2,36.1,74.93333333333334
SP-00567,FCAST-002266,North,summer_storm,5,1244,2022-05-01,18.9,7.934444444444444,134.218,996.1,98.8,31.82,74.80555555555556
SP-00567,FCAST-002267,North,southwest_monsoon,8,2076,2024-08-10,13.5,7.253888888888889,186.24,998.9,99.4,29.6,75.42083333333333
SP-00567,FCAST-002268,North,tropical_cyclone,10,302,2019-10-02,30.38,15.302777777777777,257.209,983.7,100.0,28.6,75.28055555555555
SP-00568,FCAST-002269,North,tropical_cyclone,8,1143,2021-08-11,30.38,15.45388888888889,261.17,984.6,100.0,28.6,74.85694444444444
SP-00568,FCAST-002270,North,summer_storm,4,1017,2021-04-07,18.9,8.02375,127.086,995.8,96.5,31.29,74.85138888888889
SP-00568,FCAST-002271,North,heatwave,3,632,2020-03-18,5.4,2.9808333333333334,46.195,1001.7,65.1,36.1,75.02916666666667
SP-00568,FCAST-002272,North,southwest_monsoon,8,427,2019-08-26,13.5,7.553472222222222,186.825,999.3,100.0,29.6,75.09722222222223
SP-00569,FCAST-002273,North,southwest_monsoon,9,1235,2024-09-14,13.5,7.338333333333334,189.336,998.5,100.0,29.6,75.39444444444445
SP-00569,FCAST-002274,North,tropical_cyclone,10,165,2021-10-10,30.38,15.229722222222222,253.87800000000001,984.0,100.0,28.6,75.10555555555555
SP-00569,FCAST-002275,North,summer_storm,4,725,2023-04-23,18.9,8.028194444444445,136.299,996.3,97.1,31.37,75.15972222222223
SP-00569,FCAST-002276,North,heatwave,4,704,2023-04-02,5.4,3.0229166666666667,44.097,1001.6,65.0,36.1,75.11944444444445
SP-00570,FCAST-002277,North,summer_storm,4,1652,2024-04-27,18.9,8.171666666666667,126.391,996.5,98.2,31.51,75.23750000000001
SP-00570,FCAST-002278,North,heatwave,3,1243,2023-03-15,5.4,3.236527777777778,41.397999999999996,1002.1,64.7,36.1,75.40416666666667
SP-00570,FCAST-002279,North,southwest_monsoon,9,328,2020-09-11,13.5,7.141249999999999,191.355,998.7,98.7,29.6,75.74444444444445
SP-00570,FCAST-002280,North,tropical_cyclone,9,1802,2024-09-24,30.38,15.550694444444446,255.592,984.1,100.0,28.6,75.01388888888889
SP-00571,FCAST-002281,North,summer_storm,5,1472,2023-05-21,18.9,8.290277777777778,132.488,996.0,97.5,31.41,74.98750000000001
SP-00571,FCAST-002282,North,heatwave,3,2137,2025-03-16,5.4,3.1791666666666667,42.764,1001.8,63.3,36.1,75.09027777777777
SP-00571,FCAST-002283,North,tropical_cyclone,8,1185,2022-08-07,30.38,15.519166666666669,258.066,984.4,100.0,28.6,74.76388888888889
SP-00571,FCAST-002284,North,southwest_monsoon,6,1142,2022-06-25,13.5,7.196111111111112,189.75,998.5,100.0,29.6,74.88472222222222
SP-00572,FCAST-002285,North,tropical_cyclone,9,51,2020-09-19,30.38,15.416666666666666,260.092,983.7,99.8,28.6,74.68194444444445
SP-00572,FCAST-002286,North,summer_storm,4,990,2023-04-16,18.9,7.942916666666666,134.198,996.8,96.8,31.44,74.86666666666666
SP-00572,FCAST-002287,North,southwest_monsoon,6,1049,2023-06-14,13.5,7.26986111111111,184.102,999.0,100.0,29.6,75.26666666666667
SP-00572,FCAST-002288,North,heatwave,3,1313,2024-03-04,5.4,3.192638888888889,45.214,1002.1,62.8,36.1,75.03611111111111
SP-00573,FCAST-002289,North,heatwave,4,732,2020-04-14,5.4,3.217777777777778,36.692,1001.9,65.4,36.1,74.73194444444444
SP-00573,FCAST-002290,North,tropical_cyclone,9,1624,2022-09-23,30.38,15.62986111111111,254.857,983.8,100.0,28.6,75.21666666666667
SP-00573,FCAST-002291,North,southwest_monsoon,6,2243,2024-06-03,13.5,7.633472222222222,183.95,998.9,100.0,29.6,74.65
SP-00573,FCAST-002292,North,summer_storm,4,2201,2024-04-22,18.9,8.179861111111112,135.052,996.3,97.9,30.31,74.9
SP-00574,FCAST-002293,North,southwest_monsoon,8,1001,2024-08-11,13.5,7.460416666666666,184.157,998.9,100.0,29.6,74.57222222222222
SP-00574,FCAST-002294,North,tropical_cyclone,9,1027,2024-09-06,30.38,15.425416666666669,263.5,984.1,100.0,28.6,75.26805555555556
SP-00574,FCAST-002295,North,heatwave,3,476,2023-03-05,5.4,3.0311111111111106,50.458,1001.9,63.9,36.1,75.26249999999999
SP-00574,FCAST-002296,North,summer_storm,5,563,2023-05-31,18.9,7.709305555555556,135.115,996.2,99.9,31.06,74.90694444444445
SP-00575,FCAST-002297,North,southwest_monsoon,9,1283,2023-09-03,13.5,7.234444444444445,193.567,999.1,100.0,29.6,74.90138888888889
SP-00575,FCAST-002298,North,summer_storm,5,447,2021-05-20,18.9,7.8187500000000005,134.154,996.4,97.8,31.18,75.11527777777778
SP-00575,FCAST-002299,North,tropical_cyclone,9,1671,2024-09-25,30.38,15.375,255.564,984.5,99.9,28.6,75.00833333333334
SP-00575,FCAST-002300,North,heatwave,4,1150,2023-04-23,5.4,3.0730555555555554,43.394,1002.0,62.9,36.1,75.10972222222222
SP-00576,FCAST-002301,North,summer_storm,4,137,2021-04-22,18.9,8.169722222222223,134.089,996.0,97.9,30.95,74.84166666666667
SP-00576,FCAST-002302,North,tropical_cyclone,10,1409,2024-10-15,30.38,15.374305555555557,264.458,984.3,100.0,28.6,75.27083333333333
SP-00576,FCAST-002303,North,southwest_monsoon,6,1293,2024-06-21,13.5,7.354583333333333,186.85399999999998,998.9,98.0,29.6,75.31944444444444
SP-00576,FCAST-002304,North,heatwave,4,502,2022-04-22,5.4,3.150833333333333,46.152,1002.1,62.0,36.1,75.6
SP-00577,FCAST-002305,North,summer_storm,4,1699,2024-04-09,18.9,8.275833333333333,132.809,996.2,97.4,31.54,74.88055555555555
SP-00577,FCAST-002306,North,tropical_cyclone,11,1911,2024-11-07,30.38,15.075555555555557,261.591,984.4,100.0,28.6,74.90972222222223
SP-00577,FCAST-002307,North,heatwave,3,1322,2023-03-29,5.4,2.9605555555555556,49.921,1002.2,63.8,36.1,75.11250000000001
SP-00577,FCAST-002308,North,southwest_monsoon,6,670,2021-06-15,13.5,7.649166666666667,194.231,999.0,100.0,29.6,74.9375
SP-00578,FCAST-002309,North,southwest_monsoon,7,1119,2024-07-10,13.5,7.444444444444445,188.984,998.6,100.0,29.6,74.68472222222222
SP-00578,FCAST-002310,North,tropical_cyclone,11,1247,2024-11-15,30.38,15.421805555555554,265.278,984.3,100.0,28.6,75.18333333333334
SP-00578,FCAST-002311,North,heatwave,3,278,2022-03-22,5.4,3.123472222222222,35.273,1002.2,62.2,36.1,74.99722222222222
SP-00578,FCAST-002312,North,summer_storm,5,1068,2024-05-20,18.9,8.020416666666668,130.588,996.3,99.4,30.83,75.28333333333333
SP-00579,FCAST-002313,North,heatwave,4,1604,2024-04-06,5.4,3.0404166666666668,44.772999999999996,1001.6,61.3,36.1,74.73333333333333
SP-00579,FCAST-002314,North,summer_storm,5,534,2021-05-02,18.9,8.069583333333334,127.3,995.4,97.2,30.7,74.77777777777777
SP-00579,FCAST-002315,North,southwest_monsoon,6,1316,2023-06-23,13.5,7.353750000000001,187.625,999.1,99.3,29.6,74.71666666666667
SP-00579,FCAST-002316,North,tropical_cyclone,11,376,2020-11-25,30.38,15.196250000000001,259.069,983.3,100.0,28.6,75.11944444444445
SP-00580,FCAST-002317,North,southwest_monsoon,7,941,2022-07-23,13.5,7.5275,189.73,998.6,100.0,29.6,74.61111111111111
SP-00580,FCAST-002318,North,summer_storm,5,1605,2024-05-17,18.9,7.617638888888889,129.38,995.4,96.6,30.83,75.07777777777778
SP-00580,FCAST-002319,North,tropical_cyclone,9,990,2022-09-10,30.38,15.23736111111111,265.661,984.1,100.0,28.6,75.14305555555556
SP-00580,FCAST-002320,North,heatwave,4,488,2021-04-26,5.4,3.234583333333333,50.026,1001.5,64.8,36.1,74.71111111111111
SP-00581,FCAST-002321,North,heatwave,4,1376,2023-04-14,5.4,3.1393055555555556,38.907000000000004,1001.9,64.2,36.1,74.5625
SP-00581,FCAST-002322,North,southwest_monsoon,6,1069,2022-06-11,13.5,7.160972222222223,194.89,998.8,99.5,29.6,74.88333333333334
SP-00581,FCAST-002323,North,summer_storm,5,1786,2024-05-28,18.9,8.428333333333335,131.176,996.1,98.2,31.18,74.94027777777778
SP-00581,FCAST-002324,North,tropical_cyclone,8,1875,2024-08-25,30.38,15.537916666666668,261.536,984.4,100.0,28.6,75.16388888888889
SP-00582,FCAST-002325,North,tropical_cyclone,11,1155,2024-11-14,30.38,15.276666666666667,256.023,984.2,100.0,28.6,75.47361111111111
SP-00582,FCAST-002326,North,summer_storm,5,246,2022-05-20,18.9,8.087361111111111,130.434,996.0,97.5,31.25,75.10416666666667
SP-00582,FCAST-002327,North,southwest_monsoon,6,628,2023-06-06,13.5,7.094166666666666,187.668,998.9,99.0,29.6,74.99583333333334
SP-00582,FCAST-002328,North,heatwave,4,225,2022-04-29,5.4,3.124027777777778,45.597,1001.9,63.1,36.1,75.1
SP-00583,FCAST-002329,North,summer_storm,5,420,2021-05-22,18.9,8.164444444444445,136.663,996.1,98.1,31.41,74.91805555555555
SP-00583,FCAST-002330,North,southwest_monsoon,7,115,2020-07-21,13.5,7.165555555555555,193.112,998.7,98.1,29.6,74.81805555555555
SP-00583,FCAST-002331,North,heatwave,3,368,2021-03-31,5.4,2.9805555555555556,41.509,1002.2,64.8,36.1,74.78194444444445
SP-00583,FCAST-002332,North,tropical_cyclone,10,927,2022-10-11,30.38,15.458888888888888,255.386,984.6,100.0,28.6,74.80000000000001
SP-00584,FCAST-002333,North,southwest_monsoon,7,746,2022-07-04,13.5,7.490694444444445,186.871,997.9,99.6,29.6,74.49444444444445
SP-00584,FCAST-002334,North,heatwave,3,624,2022-03-04,5.4,3.1543055555555553,47.268,1001.9,66.6,36.1,74.73472222222222
SP-00584,FCAST-002335,North,tropical_cyclone,8,1165,2023-08-27,30.38,15.464166666666667,266.481,983.5,100.0,28.6,74.84027777777777
SP-00584,FCAST-002336,North,summer_storm,5,1070,2023-05-24,18.9,7.788611111111111,135.548,996.2,98.3,31.64,74.66944444444444
SP-00585,FCAST-002337,North,summer_storm,5,988,2022-05-31,18.9,8.292499999999999,135.796,995.9,100.0,31.19,74.58194444444445
SP-00585,FCAST-002338,North,tropical_cyclone,11,778,2021-11-02,30.38,15.658055555555555,254.639,984.3,100.0,28.6,75.15694444444445
SP-00585,FCAST-002339,North,southwest_monsoon,7,1032,2022-07-14,13.5,7.165555555555555,189.029,998.0,100.0,29.6,75.63194444444444
SP-00585,FCAST-002340,North,heatwave,3,1285,2023-03-24,5.4,3.192638888888889,39.582,1001.9,66.1,36.1,75.05972222222222
SP-00586,FCAST-002341,North,summer_storm,4,575,2023-04-13,18.9,7.726111111111111,127.691,996.2,96.9,31.5,74.70277777777778
SP-00586,FCAST-002342,North,heatwave,4,214,2022-04-17,5.4,3.253888888888889,41.933,1001.6,63.9,36.1,74.66805555555555
SP-00586,FCAST-002343,North,tropical_cyclone,11,790,2023-11-14,30.38,15.70861111111111,257.703,983.8,100.0,28.6,75.25
SP-00586,FCAST-002344,North,southwest_monsoon,8,691,2023-08-07,13.5,7.253611111111111,184.795,998.8,100.0,29.6,75.19722222222222
SP-00587,FCAST-002345,North,summer_storm,5,170,2020-05-24,18.9,8.28111111111111,133.56,995.9,97.5,31.08,75.19999999999999
SP-00587,FCAST-002346,North,heatwave,4,1602,2024-04-25,5.4,3.180833333333333,41.346,1001.2,62.7,36.1,74.90972222222223
SP-00587,FCAST-002347,North,southwest_monsoon,7,1326,2023-07-24,13.5,7.386666666666667,191.027,998.7,100.0,29.6,74.7513888888889
SP-00587,FCAST-002348,North,tropical_cyclone,11,722,2021-11-27,30.38,15.385972222222222,262.038,984.1,100.0,28.6,74.71388888888889
SP-00588,FCAST-002349,North,heatwave,4,762,2022-04-26,5.4,3.3006944444444444,39.015,1001.8,64.3,36.1,74.80416666666666
SP-00588,FCAST-002350,North,summer_storm,5,797,2022-05-31,18.9,7.9833333333333325,134.889,996.6,97.9,31.65,75.02083333333333
SP-00588,FCAST-002351,North,southwest_monsoon,7,840,2022-07-13,13.5,7.510000000000001,186.668,998.4,98.1,29.6,74.91111111111111
SP-00588,FCAST-002352,North,tropical_cyclone,10,1663,2024-10-13,30.38,15.485833333333334,254.529,984.3,100.0,28.6,75.07777777777778
SP-00589,FCAST-002353,North,summer_storm,4,1080,2024-04-03,18.9,8.291111111111112,128.125,996.3,97.2,31.31,75.05555555555556
SP-00589,FCAST-002354,North,tropical_cyclone,9,508,2022-09-09,30.38,15.448888888888888,255.635,984.7,100.0,28.6,74.88472222222222
SP-00589,FCAST-002355,North,heatwave,3,1047,2024-03-01,5.4,3.3533333333333335,44.78,1001.5,62.8,36.1,75.21388888888889
SP-00589,FCAST-002356,North,southwest_monsoon,6,49,2021-06-07,13.5,7.4087499999999995,182.756,999.1,98.7,29.6,74.98472222222222
SP-00590,FCAST-002357,North,heatwave,4,1384,2024-04-21,5.4,2.9858333333333333,38.597,1001.7,63.6,36.1,74.85555555555555
SP-00590,FCAST-002358,North,summer_storm,5,673,2022-05-11,18.9,7.857638888888889,138.357,996.5,97.9,30.64,75.26805555555556
SP-00590,FCAST-002359,North,tropical_cyclone,10,1182,2023-10-02,30.38,15.012500000000001,253.712,984.0,100.0,28.6,75.30416666666666
SP-00590,FCAST-002360,North,southwest_monsoon,8,417,2021-08-28,13.5,7.289861111111112,190.046,998.8,100.0,29.6,74.90694444444445
SP-00591,FCAST-002361,North,southwest_monsoon,9,1896,2024-09-07,13.5,7.455,184.767,999.3,100.0,29.6,74.67916666666666
SP-00591,FCAST-002362,North,heatwave,4,283,2020-04-08,5.4,3.139583333333333,42.696,1001.4,64.9,36.1,75.44444444444444
SP-00591,FCAST-002363,North,tropical_cyclone,10,485,2020-10-27,30.38,15.399305555555555,257.569,984.6,100.0,28.6,75.08472222222223
SP-00591,FCAST-002364,North,summer_storm,4,1010,2022-04-05,18.9,7.971666666666668,138.657,996.4,97.3,31.23,75.0
SP-00592,FCAST-002365,North,tropical_cyclone,11,1549,2024-11-18,30.38,15.544583333333334,258.316,984.4,100.0,28.6,75.29583333333333
SP-00592,FCAST-002366,North,southwest_monsoon,7,317,2021-07-05,13.5,7.163472222222222,190.783,998.6,99.9,29.6,75.05277777777778
SP-00592,FCAST-002367,North,heatwave,4,1327,2024-04-10,5.4,3.176527777777778,42.777,1001.8,62.0,36.1,74.63333333333334
SP-00592,FCAST-002368,North,summer_storm,5,647,2022-05-31,18.9,8.043055555555556,131.873,996.4,99.0,31.11,75.18333333333334
SP-00593,FCAST-002369,North,southwest_monsoon,7,1462,2024-07-28,13.5,7.181805555555556,190.088,998.8,100.0,29.6,75.10416666666667
SP-00593,FCAST-002370,North,heatwave,4,1351,2024-04-08,5.4,3.0004166666666667,38.659,1002.2,63.9,36.1,74.76388888888889
SP-00593,FCAST-002371,North,tropical_cyclone,10,68,2020-10-03,30.38,15.448888888888888,260.546,984.1,100.0,28.6,74.8763888888889
SP-00593,FCAST-002372,North,summer_storm,4,618,2022-04-06,18.9,8.143472222222222,139.987,996.5,97.8,31.1,74.83611111111111
SP-00594,FCAST-002373,North,summer_storm,4,517,2023-04-15,18.9,8.095,126.809,996.0,96.3,31.27,75.20138888888889
SP-00594,FCAST-002374,North,heatwave,4,506,2023-04-04,5.4,3.272361111111111,43.289,1001.6,62.8,36.1,75.10277777777777
SP-00594,FCAST-002375,North,tropical_cyclone,8,635,2023-08-11,30.38,15.57736111111111,258.29,984.4,100.0,28.6,75.00277777777778
SP-00594,FCAST-002376,North,southwest_monsoon,8,644,2023-08-20,13.5,7.400138888888888,183.457,999.1,100.0,29.6,74.94027777777778
SP-00595,FCAST-002377,North,tropical_cyclone,9,1620,2022-09-02,30.38,15.278333333333332,258.534,984.1,100.0,28.6,75.17361111111111
SP-00595,FCAST-002378,North,heatwave,3,1444,2022-03-10,5.4,3.215138888888889,44.299,1002.1,62.2,36.1,75.02638888888889
SP-00595,FCAST-002379,North,summer_storm,4,2209,2024-04-13,18.9,7.967916666666667,133.784,995.7,97.5,31.27,75.02777777777777
SP-00595,FCAST-002380,North,southwest_monsoon,6,88,2018-06-23,13.5,7.263888888888889,188.954,998.6,100.0,29.6,74.54305555555555
SP-00596,FCAST-002381,North,tropical_cyclone,9,480,2022-09-19,30.38,15.447777777777778,260.315,984.4,100.0,28.6,74.92361111111111
SP-00596,FCAST-002382,North,heatwave,3,1026,2024-03-18,5.4,3.0731944444444443,44.149,1001.9,63.6,36.1,74.91944444444444
SP-00596,FCAST-002383,North,summer_storm,5,341,2022-05-03,18.9,8.179444444444444,133.701,996.8,96.9,31.4,74.45277777777778
SP-00596,FCAST-002384,North,southwest_monsoon,9,109,2021-09-13,13.5,7.339861111111111,189.214,998.7,99.5,29.6,74.92916666666666
SP-00597,FCAST-002385,North,summer_storm,4,692,2022-04-14,18.9,8.135416666666666,136.499,996.3,97.7,31.13,74.87222222222222
SP-00597,FCAST-002386,North,southwest_monsoon,8,466,2021-08-31,13.5,7.229027777777778,189.786,999.0,100.0,29.6,74.92222222222222
SP-00597,FCAST-002387,North,heatwave,3,1040,2023-03-28,5.4,3.109583333333333,50.026,1001.4,64.8,36.1,74.85972222222222
SP-00597,FCAST-002388,North,tropical_cyclone,9,487,2021-09-21,30.38,15.333888888888888,255.168,983.5,100.0,28.6,74.87916666666666
SP-00598,FCAST-002389,North,summer_storm,5,250,2020-05-24,18.9,8.197777777777778,131.599,996.2,96.9,31.79,75.34444444444445
SP-00598,FCAST-002390,North,heatwave,3,553,2021-03-23,5.4,3.0434722222222224,55.34,1001.9,64.1,36.1,74.98750000000001
SP-00598,FCAST-002391,North,tropical_cyclone,8,701,2021-08-18,30.38,15.409166666666668,254.488,984.4,100.0,28.6,74.92222222222222
SP-00598,FCAST-002392,North,southwest_monsoon,7,1768,2024-07-20,13.5,7.110416666666667,189.466,998.8,100.0,29.6,74.75972222222222
SP-00599,FCAST-002393,North,southwest_monsoon,7,2201,2024-07-01,13.5,7.22986111111111,184.552,998.3,100.0,29.6,74.98888888888888
SP-00599,FCAST-002394,North,summer_storm,4,1037,2021-04-24,18.9,8.282916666666667,135.85,995.9,98.4,30.74,74.99166666666666
SP-00599,FCAST-002395,North,heatwave,3,2445,2025-03-02,5.4,3.0908333333333333,43.198,1002.1,62.9,36.1,75.04166666666667
SP-00599,FCAST-002396,North,tropical_cyclone,10,2298,2024-10-06,30.38,15.069305555555555,255.358,984.2,100.0,28.6,74.85416666666667
SP-00600,FCAST-002397,North,summer_storm,4,580,2022-04-15,18.9,8.067083333333334,135.048,996.4,95.5,31.12,74.93333333333334
SP-00600,FCAST-002398,North,tropical_cyclone,11,441,2021-11-27,30.38,15.356944444444444,257.48,984.7,100.0,28.6,75.17222222222222
SP-00600,FCAST-002399,North,southwest_monsoon,7,306,2021-07-15,13.5,7.1873611111111115,185.449,998.8,100.0,29.6,74.975
SP-00600,FCAST-002400,North,heatwave,4,1311,2024-04-15,5.4,3.0345833333333334,47.882,1001.6,69.0,36.1,75.27916666666667
SP-00601,FCAST-002401,North,southwest_monsoon,9,1884,2023-09-08,13.5,7.004166666666666,192.73,998.7,99.5,29.6,75.19999999999999
SP-00601,FCAST-002402,North,heatwave,4,636,2020-04-08,5.4,3.100972222222222,46.479,1002.0,62.8,36.1,75.11250000000001
SP-00601,FCAST-002403,North,tropical_cyclone,10,821,2020-10-10,30.38,15.365416666666667,254.227,983.6,100.0,28.6,75.04166666666667
SP-00601,FCAST-002404,North,summer_storm,4,1012,2021-04-19,18.9,7.715416666666666,136.88400000000001,996.5,96.7,30.44,74.99305555555556
SP-00602,FCAST-002405,North,summer_storm,4,2288,2024-04-14,18.9,7.871666666666666,132.035,996.8,96.9,31.07,74.55555555555556
SP-00602,FCAST-002406,North,southwest_monsoon,7,185,2018-07-12,13.5,7.4937499999999995,184.335,999.3,100.0,29.6,74.75694444444444
SP-00602,FCAST-002407,North,heatwave,4,1550,2022-04-07,5.4,3.215972222222222,40.252,1001.8,62.9,36.1,74.75416666666666
SP-00602,FCAST-002408,North,tropical_cyclone,10,2119,2023-10-28,30.38,15.400694444444444,257.874,983.8,100.0,28.6,75.34722222222223
SP-00603,FCAST-002409,North,southwest_monsoon,7,692,2021-07-04,13.5,7.383472222222222,195.498,998.6,100.0,29.6,75.23750000000001
SP-00603,FCAST-002410,North,heatwave,4,1330,2023-04-03,5.4,3.1097222222222225,48.315,1001.8,63.4,36.1,75.08333333333333
SP-00603,FCAST-002411,North,tropical_cyclone,9,1867,2024-09-21,30.38,15.249166666666667,254.3,984.2,100.0,28.6,75.26805555555556
SP-00603,FCAST-002412,North,summer_storm,4,1335,2023-04-08,18.9,8.086944444444445,131.64000000000001,996.2,97.5,31.39,75.13055555555555
SP-00604,FCAST-002413,North,heatwave,4,399,2019-04-09,5.4,3.1909722222222223,48.201,1001.9,68.0,36.1,74.68194444444445
SP-00604,FCAST-002414,North,summer_storm,5,62,2018-05-07,18.9,7.826666666666666,131.917,996.0,97.1,31.24,75.04305555555555
SP-00604,FCAST-002415,North,tropical_cyclone,11,1353,2021-11-18,30.38,15.440416666666668,262.143,984.6,100.0,28.6,74.92361111111111
SP-00604,FCAST-002416,North,southwest_monsoon,6,827,2020-06-10,13.5,7.333749999999999,186.859,999.3,100.0,29.6,75.15416666666667
SP-00605,FCAST-002417,North,heatwave,3,51,2021-03-04,5.4,3.1372222222222224,41.150999999999996,1002.1,63.9,36.1,75.26666666666667
SP-00605,FCAST-002418,North,tropical_cyclone,10,1366,2024-10-09,30.38,15.677777777777777,259.887,984.6,100.0,28.6,75.03333333333333
SP-00605,FCAST-002419,North,southwest_monsoon,6,534,2022-06-30,13.5,7.522083333333334,186.633,999.3,100.0,29.6,74.86805555555556
SP-00605,FCAST-002420,North,summer_storm,4,1176,2024-04-02,18.9,8.024861111111111,135.695,996.2,97.5,30.94,75.26111111111112
SP-00606,FCAST-002421,North,heatwave,3,1247,2025-03-11,5.4,3.078611111111111,41.018,1001.8,61.8,36.1,75.04444444444444
SP-00606,FCAST-002422,North,tropical_cyclone,10,1110,2024-10-25,30.38,15.547361111111112,260.167,984.6,100.0,28.6,75.30138888888888
SP-00606,FCAST-002423,North,southwest_monsoon,9,711,2023-09-22,13.5,7.352777777777778,194.248,998.5,99.8,29.6,74.82499999999999
SP-00606,FCAST-002424,North,summer_storm,4,195,2022-04-24,18.9,8.085138888888888,131.152,996.4,97.6,31.14,75.21944444444445
SP-00607,FCAST-002425,North,heatwave,3,1274,2025-03-03,5.4,3.029027777777778,46.432,1001.8,64.8,36.1,74.96944444444445
SP-00607,FCAST-002426,North,summer_storm,4,574,2023-04-03,18.9,8.219166666666666,131.714,996.5,100.0,31.65,74.67222222222222
SP-00607,FCAST-002427,North,southwest_monsoon,6,286,2022-06-19,13.5,7.419166666666666,194.343,999.2,100.0,29.6,75.16527777777777
SP-00607,FCAST-002428,North,tropical_cyclone,10,1141,2024-10-21,30.38,15.368055555555555,258.677,983.3,100.0,28.6,75.30416666666666
SP-00608,FCAST-002429,North,tropical_cyclone,8,941,2023-08-01,30.38,15.75111111111111,257.455,984.5,100.0,28.6,75.23888888888888
SP-00608,FCAST-002430,North,heatwave,3,796,2023-03-09,5.4,3.0406944444444446,42.765,1001.8,62.6,36.1,75.04166666666667
SP-00608,FCAST-002431,North,summer_storm,5,1234,2024-05-20,18.9,7.8436111111111115,134.516,996.5,98.0,31.02,75.00555555555555
SP-00608,FCAST-002432,North,southwest_monsoon,8,1315,2024-08-09,13.5,7.58236111111111,191.222,998.9,100.0,29.6,75.19999999999999
SP-00609,FCAST-002433,North,summer_storm,5,1357,2024-05-13,18.9,7.875,129.72,996.7,97.2,30.8,75.4375
SP-00609,FCAST-002434,North,heatwave,3,572,2022-03-20,5.4,3.0572222222222223,38.637,1001.1,62.0,36.1,75.37083333333334
SP-00609,FCAST-002435,North,tropical_cyclone,11,1168,2023-11-06,30.38,15.410833333333333,256.435,983.8,100.0,28.6,74.66111111111111
SP-00609,FCAST-002436,North,southwest_monsoon,7,1423,2024-07-18,13.5,7.042777777777777,184.058,999.0,100.0,29.6,75.29722222222222
SP-00610,FCAST-002437,North,heatwave,3,891,2022-03-01,5.4,3.102361111111111,41.92,1002.0,64.6,36.1,75.39444444444445
SP-00610,FCAST-002438,North,tropical_cyclone,11,1891,2024-11-25,30.38,15.38888888888889,255.101,984.1,100.0,28.6,74.92083333333333
SP-00610,FCAST-002439,North,southwest_monsoon,6,276,2020-06-24,13.5,7.367916666666667,185.424,998.3,98.8,29.6,75.10277777777777
SP-00610,FCAST-002440,North,summer_storm,4,208,2020-04-17,18.9,7.822777777777778,139.479,996.8,97.3,30.87,75.09027777777777
SP-00611,FCAST-002441,North,tropical_cyclone,11,773,2022-11-06,30.38,15.369305555555554,257.711,984.3,100.0,28.6,75.46111111111111
SP-00611,FCAST-002442,North,southwest_monsoon,8,322,2021-08-12,13.5,7.407083333333333,186.762,999.4,98.8,29.6,74.77222222222223
SP-00611,FCAST-002443,North,summer_storm,5,232,2021-05-14,18.9,8.288611111111111,135.99,996.6,97.8,31.16,75.08194444444445
SP-00611,FCAST-002444,North,heatwave,3,909,2023-03-22,5.4,3.1341666666666668,44.05,1001.5,67.2,36.1,74.81805555555555
SP-00612,FCAST-002445,North,heatwave,4,120,2021-04-15,5.4,3.2594444444444446,45.321,1002.1,64.3,36.1,74.72638888888889
SP-00612,FCAST-002446,North,summer_storm,4,485,2022-04-15,18.9,7.708055555555556,130.784,996.0,98.5,30.1,75.14305555555556
SP-00612,FCAST-002447,North,southwest_monsoon,8,967,2023-08-10,13.5,7.528749999999999,189.668,999.0,100.0,29.6,74.62916666666666
SP-00612,FCAST-002448,North,tropical_cyclone,10,1035,2023-10-17,30.38,15.295416666666666,256.607,984.7,100.0,28.6,75.27361111111111
SP-00613,FCAST-002449,North,southwest_monsoon,8,1191,2021-08-16,13.5,7.268194444444443,191.066,998.5,100.0,29.6,75.14444444444445
SP-00613,FCAST-002450,North,tropical_cyclone,8,833,2020-08-23,30.38,15.413611111111111,260.98,984.3,100.0,28.6,75.10277777777777
SP-00613,FCAST-002451,North,heatwave,3,660,2020-03-03,5.4,3.2766666666666664,48.676,1001.6,63.7,36.1,74.74444444444445
SP-00613,FCAST-002452,North,summer_storm,5,1113,2021-05-30,18.9,8.00875,142.876,996.7,99.0,31.12,75.27916666666667
SP-00614,FCAST-002453,North,southwest_monsoon,6,1388,2022-06-21,13.5,7.180138888888889,186.692,998.4,98.8,29.6,75.05277777777778
SP-00614,FCAST-002454,North,heatwave,4,1330,2022-04-24,5.4,3.1822222222222223,43.969,1001.5,63.5,36.1,75.07083333333334
SP-00614,FCAST-002455,North,summer_storm,5,1350,2022-05-14,18.9,7.572083333333334,132.721,995.7,97.1,30.45,75.20694444444445
SP-00614,FCAST-002456,North,tropical_cyclone,10,1516,2022-10-27,30.38,15.538194444444445,257.861,983.8,100.0,28.6,75.15694444444445
SP-00615,FCAST-002457,North,heatwave,3,2005,2025-03-21,5.4,3.0408333333333335,48.872,1001.9,63.1,36.1,74.7125
SP-00615,FCAST-002458,North,tropical_cyclone,10,377,2020-10-05,30.38,15.545694444444443,259.999,984.4,100.0,28.6,75.05833333333334
SP-00615,FCAST-002459,North,southwest_monsoon,7,303,2020-07-23,13.5,7.2813888888888885,183.675,999.3,100.0,29.6,75.07499999999999
SP-00615,FCAST-002460,North,summer_storm,5,1326,2023-05-12,18.9,8.062777777777777,133.933,996.1,95.9,31.82,74.87777777777778
SP-00616,FCAST-002461,North,tropical_cyclone,8,1062,2024-08-19,30.38,15.66375,256.61,983.9,100.0,28.6,74.70416666666667
SP-00616,FCAST-002462,North,southwest_monsoon,9,1081,2024-09-07,13.5,7.442083333333334,194.329,998.5,100.0,29.6,75.125
SP-00616,FCAST-002463,North,summer_storm,5,982,2024-05-31,18.9,7.995,133.613,996.1,96.7,31.01,74.70277777777778
SP-00616,FCAST-002464,North,heatwave,3,1268,2025-03-13,5.4,3.22625,48.5,1002.1,64.4,36.1,74.76388888888889
SP-00617,FCAST-002465,North,heatwave,3,1593,2023-03-21,5.4,3.051527777777778,40.684,1001.9,66.5,36.1,74.92916666666666
SP-00617,FCAST-002466,North,summer_storm,4,903,2021-04-30,18.9,8.054583333333333,137.92,995.6,97.1,30.95,74.95555555555556
SP-00617,FCAST-002467,North,tropical_cyclone,8,1025,2021-08-30,30.38,15.462638888888888,260.321,983.6,100.0,28.6,75.38055555555555
SP-00617,FCAST-002468,North,southwest_monsoon,6,954,2021-06-20,13.5,7.462777777777778,188.298,998.8,99.3,29.6,75.11250000000001
SP-00618,FCAST-002469,North,heatwave,4,1174,2021-04-25,5.4,3.092777777777778,42.089,1001.5,69.1,36.1,74.98194444444444
SP-00618,FCAST-002470,North,tropical_cyclone,9,573,2019-09-02,30.38,15.376249999999999,254.02,984.9,100.0,28.6,74.54027777777777
SP-00618,FCAST-002471,North,summer_storm,4,785,2020-04-01,18.9,8.039027777777777,137.408,996.8,97.3,31.19,75.04722222222222
SP-00618,FCAST-002472,North,southwest_monsoon,6,2313,2024-06-07,13.5,7.390000000000001,185.349,998.7,100.0,29.6,74.98472222222222
SP-00619,FCAST-002473,North,heatwave,4,708,2022-04-16,5.4,3.167361111111111,39.187,1002.2,65.8,36.1,75.15416666666667
SP-00619,FCAST-002474,North,summer_storm,5,380,2021-05-23,18.9,7.922361111111111,130.212,995.7,97.2,30.85,75.27638888888889
SP-00619,FCAST-002475,North,tropical_cyclone,10,514,2021-10-04,30.38,15.301111111111112,256.774,984.4,100.0,28.6,74.98750000000001
SP-00619,FCAST-002476,North,southwest_monsoon,8,1209,2023-08-30,13.5,7.430000000000001,184.99699999999999,999.1,100.0,29.6,74.92916666666666
SP-00620,FCAST-002477,North,southwest_monsoon,7,219,2020-07-05,13.5,7.222222222222222,186.761,999.0,98.6,29.6,74.59166666666667
SP-00620,FCAST-002478,North,summer_storm,4,502,2021-04-14,18.9,8.202916666666667,131.623,996.3,98.8,32.48,74.95138888888889
SP-00620,FCAST-002479,North,tropical_cyclone,10,332,2020-10-26,30.38,15.538333333333334,263.611,984.2,100.0,28.6,75.08055555555556
SP-00620,FCAST-002480,North,heatwave,3,108,2020-03-16,5.4,3.1204166666666664,45.634,1001.6,64.3,36.1,74.99583333333334
SP-00621,FCAST-002481,North,heatwave,4,1040,2022-04-19,5.4,3.145555555555555,36.435,1001.8,63.2,36.1,75.25277777777778
SP-00621,FCAST-002482,North,summer_storm,4,675,2021-04-19,18.9,7.578194444444445,139.307,996.1,97.3,30.89,75.05000000000001
SP-00621,FCAST-002483,North,southwest_monsoon,7,1863,2024-07-20,13.5,7.569999999999999,183.619,999.2,100.0,29.6,74.55555555555556
SP-00621,FCAST-002484,North,tropical_cyclone,10,1220,2022-10-16,30.38,15.568472222222223,261.422,984.3,100.0,28.6,74.61666666666666
SP-00622,FCAST-002485,North,tropical_cyclone,9,860,2022-09-22,30.38,15.36611111111111,263.254,984.2,100.0,28.6,75.03333333333333
SP-00622,FCAST-002486,North,southwest_monsoon,6,43,2020-06-27,13.5,7.372222222222222,189.201,998.3,100.0,29.6,75.15416666666667
SP-00622,FCAST-002487,North,summer_storm,4,689,2022-04-04,18.9,8.04486111111111,136.739,996.6,96.4,30.39,74.78333333333333
SP-00622,FCAST-002488,North,heatwave,4,335,2021-04-15,5.4,3.073472222222222,48.756,1001.8,64.3,36.1,75.14722222222223
SP-00623,FCAST-002489,North,summer_storm,4,975,2024-04-20,18.9,7.8838888888888885,130.325,996.7,98.2,31.14,74.70694444444445
SP-00623,FCAST-002490,North,heatwave,4,241,2022-04-17,5.4,3.1306944444444444,44.289,1001.9,68.2,36.1,74.81666666666666
SP-00623,FCAST-002491,North,southwest_monsoon,6,289,2022-06-04,13.5,7.124583333333334,187.813,998.5,100.0,29.6,75.14444444444445
SP-00623,FCAST-002492,North,tropical_cyclone,8,734,2023-08-23,30.38,15.680694444444445,257.635,984.4,100.0,28.6,75.0875
SP-00624,FCAST-002493,North,southwest_monsoon,6,1284,2022-06-29,13.5,7.367916666666667,198.731,999.0,100.0,29.6,75.11805555555556
SP-00624,FCAST-002494,North,tropical_cyclone,11,1438,2022-11-30,30.38,15.492916666666666,254.898,984.2,100.0,28.6,74.95138888888889
SP-00624,FCAST-002495,North,summer_storm,5,153,2019-05-25,18.9,7.670416666666666,135.483,996.7,97.3,30.35,74.79861111111111
SP-00624,FCAST-002496,North,heatwave,3,1915,2024-03-21,5.4,3.240972222222222,42.799,1001.6,63.0,36.1,74.86527777777778
SP-00625,FCAST-002497,North,tropical_cyclone,8,503,2019-08-03,30.38,15.639999999999999,252.21,984.2,100.0,28.6,75.26805555555556
SP-00625,FCAST-002498,North,southwest_monsoon,6,1556,2022-06-21,13.5,7.127638888888888,186.311,999.3,100.0,29.6,75.05972222222222
SP-00625,FCAST-002499,North,heatwave,4,1501,2022-04-27,5.4,2.9316666666666666,41.441,1002.0,62.3,36.1,74.92500000000001
SP-00625,FCAST-002500,North,summer_storm,5,783,2020-05-09,18.9,8.074305555555556,131.152,996.7,96.7,31.34,74.60277777777777
SP-00626,FCAST-002501,North,heatwave,3,487,2022-03-31,5.4,3.1597222222222223,47.298,1001.8,63.2,36.1,75.15555555555555
SP-00626,FCAST-002502,North,southwest_monsoon,8,1355,2024-08-15,13.5,7.417777777777778,185.349,998.5,100.0,29.6,74.875
SP-00626,FCAST-002503,North,tropical_cyclone,11,1456,2024-11-24,30.38,15.674722222222222,258.723,984.5,100.0,28.6,75.35555555555555
SP-00626,FCAST-002504,North,summer_storm,5,892,2023-05-10,18.9,8.213333333333333,136.691,996.6,96.9,31.43,75.45138888888889
SP-00627,FCAST-002505,North,tropical_cyclone,11,1839,2024-11-17,30.38,15.294305555555557,264.456,983.7,100.0,28.6,74.41111111111111
SP-00627,FCAST-002506,North,southwest_monsoon,8,1761,2024-08-31,13.5,7.2875000000000005,184.347,999.3,100.0,29.6,74.92083333333333
SP-00627,FCAST-002507,North,summer_storm,4,152,2020-04-05,18.9,8.270138888888889,134.353,996.7,96.4,30.64,75.04166666666667
SP-00627,FCAST-002508,North,heatwave,4,538,2021-04-26,5.4,3.0684722222222223,39.36,1002.1,63.1,36.1,75.34027777777777
SP-00628,FCAST-002509,North,southwest_monsoon,8,660,2022-08-04,13.5,7.478333333333333,190.292,998.7,98.9,29.6,75.34027777777777
SP-00628,FCAST-002510,North,tropical_cyclone,9,689,2022-09-02,30.38,15.072361111111112,265.077,984.6,100.0,28.6,74.51249999999999
SP-00628,FCAST-002511,North,summer_storm,4,183,2021-04-14,18.9,8.033194444444444,136.165,996.0,97.8,31.4,75.24027777777778
SP-00628,FCAST-002512,North,heatwave,4,174,2021-04-05,5.4,3.0723611111111113,51.526,1002.2,63.4,36.1,74.84861111111111
SP-00629,FCAST-002513,North,southwest_monsoon,7,154,2019-07-18,13.5,7.571666666666666,187.411,998.6,100.0,29.6,74.88472222222222
SP-00629,FCAST-002514,North,summer_storm,4,1166,2022-04-25,18.9,8.002777777777778,128.203,996.6,97.3,31.37,74.90833333333333
SP-00629,FCAST-002515,North,heatwave,3,388,2020-03-08,5.4,3.219861111111111,44.027,1001.9,62.5,36.1,75.45833333333333
SP-00629,FCAST-002516,North,tropical_cyclone,9,938,2021-09-09,30.38,15.450833333333334,258.583,984.2,100.0,28.6,75.05833333333334
SP-00630,FCAST-002517,North,tropical_cyclone,11,372,2021-11-05,30.38,15.541805555555555,259.906,984.3,100.0,28.6,75.06944444444444
SP-00630,FCAST-002518,North,southwest_monsoon,9,1048,2023-09-12,13.5,7.3436111111111115,188.935,998.4,98.9,29.6,74.79583333333333
SP-00630,FCAST-002519,North,summer_storm,5,926,2023-05-13,18.9,8.104583333333332,130.321,996.3,97.6,31.02,75.05138888888888
SP-00630,FCAST-002520,North,heatwave,3,1248,2024-03-30,5.4,3.2583333333333333,43.987,1002.0,64.9,36.1,74.86250000000001
SP-00631,FCAST-002521,North,tropical_cyclone,8,1010,2023-08-03,30.38,15.223194444444443,254.519,984.2,100.0,28.6,75.17083333333333
SP-00631,FCAST-002522,North,summer_storm,5,572,2022-05-22,18.9,8.269166666666667,127.877,996.3,97.1,31.27,75.42361111111111
SP-00631,FCAST-002523,North,heatwave,4,537,2022-04-17,5.4,3.113888888888889,41.849,1002.1,63.6,36.1,75.17777777777778
SP-00631,FCAST-002524,North,southwest_monsoon,9,1041,2023-09-03,13.5,7.161388888888889,189.058,999.2,100.0,29.6,75.16805555555555
SP-00632,FCAST-002525,North,summer_storm,4,900,2022-04-08,18.9,8.069583333333334,130.426,996.2,98.2,30.82,74.94444444444444
SP-00632,FCAST-002526,North,southwest_monsoon,8,1746,2024-08-01,13.5,7.1281944444444445,196.164,999.2,100.0,29.6,75.0638888888889
SP-00632,FCAST-002527,North,tropical_cyclone,10,1100,2022-10-25,30.38,15.451944444444443,258.068,984.6,100.0,28.6,74.93472222222222
SP-00632,FCAST-002528,North,heatwave,4,917,2022-04-25,5.4,3.0088888888888885,39.737,1002.2,64.1,36.1,75.01666666666667
SP-00633,FCAST-002529,North,southwest_monsoon,9,487,2021-09-17,13.5,7.183194444444443,185.374,998.7,100.0,29.6,75.28333333333333
SP-00633,FCAST-002530,North,tropical_cyclone,11,556,2021-11-25,30.38,15.354999999999999,254.022,984.2,100.0,28.6,74.85416666666667
SP-00633,FCAST-002531,North,heatwave,3,308,2021-03-22,5.4,3.339722222222222,46.523,1001.0,62.9,36.1,75.09444444444445
SP-00633,FCAST-002532,North,summer_storm,5,1090,2023-05-13,18.9,7.782222222222223,136.117,996.3,97.6,31.46,75.00416666666666
SP-00634,FCAST-002533,North,tropical_cyclone,10,1425,2024-10-24,30.38,15.712083333333332,258.486,984.0,100.0,28.6,74.97916666666667
SP-00634,FCAST-002534,North,heatwave,3,1192,2024-03-05,5.4,2.97875,43.424,1001.8,63.7,36.1,74.94722222222222
SP-00634,FCAST-002535,North,southwest_monsoon,7,586,2022-07-08,13.5,7.194444444444445,184.083,999.5,100.0,29.6,75.25416666666666
SP-00634,FCAST-002536,North,summer_storm,4,877,2023-04-25,18.9,7.652916666666666,130.93,996.1,96.2,31.23,75.24583333333334
SP-00635,FCAST-002537,North,southwest_monsoon,8,882,2020-08-20,13.5,7.265694444444445,186.296,998.8,100.0,29.6,74.88333333333334
SP-00635,FCAST-002538,North,heatwave,4,1849,2023-04-14,5.4,3.0605555555555553,39.228,1002.0,63.4,36.1,74.91666666666667
SP-00635,FCAST-002539,North,summer_storm,4,1127,2021-04-22,18.9,8.179583333333333,128.181,995.5,98.3,31.36,74.80694444444445
SP-00635,FCAST-002540,North,tropical_cyclone,9,2000,2023-09-12,30.38,15.516111111111112,260.706,984.0,100.0,28.6,75.14861111111111
SP-00636,FCAST-002541,North,summer_storm,4,558,2022-04-10,18.9,8.238055555555555,136.087,996.3,97.1,31.77,75.01249999999999
SP-00636,FCAST-002542,North,heatwave,3,1249,2024-03-01,5.4,3.1468055555555554,44.664,1001.9,62.4,36.1,75.08194444444445
SP-00636,FCAST-002543,North,tropical_cyclone,11,1134,2023-11-07,30.38,15.628194444444444,254.849,983.8,100.0,28.6,74.80277777777778
SP-00636,FCAST-002544,North,southwest_monsoon,6,1359,2024-06-19,13.5,7.608888888888889,184.906,998.8,100.0,29.6,74.71388888888889
SP-00637,FCAST-002545,North,summer_storm,5,1087,2022-05-31,18.9,8.117361111111112,133.458,996.5,98.2,31.2,74.57499999999999
SP-00637,FCAST-002546,North,tropical_cyclone,11,526,2020-11-16,30.38,15.546944444444446,263.151,984.4,99.8,28.6,75.19166666666666
SP-00637,FCAST-002547,North,southwest_monsoon,8,796,2021-08-13,13.5,7.334166666666666,190.486,998.7,100.0,29.6,75.38749999999999
SP-00637,FCAST-002548,North,heatwave,3,277,2020-03-12,5.4,3.217777777777778,42.279,1001.5,65.9,36.1,74.94166666666666
SP-00638,FCAST-002549,North,southwest_monsoon,9,275,2020-09-02,13.5,7.372916666666667,184.126,998.6,99.6,29.6,74.62222222222222
SP-00638,FCAST-002550,North,summer_storm,4,1598,2024-04-17,18.9,7.994583333333334,133.11599999999999,996.0,96.7,31.11,74.94583333333334
SP-00638,FCAST-002551,North,tropical_cyclone,9,291,2020-09-18,30.38,15.619583333333331,260.294,983.7,100.0,28.6,74.48888888888888
SP-00638,FCAST-002552,North,heatwave,3,465,2021-03-11,5.4,3.029166666666667,47.265,1001.7,63.3,36.1,74.90694444444445
SP-00639,FCAST-002553,North,summer_storm,5,2240,2024-05-19,18.9,7.518611111111111,126.424,996.3,98.2,30.96,74.88611111111112
SP-00639,FCAST-002554,North,southwest_monsoon,7,2311,2024-07-29,13.5,7.0775,188.947,998.8,100.0,29.6,74.94166666666666
SP-00639,FCAST-002555,North,heatwave,3,726,2020-03-27,5.4,3.0255555555555556,42.107,1002.1,62.0,36.1,75.30833333333334
SP-00639,FCAST-002556,North,tropical_cyclone,10,205,2018-10-23,30.38,15.493611111111111,251.56900000000002,984.6,100.0,28.6,75.07499999999999
SP-00640,FCAST-002557,North,heatwave,3,46,2019-03-13,5.4,3.1716666666666664,38.285,1001.8,62.1,36.1,74.89861111111111
SP-00640,FCAST-002558,North,southwest_monsoon,7,171,2019-07-16,13.5,7.396805555555556,189.059,998.7,100.0,29.6,74.94861111111112
SP-00640,FCAST-002559,North,summer_storm,4,436,2020-04-06,18.9,8.174305555555556,126.562,996.1,97.0,31.22,74.83611111111111
SP-00640,FCAST-002560,North,tropical_cyclone,10,272,2019-10-25,30.38,15.341805555555558,259.149,984.0,100.0,28.6,74.85138888888889
SP-00641,FCAST-002561,North,southwest_monsoon,9,937,2020-09-08,13.5,7.039861111111112,189.249,999.0,100.0,29.6,75.22638888888889
SP-00641,FCAST-002562,North,tropical_cyclone,8,2388,2024-08-29,30.38,15.68861111111111,262.674,984.4,100.0,28.6,75.27638888888889
SP-00641,FCAST-002563,North,heatwave,4,437,2019-04-27,5.4,3.2793055555555553,40.817,1001.9,63.2,36.1,75.2486111111111
SP-00641,FCAST-002564,North,summer_storm,5,91,2018-05-16,18.9,8.21888888888889,132.763,996.5,97.4,31.07,74.7513888888889
SP-00642,FCAST-002565,North,summer_storm,5,1533,2022-05-22,18.9,8.250555555555556,137.365,996.6,97.8,31.42,75.0611111111111
SP-00642,FCAST-002566,North,tropical_cyclone,11,1357,2021-11-27,30.38,15.646388888888888,257.711,984.3,100.0,28.6,75.28333333333333
SP-00642,FCAST-002567,North,heatwave,3,1086,2021-03-01,5.4,3.022222222222222,48.1,1001.8,63.9,36.1,74.96388888888889
SP-00642,FCAST-002568,North,southwest_monsoon,6,468,2019-06-22,13.5,7.135138888888889,182.586,999.0,99.5,29.6,74.96111111111111
SP-00643,FCAST-002569,North,southwest_monsoon,6,403,2020-06-14,13.5,7.298055555555556,189.607,998.9,100.0,29.6,75.25555555555555
SP-00643,FCAST-002570,North,tropical_cyclone,10,1249,2022-10-08,30.38,15.144444444444446,260.093,983.7,100.0,28.6,74.96388888888889
SP-00643,FCAST-002571,North,summer_storm,4,1447,2023-04-24,18.9,7.589583333333334,129.62,995.9,97.7,30.64,74.92638888888888
SP-00643,FCAST-002572,North,heatwave,3,1410,2023-03-18,5.4,3.2215277777777778,44.973,1001.9,64.9,36.1,75.07222222222222
SP-00644,FCAST-002573,North,southwest_monsoon,9,1820,2024-09-27,13.5,6.844722222222222,187.401,998.5,100.0,29.6,75.13194444444444
SP-00644,FCAST-002574,North,tropical_cyclone,11,1147,2022-11-24,30.38,15.346666666666668,253.964,983.8,99.8,28.6,74.70694444444445
SP-00644,FCAST-002575,North,summer_storm,5,1688,2024-05-18,18.9,8.069166666666668,135.728,995.9,96.1,30.94,75.49027777777778
SP-00644,FCAST-002576,North,heatwave,3,162,2020-03-14,5.4,3.0188888888888887,49.474000000000004,1002.3,67.3,36.1,74.91944444444444
SP-00645,FCAST-002577,North,heatwave,4,169,2021-04-28,5.4,3.0845833333333332,52.618,1002.2,61.8,36.1,74.75555555555555
SP-00645,FCAST-002578,North,tropical_cyclone,10,694,2022-10-05,30.38,15.459583333333333,254.207,984.0,100.0,28.6,75.23055555555555
SP-00645,FCAST-002579,North,summer_storm,5,539,2022-05-03,18.9,7.5425,132.58,996.1,98.0,31.13,75.18472222222222
SP-00645,FCAST-002580,North,southwest_monsoon,8,285,2021-08-22,13.5,7.385277777777778,185.99699999999999,998.7,99.2,29.6,74.57499999999999
SP-00646,FCAST-002581,North,heatwave,4,438,2021-04-28,5.4,3.256388888888889,40.939,1001.8,62.2,36.1,75.01944444444445
SP-00646,FCAST-002582,North,tropical_cyclone,8,533,2021-08-01,30.38,15.389999999999999,254.928,983.7,100.0,28.6,75.00833333333334
SP-00646,FCAST-002583,North,summer_storm,5,816,2022-05-11,18.9,8.213055555555556,134.226,996.0,98.6,31.14,74.9375
SP-00646,FCAST-002584,North,southwest_monsoon,7,1626,2024-07-29,13.5,7.214027777777777,185.079,999.1,98.6,29.6,74.86944444444445
SP-00647,FCAST-002585,North,summer_storm,5,1625,2024-05-02,18.9,8.262361111111112,133.631,995.7,96.2,30.55,75.17500000000001
SP-00647,FCAST-002586,North,tropical_cyclone,10,320,2020-10-05,30.38,15.306388888888888,258.318,984.2,100.0,28.6,74.88194444444444
SP-00647,FCAST-002587,North,heatwave,4,517,2021-04-20,5.4,3.1394444444444445,38.718,1001.6,64.3,36.1,74.89027777777778
SP-00647,FCAST-002588,North,southwest_monsoon,7,972,2022-07-19,13.5,7.539722222222222,189.945,998.7,100.0,29.6,74.85972222222222
SP-00648,FCAST-002589,North,heatwave,4,714,2020-04-24,5.4,3.2504166666666667,49.887,1001.3,64.4,36.1,75.14444444444445
SP-00648,FCAST-002590,North,southwest_monsoon,8,839,2020-08-27,13.5,7.186527777777777,187.524,998.7,100.0,29.6,74.92083333333333
SP-00648,FCAST-002591,North,tropical_cyclone,8,1933,2023-08-26,30.38,15.2325,261.491,984.3,100.0,28.6,74.75277777777778
SP-00648,FCAST-002592,North,summer_storm,5,1467,2022-05-17,18.9,7.777916666666666,138.73,996.1,97.7,31.56,74.69722222222222
SP-00649,FCAST-002593,North,tropical_cyclone,8,1206,2022-08-08,30.38,15.502222222222223,255.897,984.5,99.6,28.6,74.88055555555555
SP-00649,FCAST-002594,North,southwest_monsoon,6,1892,2024-06-24,13.5,7.398750000000001,192.055,999.0,100.0,29.6,75.0625
SP-00649,FCAST-002595,North,heatwave,4,726,2021-04-15,5.4,3.1590277777777778,40.077,1000.8,61.5,36.1,75.04444444444444
SP-00649,FCAST-002596,North,summer_storm,4,1452,2023-04-11,18.9,7.704583333333334,131.597,996.4,97.3,31.49,74.44999999999999
SP-00650,FCAST-002597,North,heatwave,3,1588,2025-03-22,5.4,3.226111111111111,42.433,1001.3,64.2,36.1,74.92916666666666
SP-00650,FCAST-002598,North,tropical_cyclone,10,1438,2024-10-23,30.38,15.599583333333335,262.675,984.1,100.0,28.6,75.4388888888889
SP-00650,FCAST-002599,North,southwest_monsoon,8,989,2023-08-01,13.5,7.3036111111111115,191.019,999.2,98.9,29.6,75.24583333333334
SP-00650,FCAST-002600,North,summer_storm,5,1265,2024-05-03,18.9,7.992638888888889,130.094,996.5,96.8,31.23,74.82638888888889
SP-00651,FCAST-002601,North,heatwave,3,736,2023-03-01,5.4,3.067222222222222,46.2,1002.1,65.8,36.1,75.28333333333333
SP-00651,FCAST-002602,North,southwest_monsoon,7,869,2023-07-12,13.5,7.456388888888889,188.604,999.3,98.7,29.6,74.60972222222222
SP-00651,FCAST-002603,North,tropical_cyclone,11,1362,2024-11-16,30.38,15.481944444444444,260.043,984.7,100.0,28.6,74.86250000000001
SP-00651,FCAST-002604,North,summer_storm,5,435,2022-05-04,18.9,8.054166666666667,131.145,996.4,96.2,30.97,75.59305555555555
SP-00652,FCAST-002605,North,heatwave,4,1178,2023-04-25,5.4,3.2381944444444444,36.99,1001.9,64.9,36.1,74.89305555555556
SP-00652,FCAST-002606,North,summer_storm,4,807,2022-04-19,18.9,8.063333333333333,135.645,996.0,98.5,30.47,74.80555555555556
SP-00652,FCAST-002607,North,southwest_monsoon,9,215,2020-09-04,13.5,7.245416666666666,195.264,999.2,99.8,29.6,75.36527777777778
SP-00652,FCAST-002608,North,tropical_cyclone,11,1383,2023-11-16,30.38,15.403749999999999,255.746,984.2,100.0,28.6,74.97916666666667
SP-00653,FCAST-002609,North,summer_storm,5,210,2021-05-13,18.9,7.5391666666666675,138.145,996.3,98.1,31.23,75.20694444444445
SP-00653,FCAST-002610,North,southwest_monsoon,8,1404,2024-08-19,13.5,7.162916666666667,184.753,998.8,100.0,29.6,75.24305555555556
SP-00653,FCAST-002611,North,heatwave,4,1279,2024-04-16,5.4,3.0031944444444445,46.996,1002.0,63.5,36.1,74.90972222222223
SP-00653,FCAST-002612,North,tropical_cyclone,10,1463,2024-10-17,30.38,15.278611111111111,256.911,983.8,100.0,28.6,74.98888888888888
SP-00654,FCAST-002613,North,summer_storm,4,1028,2024-04-22,18.9,7.963888888888889,127.538,996.6,98.9,31.67,75.32361111111112
SP-00654,FCAST-002614,North,tropical_cyclone,8,792,2023-08-30,30.38,15.440694444444444,256.504,983.8,100.0,28.6,74.75833333333334
SP-00654,FCAST-002615,North,southwest_monsoon,9,444,2022-09-16,13.5,7.134166666666666,188.648,998.8,98.8,29.6,74.86111111111111
SP-00654,FCAST-002616,North,heatwave,3,1354,2025-03-14,5.4,2.883472222222222,43.33,1001.9,64.0,36.1,75.26805555555556
SP-00655,FCAST-002617,North,heatwave,3,1265,2025-03-03,5.4,3.169722222222222,46.338,1001.7,62.3,36.1,75.23055555555555
SP-00655,FCAST-002618,North,summer_storm,5,254,2022-05-27,18.9,8.168055555555556,130.066,996.1,96.9,30.85,75.0625
SP-00655,FCAST-002619,North,tropical_cyclone,10,1131,2024-10-20,30.38,15.35388888888889,256.84,984.3,100.0,28.6,74.53055555555555
SP-00655,FCAST-002620,North,southwest_monsoon,8,346,2022-08-27,13.5,7.335416666666666,194.059,999.1,100.0,29.6,74.84027777777777
SP-00656,FCAST-002621,North,summer_storm,5,1573,2024-05-10,18.9,8.15125,127.121,996.1,96.8,31.33,75.00833333333334
SP-00656,FCAST-002622,North,heatwave,3,1153,2023-03-17,5.4,3.3159722222222223,45.616,1001.7,66.6,36.1,74.74305555555556
SP-00656,FCAST-002623,North,tropical_cyclone,11,1762,2024-11-15,30.38,15.411388888888887,263.85,984.1,100.0,28.6,74.70833333333333
SP-00656,FCAST-002624,North,southwest_monsoon,6,1617,2024-06-23,13.5,7.331250000000001,186.593,999.2,100.0,29.6,75.19861111111112
SP-00657,FCAST-002625,North,summer_storm,5,192,2020-05-30,18.9,7.645416666666667,134.306,996.3,96.7,30.71,75.02361111111111
SP-00657,FCAST-002626,North,tropical_cyclone,9,1045,2022-09-30,30.38,15.426250000000001,258.758,984.0,100.0,28.6,74.84444444444445
SP-00657,FCAST-002627,North,heatwave,4,1608,2024-04-15,5.4,3.124027777777778,39.419,1002.0,63.0,36.1,75.06805555555555
SP-00657,FCAST-002628,North,southwest_monsoon,6,953,2022-06-30,13.5,7.436388888888889,187.745,998.3,100.0,29.6,74.91527777777777
SP-00658,FCAST-002629,North,heatwave,4,1751,2024-04-24,5.4,3.2680555555555553,41.464,1002.0,64.6,36.1,74.83611111111111
SP-00658,FCAST-002630,North,summer_storm,5,311,2020-05-15,18.9,8.193194444444444,136.1,996.2,97.3,32.4,75.21527777777777
SP-00658,FCAST-002631,North,tropical_cyclone,9,1893,2024-09-13,30.38,15.529861111111112,270.055,984.3,100.0,28.6,75.05694444444445
SP-00658,FCAST-002632,North,southwest_monsoon,7,1475,2023-07-23,13.5,7.595138888888889,185.164,999.1,100.0,29.6,75.09166666666667
SP-00659,FCAST-002633,North,heatwave,3,940,2022-03-07,5.4,2.945972222222222,44.722,1001.5,62.7,36.1,74.82361111111112
SP-00659,FCAST-002634,North,summer_storm,5,1735,2024-05-10,18.9,8.124583333333334,132.444,996.2,97.3,30.92,75.04583333333333
SP-00659,FCAST-002635,North,tropical_cyclone,8,1827,2024-08-10,30.38,15.568888888888889,260.505,984.4,100.0,28.6,74.78055555555555
SP-00659,FCAST-002636,North,southwest_monsoon,6,669,2021-06-09,13.5,7.4312499999999995,198.472,998.6,100.0,29.6,74.47361111111111
SP-00660,FCAST-002637,North,tropical_cyclone,8,14,2019-08-24,30.38,15.398194444444446,264.702,984.5,100.0,28.6,74.96666666666667
SP-00660,FCAST-002638,North,summer_storm,5,1363,2023-05-04,18.9,8.0,132.154,996.3,99.1,30.95,74.97777777777777
SP-00660,FCAST-002639,North,southwest_monsoon,9,1861,2024-09-13,13.5,7.36361111111111,188.644,998.9,99.2,29.6,75.04027777777777
SP-00660,FCAST-002640,North,heatwave,3,1680,2024-03-16,5.4,3.1743055555555553,40.119,1002.1,63.9,36.1,74.45555555555556
SP-00661,FCAST-002641,North,southwest_monsoon,7,2002,2024-07-18,13.5,7.418888888888889,195.282,999.1,100.0,29.6,74.53194444444445
SP-00661,FCAST-002642,North,tropical_cyclone,8,207,2019-08-19,30.38,15.369305555555554,259.742,984.5,100.0,28.6,74.86250000000001
SP-00661,FCAST-002643,North,heatwave,3,781,2021-03-15,5.4,3.088611111111111,36.655,1002.2,64.7,36.1,75.11111111111111
SP-00661,FCAST-002644,North,summer_storm,4,819,2021-04-22,18.9,8.109583333333333,132.987,996.0,97.9,31.26,75.08055555555556
SP-00662,FCAST-002645,North,heatwave,4,133,2022-04-22,5.4,3.2175,41.088,1002.0,65.5,36.1,74.85972222222222
SP-00662,FCAST-002646,North,southwest_monsoon,7,951,2024-07-18,13.5,7.126805555555555,187.878,999.2,99.4,29.6,75.02083333333333
SP-00662,FCAST-002647,North,summer_storm,5,873,2024-05-01,18.9,8.157777777777778,135.229,996.5,97.6,31.58,75.29027777777777
SP-00662,FCAST-002648,North,tropical_cyclone,8,625,2023-08-27,30.38,15.661249999999999,256.711,983.8,100.0,28.6,74.59444444444445
SP-00663,FCAST-002649,North,southwest_monsoon,8,128,2018-08-15,13.5,7.529999999999999,192.636,999.0,99.1,29.6,74.66527777777777
SP-00663,FCAST-002650,North,heatwave,3,1444,2022-03-23,5.4,3.1177777777777775,36.592,1001.9,64.9,36.1,75.44722222222222
SP-00663,FCAST-002651,North,tropical_cyclone,11,2056,2023-11-25,30.38,15.557500000000001,257.892,984.0,100.0,28.6,74.85277777777777
SP-00663,FCAST-002652,North,summer_storm,5,775,2020-05-23,18.9,7.572500000000001,134.737,996.0,98.3,32.03,74.9125
SP-00664,FCAST-002653,North,heatwave,3,646,2023-03-31,5.4,3.2644444444444445,48.853,1001.5,64.9,36.1,75.39305555555556
SP-00664,FCAST-002654,North,southwest_monsoon,8,405,2022-08-02,13.5,7.088194444444444,191.6,998.4,99.6,29.6,74.54027777777777
SP-00664,FCAST-002655,North,summer_storm,5,679,2023-05-03,18.9,7.808472222222223,129.077,995.8,97.6,31.0,74.99444444444445
SP-00664,FCAST-002656,North,tropical_cyclone,10,495,2022-10-31,30.38,15.537222222222223,257.635,984.1,100.0,28.6,74.91527777777777
SP-00665,FCAST-002657,North,heatwave,3,860,2021-03-09,5.4,3.017361111111111,39.627,1002.0,62.7,36.1,75.17638888888888
SP-00665,FCAST-002658,North,summer_storm,5,211,2019-05-30,18.9,7.922638888888888,138.754,996.6,96.1,30.4,74.94027777777778
SP-00665,FCAST-002659,North,tropical_cyclone,9,1788,2023-09-23,30.38,15.325972222222223,263.147,984.6,100.0,28.6,75.17500000000001
SP-00665,FCAST-002660,North,southwest_monsoon,9,2137,2024-09-06,13.5,7.149305555555555,188.539,999.3,100.0,29.6,74.625
SP-00666,FCAST-002661,North,heatwave,3,2037,2025-03-08,5.4,3.1925,47.126,1001.8,68.4,36.1,75.20972222222223
SP-00666,FCAST-002662,North,tropical_cyclone,8,1819,2024-08-02,30.38,15.242916666666666,255.766,984.2,100.0,28.6,74.58472222222223
SP-00666,FCAST-002663,North,southwest_monsoon,8,362,2020-08-06,13.5,6.989166666666666,197.846,998.4,100.0,29.6,75.00277777777778
SP-00666,FCAST-002664,North,summer_storm,4,1342,2023-04-13,18.9,7.868611111111111,136.139,995.5,96.6,30.62,75.02777777777777
SP-00667,FCAST-002665,North,summer_storm,5,1150,2022-05-06,18.9,7.578194444444445,132.578,996.5,98.9,31.4,75.22222222222223
SP-00667,FCAST-002666,North,tropical_cyclone,9,1657,2023-09-25,30.38,15.563194444444443,254.523,983.2,100.0,28.6,74.38194444444444
SP-00667,FCAST-002667,North,southwest_monsoon,6,84,2019-06-05,13.5,7.254166666666666,183.826,998.9,99.3,29.6,74.57916666666667
SP-00667,FCAST-002668,North,heatwave,3,8,2019-03-21,5.4,3.0331944444444443,37.651,1001.8,64.2,36.1,74.95138888888889
SP-00668,FCAST-002669,North,summer_storm,4,2251,2024-04-17,18.9,8.043888888888889,132.002,996.2,98.2,30.8,74.92500000000001
SP-00668,FCAST-002670,North,heatwave,3,37,2018-03-26,5.4,3.0144444444444445,35.574,1001.6,69.0,36.1,74.97638888888889
SP-00668,FCAST-002671,North,southwest_monsoon,9,1315,2021-09-24,13.5,7.209583333333334,185.679,999.2,100.0,29.6,75.30555555555556
SP-00668,FCAST-002672,North,tropical_cyclone,10,2427,2024-10-10,30.38,15.176527777777778,259.677,984.3,100.0,28.6,75.03611111111111
SP-00669,FCAST-002673,North,southwest_monsoon,6,962,2022-06-08,13.5,7.5249999999999995,185.50900000000001,999.2,100.0,29.6,74.83888888888889
SP-00669,FCAST-002674,North,summer_storm,4,534,2021-04-06,18.9,8.364166666666668,132.065,996.4,97.4,31.22,74.53055555555555
SP-00669,FCAST-002675,North,heatwave,3,1229,2023-03-02,5.4,3.297083333333333,39.229,1001.8,63.7,36.1,75.70555555555556
SP-00669,FCAST-002676,North,tropical_cyclone,10,1086,2022-10-10,30.38,15.527083333333334,257.356,984.3,100.0,28.6,75.18194444444445
SP-00670,FCAST-002677,North,southwest_monsoon,9,181,2018-09-16,13.5,7.352916666666666,184.302,998.6,99.6,29.6,75.15833333333333
SP-00670,FCAST-002678,North,summer_storm,4,13,2018-04-01,18.9,8.024027777777778,132.808,996.7,97.6,31.93,74.61666666666666
SP-00670,FCAST-002679,North,heatwave,4,34,2018-04-22,5.4,3.18,39.488,1002.0,62.8,36.1,74.95833333333333
SP-00670,FCAST-002680,North,tropical_cyclone,8,1251,2021-08-21,30.38,15.125416666666666,260.092,984.5,100.0,28.6,75.24305555555556
SP-00671,FCAST-002681,North,tropical_cyclone,9,971,2023-09-24,30.38,15.447361111111112,260.868,984.3,100.0,28.6,75.02638888888889
SP-00671,FCAST-002682,North,heatwave,3,1154,2024-03-25,5.4,3.0568055555555556,38.119,1001.9,64.8,36.1,75.04722222222222
SP-00671,FCAST-002683,North,summer_storm,4,1178,2024-04-18,18.9,7.58236111111111,139.013,996.4,97.4,30.73,75.29305555555555
SP-00671,FCAST-002684,North,southwest_monsoon,8,943,2023-08-27,13.5,7.036666666666666,190.513,998.6,100.0,29.6,75.025
SP-00672,FCAST-002685,North,summer_storm,4,364,2022-04-30,18.9,8.122083333333332,133.818,995.8,96.6,31.08,74.89166666666667
SP-00672,FCAST-002686,North,southwest_monsoon,8,842,2023-08-21,13.5,7.180555555555555,187.61599999999999,998.7,99.1,29.6,74.975
SP-00672,FCAST-002687,North,tropical_cyclone,11,191,2021-11-08,30.38,15.643888888888888,253.229,984.2,100.0,28.6,75.23194444444444
SP-00672,FCAST-002688,North,heatwave,3,1418,2025-03-19,5.4,3.032916666666667,40.653,1001.9,65.5,36.1,74.91666666666667
SP-00673,FCAST-002689,North,tropical_cyclone,11,868,2020-11-07,30.38,15.446666666666667,256.217,983.8,100.0,28.6,75.0625
SP-00673,FCAST-002690,North,southwest_monsoon,8,1159,2021-08-25,13.5,7.382222222222222,183.856,998.2,100.0,29.6,74.91388888888889
SP-00673,FCAST-002691,North,summer_storm,5,704,2020-05-27,18.9,8.069444444444445,130.64,995.9,96.9,30.65,74.63194444444444
SP-00673,FCAST-002692,North,heatwave,4,2130,2024-04-22,5.4,3.2616666666666667,48.109,1002.1,64.0,36.1,74.95694444444445
SP-00674,FCAST-002693,North,southwest_monsoon,6,655,2020-06-25,13.5,7.103055555555556,191.496,998.7,100.0,29.6,75.27916666666667
SP-00674,FCAST-002694,North,tropical_cyclone,9,1838,2023-09-21,30.38,15.386111111111111,263.516,984.4,100.0,28.6,75.38194444444444
SP-00674,FCAST-002695,North,heatwave,4,1311,2022-04-12,5.4,3.2468055555555555,39.74,1002.1,61.8,36.1,75.01249999999999
SP-00674,FCAST-002696,North,summer_storm,4,223,2019-04-20,18.9,7.527083333333334,133.278,996.2,97.6,31.45,75.38472222222222
SP-00675,FCAST-002697,North,tropical_cyclone,11,2112,2024-11-27,30.38,15.36597222222222,255.505,984.9,100.0,28.6,74.92083333333333
SP-00675,FCAST-002698,North,summer_storm,5,1188,2022-05-18,18.9,8.100416666666668,137.496,996.9,98.9,31.13,75.18194444444445
SP-00675,FCAST-002699,North,southwest_monsoon,7,1239,2022-07-08,13.5,7.421944444444445,183.488,999.1,100.0,29.6,75.02361111111111
SP-00675,FCAST-002700,North,heatwave,3,752,2021-03-08,5.4,3.256111111111111,53.05,1001.3,64.6,36.1,74.91111111111111
SP-00676,FCAST-002701,North,heatwave,4,1334,2024-04-12,5.4,3.2630555555555554,42.486,1001.5,68.2,36.1,74.87777777777778
SP-00676,FCAST-002702,North,summer_storm,4,985,2023-04-29,18.9,7.978194444444444,136.406,996.6,98.0,31.26,75.40833333333333
SP-00676,FCAST-002703,North,southwest_monsoon,8,732,2022-08-19,13.5,7.1850000000000005,191.764,998.9,100.0,29.6,74.63749999999999
SP-00676,FCAST-002704,North,tropical_cyclone,10,775,2022-10-01,30.38,15.093055555555557,256.296,983.6,100.0,28.6,75.54444444444444
SP-00677,FCAST-002705,North,southwest_monsoon,8,229,2022-08-04,13.5,7.598194444444443,189.571,998.8,100.0,29.6,75.08888888888889
SP-00677,FCAST-002706,North,tropical_cyclone,9,1001,2024-09-14,30.38,15.160138888888888,255.874,984.1,100.0,28.6,74.94166666666666
SP-00677,FCAST-002707,North,heatwave,3,443,2023-03-06,5.4,3.0580555555555557,43.236,1002.1,67.4,36.1,75.09305555555555
SP-00677,FCAST-002708,North,summer_storm,5,522,2023-05-24,18.9,7.950277777777777,129.31,996.0,96.0,31.47,75.38055555555555
SP-00678,FCAST-002709,North,heatwave,3,894,2023-03-31,5.4,2.9994444444444444,40.094,1001.6,63.4,36.1,74.79861111111111
SP-00678,FCAST-002710,North,summer_storm,5,941,2023-05-17,18.9,8.1825,130.101,995.7,97.3,31.21,74.89861111111111
SP-00678,FCAST-002711,North,tropical_cyclone,9,331,2021-09-14,30.38,15.39263888888889,254.279,984.1,100.0,28.6,74.78333333333333
SP-00678,FCAST-002712,North,southwest_monsoon,9,334,2021-09-17,13.5,6.9725,185.971,999.1,99.8,29.6,75.03472222222223
SP-00679,FCAST-002713,North,heatwave,4,1770,2024-04-11,5.4,3.0077777777777777,45.255,1001.4,66.0,36.1,75.23333333333333
SP-00679,FCAST-002714,North,summer_storm,4,1058,2022-04-30,18.9,7.959583333333334,135.965,996.3,97.1,31.19,75.1625
SP-00679,FCAST-002715,North,tropical_cyclone,8,1903,2024-08-22,30.38,15.647499999999999,262.772,984.2,100.0,28.6,74.77916666666667
SP-00679,FCAST-002716,North,southwest_monsoon,7,779,2021-07-25,13.5,7.076666666666666,184.916,998.9,100.0,29.6,75.09166666666667
SP-00680,FCAST-002717,North,southwest_monsoon,7,634,2022-07-21,13.5,7.410972222222223,185.19400000000002,997.8,100.0,29.6,74.65277777777777
SP-00680,FCAST-002718,North,tropical_cyclone,11,391,2021-11-20,30.38,15.769444444444446,258.118,983.9,100.0,28.6,75.10138888888889
SP-00680,FCAST-002719,North,heatwave,4,177,2021-04-20,5.4,3.1151388888888887,38.115,1001.9,64.3,36.1,75.1888888888889
SP-00680,FCAST-002720,North,summer_storm,5,191,2021-05-04,18.9,7.550694444444444,129.512,996.9,95.9,31.11,75.04166666666667
SP-00681,FCAST-002721,North,heatwave,4,1442,2024-04-24,5.4,3.1245833333333333,40.811,1001.5,64.4,36.1,75.41111111111111
SP-00681,FCAST-002722,North,southwest_monsoon,7,423,2021-07-10,13.5,7.0929166666666665,189.022,998.5,98.1,29.6,74.99305555555556
SP-00681,FCAST-002723,North,summer_storm,4,324,2021-04-02,18.9,7.7129166666666675,133.459,996.4,96.7,31.09,74.98611111111111
SP-00681,FCAST-002724,North,tropical_cyclone,11,561,2021-11-25,30.38,15.265138888888888,253.882,983.6,100.0,28.6,75.04444444444444
SP-00682,FCAST-002725,North,southwest_monsoon,8,700,2023-08-31,13.5,7.237500000000001,192.252,998.5,100.0,29.6,75.33055555555556
SP-00682,FCAST-002726,North,summer_storm,5,604,2023-05-27,18.9,7.892916666666666,128.815,996.3,98.6,31.49,75.35138888888889
SP-00682,FCAST-002727,North,heatwave,3,526,2023-03-10,5.4,3.2959722222222223,41.17,1002.1,63.2,36.1,74.90972222222223
SP-00682,FCAST-002728,North,tropical_cyclone,11,45,2021-11-14,30.38,15.46388888888889,255.07,984.2,100.0,28.6,74.87222222222222
SP-00683,FCAST-002729,North,tropical_cyclone,10,2096,2024-10-01,30.38,15.449305555555554,259.808,984.5,100.0,28.6,75.04166666666667
SP-00683,FCAST-002730,North,summer_storm,4,1200,2022-04-19,18.9,8.153472222222222,136.88400000000001,996.4,97.4,31.51,75.16805555555555
SP-00683,FCAST-002731,North,heatwave,4,1916,2024-04-04,5.4,3.172083333333333,40.718,1002.3,62.0,36.1,74.70555555555556
SP-00683,FCAST-002732,North,southwest_monsoon,7,1292,2022-07-20,13.5,7.213611111111111,186.627,998.7,100.0,29.6,75.02916666666667
SP-00684,FCAST-002733,North,heatwave,4,969,2022-04-14,5.4,3.2554166666666666,43.135999999999996,1001.9,68.2,36.1,75.00694444444444
SP-00684,FCAST-002734,North,summer_storm,4,244,2020-04-19,18.9,7.962361111111111,136.782,995.8,96.9,31.42,75.03194444444445
SP-00684,FCAST-002735,North,southwest_monsoon,8,1089,2022-08-12,13.5,7.46875,183.907,999.0,100.0,29.6,74.53055555555555
SP-00684,FCAST-002736,North,tropical_cyclone,11,821,2021-11-17,30.38,15.37875,258.145,984.4,100.0,28.6,74.91111111111111
SP-00685,FCAST-002737,North,southwest_monsoon,8,1086,2024-08-21,13.5,7.389166666666666,193.326,999.0,100.0,29.6,74.80277777777778
SP-00685,FCAST-002738,North,summer_storm,5,249,2022-05-07,18.9,7.765833333333333,132.52,996.5,98.2,31.76,75.22638888888889
SP-00685,FCAST-002739,North,tropical_cyclone,8,355,2022-08-21,30.38,15.648333333333333,256.431,984.4,100.0,28.6,75.05000000000001
SP-00685,FCAST-002740,North,heatwave,3,1299,2025-03-22,5.4,3.3674999999999997,46.686,1001.7,63.4,36.1,75.08888888888889
SP-00686,FCAST-002741,North,tropical_cyclone,11,1418,2023-11-06,30.38,15.398055555555556,255.989,984.2,100.0,28.6,74.66805555555555
SP-00686,FCAST-002742,North,summer_storm,5,154,2020-05-21,18.9,7.852361111111112,134.78900000000002,995.6,97.8,31.61,74.71111111111111
SP-00686,FCAST-002743,North,southwest_monsoon,7,204,2020-07-10,13.5,7.246527777777778,185.256,999.2,100.0,29.6,74.89722222222223
SP-00686,FCAST-002744,North,heatwave,4,1573,2024-04-09,5.4,3.2125,48.427,1002.1,64.1,36.1,75.1888888888889
SP-00687,FCAST-002745,North,summer_storm,4,1063,2024-04-22,18.9,7.739027777777778,134.841,995.9,97.7,30.95,74.67638888888888
SP-00687,FCAST-002746,North,tropical_cyclone,9,854,2023-09-26,30.38,15.48513888888889,259.966,983.9,100.0,28.6,74.91805555555555
SP-00687,FCAST-002747,North,southwest_monsoon,7,429,2022-07-28,13.5,7.381527777777778,189.13,998.7,99.0,29.6,75.02638888888889
SP-00687,FCAST-002748,North,heatwave,3,654,2023-03-10,5.4,3.1444444444444444,43.419,1001.8,63.5,36.1,75.32361111111112
SP-00688,FCAST-002749,North,heatwave,4,514,2023-04-27,5.4,2.9905555555555554,38.988,1001.5,64.6,36.1,74.9125
SP-00688,FCAST-002750,North,tropical_cyclone,9,289,2022-09-14,30.38,15.59388888888889,260.208,984.2,100.0,28.6,75.07638888888889
SP-00688,FCAST-002751,North,summer_storm,4,869,2024-04-16,18.9,7.604444444444444,134.813,996.6,96.7,31.66,75.49027777777778
SP-00688,FCAST-002752,North,southwest_monsoon,8,245,2022-08-01,13.5,7.1819444444444445,186.854,998.0,100.0,29.6,74.84027777777777
SP-00689,FCAST-002753,North,heatwave,3,1107,2023-03-12,5.4,2.9980555555555553,38.708,1002.0,65.8,36.1,74.97916666666667
SP-00689,FCAST-002754,North,summer_storm,4,43,2020-04-12,18.9,8.30375,136.097,996.4,96.4,30.66,74.78055555555555
SP-00689,FCAST-002755,North,tropical_cyclone,11,1349,2023-11-09,30.38,15.431944444444444,258.152,984.9,100.0,28.6,75.05277777777778
SP-00689,FCAST-002756,North,southwest_monsoon,7,518,2021-07-31,13.5,7.577638888888889,188.835,998.9,99.6,29.6,74.89861111111111
SP-00690,FCAST-002757,North,heatwave,3,538,2022-03-31,5.4,3.0804166666666664,40.382,1002.0,63.1,36.1,75.04444444444444
SP-00690,FCAST-002758,North,southwest_monsoon,6,626,2022-06-27,13.5,7.433333333333334,191.086,999.0,99.2,29.6,75.28611111111111
SP-00690,FCAST-002759,North,tropical_cyclone,9,351,2021-09-25,30.38,15.51375,256.527,984.8,99.3,28.6,75.05972222222222
SP-00690,FCAST-002760,North,summer_storm,4,185,2021-04-12,18.9,8.253194444444444,130.94,995.9,97.3,31.51,75.15555555555555
SP-00691,FCAST-002761,North,southwest_monsoon,9,856,2023-09-29,13.5,7.189166666666667,189.754,998.2,98.2,29.6,74.92222222222222
SP-00691,FCAST-002762,North,heatwave,3,1392,2025-03-18,5.4,3.1144444444444446,50.359,1002.0,63.1,36.1,75.23333333333333
SP-00691,FCAST-002763,North,summer_storm,4,1064,2024-04-24,18.9,8.196805555555555,131.462,995.7,97.0,30.78,74.88333333333334
SP-00691,FCAST-002764,North,tropical_cyclone,9,484,2022-09-22,30.38,15.245555555555557,254.089,984.1,100.0,28.6,75.09861111111111
SP-00692,FCAST-002765,North,heatwave,3,738,2023-03-29,5.4,3.227777777777778,44.675,1001.0,63.8,36.1,75.14444444444445
SP-00692,FCAST-002766,North,southwest_monsoon,6,1196,2024-06-29,13.5,7.253888888888889,188.26,998.3,100.0,29.6,74.86805555555556
SP-00692,FCAST-002767,North,summer_storm,5,777,2023-05-07,18.9,7.829861111111111,137.206,996.4,98.0,31.55,75.10694444444444
SP-00692,FCAST-002768,North,tropical_cyclone,11,1346,2024-11-26,30.38,15.492777777777778,256.843,984.1,99.7,28.6,75.10833333333333
SP-00693,FCAST-002769,North,summer_storm,4,1615,2024-04-24,18.9,8.370972222222223,135.164,996.1,98.3,30.5,74.96111111111111
SP-00693,FCAST-002770,North,tropical_cyclone,10,702,2021-10-24,30.38,15.349583333333335,260.045,984.0,100.0,28.6,75.225
SP-00693,FCAST-002771,North,heatwave,4,157,2020-04-27,5.4,3.0508333333333333,43.711,1001.8,62.8,36.1,74.9625
SP-00693,FCAST-002772,North,southwest_monsoon,9,297,2020-09-14,13.5,7.415277777777778,186.967,999.2,99.2,29.6,75.54583333333333
SP-00694,FCAST-002773,North,southwest_monsoon,6,1181,2024-06-03,13.5,7.297777777777777,201.437,998.4,99.9,29.6,75.22916666666667
SP-00694,FCAST-002774,North,tropical_cyclone,11,1355,2024-11-24,30.38,15.193055555555556,254.399,985.0,100.0,28.6,75.50416666666666
SP-00694,FCAST-002775,North,heatwave,3,734,2023-03-14,5.4,3.1927777777777777,42.853,1001.3,62.7,36.1,75.00694444444444
SP-00694,FCAST-002776,North,summer_storm,4,772,2023-04-21,18.9,8.164166666666667,136.157,996.3,98.7,31.24,75.275
SP-00695,FCAST-002777,North,tropical_cyclone,8,1500,2022-08-04,30.38,15.298055555555557,254.407,984.1,100.0,28.6,74.80972222222222
SP-00695,FCAST-002778,North,heatwave,3,262,2019-03-15,5.4,3.122777777777778,46.64,1001.4,65.6,36.1,75.54722222222222
SP-00695,FCAST-002779,North,summer_storm,4,308,2019-04-30,18.9,8.117361111111112,134.326,996.2,98.1,31.2,75.10138888888889
SP-00695,FCAST-002780,North,southwest_monsoon,6,366,2019-06-27,13.5,7.094166666666666,196.773,998.6,100.0,29.6,74.9625
SP-00696,FCAST-002781,North,southwest_monsoon,9,1282,2023-09-16,13.5,7.170694444444444,189.465,999.3,99.1,29.6,75.275
SP-00696,FCAST-002782,North,heatwave,3,1479,2024-03-31,5.4,2.998472222222222,42.954,1001.2,63.3,36.1,75.06527777777778
SP-00696,FCAST-002783,North,summer_storm,5,431,2021-05-18,18.9,7.700138888888889,134.435,996.6,95.8,31.72,74.97222222222223
SP-00696,FCAST-002784,North,tropical_cyclone,8,511,2021-08-06,30.38,15.128333333333334,252.23,984.6,100.0,28.6,74.65833333333333
SP-00697,FCAST-002785,North,southwest_monsoon,6,1397,2023-06-24,13.5,7.310833333333333,190.941,998.5,99.9,29.6,75.34722222222223
SP-00697,FCAST-002786,North,heatwave,4,608,2021-04-26,5.4,3.0925,46.989,1001.9,62.6,36.1,75.3111111111111
SP-00697,FCAST-002787,North,summer_storm,4,1329,2023-04-17,18.9,7.672777777777777,136.54,996.1,98.5,31.27,74.6861111111111
SP-00697,FCAST-002788,North,tropical_cyclone,8,1815,2024-08-15,30.38,15.69111111111111,259.911,984.1,99.7,28.6,74.90138888888889
SP-00698,FCAST-002789,North,southwest_monsoon,6,1095,2021-06-02,13.5,7.467361111111111,185.308,999.4,99.9,29.6,75.25
SP-00698,FCAST-002790,North,heatwave,4,1417,2022-04-20,5.4,3.1443055555555555,38.475,1001.9,62.2,36.1,74.99027777777778
SP-00698,FCAST-002791,North,tropical_cyclone,10,2317,2024-10-06,30.38,15.395833333333334,255.923,984.3,100.0,28.6,74.60277777777777
SP-00698,FCAST-002792,North,summer_storm,5,716,2020-05-19,18.9,7.9319444444444445,138.06,996.8,97.9,30.56,74.98472222222222
SP-00699,FCAST-002793,North,tropical_cyclone,9,1419,2023-09-20,30.38,15.614722222222222,260.81,983.9,100.0,28.6,74.77638888888889
SP-00699,FCAST-002794,North,summer_storm,4,540,2021-04-24,18.9,8.07263888888889,132.469,995.8,96.7,30.82,74.87916666666666
SP-00699,FCAST-002795,North,heatwave,4,522,2021-04-06,5.4,3.2640277777777778,46.376,1001.7,62.3,36.1,75.25277777777778
SP-00699,FCAST-002796,North,southwest_monsoon,7,986,2022-07-14,13.5,7.302499999999999,187.156,998.7,100.0,29.6,75.36111111111111
SP-00700,FCAST-002797,North,heatwave,3,1206,2022-03-31,5.4,3.2625,44.234,1001.7,66.5,36.1,75.11805555555556
SP-00700,FCAST-002798,North,tropical_cyclone,11,2153,2024-11-02,30.38,15.524861111111111,256.034,983.3,100.0,28.6,75.00416666666666
SP-00700,FCAST-002799,North,southwest_monsoon,6,541,2020-06-04,13.5,7.3718055555555555,185.153,998.9,100.0,29.6,74.65277777777777
SP-00700,FCAST-002800,North,summer_storm,5,512,2020-05-06,18.9,7.685694444444445,134.349,996.5,98.7,31.38,75.17638888888888
SP-00701,FCAST-002801,North,summer_storm,4,1008,2022-04-28,18.9,8.01152777777778,131.162,996.7,98.0,31.12,74.92916666666666
SP-00701,FCAST-002802,North,heatwave,4,274,2020-04-24,5.4,3.1402777777777775,43.171,1001.8,67.4,36.1,75.20138888888889
SP-00701,FCAST-002803,North,tropical_cyclone,11,1210,2022-11-16,30.38,15.498194444444445,263.928,984.5,100.0,28.6,74.76527777777778
SP-00701,FCAST-002804,North,southwest_monsoon,7,711,2021-07-05,13.5,7.40388888888889,190.93,998.9,99.9,29.6,74.83055555555556
SP-00702,FCAST-002805,North,tropical_cyclone,11,705,2021-11-23,30.38,15.50888888888889,257.277,983.8,100.0,28.6,74.85
SP-00702,FCAST-002806,North,summer_storm,5,1259,2023-05-31,18.9,7.722222222222222,138.562,996.4,98.2,30.78,74.99166666666666
SP-00702,FCAST-002807,North,heatwave,3,831,2022-03-29,5.4,3.2358333333333333,40.673,1001.6,64.6,36.1,74.30694444444445
SP-00702,FCAST-002808,North,southwest_monsoon,6,176,2020-06-12,13.5,7.444722222222222,184.18099999999998,997.9,100.0,29.6,75.36527777777778
SP-00703,FCAST-002809,North,southwest_monsoon,8,965,2022-08-25,13.5,7.545972222222222,191.189,998.9,100.0,29.6,75.11388888888888
SP-00703,FCAST-002810,North,heatwave,4,824,2022-04-06,5.4,3.2195833333333335,36.222,1002.0,62.3,36.1,74.69861111111112
SP-00703,FCAST-002811,North,summer_storm,4,844,2022-04-26,18.9,8.24986111111111,133.34,996.4,96.0,31.68,74.96527777777777
SP-00703,FCAST-002812,North,tropical_cyclone,11,1784,2024-11-21,30.38,15.323333333333332,257.253,984.2,100.0,28.6,75.05416666666666
SP-00704,FCAST-002813,North,southwest_monsoon,9,632,2023-09-08,13.5,7.231111111111111,194.469,998.9,100.0,29.6,75.09444444444445
SP-00704,FCAST-002814,North,tropical_cyclone,9,1005,2024-09-15,30.38,15.291666666666666,249.586,984.2,100.0,28.6,75.29166666666667
SP-00704,FCAST-002815,North,summer_storm,4,861,2024-04-24,18.9,8.034305555555555,131.86599999999999,995.4,98.8,30.72,74.91805555555555
SP-00704,FCAST-002816,North,heatwave,4,864,2024-04-27,5.4,3.0434722222222224,42.875,1001.3,63.5,36.1,74.7875
SP-00705,FCAST-002817,North,tropical_cyclone,9,972,2022-09-05,30.38,15.62013888888889,258.297,984.4,100.0,28.6,75.0013888888889
SP-00705,FCAST-002818,North,heatwave,4,826,2022-04-12,5.4,2.9802777777777774,40.316,1002.1,64.4,36.1,75.00555555555555
SP-00705,FCAST-002819,North,summer_storm,5,1213,2023-05-04,18.9,7.939722222222222,138.365,996.2,98.3,31.56,75.01111111111112
SP-00705,FCAST-002820,North,southwest_monsoon,8,231,2020-08-25,13.5,7.3613888888888885,189.169,998.8,100.0,29.6,74.70555555555556
SP-00706,FCAST-002821,North,tropical_cyclone,9,822,2021-09-03,30.38,15.261388888888888,256.993,984.7,100.0,28.6,74.91944444444444
SP-00706,FCAST-002822,North,heatwave,3,1385,2023-03-20,5.4,3.205972222222222,45.228,1001.9,63.1,36.1,74.86388888888888
SP-00706,FCAST-002823,North,southwest_monsoon,6,1121,2022-06-29,13.5,7.129444444444445,185.099,998.4,100.0,29.6,75.07222222222222
SP-00706,FCAST-002824,North,summer_storm,5,1089,2022-05-28,18.9,8.101111111111111,133.842,996.0,98.3,30.49,75.27083333333333
SP-00707,FCAST-002825,North,tropical_cyclone,8,1277,2024-08-16,30.38,15.506527777777778,251.491,983.5,100.0,28.6,74.77083333333333
SP-00707,FCAST-002826,North,summer_storm,4,424,2022-04-16,18.9,7.759444444444444,132.232,996.2,95.9,32.2,75.13194444444444
SP-00707,FCAST-002827,North,southwest_monsoon,9,578,2022-09-17,13.5,7.253888888888889,188.513,998.9,100.0,29.6,74.83472222222223
SP-00707,FCAST-002828,North,heatwave,3,754,2023-03-12,5.4,3.170138888888889,35.51,1001.4,63.6,36.1,75.43194444444445
SP-00708,FCAST-002829,North,southwest_monsoon,6,737,2021-06-27,13.5,7.477916666666666,185.386,998.9,100.0,29.6,74.81944444444444
SP-00708,FCAST-002830,North,heatwave,4,1768,2024-04-23,5.4,2.944027777777778,42.481,1001.4,64.7,36.1,74.96527777777777
SP-00708,FCAST-002831,North,tropical_cyclone,9,1171,2022-09-04,30.38,15.185555555555554,254.549,984.6,100.0,28.6,74.74444444444445
SP-00708,FCAST-002832,North,summer_storm,5,1414,2023-05-05,18.9,7.649583333333333,134.801,995.9,97.0,31.47,74.97222222222223
SP-00709,FCAST-002833,North,southwest_monsoon,6,192,2022-06-21,13.5,7.1873611111111115,185.514,999.4,99.8,29.6,75.00694444444444
SP-00709,FCAST-002834,North,heatwave,3,1194,2025-03-19,5.4,3.097361111111111,44.287,1001.2,64.4,36.1,75.11805555555556
SP-00709,FCAST-002835,North,tropical_cyclone,8,255,2022-08-23,30.38,15.84013888888889,258.427,984.4,100.0,28.6,75.23472222222222
SP-00709,FCAST-002836,North,summer_storm,4,842,2024-04-01,18.9,7.559166666666666,125.42099999999999,996.6,98.1,31.53,74.81805555555555
SP-00710,FCAST-002837,North,tropical_cyclone,11,826,2021-11-27,30.38,15.622499999999999,259.344,984.6,100.0,28.6,74.76666666666667
SP-00710,FCAST-002838,North,heatwave,3,1659,2024-03-09,5.4,3.1643055555555555,38.836,1001.8,61.7,36.1,75.1888888888889
SP-00710,FCAST-002839,North,summer_storm,5,1720,2024-05-09,18.9,8.332777777777778,138.026,995.9,97.6,31.14,75.66527777777777
SP-00710,FCAST-002840,North,southwest_monsoon,6,1406,2023-06-30,13.5,7.194444444444445,187.403,999.1,100.0,29.6,75.27777777777777
SP-00711,FCAST-002841,North,heatwave,3,1083,2022-03-08,5.4,3.0108333333333333,48.635,1001.3,62.2,36.1,75.19722222222222
SP-00711,FCAST-002842,North,summer_storm,5,786,2021-05-15,18.9,8.379722222222222,135.584,996.6,97.6,31.35,75.46111111111111
SP-00711,FCAST-002843,North,tropical_cyclone,9,2007,2024-09-17,30.38,15.431111111111111,258.014,984.4,100.0,28.6,74.98194444444444
SP-00711,FCAST-002844,North,southwest_monsoon,7,850,2021-07-18,13.5,7.061388888888889,182.385,998.2,99.3,29.6,74.92361111111111
SP-00712,FCAST-002845,North,tropical_cyclone,10,536,2021-10-13,30.38,15.464722222222223,260.629,984.5,100.0,28.6,75.08194444444445
SP-00712,FCAST-002846,North,southwest_monsoon,8,839,2022-08-12,13.5,7.241527777777778,188.4,999.0,100.0,29.6,75.38055555555555
SP-00712,FCAST-002847,North,heatwave,3,1426,2024-03-21,5.4,2.9565277777777776,45.638,1001.4,67.3,36.1,75.0625
SP-00712,FCAST-002848,North,summer_storm,5,23,2020-05-18,18.9,8.201527777777777,133.512,995.7,97.1,31.01,75.33472222222223
SP-00713,FCAST-002849,North,tropical_cyclone,9,1351,2021-09-21,30.38,15.496527777777779,258.325,983.7,100.0,28.6,75.47222222222223
SP-00713,FCAST-002850,North,heatwave,4,2281,2024-04-08,5.4,3.0877777777777777,40.542,1002.0,64.7,36.1,74.84305555555555
SP-00713,FCAST-002851,North,southwest_monsoon,6,896,2020-06-23,13.5,7.388055555555555,189.79500000000002,999.1,100.0,29.6,74.88611111111112
SP-00713,FCAST-002852,North,summer_storm,5,1962,2023-05-25,18.9,8.0125,134.185,995.9,97.8,30.83,75.14583333333333
SP-00714,FCAST-002853,North,heatwave,4,350,2019-04-06,5.4,3.1044444444444443,42.865,1002.2,63.1,36.1,75.20416666666667
SP-00714,FCAST-002854,North,tropical_cyclone,10,1641,2022-10-18,30.38,15.454722222222223,260.352,983.6,100.0,28.6,75.20972222222223
SP-00714,FCAST-002855,North,southwest_monsoon,9,2354,2024-09-30,13.5,7.111111111111111,190.841,999.3,100.0,29.6,75.14305555555556
SP-00714,FCAST-002856,North,summer_storm,4,1091,2021-04-16,18.9,7.750416666666666,130.453,996.3,98.9,30.3,74.78333333333333
SP-00715,FCAST-002857,North,southwest_monsoon,8,831,2021-08-09,13.5,7.093333333333333,188.405,999.4,100.0,29.6,75.15972222222223
SP-00715,FCAST-002858,North,summer_storm,5,372,2020-05-07,18.9,8.031944444444443,134.841,996.1,96.8,30.91,75.18472222222222
SP-00715,FCAST-002859,North,heatwave,3,1042,2022-03-08,5.4,3.036388888888889,37.409,1001.5,64.4,36.1,74.83472222222223
SP-00715,FCAST-002860,North,tropical_cyclone,10,1629,2023-10-16,30.38,15.444166666666668,259.111,984.2,100.0,28.6,75.29722222222222
SP-00716,FCAST-002861,North,southwest_monsoon,6,389,2021-06-10,13.5,7.316944444444443,189.784,998.9,99.3,29.6,74.6888888888889
SP-00716,FCAST-002862,North,tropical_cyclone,10,1256,2023-10-25,30.38,15.295,257.764,984.3,100.0,28.6,74.82499999999999
SP-00716,FCAST-002863,North,heatwave,4,1427,2024-04-13,5.4,3.283611111111111,44.283,1002.0,64.1,36.1,74.91111111111111
SP-00716,FCAST-002864,North,summer_storm,4,323,2021-04-05,18.9,8.385277777777778,136.786,995.9,98.3,31.42,74.76527777777778
SP-00717,FCAST-002865,North,heatwave,3,434,2020-03-30,5.4,3.094861111111111,43.411,1002.3,65.9,36.1,75.14444444444445
SP-00717,FCAST-002866,North,summer_storm,4,1178,2022-04-13,18.9,7.647083333333334,125.349,996.4,97.8,31.15,74.92638888888888
SP-00717,FCAST-002867,North,tropical_cyclone,11,659,2020-11-10,30.38,15.613333333333335,264.059,984.4,100.0,28.6,74.78611111111111
SP-00717,FCAST-002868,North,southwest_monsoon,9,600,2020-09-12,13.5,7.356944444444445,189.201,998.4,99.0,29.6,74.65833333333333
SP-00718,FCAST-002869,North,southwest_monsoon,9,237,2021-09-05,13.5,7.2811111111111115,188.882,998.9,99.1,29.6,74.9625
SP-00718,FCAST-002870,North,tropical_cyclone,10,284,2021-10-22,30.38,15.256805555555555,260.132,984.6,100.0,28.6,74.92083333333333
SP-00718,FCAST-002871,North,summer_storm,4,1183,2024-04-08,18.9,7.749583333333334,132.969,996.6,97.3,30.3,74.70555555555556
SP-00718,FCAST-002872,North,heatwave,4,470,2022-04-26,5.4,3.3056944444444443,41.068,1002.1,66.6,36.1,74.66944444444444
SP-00719,FCAST-002873,North,southwest_monsoon,7,1807,2024-07-19,13.5,7.365833333333334,189.215,998.7,100.0,29.6,75.08888888888889
SP-00719,FCAST-002874,North,heatwave,3,225,2020-03-20,5.4,3.0529166666666665,39.525999999999996,1002.0,65.4,36.1,74.98333333333333
SP-00719,FCAST-002875,North,summer_storm,5,1385,2023-05-24,18.9,8.114305555555555,131.477,996.0,97.6,30.7,74.63194444444444
SP-00719,FCAST-002876,North,tropical_cyclone,8,1834,2024-08-15,30.38,15.607083333333334,255.541,984.1,100.0,28.6,74.50416666666666
SP-00720,FCAST-002877,North,southwest_monsoon,7,2145,2024-07-05,13.5,7.01375,186.549,999.2,100.0,29.6,75.24166666666666
SP-00720,FCAST-002878,North,heatwave,4,975,2021-04-22,5.4,3.1341666666666668,41.256,1001.8,68.4,36.1,74.86805555555556
SP-00720,FCAST-002879,North,summer_storm,4,2077,2024-04-28,18.9,7.869027777777778,136.796,996.0,99.1,31.25,74.97916666666667
SP-00720,FCAST-002880,North,tropical_cyclone,10,1157,2021-10-21,30.38,15.230972222222224,266.715,984.3,100.0,28.6,74.95277777777778
SP-00721,FCAST-002881,North,southwest_monsoon,6,2312,2024-06-09,13.5,7.434166666666666,190.666,998.6,100.0,29.6,75.03611111111111
SP-00721,FCAST-002882,North,heatwave,3,398,2019-03-14,5.4,3.044722222222222,43.02,1002.0,66.1,36.1,74.77638888888889
SP-00721,FCAST-002883,North,summer_storm,5,1550,2022-05-09,18.9,8.066527777777777,135.214,995.8,96.9,30.92,75.025
SP-00721,FCAST-002884,North,tropical_cyclone,11,1011,2020-11-16,30.38,15.30236111111111,260.858,983.6,100.0,28.6,74.97222222222223
SP-00722,FCAST-002885,North,summer_storm,4,1643,2024-04-08,18.9,7.4376388888888885,132.12,996.0,96.1,30.89,75.16111111111111
SP-00722,FCAST-002886,North,southwest_monsoon,7,289,2020-07-24,13.5,7.528333333333332,197.774,998.5,100.0,29.6,75.19999999999999
SP-00722,FCAST-002887,North,heatwave,3,144,2020-03-01,5.4,3.2649999999999997,45.107,1002.0,64.7,36.1,75.13749999999999
SP-00722,FCAST-002888,North,tropical_cyclone,8,669,2021-08-08,30.38,15.567083333333333,255.222,984.0,100.0,28.6,74.78472222222223
SP-00723,FCAST-002889,North,tropical_cyclone,10,1371,2024-10-30,30.38,15.503194444444444,254.296,984.4,100.0,28.6,75.19999999999999
SP-00723,FCAST-002890,North,southwest_monsoon,9,236,2021-09-21,13.5,7.281944444444444,190.335,998.9,100.0,29.6,75.30694444444445
SP-00723,FCAST-002891,North,summer_storm,4,457,2022-04-30,18.9,7.718055555555556,131.087,995.6,98.0,30.42,75.09583333333333
SP-00723,FCAST-002892,North,heatwave,4,437,2022-04-10,5.4,2.9631944444444445,47.111,1001.9,64.5,36.1,74.8736111111111
SP-00724,FCAST-002893,North,tropical_cyclone,9,155,2021-09-11,30.38,15.471111111111112,261.272,984.7,100.0,28.6,75.03472222222223
SP-00724,FCAST-002894,North,southwest_monsoon,7,94,2021-07-12,13.5,7.108194444444444,181.569,998.2,100.0,29.6,75.13472222222222
SP-00724,FCAST-002895,North,summer_storm,5,774,2023-05-23,18.9,7.9775,131.354,995.8,99.2,32.08,75.53472222222223
SP-00724,FCAST-002896,North,heatwave,3,1072,2024-03-16,5.4,3.170138888888889,43.386,1001.9,64.9,36.1,75.26805555555556
SP-00725,FCAST-002897,North,heatwave,3,44,2021-03-20,5.4,2.8590277777777775,43.07,1001.5,62.2,36.1,75.48472222222222
SP-00725,FCAST-002898,North,tropical_cyclone,10,617,2022-10-14,30.38,15.674027777777777,260.488,984.4,100.0,28.6,74.60416666666667
SP-00725,FCAST-002899,North,southwest_monsoon,8,192,2021-08-15,13.5,7.353055555555555,195.005,998.5,99.9,29.6,74.74722222222222
SP-00725,FCAST-002900,North,summer_storm,5,464,2022-05-14,18.9,8.187916666666666,137.863,995.5,97.7,31.42,75.30972222222222
SP-00726,FCAST-002901,North,tropical_cyclone,8,1032,2023-08-04,30.38,15.404305555555554,257.999,983.6,100.0,28.6,75.34166666666667
SP-00726,FCAST-002902,North,heatwave,4,918,2023-04-12,5.4,3.126111111111111,40.733,1002.0,63.9,36.1,75.12222222222222
SP-00726,FCAST-002903,North,summer_storm,4,563,2022-04-22,18.9,7.986666666666666,133.73,996.3,97.0,30.98,75.10833333333333
SP-00726,FCAST-002904,North,southwest_monsoon,6,1355,2024-06-22,13.5,7.3973611111111115,191.162,999.2,99.8,29.6,74.92361111111111
SP-00727,FCAST-002905,North,heatwave,3,1403,2025-03-14,5.4,3.21875,40.144,1001.6,62.7,36.1,75.0
SP-00727,FCAST-002906,North,tropical_cyclone,8,1204,2024-08-27,30.38,15.264305555555556,259.336,984.1,100.0,28.6,74.54166666666667
SP-00727,FCAST-002907,North,southwest_monsoon,7,809,2023-07-29,13.5,7.435972222222222,190.533,999.2,99.7,29.6,74.9
SP-00727,FCAST-002908,North,summer_storm,5,1102,2024-05-17,18.9,8.029583333333333,133.759,995.5,96.9,30.54,75.12222222222222
SP-00728,FCAST-002909,North,heatwave,4,702,2023-04-09,5.4,3.2377777777777776,41.75,1001.5,63.5,36.1,75.20833333333333
SP-00728,FCAST-002910,North,southwest_monsoon,7,1164,2024-07-14,13.5,7.262222222222222,182.831,998.6,100.0,29.6,75.275
SP-00728,FCAST-002911,North,summer_storm,4,1079,2024-04-20,18.9,8.352083333333333,133.393,996.2,98.1,30.91,74.89305555555556
SP-00728,FCAST-002912,North,tropical_cyclone,10,906,2023-10-30,30.38,15.604999999999999,256.842,983.5,100.0,28.6,75.04305555555555
SP-00729,FCAST-002913,North,summer_storm,4,654,2023-04-20,18.9,8.278333333333332,134.487,995.8,96.2,31.84,74.72083333333333
SP-00729,FCAST-002914,North,southwest_monsoon,7,728,2023-07-03,13.5,7.319583333333333,182.766,999.0,97.8,29.6,74.91666666666667
SP-00729,FCAST-002915,North,heatwave,3,240,2022-03-02,5.4,3.3474999999999997,43.062,1001.7,64.6,36.1,75.02361111111111
SP-00729,FCAST-002916,North,tropical_cyclone,9,441,2022-09-19,30.38,15.289444444444444,254.948,983.6,100.0,28.6,74.68472222222222
SP-00730,FCAST-002917,North,southwest_monsoon,9,727,2021-09-13,13.5,7.325694444444443,189.413,999.1,100.0,29.6,74.94027777777778
SP-00730,FCAST-002918,North,summer_storm,5,613,2021-05-22,18.9,8.104861111111111,126.136,996.2,97.9,31.37,75.37222222222222
SP-00730,FCAST-002919,North,tropical_cyclone,11,1877,2024-11-06,30.38,15.395138888888889,254.916,984.3,100.0,28.6,75.39861111111111
SP-00730,FCAST-002920,North,heatwave,4,225,2020-04-29,5.4,3.2206944444444443,48.719,1001.3,63.5,36.1,74.58888888888889
SP-00731,FCAST-002921,North,heatwave,4,1667,2024-04-10,5.4,3.282361111111111,47.225,1002.1,61.6,36.1,75.30416666666666
SP-00731,FCAST-002922,North,southwest_monsoon,8,695,2021-08-12,13.5,7.016805555555555,185.493,998.1,100.0,29.6,75.02083333333333
SP-00731,FCAST-002923,North,summer_storm,5,235,2020-05-09,18.9,8.07638888888889,131.919,995.9,97.8,30.3,74.41388888888889
SP-00731,FCAST-002924,North,tropical_cyclone,8,333,2020-08-15,30.38,15.326944444444443,256.308,984.5,100.0,28.6,75.2125
SP-00732,FCAST-002925,North,southwest_monsoon,6,355,2022-06-01,13.5,7.4141666666666675,194.863,998.6,100.0,29.6,75.00833333333334
SP-00732,FCAST-002926,North,summer_storm,4,318,2022-04-25,18.9,7.925833333333333,130.884,995.9,97.9,31.12,74.73055555555555
SP-00732,FCAST-002927,North,heatwave,3,1373,2025-03-15,5.4,3.2180555555555554,36.021,1001.3,67.3,36.1,75.40694444444445
SP-00732,FCAST-002928,North,tropical_cyclone,8,62,2021-08-12,30.38,15.351666666666667,252.175,984.5,100.0,28.6,74.97361111111111
SP-00733,FCAST-002929,North,heatwave,3,2302,2025-03-09,5.4,3.0593055555555555,44.135,1001.7,62.5,36.1,74.60972222222222
SP-00733,FCAST-002930,North,summer_storm,5,541,2020-05-13,18.9,7.93986111111111,129.023,996.5,99.8,31.84,74.73888888888888
SP-00733,FCAST-002931,North,tropical_cyclone,10,2156,2024-10-14,30.38,15.481250000000001,258.05,984.1,100.0,28.6,74.58888888888889
SP-00733,FCAST-002932,North,southwest_monsoon,8,1362,2022-08-12,13.5,7.235138888888888,189.376,998.3,100.0,29.6,75.10972222222222
SP-00734,FCAST-002933,North,southwest_monsoon,8,561,2021-08-19,13.5,7.319999999999999,187.034,998.7,100.0,29.6,75.34444444444445
SP-00734,FCAST-002934,North,summer_storm,5,1202,2023-05-22,18.9,8.065138888888889,131.69,995.8,97.3,31.28,75.22638888888889
SP-00734,FCAST-002935,North,heatwave,3,1861,2025-03-11,5.4,3.211388888888889,38.319,1001.7,63.0,36.1,74.80138888888888
SP-00734,FCAST-002936,North,tropical_cyclone,8,1652,2024-08-14,30.38,15.431527777777777,249.95,983.9,100.0,28.6,75.30000000000001
SP-00735,FCAST-002937,North,southwest_monsoon,9,319,2022-09-01,13.5,7.177638888888889,189.889,998.7,97.7,29.6,75.27083333333333
SP-00735,FCAST-002938,North,heatwave,3,148,2022-03-14,5.4,3.146111111111111,42.366,1002.1,62.7,36.1,74.88194444444444
SP-00735,FCAST-002939,North,summer_storm,5,939,2024-05-13,18.9,7.825694444444445,129.165,996.1,97.1,30.88,74.80555555555556
SP-00735,FCAST-002940,North,tropical_cyclone,11,393,2022-11-14,30.38,15.506527777777778,253.243,983.8,100.0,28.6,75.13194444444444
SP-00736,FCAST-002941,North,tropical_cyclone,8,863,2020-08-13,30.38,15.770138888888889,254.539,984.3,100.0,28.6,75.11111111111111
SP-00736,FCAST-002942,North,heatwave,3,2187,2024-03-29,5.4,3.1518055555555557,41.279,1001.8,66.1,36.1,75.21805555555555
SP-00736,FCAST-002943,North,summer_storm,4,1848,2023-04-25,18.9,7.938194444444444,130.867,996.4,98.3,30.99,75.18472222222222
SP-00736,FCAST-002944,North,southwest_monsoon,7,1925,2023-07-11,13.5,7.154027777777778,191.617,998.6,99.6,29.6,74.80555555555556
SP-00737,FCAST-002945,North,southwest_monsoon,8,1008,2024-08-07,13.5,7.189027777777778,188.445,999.6,99.1,29.6,74.86527777777778
SP-00737,FCAST-002946,North,heatwave,3,870,2024-03-22,5.4,3.2137499999999997,45.196,1001.9,65.5,36.1,75.14305555555556
SP-00737,FCAST-002947,North,summer_storm,5,927,2024-05-18,18.9,7.760555555555555,132.51,996.3,97.3,31.14,74.80000000000001
SP-00737,FCAST-002948,North,tropical_cyclone,9,1058,2024-09-26,30.38,15.336388888888889,253.312,984.1,100.0,28.6,75.18472222222222
SP-00738,FCAST-002949,North,heatwave,4,433,2021-04-20,5.4,3.219861111111111,45.294,1001.8,61.6,36.1,75.32222222222222
SP-00738,FCAST-002950,North,summer_storm,4,1151,2023-04-08,18.9,8.039305555555556,137.679,996.7,97.2,31.22,74.9375
SP-00738,FCAST-002951,North,southwest_monsoon,8,903,2022-08-03,13.5,7.12125,187.21,999.3,98.4,29.6,74.82083333333334
SP-00738,FCAST-002952,North,tropical_cyclone,10,1345,2023-10-19,30.38,15.639444444444443,259.527,984.2,100.0,28.6,75.36388888888888
SP-00739,FCAST-002953,North,heatwave,3,2495,2025-03-22,5.4,3.178472222222222,37.767,1001.7,63.3,36.1,75.57499999999999
SP-00739,FCAST-002954,North,summer_storm,5,719,2020-05-11,18.9,7.831666666666667,141.411,996.2,98.2,31.33,75.11805555555556
SP-00739,FCAST-002955,North,tropical_cyclone,10,2334,2024-10-12,30.38,15.585972222222223,258.745,984.5,100.0,28.6,75.30000000000001
SP-00739,FCAST-002956,North,southwest_monsoon,8,442,2019-08-08,13.5,7.467361111111111,192.333,998.4,100.0,29.6,75.49166666666666
SP-00740,FCAST-002957,North,tropical_cyclone,8,368,2020-08-04,30.38,15.67486111111111,257.14,984.4,100.0,28.6,74.91111111111111
SP-00740,FCAST-002958,North,southwest_monsoon,9,48,2019-09-19,13.5,7.209444444444445,183.637,998.6,100.0,29.6,74.975
SP-00740,FCAST-002959,North,summer_storm,5,290,2020-05-18,18.9,8.03361111111111,138.01,996.1,99.0,30.32,74.94305555555555
SP-00740,FCAST-002960,North,heatwave,4,270,2020-04-28,5.4,2.94875,45.918,1001.5,64.1,36.1,75.03888888888889
SP-00741,FCAST-002961,North,tropical_cyclone,10,1756,2023-10-08,30.38,15.272083333333333,261.01,983.5,100.0,28.6,74.83333333333333
SP-00741,FCAST-002962,North,summer_storm,4,1217,2022-04-17,18.9,7.765138888888889,134.537,996.2,98.2,31.83,75.07777777777778
SP-00741,FCAST-002963,North,southwest_monsoon,9,1361,2022-09-08,13.5,7.366666666666666,190.126,998.6,100.0,29.6,74.55972222222222
SP-00741,FCAST-002964,North,heatwave,3,444,2020-03-05,5.4,3.0908333333333333,46.085,1001.7,65.1,36.1,75.06805555555555
SP-00742,FCAST-002965,North,tropical_cyclone,10,423,2020-10-06,30.38,15.364444444444445,253.96099999999998,984.4,100.0,28.6,74.89166666666667
SP-00742,FCAST-002966,North,heatwave,3,1680,2024-03-16,5.4,3.2981944444444444,44.342,1001.7,62.7,36.1,75.09583333333333
SP-00742,FCAST-002967,North,southwest_monsoon,8,1116,2022-08-30,13.5,7.545277777777778,193.113,999.1,98.1,29.6,74.84027777777777
SP-00742,FCAST-002968,North,summer_storm,4,1355,2023-04-26,18.9,8.316666666666666,137.677,996.1,97.4,31.46,74.99722222222222
SP-00743,FCAST-002969,North,summer_storm,5,1190,2023-05-19,18.9,7.877777777777778,126.521,996.0,98.5,31.07,75.07777777777778
SP-00743,FCAST-002970,North,southwest_monsoon,6,856,2022-06-19,13.5,7.305833333333333,191.46,999.3,100.0,29.6,74.97083333333333
SP-00743,FCAST-002971,North,heatwave,3,757,2022-03-12,5.4,3.1654166666666668,48.001,1001.3,63.2,36.1,74.83333333333333
SP-00743,FCAST-002972,North,tropical_cyclone,11,1374,2023-11-19,30.38,15.31625,258.949,984.1,100.0,28.6,75.00277777777778
SP-00744,FCAST-002973,North,southwest_monsoon,7,1372,2022-07-23,13.5,7.381666666666667,194.579,998.7,99.9,29.6,75.15138888888889
SP-00744,FCAST-002974,North,tropical_cyclone,9,342,2019-09-27,30.38,15.708055555555555,258.717,984.3,100.0,28.6,75.25694444444444
SP-00744,FCAST-002975,North,summer_storm,5,2041,2024-05-22,18.9,7.970000000000001,134.857,996.9,98.3,30.33,74.83888888888889
SP-00744,FCAST-002976,North,heatwave,3,2346,2025-03-23,5.4,3.0101388888888887,47.159,1001.3,62.9,36.1,74.84861111111111
SP-00745,FCAST-002977,North,summer_storm,5,296,2020-05-31,18.9,7.94861111111111,131.576,996.7,96.8,31.43,75.30277777777778
SP-00745,FCAST-002978,North,tropical_cyclone,9,763,2021-09-10,30.38,15.321944444444446,259.769,984.0,100.0,28.6,74.95277777777778
SP-00745,FCAST-002979,North,southwest_monsoon,7,708,2021-07-17,13.5,7.048055555555555,189.113,999.1,100.0,29.6,75.18194444444445
SP-00745,FCAST-002980,North,heatwave,4,967,2022-04-02,5.4,3.0516666666666667,41.004,1002.0,62.0,36.1,75.44305555555555
SP-00746,FCAST-002981,North,southwest_monsoon,7,1270,2024-07-05,13.5,7.359166666666667,186.882,999.2,100.0,29.6,74.85555555555555
SP-00746,FCAST-002982,North,heatwave,3,1524,2025-03-16,5.4,3.270972222222222,41.926,1001.7,64.3,36.1,75.275
SP-00746,FCAST-002983,North,summer_storm,4,1191,2024-04-17,18.9,8.339861111111112,129.93,996.0,97.4,31.28,75.17222222222222
SP-00746,FCAST-002984,North,tropical_cyclone,11,1413,2024-11-25,30.38,15.543472222222224,256.355,983.6,100.0,28.6,74.91527777777777
SP-00747,FCAST-002985,North,summer_storm,5,504,2020-05-23,18.9,7.802638888888889,126.018,996.7,99.8,31.23,74.78472222222223
SP-00747,FCAST-002986,North,southwest_monsoon,9,1700,2023-09-01,13.5,7.523888888888889,188.548,997.4,100.0,29.6,75.51249999999999
SP-00747,FCAST-002987,North,heatwave,3,806,2021-03-21,5.4,3.1863888888888887,37.11,1002.1,62.9,36.1,75.31666666666666
SP-00747,FCAST-002988,North,tropical_cyclone,10,1370,2022-10-06,30.38,15.238472222222223,254.212,984.7,100.0,28.6,74.76666666666667
SP-00748,FCAST-002989,North,summer_storm,5,1193,2024-05-05,18.9,7.715416666666666,133.597,996.2,96.4,30.86,75.02222222222223
SP-00748,FCAST-002990,North,heatwave,3,1151,2024-03-24,5.4,3.1126388888888887,46.53,1002.3,61.6,36.1,74.94999999999999
SP-00748,FCAST-002991,North,southwest_monsoon,6,859,2023-06-06,13.5,7.283888888888888,186.256,999.1,98.2,29.6,75.26249999999999
SP-00748,FCAST-002992,North,tropical_cyclone,9,962,2023-09-17,30.38,15.524027777777778,257.908,984.5,100.0,28.6,75.13194444444444
SP-00749,FCAST-002993,North,summer_storm,4,469,2021-04-29,18.9,8.065,134.307,996.3,97.5,31.78,74.86805555555556
SP-00749,FCAST-002994,North,heatwave,4,79,2020-04-04,5.4,3.2895833333333333,43.356,1002.1,62.9,36.1,75.12083333333334
SP-00749,FCAST-002995,North,southwest_monsoon,8,227,2020-08-30,13.5,7.4631944444444445,189.607,999.1,98.9,29.6,74.95972222222223
SP-00749,FCAST-002996,North,tropical_cyclone,9,1342,2023-09-19,30.38,15.419444444444444,256.403,984.8,100.0,28.6,75.0611111111111
SP-00750,FCAST-002997,North,summer_storm,4,1570,2024-04-23,18.9,8.254166666666666,130.132,996.4,97.6,30.46,75.09305555555555
SP-00750,FCAST-002998,North,tropical_cyclone,8,1307,2023-08-04,30.38,15.660555555555554,258.63,984.2,100.0,28.6,75.22222222222223
SP-00750,FCAST-002999,North,southwest_monsoon,8,1689,2024-08-20,13.5,7.154861111111111,184.73499999999999,998.1,100.0,29.6,74.96527777777777
SP-00750,FCAST-003000,North,heatwave,3,83,2020-03-28,5.4,2.9754166666666664,40.43,1001.3,64.7,36.1,74.9
SP-00751,FCAST-003001,North,tropical_cyclone,10,383,2020-10-15,30.38,15.02125,258.594,984.4,100.0,28.6,74.96111111111111
SP-00751,FCAST-003002,North,southwest_monsoon,6,249,2020-06-03,13.5,6.938611111111111,188.451,998.7,97.5,29.6,75.10972222222222
SP-00751,FCAST-003003,North,heatwave,4,580,2021-04-30,5.4,3.2777777777777777,45.119,1001.5,62.8,36.1,75.21111111111111
SP-00751,FCAST-003004,North,summer_storm,5,584,2021-05-04,18.9,7.805694444444445,138.11,995.8,98.2,31.29,74.74305555555556
SP-00752,FCAST-003005,North,tropical_cyclone,11,2203,2024-11-02,30.38,15.461527777777778,255.927,984.4,99.6,28.6,74.93333333333334
SP-00752,FCAST-003006,North,summer_storm,5,1682,2023-05-31,18.9,8.046111111111111,137.613,996.7,97.6,31.16,75.02638888888889
SP-00752,FCAST-003007,North,heatwave,3,148,2019-03-19,5.4,3.1597222222222223,41.666,1001.9,63.4,36.1,74.85555555555555
SP-00752,FCAST-003008,North,southwest_monsoon,9,1804,2023-09-30,13.5,7.152361111111111,191.392,998.4,99.0,29.6,74.94722222222222
SP-00753,FCAST-003009,North,heatwave,3,1820,2024-03-19,5.4,3.0411111111111113,44.546,1001.8,66.9,36.1,74.99583333333334
SP-00753,FCAST-003010,North,summer_storm,5,430,2020-05-29,18.9,7.919444444444445,135.317,995.9,97.7,31.23,75.07916666666667
SP-00753,FCAST-003011,North,southwest_monsoon,8,1598,2023-08-10,13.5,7.268750000000001,185.179,998.4,100.0,29.6,74.84583333333333
SP-00753,FCAST-003012,North,tropical_cyclone,8,1972,2024-08-18,30.38,15.576666666666666,262.744,984.5,100.0,28.6,75.09027777777777
SP-00754,FCAST-003013,North,summer_storm,5,174,2022-05-31,18.9,7.427499999999999,128.723,996.5,96.8,31.4,75.15972222222223
SP-00754,FCAST-003014,North,tropical_cyclone,10,1054,2024-10-27,30.38,15.475277777777778,256.592,984.8,100.0,28.6,74.95694444444445
SP-00754,FCAST-003015,North,southwest_monsoon,9,641,2023-09-10,13.5,7.346805555555556,185.697,998.9,99.2,29.6,75.53194444444445
SP-00754,FCAST-003016,North,heatwave,3,463,2023-03-16,5.4,3.0327777777777776,38.565,1001.4,65.9,36.1,75.1875
SP-00755,FCAST-003017,North,southwest_monsoon,7,1405,2022-07-30,13.5,7.354722222222222,187.267,999.1,100.0,29.6,75.07222222222222
SP-00755,FCAST-003018,North,tropical_cyclone,11,431,2019-11-29,30.38,15.663333333333334,254.75,984.6,100.0,28.6,75.05694444444445
SP-00755,FCAST-003019,North,heatwave,3,1993,2024-03-09,5.4,3.1624999999999996,47.424,1001.8,63.3,36.1,75.31666666666666
SP-00755,FCAST-003020,North,summer_storm,4,1668,2023-04-19,18.9,7.877083333333333,136.924,996.2,97.9,30.38,75.08611111111111
SP-00756,FCAST-003021,North,summer_storm,5,429,2021-05-07,18.9,8.209583333333335,132.815,996.7,98.7,31.9,74.8763888888889
SP-00756,FCAST-003022,North,tropical_cyclone,9,916,2022-09-06,30.38,15.480555555555554,264.004,984.4,100.0,28.6,75.04027777777777
SP-00756,FCAST-003023,North,heatwave,3,1100,2023-03-09,5.4,3.304027777777778,44.389,1001.6,62.9,36.1,74.89444444444445
SP-00756,FCAST-003024,North,southwest_monsoon,8,1620,2024-08-10,13.5,7.38986111111111,187.546,998.9,100.0,29.6,74.88194444444444
SP-00757,FCAST-003025,North,heatwave,4,247,2022-04-30,5.4,3.060833333333333,45.153,1001.2,61.4,36.1,75.37083333333334
SP-00757,FCAST-003026,North,southwest_monsoon,8,370,2022-08-31,13.5,7.2754166666666675,192.126,999.2,100.0,29.6,75.1
SP-00757,FCAST-003027,North,summer_storm,5,1000,2024-05-22,18.9,8.11347222222222,132.85,996.3,97.4,31.36,74.73611111111111
SP-00757,FCAST-003028,North,tropical_cyclone,11,96,2021-11-30,30.38,15.530555555555557,258.728,984.2,99.8,28.6,75.30277777777778
SP-00758,FCAST-003029,North,summer_storm,5,430,2021-05-27,18.9,7.888472222222223,131.35,996.2,96.1,30.9,74.96666666666667
SP-00758,FCAST-003030,North,tropical_cyclone,11,224,2020-11-02,30.38,15.541944444444445,259.45,983.7,100.0,28.6,74.69722222222222
SP-00758,FCAST-003031,North,heatwave,4,1488,2024-04-19,5.4,3.0701388888888888,37.569,1002.2,64.7,36.1,74.94027777777778
SP-00758,FCAST-003032,North,southwest_monsoon,8,135,2020-08-05,13.5,7.317361111111111,190.19,999.1,100.0,29.6,74.55000000000001
SP-00759,FCAST-003033,North,summer_storm,5,869,2024-05-13,18.9,8.130972222222221,129.613,996.8,97.7,31.77,75.02638888888889
SP-00759,FCAST-003034,North,southwest_monsoon,8,960,2024-08-12,13.5,7.3005555555555555,185.186,998.6,100.0,29.6,74.80138888888888
SP-00759,FCAST-003035,North,heatwave,3,443,2023-03-14,5.4,3.052361111111111,40.849000000000004,1001.6,64.5,36.1,75.05694444444445
SP-00759,FCAST-003036,North,tropical_cyclone,8,232,2022-08-15,30.38,15.147638888888887,256.95,984.5,100.0,28.6,74.97222222222223
SP-00760,FCAST-003037,North,tropical_cyclone,8,1143,2024-08-06,30.38,15.676944444444445,256.676,984.5,100.0,28.6,75.12222222222222
SP-00760,FCAST-003038,North,heatwave,4,1037,2024-04-22,5.4,3.196111111111111,40.352,1001.6,67.0,36.1,75.19027777777778
SP-00760,FCAST-003039,North,southwest_monsoon,8,42,2021-08-01,13.5,7.466944444444445,185.43,998.7,98.6,29.6,75.34583333333333
SP-00760,FCAST-003040,North,summer_storm,5,315,2022-05-01,18.9,7.9631944444444445,128.355,996.3,96.2,31.6,74.76527777777778
SP-00761,FCAST-003041,North,tropical_cyclone,9,250,2020-09-05,30.38,15.458888888888888,256.646,984.5,100.0,28.6,74.76249999999999
SP-00761,FCAST-003042,North,heatwave,3,1902,2025-03-15,5.4,3.098888888888889,43.789,1001.8,63.9,36.1,75.0875
SP-00761,FCAST-003043,North,summer_storm,5,880,2022-05-28,18.9,8.068472222222221,130.987,996.1,98.4,30.72,74.94999999999999
SP-00761,FCAST-003044,North,southwest_monsoon,9,976,2022-09-01,13.5,7.189305555555555,185.516,998.9,99.2,29.6,74.90694444444445
SP-00762,FCAST-003045,North,heatwave,4,1543,2024-04-27,5.4,3.1791666666666667,45.425,1001.6,62.8,36.1,75.09166666666667
SP-00762,FCAST-003046,North,southwest_monsoon,7,528,2021-07-17,13.5,7.427777777777777,181.606,998.7,100.0,29.6,75.23888888888888
SP-00762,FCAST-003047,North,tropical_cyclone,9,1686,2024-09-17,30.38,15.346250000000001,261.113,984.2,100.0,28.6,74.77638888888889
SP-00762,FCAST-003048,North,summer_storm,4,1537,2024-04-21,18.9,7.885694444444444,135.201,996.5,99.1,31.62,75.04444444444444
SP-00763,FCAST-003049,North,southwest_monsoon,6,1068,2022-06-16,13.5,7.313750000000001,192.247,998.9,99.8,29.6,74.88055555555555
SP-00763,FCAST-003050,North,tropical_cyclone,11,496,2020-11-21,30.38,15.516111111111112,253.348,984.3,100.0,28.6,74.86527777777778
SP-00763,FCAST-003051,North,summer_storm,5,1391,2023-05-05,18.9,8.084305555555556,141.727,996.5,98.1,32.01,75.08472222222223
SP-00763,FCAST-003052,North,heatwave,3,2061,2025-03-05,5.4,3.094722222222222,41.98,1002.2,63.5,36.1,75.34305555555555
SP-00764,FCAST-003053,North,summer_storm,4,12,2021-04-19,18.9,8.234583333333333,135.464,995.9,97.0,31.31,75.09444444444445
SP-00764,FCAST-003054,North,tropical_cyclone,10,570,2022-10-29,30.38,15.32513888888889,256.038,984.9,100.0,28.6,75.0013888888889
SP-00764,FCAST-003055,North,southwest_monsoon,9,895,2023-09-19,13.5,7.316805555555555,186.68,999.0,99.7,29.6,75.07499999999999
SP-00764,FCAST-003056,North,heatwave,4,12,2021-04-19,5.4,3.140833333333333,46.288,1001.6,63.6,36.1,74.87916666666666
SP-00765,FCAST-003057,North,tropical_cyclone,9,1175,2022-09-20,30.38,15.253888888888888,260.519,983.3,100.0,28.6,74.79583333333333
SP-00765,FCAST-003058,North,summer_storm,5,687,2021-05-20,18.9,7.646249999999999,140.337,996.1,97.5,31.23,74.81666666666666
SP-00765,FCAST-003059,North,heatwave,3,256,2020-03-15,5.4,3.2040277777777777,55.296,1001.3,62.1,36.1,74.89583333333333
SP-00765,FCAST-003060,North,southwest_monsoon,9,798,2021-09-08,13.5,7.03625,190.873,998.8,99.4,29.6,74.92361111111111
SP-00766,FCAST-003061,North,summer_storm,5,1565,2023-05-26,18.9,7.934444444444444,128.414,996.4,97.9,30.64,75.04027777777777
SP-00766,FCAST-003062,North,heatwave,4,51,2019-04-03,5.4,3.0519444444444446,48.073,1001.5,65.6,36.1,74.76805555555556
SP-00766,FCAST-003063,North,tropical_cyclone,8,930,2021-08-29,30.38,15.493194444444445,257.459,984.3,100.0,28.6,75.23055555555555
SP-00766,FCAST-003064,North,southwest_monsoon,8,186,2019-08-16,13.5,7.438333333333333,185.076,998.8,99.8,29.6,75.21944444444445
SP-00767,FCAST-003065,North,southwest_monsoon,6,1865,2024-06-02,13.5,7.412222222222222,189.27,999.0,100.0,29.6,75.43333333333334
SP-00767,FCAST-003066,North,heatwave,3,2144,2025-03-08,5.4,2.9854166666666666,38.131,1001.5,67.1,36.1,75.03333333333333
SP-00767,FCAST-003067,North,summer_storm,5,402,2020-05-31,18.9,8.208888888888888,130.397,996.7,96.4,30.57,75.28472222222223
SP-00767,FCAST-003068,North,tropical_cyclone,10,1633,2023-10-14,30.38,15.721527777777778,256.668,984.2,100.0,28.6,74.85277777777777
SP-00768,FCAST-003069,North,summer_storm,4,655,2020-04-03,18.9,7.897083333333334,137.19299999999998,995.9,96.2,32.38,74.54583333333333
SP-00768,FCAST-003070,North,heatwave,3,628,2020-03-07,5.4,3.095833333333333,44.79,1001.7,65.4,36.1,74.8763888888889
SP-00768,FCAST-003071,North,tropical_cyclone,9,77,2018-09-03,30.38,15.649861111111111,260.747,983.7,100.0,28.6,75.19861111111112
SP-00768,FCAST-003072,North,southwest_monsoon,6,354,2019-06-07,13.5,7.06625,192.152,999.2,98.4,29.6,74.92500000000001
SP-00769,FCAST-003073,North,summer_storm,4,926,2022-04-03,18.9,7.953611111111111,133.425,996.0,96.5,31.04,74.9375
SP-00769,FCAST-003074,North,heatwave,4,1314,2023-04-26,5.4,3.1033333333333335,43.278,1002.1,62.2,36.1,74.95555555555556
SP-00769,FCAST-003075,North,tropical_cyclone,9,1830,2024-09-23,30.38,15.60236111111111,260.276,983.8,100.0,28.6,75.11111111111111
SP-00769,FCAST-003076,North,southwest_monsoon,8,1803,2024-08-27,13.5,7.476249999999999,189.138,998.9,100.0,29.6,75.59861111111111
SP-00770,FCAST-003077,North,southwest_monsoon,7,973,2024-07-27,13.5,7.419444444444445,186.051,998.8,99.4,29.6,74.8763888888889
SP-00770,FCAST-003078,North,heatwave,4,873,2024-04-18,5.4,3.372361111111111,39.947,1001.8,63.7,36.1,75.21944444444445
SP-00770,FCAST-003079,North,summer_storm,5,908,2024-05-23,18.9,7.7787500000000005,135.452,996.4,100.0,31.97,75.6625
SP-00770,FCAST-003080,North,tropical_cyclone,10,332,2022-10-25,30.38,15.231527777777778,254.939,984.1,100.0,28.6,75.55000000000001
SP-00771,FCAST-003081,North,tropical_cyclone,11,1118,2022-11-15,30.38,15.297361111111112,257.013,983.8,100.0,28.6,75.05138888888888
SP-00771,FCAST-003082,North,southwest_monsoon,8,300,2020-08-19,13.5,7.284583333333334,185.054,998.9,100.0,29.6,75.0638888888889
SP-00771,FCAST-003083,North,summer_storm,5,1289,2023-05-05,18.9,8.115138888888888,133.947,996.2,97.8,30.75,75.03611111111111
SP-00771,FCAST-003084,North,heatwave,4,1641,2024-04-21,5.4,3.2027777777777775,45.327,1002.0,66.1,36.1,75.00277777777778
SP-00772,FCAST-003085,North,tropical_cyclone,11,1161,2021-11-08,30.38,15.52125,256.545,983.8,100.0,28.6,75.3375
SP-00772,FCAST-003086,North,southwest_monsoon,7,1061,2021-07-31,13.5,7.036527777777778,183.392,999.0,99.6,29.6,74.75
SP-00772,FCAST-003087,North,summer_storm,4,2062,2024-04-27,18.9,8.25236111111111,133.831,996.7,99.4,31.0,74.99305555555556
SP-00772,FCAST-003088,North,heatwave,4,958,2021-04-19,5.4,3.0240277777777775,49.141,1002.2,63.0,36.1,75.03611111111111
SP-00773,FCAST-003089,North,heatwave,4,732,2023-04-01,5.4,3.2495833333333333,45.409,1002.0,63.7,36.1,75.43333333333334
SP-00773,FCAST-003090,North,summer_storm,4,5,2021-04-04,18.9,7.988472222222222,131.365,996.4,97.6,31.03,74.98194444444444
SP-00773,FCAST-003091,North,southwest_monsoon,6,69,2021-06-07,13.5,7.049444444444444,187.286,998.8,99.3,29.6,75.24166666666666
SP-00773,FCAST-003092,North,tropical_cyclone,10,556,2022-10-07,30.38,15.244583333333331,257.458,984.6,100.0,28.6,75.1875
SP-00774,FCAST-003093,North,southwest_monsoon,9,1337,2024-09-16,13.5,7.163333333333333,187.428,999.0,98.6,29.6,75.11805555555556
SP-00774,FCAST-003094,North,heatwave,3,1145,2024-03-08,5.4,3.1343055555555552,46.934,1001.8,62.0,36.1,75.09722222222223
SP-00774,FCAST-003095,North,summer_storm,4,811,2023-04-09,18.9,8.234583333333333,127.126,996.2,98.2,30.93,74.9125
SP-00774,FCAST-003096,North,tropical_cyclone,10,636,2022-10-16,30.38,15.303333333333333,257.824,984.3,100.0,28.6,74.8736111111111
SP-00775,FCAST-003097,North,southwest_monsoon,6,1327,2024-06-23,13.5,7.212083333333333,184.653,999.3,99.2,29.6,75.08194444444445
SP-00775,FCAST-003098,North,summer_storm,4,528,2022-04-16,18.9,7.9125000000000005,130.78,996.1,100.0,30.96,75.08055555555556
SP-00775,FCAST-003099,North,tropical_cyclone,11,375,2021-11-14,30.38,15.789305555555554,249.363,983.5,100.0,28.6,75.41111111111111
SP-00775,FCAST-003100,North,heatwave,4,907,2023-04-30,5.4,3.3208333333333333,45.711,1001.5,67.3,36.1,75.01249999999999
SP-00776,FCAST-003101,North,heatwave,4,1425,2024-04-20,5.4,3.1152777777777776,44.151,1001.7,62.2,36.1,74.91805555555555
SP-00776,FCAST-003102,North,summer_storm,4,326,2021-04-17,18.9,7.926944444444445,133.475,996.6,96.8,31.54,75.02083333333333
SP-00776,FCAST-003103,North,southwest_monsoon,8,78,2020-08-12,13.5,7.37736111111111,194.77100000000002,999.1,98.9,29.6,75.23611111111111
SP-00776,FCAST-003104,North,tropical_cyclone,11,1265,2023-11-12,30.38,15.38513888888889,256.925,984.0,100.0,28.6,75.03611111111111
SP-00777,FCAST-003105,North,heatwave,4,462,2020-04-22,5.4,3.2244444444444444,41.206,1001.8,62.1,36.1,75.11944444444445
SP-00777,FCAST-003106,North,summer_storm,5,131,2019-05-27,18.9,8.06236111111111,134.544,996.3,99.6,30.97,74.78888888888889
SP-00777,FCAST-003107,North,southwest_monsoon,6,137,2019-06-02,13.5,7.274027777777778,181.348,998.8,98.1,29.6,75.37777777777778
SP-00777,FCAST-003108,North,tropical_cyclone,10,1005,2021-10-17,30.38,15.565972222222221,262.735,983.9,100.0,28.6,74.98611111111111
SP-00778,FCAST-003109,North,southwest_monsoon,7,923,2023-07-10,13.5,7.408055555555555,182.09,998.9,98.8,29.6,74.7513888888889
SP-00778,FCAST-003110,North,tropical_cyclone,8,604,2022-08-25,30.38,15.389722222222222,256.262,984.4,100.0,28.6,74.81944444444444
SP-00778,FCAST-003111,North,heatwave,4,847,2023-04-25,5.4,3.184722222222222,41.766999999999996,1001.7,60.9,36.1,74.50833333333334
SP-00778,FCAST-003112,North,summer_storm,5,866,2023-05-14,18.9,7.822083333333333,137.514,996.0,97.9,30.74,75.36527777777778
SP-00779,FCAST-003113,North,heatwave,3,227,2021-03-14,5.4,3.1715277777777775,43.73,1001.2,64.0,36.1,75.33333333333333
SP-00779,FCAST-003114,North,southwest_monsoon,8,389,2021-08-23,13.5,7.152638888888889,186.902,998.9,100.0,29.6,74.975
SP-00779,FCAST-003115,North,summer_storm,4,997,2023-04-23,18.9,7.693194444444444,135.087,996.5,100.0,31.7,74.75833333333334
SP-00779,FCAST-003116,North,tropical_cyclone,8,1484,2024-08-22,30.38,15.319722222222222,257.824,984.0,100.0,28.6,75.125
SP-00780,FCAST-003117,North,heatwave,4,1041,2023-04-01,5.4,3.0498611111111114,39.439,1001.6,63.1,36.1,74.94722222222222
SP-00780,FCAST-003118,North,tropical_cyclone,11,1277,2023-11-23,30.38,15.524166666666666,255.135,984.5,100.0,28.6,75.14166666666667
SP-00780,FCAST-003119,North,southwest_monsoon,8,1169,2023-08-07,13.5,7.147777777777778,192.984,998.9,100.0,29.6,75.1625
SP-00780,FCAST-003120,North,summer_storm,5,734,2022-05-29,18.9,8.467916666666667,133.667,996.1,99.1,30.54,75.05138888888888
SP-00781,FCAST-003121,North,tropical_cyclone,10,295,2019-10-31,30.38,15.324444444444444,259.579,984.0,100.0,28.6,75.22638888888889
SP-00781,FCAST-003122,North,summer_storm,4,1563,2023-04-21,18.9,8.134583333333333,135.682,996.2,97.3,30.87,74.69027777777778
SP-00781,FCAST-003123,North,heatwave,3,70,2019-03-20,5.4,3.1205555555555557,43.342999999999996,1001.5,62.0,36.1,74.59305555555555
SP-00781,FCAST-003124,North,southwest_monsoon,7,930,2021-07-27,13.5,7.149444444444445,189.719,998.4,99.1,29.6,74.97222222222223
SP-00782,FCAST-003125,North,southwest_monsoon,7,1733,2023-07-13,13.5,7.055694444444445,186.184,998.5,100.0,29.6,74.3736111111111
SP-00782,FCAST-003126,North,tropical_cyclone,8,2138,2024-08-21,30.38,15.319722222222222,254.065,984.2,100.0,28.6,74.65555555555555
SP-00782,FCAST-003127,North,heatwave,4,2003,2024-04-08,5.4,3.285972222222222,46.66,1001.9,63.2,36.1,75.15972222222223
SP-00782,FCAST-003128,North,summer_storm,5,578,2020-05-14,18.9,7.7837499999999995,138.716,996.6,97.7,31.73,75.02638888888889
SP-00783,FCAST-003129,North,summer_storm,5,619,2023-05-13,18.9,7.62236111111111,138.565,996.4,99.4,31.03,75.42083333333333
SP-00783,FCAST-003130,North,heatwave,3,198,2022-03-18,5.4,3.343472222222222,48.975,1001.9,64.4,36.1,75.27777777777777
SP-00783,FCAST-003131,North,southwest_monsoon,8,363,2022-08-30,13.5,7.015277777777778,188.031,999.2,99.3,29.6,75.38055555555555
SP-00783,FCAST-003132,North,tropical_cyclone,10,55,2021-10-26,30.38,15.285416666666666,258.568,984.9,100.0,28.6,75.18333333333334
SP-00784,FCAST-003133,North,summer_storm,4,360,2019-04-15,18.9,8.167083333333332,133.451,996.3,98.5,31.65,75.15555555555555
SP-00784,FCAST-003134,North,heatwave,3,690,2020-03-10,5.4,3.297083333333333,39.009,1002.0,64.4,36.1,75.02916666666667
SP-00784,FCAST-003135,North,tropical_cyclone,11,950,2020-11-25,30.38,15.668194444444444,263.688,983.8,100.0,28.6,74.77777777777777
SP-00784,FCAST-003136,North,southwest_monsoon,9,147,2018-09-14,13.5,7.499305555555555,189.806,998.9,99.1,29.6,75.04027777777777
SP-00785,FCAST-003137,North,tropical_cyclone,9,797,2023-09-26,30.38,15.509166666666667,252.118,984.5,100.0,28.6,74.6875
SP-00785,FCAST-003138,North,summer_storm,5,1040,2024-05-26,18.9,7.894444444444444,139.68,995.8,98.5,31.65,74.65555555555555
SP-00785,FCAST-003139,North,southwest_monsoon,7,712,2023-07-03,13.5,7.260000000000001,188.298,998.6,99.3,29.6,74.95416666666667
SP-00785,FCAST-003140,North,heatwave,3,1344,2025-03-26,5.4,3.174722222222222,41.132,1001.7,62.7,36.1,74.85972222222222
SP-00786,FCAST-003141,North,southwest_monsoon,6,50,2018-06-08,13.5,7.4568055555555555,187.541,999.4,100.0,29.6,74.52222222222223
SP-00786,FCAST-003142,North,summer_storm,5,1494,2022-05-22,18.9,7.878055555555556,135.636,995.9,97.7,31.56,74.98611111111111
SP-00786,FCAST-003143,North,heatwave,3,709,2020-03-28,5.4,3.366388888888889,39.113,1001.7,63.1,36.1,75.09166666666667
SP-00786,FCAST-003144,North,tropical_cyclone,10,180,2018-10-16,30.38,14.88013888888889,262.223,984.4,100.0,28.6,74.6861111111111
SP-00787,FCAST-003145,North,tropical_cyclone,9,263,2020-09-06,30.38,15.41152777777778,262.975,984.3,100.0,28.6,74.88472222222222
SP-00787,FCAST-003146,North,summer_storm,4,849,2022-04-15,18.9,7.9037500000000005,134.39,996.2,96.3,30.79,74.71666666666667
SP-00787,FCAST-003147,North,heatwave,3,1924,2025-03-25,5.4,3.0280555555555555,37.711,1002.1,68.6,36.1,74.83194444444445
SP-00787,FCAST-003148,North,southwest_monsoon,6,178,2020-06-13,13.5,7.444999999999999,188.146,998.7,99.6,29.6,74.94999999999999
SP-00788,FCAST-003149,North,tropical_cyclone,11,274,2020-11-20,30.38,15.473055555555554,254.381,984.5,100.0,28.6,75.08611111111111
SP-00788,FCAST-003150,North,southwest_monsoon,8,1626,2024-08-03,13.5,7.474166666666666,185.849,997.8,99.8,29.6,74.91944444444444
SP-00788,FCAST-003151,North,heatwave,3,23,2020-03-14,5.4,3.215972222222222,48.888,1002.3,64.0,36.02,74.57916666666667
SP-00788,FCAST-003152,North,summer_storm,4,56,2020-04-16,18.9,7.986805555555555,135.028,996.3,97.0,31.33,74.91388888888889
SP-00789,FCAST-003153,North,heatwave,3,226,2022-03-22,5.4,3.1309722222222223,38.237,1001.9,63.5,36.1,75.06666666666666
SP-00789,FCAST-003154,North,summer_storm,4,621,2023-04-21,18.9,8.074722222222222,139.106,995.9,97.9,30.71,75.15555555555555
SP-00789,FCAST-003155,North,southwest_monsoon,8,725,2023-08-03,13.5,7.458749999999999,188.544,999.1,99.4,29.6,74.62916666666666
SP-00789,FCAST-003156,North,tropical_cyclone,11,1195,2024-11-15,30.38,15.270277777777778,259.726,983.5,100.0,28.6,75.05833333333334
SP-00790,FCAST-003157,North,tropical_cyclone,9,1174,2024-09-08,30.38,15.415694444444446,257.992,982.6,100.0,28.6,74.75277777777778
SP-00790,FCAST-003158,North,southwest_monsoon,7,25,2021-07-17,13.5,7.549722222222223,188.089,999.0,99.9,29.6,75.33611111111111
SP-00790,FCAST-003159,North,heatwave,4,672,2023-04-25,5.4,3.1097222222222225,42.4,1001.8,64.3,36.1,74.78333333333333
SP-00790,FCAST-003160,North,summer_storm,4,669,2023-04-22,18.9,7.605833333333333,138.114,996.7,96.8,30.71,75.07916666666667
SP-00791,FCAST-003161,North,summer_storm,4,770,2021-04-02,18.9,7.649722222222222,136.059,996.6,96.1,31.18,74.94444444444444
SP-00791,FCAST-003162,North,heatwave,4,60,2019-04-23,5.4,3.0025,36.162,1001.8,65.3,36.1,74.92361111111111
SP-00791,FCAST-003163,North,southwest_monsoon,8,160,2019-08-01,13.5,7.4463888888888885,181.43,999.2,99.9,29.6,74.71944444444445
SP-00791,FCAST-003164,North,tropical_cyclone,9,2026,2024-09-09,30.38,15.54027777777778,257.835,984.0,100.0,28.6,74.69861111111112
SP-00792,FCAST-003165,North,heatwave,3,1556,2025-03-10,5.4,3.0580555555555557,40.009,1001.7,62.9,36.1,74.85694444444444
SP-00792,FCAST-003166,North,tropical_cyclone,8,256,2021-08-18,30.38,15.375277777777777,257.767,983.9,100.0,28.6,74.96388888888889
SP-00792,FCAST-003167,North,summer_storm,5,901,2023-05-25,18.9,8.016944444444444,131.469,996.3,100.0,31.4,75.00416666666666
SP-00792,FCAST-003168,North,southwest_monsoon,6,1276,2024-06-03,13.5,7.48361111111111,190.747,998.7,99.7,29.6,75.05277777777778
SP-00793,FCAST-003169,North,summer_storm,5,397,2019-05-14,18.9,8.155833333333334,128.811,996.2,98.5,30.86,75.11944444444445
SP-00793,FCAST-003170,North,tropical_cyclone,10,182,2018-10-11,30.38,15.301944444444445,257.936,984.6,100.0,28.6,74.98194444444444
SP-00793,FCAST-003171,North,southwest_monsoon,6,1151,2021-06-06,13.5,7.165277777777778,189.279,998.9,100.0,29.6,74.51249999999999
SP-00793,FCAST-003172,North,heatwave,4,6,2018-04-18,5.4,3.132361111111111,38.402,1001.9,67.1,36.1,75.43055555555556
SP-00794,FCAST-003173,North,summer_storm,4,513,2020-04-21,18.9,8.219444444444443,130.404,995.6,97.1,30.49,74.66388888888889
SP-00794,FCAST-003174,North,heatwave,3,97,2019-03-02,5.4,3.2070833333333333,46.787,1002.2,68.9,36.1,74.76805555555556
SP-00794,FCAST-003175,North,southwest_monsoon,6,1301,2022-06-18,13.5,7.597916666666666,189.382,999.0,100.0,29.6,74.61388888888888
SP-00794,FCAST-003176,North,tropical_cyclone,10,312,2019-10-03,30.38,15.150138888888888,257.456,984.4,100.0,28.6,75.01666666666667
SP-00795,FCAST-003177,North,tropical_cyclone,10,624,2022-10-28,30.38,15.386527777777777,255.588,984.9,100.0,28.6,75.01249999999999
SP-00795,FCAST-003178,North,southwest_monsoon,9,224,2021-09-23,13.5,7.0775,188.834,999.1,100.0,29.6,74.98333333333333
SP-00795,FCAST-003179,North,summer_storm,5,819,2023-05-11,18.9,8.025972222222222,132.84,996.3,97.9,32.37,74.75555555555555
SP-00795,FCAST-003180,North,heatwave,3,393,2022-03-11,5.4,3.22,50.353,1002.1,68.8,36.1,75.03055555555555
SP-00796,FCAST-003181,North,southwest_monsoon,8,1940,2023-08-29,13.5,7.138194444444445,192.537,998.7,100.0,29.6,74.72638888888889
SP-00796,FCAST-003182,North,heatwave,4,347,2019-04-19,5.4,3.2420833333333334,38.074,1001.8,64.1,36.1,74.85416666666667
SP-00796,FCAST-003183,North,summer_storm,5,1111,2021-05-22,18.9,8.18388888888889,129.156,996.1,97.3,31.1,74.89722222222223
SP-00796,FCAST-003184,North,tropical_cyclone,11,184,2018-11-07,30.38,15.282083333333333,265.256,984.6,100.0,28.6,74.98750000000001
SP-00797,FCAST-003185,North,heatwave,3,1240,2025-03-14,5.4,3.1469444444444443,41.61,1001.8,64.3,36.1,75.12083333333334
SP-00797,FCAST-003186,North,tropical_cyclone,9,1069,2024-09-24,30.38,15.33013888888889,257.615,984.1,100.0,28.6,75.13333333333334
SP-00797,FCAST-003187,North,southwest_monsoon,7,997,2024-07-14,13.5,7.145277777777778,188.577,998.6,100.0,29.6,74.95416666666667
SP-00797,FCAST-003188,North,summer_storm,5,559,2023-05-03,18.9,7.6937500000000005,132.064,996.3,100.0,31.22,74.82499999999999
SP-00798,FCAST-003189,North,heatwave,4,1939,2024-04-06,5.4,3.2476388888888885,43.88,1001.2,65.3,36.1,74.93055555555556
SP-00798,FCAST-003190,North,southwest_monsoon,9,2091,2024-09-05,13.5,7.4624999999999995,187.379,999.0,100.0,29.6,74.475
SP-00798,FCAST-003191,North,tropical_cyclone,9,2091,2024-09-05,30.38,15.29888888888889,259.132,983.5,100.0,28.6,74.85972222222222
SP-00798,FCAST-003192,North,summer_storm,5,883,2021-05-16,18.9,8.314166666666667,133.442,995.9,96.5,30.96,74.99166666666666
SP-00799,FCAST-003193,North,heatwave,3,495,2020-03-12,5.4,3.209722222222222,44.568,1001.7,69.2,36.1,74.61666666666666
SP-00799,FCAST-003194,North,summer_storm,5,197,2019-05-19,18.9,8.037916666666668,131.326,996.7,97.0,31.04,74.95972222222223
SP-00799,FCAST-003195,North,tropical_cyclone,11,1839,2023-11-16,30.38,15.450833333333334,254.094,984.0,100.0,28.6,74.46944444444445
SP-00799,FCAST-003196,North,southwest_monsoon,6,213,2019-06-04,13.5,7.159166666666668,188.656,999.0,99.9,29.6,74.7486111111111
SP-00800,FCAST-003197,North,heatwave,3,2472,2025-03-01,5.4,3.1020833333333333,39.203,1001.8,66.0,36.1,75.39166666666667
SP-00800,FCAST-003198,North,summer_storm,5,2171,2024-05-04,18.9,7.495138888888889,128.492,996.6,96.1,30.85,75.06805555555555
SP-00800,FCAST-003199,North,southwest_monsoon,7,2259,2024-07-31,13.5,7.155138888888889,192.132,998.6,100.0,29.6,75.36944444444445
SP-00800,FCAST-003200,North,tropical_cyclone,8,462,2019-08-30,30.38,15.531527777777777,256.706,984.2,100.0,28.6,74.78611111111111
SP-00801,FCAST-003201,North,summer_storm,5,972,2022-05-12,18.9,7.506388888888889,131.919,996.3,98.5,30.96,75.06527777777778
SP-00801,FCAST-003202,North,southwest_monsoon,9,1469,2023-09-21,13.5,7.387638888888889,190.938,998.2,98.5,29.6,75.3375
SP-00801,FCAST-003203,North,heatwave,3,1638,2024-03-08,5.4,3.194583333333333,38.914,1001.6,64.5,36.1,74.85416666666667
SP-00801,FCAST-003204,North,tropical_cyclone,8,715,2021-08-28,30.38,15.285833333333333,257.599,984.5,100.0,28.6,74.59722222222223
SP-00802,FCAST-003205,North,heatwave,4,374,2021-04-11,5.4,2.9941666666666666,43.939,1001.6,64.6,36.1,75.04166666666667
SP-00802,FCAST-003206,North,summer_storm,5,412,2021-05-19,18.9,8.00875,130.16,996.4,97.3,31.37,74.90416666666667
SP-00802,FCAST-003207,North,southwest_monsoon,7,1572,2024-07-22,13.5,7.370555555555555,191.87,999.3,100.0,29.6,74.75694444444444
SP-00802,FCAST-003208,North,tropical_cyclone,10,1299,2023-10-23,30.38,15.276111111111113,253.377,983.8,100.0,28.6,74.89166666666667
SP-00803,FCAST-003209,North,heatwave,3,741,2020-03-22,5.4,3.1344444444444446,48.798,1001.9,66.4,36.1,75.23611111111111
SP-00803,FCAST-003210,North,tropical_cyclone,8,1258,2021-08-21,30.38,15.664305555555554,255.52100000000002,983.5,100.0,28.6,75.11666666666666
SP-00803,FCAST-003211,North,summer_storm,4,42,2018-04-23,18.9,8.278333333333332,130.243,996.2,98.4,30.84,75.31527777777778
SP-00803,FCAST-003212,North,southwest_monsoon,6,841,2020-06-30,13.5,7.5368055555555555,191.021,998.7,99.7,29.6,75.15694444444445
SP-00804,FCAST-003213,North,tropical_cyclone,10,2311,2024-10-25,30.38,15.41152777777778,255.483,984.3,100.0,28.6,75.02777777777777
SP-00804,FCAST-003214,North,summer_storm,5,1775,2023-05-08,18.9,7.957916666666667,131.721,996.0,98.4,31.25,74.84305555555555
SP-00804,FCAST-003215,North,southwest_monsoon,9,797,2020-09-02,13.5,7.382777777777777,187.631,998.4,99.4,29.6,75.14583333333333
SP-00804,FCAST-003216,North,heatwave,4,665,2020-04-23,5.4,3.13375,45.091,1002.3,62.9,36.1,74.88333333333334
SP-00805,FCAST-003217,North,summer_storm,5,257,2019-05-03,18.9,7.7468055555555555,132.024,996.4,98.1,31.67,74.79722222222222
SP-00805,FCAST-003218,North,southwest_monsoon,9,1126,2021-09-18,13.5,7.346527777777778,190.329,999.3,99.2,29.6,74.88749999999999
SP-00805,FCAST-003219,North,heatwave,4,600,2020-04-10,5.4,3.2430555555555554,44.0,1001.8,63.8,36.1,74.49444444444445
SP-00805,FCAST-003220,North,tropical_cyclone,9,389,2019-09-12,30.38,15.229722222222222,258.657,983.8,100.0,28.6,75.22916666666667
SP-00806,FCAST-003221,North,southwest_monsoon,8,996,2024-08-13,13.5,7.417083333333333,189.611,998.8,100.0,29.6,74.96666666666667
SP-00806,FCAST-003222,North,tropical_cyclone,8,624,2023-08-07,30.38,15.816666666666666,259.759,984.3,100.0,28.6,74.63333333333334
SP-00806,FCAST-003223,North,summer_storm,5,900,2024-05-09,18.9,7.960555555555555,135.777,996.1,96.6,31.26,75.53888888888889
SP-00806,FCAST-003224,North,heatwave,3,858,2024-03-28,5.4,3.269722222222222,48.944,1002.0,61.9,36.1,75.0375
SP-00807,FCAST-003225,North,tropical_cyclone,11,721,2023-11-28,30.38,15.220694444444446,257.223,984.0,100.0,28.6,74.46944444444445
SP-00807,FCAST-003226,North,summer_storm,4,847,2024-04-02,18.9,7.908055555555555,137.327,996.1,97.0,31.47,74.82222222222222
SP-00807,FCAST-003227,North,southwest_monsoon,8,980,2024-08-13,13.5,7.354722222222222,188.568,998.5,99.8,29.6,74.76944444444445
SP-00807,FCAST-003228,North,heatwave,3,459,2023-03-11,5.4,3.3426388888888887,41.988,1002.0,62.4,36.1,74.98611111111111
SP-00808,FCAST-003229,North,southwest_monsoon,7,1665,2024-07-15,13.5,7.039583333333333,190.67,998.7,99.1,29.6,75.00833333333334
SP-00808,FCAST-003230,North,summer_storm,4,1204,2023-04-11,18.9,7.944722222222222,144.107,996.3,97.7,30.6,74.66111111111111
SP-00808,FCAST-003231,North,heatwave,4,844,2022-04-16,5.4,3.2276388888888885,39.058,1001.8,61.9,36.1,75.09444444444445
SP-00808,FCAST-003232,North,tropical_cyclone,8,236,2020-08-16,30.38,15.12013888888889,255.45499999999998,984.0,100.0,28.6,75.22777777777777
SP-00809,FCAST-003233,North,heatwave,3,1331,2023-03-18,5.4,3.230138888888889,45.425,1002.1,64.1,36.1,74.73611111111111
SP-00809,FCAST-003234,North,southwest_monsoon,8,12,2019-08-07,13.5,7.417083333333333,187.392,999.2,100.0,29.6,75.20277777777778
SP-00809,FCAST-003235,North,tropical_cyclone,10,455,2020-10-23,30.38,15.221527777777778,254.706,984.3,99.2,28.6,74.6888888888889
SP-00809,FCAST-003236,North,summer_storm,5,1030,2022-05-21,18.9,8.07402777777778,130.595,996.3,98.0,31.36,75.13472222222222
SP-00810,FCAST-003237,North,tropical_cyclone,10,65,2021-10-15,30.38,15.393194444444443,260.006,984.8,100.0,28.6,74.85
SP-00810,FCAST-003238,North,heatwave,3,947,2024-03-15,5.4,3.011111111111111,49.597,1002.1,64.7,36.1,74.71666666666667
SP-00810,FCAST-003239,North,summer_storm,5,639,2023-05-12,18.9,8.222638888888888,139.247,996.3,98.1,31.51,74.84722222222223
SP-00810,FCAST-003240,North,southwest_monsoon,8,725,2023-08-06,13.5,7.223333333333334,184.09,998.3,99.7,29.6,75.11250000000001
SP-00811,FCAST-003241,North,heatwave,4,700,2021-04-24,5.4,3.114305555555555,46.652,1001.8,63.3,36.1,74.61388888888888
SP-00811,FCAST-003242,North,tropical_cyclone,8,1538,2023-08-10,30.38,15.375416666666666,256.101,984.2,100.0,28.6,75.15138888888889
SP-00811,FCAST-003243,North,summer_storm,5,1832,2024-05-30,18.9,7.9208333333333325,129.24099999999999,996.6,99.2,31.18,74.95833333333333
SP-00811,FCAST-003244,North,southwest_monsoon,6,401,2020-06-29,13.5,7.2924999999999995,186.304,998.6,100.0,29.6,75.04444444444444
SP-00812,FCAST-003245,North,summer_storm,4,2133,2024-04-12,18.9,8.2,138.433,996.3,97.4,31.21,75.26944444444445
SP-00812,FCAST-003246,North,southwest_monsoon,6,1845,2023-06-29,13.5,7.375416666666666,193.024,999.0,99.6,29.6,75.33472222222223
SP-00812,FCAST-003247,North,tropical_cyclone,8,1161,2021-08-14,30.38,15.320138888888888,258.239,984.3,100.0,28.6,75.39722222222223
SP-00812,FCAST-003248,North,heatwave,3,1011,2021-03-17,5.4,3.0743055555555556,44.589,1001.8,64.6,36.1,75.07083333333334
SP-00813,FCAST-003249,North,heatwave,3,886,2023-03-04,5.4,3.3694444444444445,37.674,1001.3,64.0,36.1,74.90416666666667
SP-00813,FCAST-003250,North,tropical_cyclone,10,9,2020-10-08,30.38,15.422361111111112,260.863,984.3,100.0,28.6,74.80833333333334
SP-00813,FCAST-003251,North,summer_storm,5,220,2021-05-07,18.9,7.739305555555556,131.834,996.4,97.8,30.81,75.17916666666666
SP-00813,FCAST-003252,North,southwest_monsoon,9,363,2021-09-27,13.5,7.658055555555555,186.142,999.2,100.0,29.6,74.84166666666667
SP-00814,FCAST-003253,North,summer_storm,5,68,2020-05-11,18.9,8.027777777777779,130.235,996.5,100.0,30.08,74.95833333333333
SP-00814,FCAST-003254,North,heatwave,3,732,2022-03-06,5.4,3.1418055555555555,48.054,1001.5,65.6,36.1,74.91388888888889
SP-00814,FCAST-003255,North,tropical_cyclone,10,1332,2023-10-27,30.38,15.52638888888889,259.875,984.2,100.0,28.6,74.77638888888889
SP-00814,FCAST-003256,North,southwest_monsoon,8,525,2021-08-11,13.5,7.385972222222222,188.231,999.1,99.5,29.6,74.60416666666667
SP-00815,FCAST-003257,North,southwest_monsoon,8,1852,2024-08-30,13.5,7.540555555555555,190.866,998.9,100.0,29.6,75.1236111111111
SP-00815,FCAST-003258,North,summer_storm,5,664,2021-05-30,18.9,7.902916666666666,136.462,996.2,96.5,32.37,75.10555555555555
SP-00815,FCAST-003259,North,heatwave,4,1358,2023-04-24,5.4,3.3320833333333333,47.292,1002.0,62.8,36.1,74.84861111111111
SP-00815,FCAST-003260,North,tropical_cyclone,9,1496,2023-09-09,30.38,15.689166666666665,258.455,983.1,100.0,28.6,75.34027777777777
SP-00816,FCAST-003261,North,heatwave,4,518,2023-04-20,5.4,2.933611111111111,41.31,1001.2,63.1,36.1,75.21666666666667
SP-00816,FCAST-003262,North,summer_storm,5,553,2023-05-25,18.9,7.536111111111111,137.033,996.3,99.4,31.25,74.91944444444444
SP-00816,FCAST-003263,North,tropical_cyclone,10,683,2023-10-02,30.38,15.521805555555554,252.586,984.0,100.0,28.6,75.05000000000001
SP-00816,FCAST-003264,North,southwest_monsoon,8,641,2023-08-21,13.5,7.349027777777778,191.134,999.0,99.9,29.6,75.16805555555555
SP-00817,FCAST-003265,North,summer_storm,5,248,2019-05-14,18.9,7.979722222222222,138.3,996.7,96.5,31.56,74.71666666666667
SP-00817,FCAST-003266,North,tropical_cyclone,10,1849,2023-10-01,30.38,14.979166666666666,257.999,983.7,100.0,28.6,74.94999999999999
SP-00817,FCAST-003267,North,heatwave,4,1321,2022-04-21,5.4,3.342083333333333,45.324,1002.0,66.5,36.1,75.04861111111111
SP-00817,FCAST-003268,North,southwest_monsoon,7,1401,2022-07-10,13.5,7.304027777777778,190.941,998.4,99.4,29.6,74.85277777777777
SP-00818,FCAST-003269,North,heatwave,4,573,2022-04-24,5.4,3.0083333333333333,45.402,1001.9,64.5,36.1,75.07777777777778
SP-00818,FCAST-003270,North,southwest_monsoon,9,1087,2023-09-20,13.5,7.505,188.496,998.7,100.0,29.6,75.04027777777777
SP-00818,FCAST-003271,North,summer_storm,4,1294,2024-04-14,18.9,8.520694444444445,129.349,996.4,96.3,30.87,75.51388888888889
SP-00818,FCAST-003272,North,tropical_cyclone,10,1118,2023-10-21,30.38,15.45138888888889,257.751,984.4,100.0,28.6,75.35138888888889
SP-00819,FCAST-003273,North,southwest_monsoon,8,1647,2024-08-22,13.5,7.204722222222222,191.413,999.0,99.3,29.6,75.10416666666667
SP-00819,FCAST-003274,North,summer_storm,4,409,2021-04-02,18.9,8.104027777777778,134.732,996.5,97.7,30.95,75.35416666666667
SP-00819,FCAST-003275,North,heatwave,4,1154,2023-04-17,5.4,3.2779166666666666,41.887,1001.7,61.4,36.1,75.33055555555556
SP-00819,FCAST-003276,North,tropical_cyclone,11,1363,2023-11-12,30.38,15.481666666666667,254.125,984.1,100.0,28.6,75.14722222222223
SP-00820,FCAST-003277,North,summer_storm,5,1695,2023-05-10,18.9,7.627916666666668,129.346,996.0,97.5,30.85,75.22361111111111
SP-00820,FCAST-003278,North,tropical_cyclone,11,1148,2021-11-09,30.38,15.201666666666666,257.864,984.5,100.0,28.6,74.97916666666667
SP-00820,FCAST-003279,North,southwest_monsoon,9,2191,2024-09-17,13.5,7.05875,193.785,999.0,100.0,29.6,75.17916666666666
SP-00820,FCAST-003280,North,heatwave,3,1636,2023-03-12,5.4,3.104861111111111,45.287,1002.0,64.0,36.1,75.07361111111112
SP-00821,FCAST-003281,North,summer_storm,5,1467,2023-05-07,18.9,7.96611111111111,135.105,996.7,98.5,30.8,75.24305555555556
SP-00821,FCAST-003282,North,heatwave,3,323,2020-03-19,5.4,3.214861111111111,45.157,1002.1,66.9,36.1,75.33055555555556
SP-00821,FCAST-003283,North,tropical_cyclone,11,1659,2023-11-15,30.38,15.307500000000001,258.198,983.7,100.0,28.6,74.85972222222222
SP-00821,FCAST-003284,North,southwest_monsoon,8,461,2020-08-04,13.5,7.208888888888889,186.624,998.8,100.0,29.6,75.26388888888889
SP-00822,FCAST-003285,North,summer_storm,5,710,2023-05-19,18.9,7.942222222222223,138.132,996.3,96.8,31.34,75.09722222222223
SP-00822,FCAST-003286,North,heatwave,3,1007,2024-03-11,5.4,3.118611111111111,45.429,1002.1,64.8,36.1,75.12777777777778
SP-00822,FCAST-003287,North,southwest_monsoon,7,407,2022-07-20,13.5,7.17375,186.474,998.8,100.0,29.6,74.99166666666666
SP-00822,FCAST-003288,North,tropical_cyclone,9,468,2022-09-19,30.38,15.563472222222222,252.661,984.6,100.0,28.6,75.0625
SP-00823,FCAST-003289,North,heatwave,3,1238,2024-03-31,5.4,3.2649999999999997,42.988,1001.7,62.3,36.1,75.10833333333333
SP-00823,FCAST-003290,North,summer_storm,5,182,2021-05-10,18.9,8.11625,128.71699999999998,996.0,97.3,31.13,74.84722222222223
SP-00823,FCAST-003291,North,tropical_cyclone,10,334,2021-10-09,30.38,15.114027777777778,259.716,983.6,100.0,28.6,74.83194444444445
SP-00823,FCAST-003292,North,southwest_monsoon,6,1322,2024-06-23,13.5,7.229583333333333,191.292,998.6,99.9,29.6,74.73194444444444
SP-00824,FCAST-003293,North,tropical_cyclone,11,740,2021-11-24,30.38,15.166805555555555,260.344,984.1,100.0,28.6,75.05555555555556
SP-00824,FCAST-003294,North,summer_storm,4,523,2021-04-21,18.9,7.665277777777778,121.17699999999999,996.0,98.4,31.09,74.88749999999999
SP-00824,FCAST-003295,North,southwest_monsoon,8,1013,2022-08-24,13.5,7.052222222222222,193.499,999.2,98.2,29.6,74.96805555555555
SP-00824,FCAST-003296,North,heatwave,4,1601,2024-04-03,5.4,2.9091666666666667,45.173,1001.8,64.0,36.1,74.92361111111111
SP-00825,FCAST-003297,North,summer_storm,4,1121,2024-04-06,18.9,8.3725,127.152,996.4,97.0,31.25,75.27638888888889
SP-00825,FCAST-003298,North,heatwave,3,1465,2025-03-16,5.4,3.044166666666667,40.284,1001.2,62.1,36.1,74.85972222222222
SP-00825,FCAST-003299,North,tropical_cyclone,9,181,2021-09-09,30.38,15.618333333333332,262.313,984.4,100.0,28.6,74.86250000000001
SP-00825,FCAST-003300,North,southwest_monsoon,8,876,2023-08-05,13.5,7.353750000000001,186.926,998.8,100.0,29.6,75.40555555555555
SP-00826,FCAST-003301,North,tropical_cyclone,9,1113,2024-09-25,30.38,15.776805555555557,254.355,984.1,100.0,28.6,75.07361111111112
SP-00826,FCAST-003302,North,heatwave,3,1285,2025-03-16,5.4,3.288472222222222,40.634,1002.1,62.2,36.1,74.95416666666667
SP-00826,FCAST-003303,North,summer_storm,5,609,2023-05-10,18.9,8.20111111111111,131.638,996.1,97.8,31.03,74.9375
SP-00826,FCAST-003304,North,southwest_monsoon,9,745,2023-09-23,13.5,7.1937500000000005,195.964,998.2,99.9,29.6,75.66111111111111
SP-00827,FCAST-003305,North,summer_storm,5,519,2023-05-16,18.9,8.05888888888889,133.707,995.9,97.5,31.19,74.76944444444445
SP-00827,FCAST-003306,North,southwest_monsoon,8,261,2022-08-31,13.5,7.2225,182.164,999.0,99.9,29.6,75.06666666666666
SP-00827,FCAST-003307,North,tropical_cyclone,8,261,2022-08-31,30.38,15.212083333333332,253.768,984.6,100.0,28.6,74.92500000000001
SP-00827,FCAST-003308,North,heatwave,3,82,2022-03-05,5.4,3.0356944444444443,42.075,1001.7,63.9,36.1,74.97222222222223
SP-00828,FCAST-003309,North,tropical_cyclone,11,4,2019-11-10,30.38,15.308194444444446,263.901,984.2,100.0,28.6,74.81666666666666
SP-00828,FCAST-003310,North,southwest_monsoon,6,1675,2024-06-07,13.5,7.145833333333333,190.889,998.2,99.6,29.6,75.14027777777778
SP-00828,FCAST-003311,North,heatwave,4,155,2020-04-09,5.4,3.123333333333333,45.154,1001.1,65.3,36.1,74.94305555555555
SP-00828,FCAST-003312,North,summer_storm,5,1667,2024-05-30,18.9,7.785972222222223,135.294,996.4,96.6,32.38,74.94166666666666
SP-00829,FCAST-003313,North,heatwave,3,468,2022-03-09,5.4,3.138611111111111,43.86,1002.0,63.4,36.1,74.90555555555555
SP-00829,FCAST-003314,North,summer_storm,4,138,2021-04-13,18.9,7.414027777777777,132.424,996.3,96.0,31.1,74.97083333333333
SP-00829,FCAST-003315,North,tropical_cyclone,9,1392,2024-09-18,30.38,15.421249999999999,258.495,983.8,100.0,28.6,75.09722222222223
SP-00829,FCAST-003316,North,southwest_monsoon,7,1323,2024-07-11,13.5,7.409027777777778,191.342,998.9,99.0,29.6,75.27222222222223
SP-00830,FCAST-003317,North,heatwave,3,2241,2025-03-21,5.4,2.8943055555555555,46.447,1002.0,65.4,36.1,74.88611111111112
SP-00830,FCAST-003318,North,summer_storm,5,1555,2023-05-05,18.9,7.869722222222222,129.03300000000002,996.9,96.8,31.1,74.83888888888889
SP-00830,FCAST-003319,North,southwest_monsoon,7,543,2020-07-27,13.5,7.216944444444445,186.623,998.9,100.0,29.6,75.10138888888889
SP-00830,FCAST-003320,North,tropical_cyclone,8,2010,2024-08-02,30.38,15.48611111111111,253.185,984.6,100.0,28.6,75.26805555555556
SP-00831,FCAST-003321,North,heatwave,3,544,2022-03-02,5.4,3.220416666666667,46.156,1002.1,65.1,36.1,74.90694444444445
SP-00831,FCAST-003322,North,tropical_cyclone,8,1437,2024-08-11,30.38,15.193750000000001,255.685,983.7,100.0,28.6,74.9361111111111
SP-00831,FCAST-003323,North,summer_storm,4,1329,2024-04-25,18.9,8.012638888888889,134.516,995.9,98.1,31.51,74.85138888888889
SP-00831,FCAST-003324,North,southwest_monsoon,9,1476,2024-09-19,13.5,7.402777777777778,184.925,998.9,100.0,29.6,74.88888888888889
SP-00832,FCAST-003325,North,heatwave,4,867,2024-04-13,5.4,3.135,47.58,1002.1,62.2,36.1,74.75833333333334
SP-00832,FCAST-003326,North,tropical_cyclone,9,656,2023-09-15,30.38,15.406527777777777,259.526,984.8,100.0,28.6,75.14861111111111
SP-00832,FCAST-003327,North,summer_storm,5,520,2023-05-02,18.9,8.038194444444445,132.475,996.3,96.8,30.9,75.26249999999999
SP-00832,FCAST-003328,North,southwest_monsoon,9,1033,2024-09-26,13.5,7.234999999999999,190.852,998.6,100.0,29.6,74.76666666666667
SP-00833,FCAST-003329,North,southwest_monsoon,9,1018,2023-09-13,13.5,7.398750000000001,185.532,998.7,100.0,29.6,74.9986111111111
SP-00833,FCAST-003330,North,heatwave,3,480,2022-03-24,5.4,3.1063888888888886,44.554,1001.5,62.3,36.1,75.39722222222223
SP-00833,FCAST-003331,North,tropical_cyclone,11,725,2022-11-24,30.38,15.58111111111111,257.253,984.3,100.0,28.6,75.30972222222222
SP-00833,FCAST-003332,North,summer_storm,5,163,2021-05-11,18.9,7.855277777777778,130.871,996.2,96.8,31.73,74.91666666666667
SP-00834,FCAST-003333,North,southwest_monsoon,8,2030,2024-08-29,13.5,6.99375,192.278,998.8,100.0,29.6,75.19305555555555
SP-00834,FCAST-003334,North,summer_storm,5,1931,2024-05-22,18.9,8.10375,131.81,996.5,96.7,31.61,74.97777777777777
SP-00834,FCAST-003335,North,tropical_cyclone,9,1322,2022-09-21,30.38,15.363194444444446,256.84,984.6,100.0,28.6,75.03055555555555
SP-00834,FCAST-003336,North,heatwave,3,1856,2024-03-08,5.4,3.151944444444444,40.815,1002.1,63.9,36.1,74.88194444444444
SP-00835,FCAST-003337,North,southwest_monsoon,8,1431,2022-08-20,13.5,7.048472222222222,186.12199999999999,998.7,98.9,29.6,75.01249999999999
SP-00835,FCAST-003338,North,tropical_cyclone,10,1482,2022-10-10,30.38,15.449305555555554,261.673,983.9,100.0,28.6,74.8138888888889
SP-00835,FCAST-003339,North,summer_storm,4,1292,2022-04-03,18.9,7.811111111111111,131.62800000000001,996.2,96.5,30.69,75.11250000000001
SP-00835,FCAST-003340,North,heatwave,3,1280,2022-03-22,5.4,3.2276388888888885,42.528999999999996,1001.6,63.4,36.1,75.39583333333333
SP-00836,FCAST-003341,North,tropical_cyclone,8,2034,2024-08-20,30.38,15.319861111111111,255.154,983.7,100.0,28.6,74.90416666666667
SP-00836,FCAST-003342,North,heatwave,4,95,2019-04-30,5.4,3.0320833333333335,43.587,1001.9,63.0,36.1,75.15833333333333
SP-00836,FCAST-003343,North,summer_storm,4,1535,2023-04-09,18.9,7.918472222222222,138.063,996.1,97.2,31.46,74.59861111111111
SP-00836,FCAST-003344,North,southwest_monsoon,8,1656,2023-08-08,13.5,7.223055555555555,190.745,999.1,100.0,29.6,75.04583333333333
SP-00837,FCAST-003345,North,tropical_cyclone,9,295,2021-09-22,30.38,15.27236111111111,252.19,984.5,100.0,28.6,75.00972222222222
SP-00837,FCAST-003346,North,heatwave,4,488,2022-04-03,5.4,3.1822222222222223,49.418,1000.6,66.1,36.1,75.20555555555556
SP-00837,FCAST-003347,North,summer_storm,4,855,2023-04-05,18.9,8.319305555555555,138.29500000000002,996.0,98.2,30.8,74.8125
SP-00837,FCAST-003348,North,southwest_monsoon,9,1025,2023-09-22,13.5,7.186944444444445,188.136,999.1,99.9,29.6,74.76666666666667
SP-00838,FCAST-003349,North,southwest_monsoon,9,1334,2024-09-12,13.5,7.322638888888889,190.754,998.9,99.3,29.6,75.17083333333333
SP-00838,FCAST-003350,North,heatwave,3,788,2023-03-16,5.4,3.3359722222222223,43.699,1001.9,66.1,36.1,74.94444444444444
SP-00838,FCAST-003351,North,summer_storm,4,826,2023-04-23,18.9,8.228611111111112,137.853,996.1,98.8,31.91,74.88472222222222
SP-00838,FCAST-003352,North,tropical_cyclone,9,610,2022-09-19,30.38,15.448749999999999,256.427,984.4,100.0,28.6,75.06527777777778
SP-00839,FCAST-003353,North,heatwave,3,2517,2025-03-05,5.4,3.350972222222222,47.305,1001.5,62.3,36.1,74.875
SP-00839,FCAST-003354,North,summer_storm,5,2236,2024-05-28,18.9,7.564027777777778,134.966,996.2,95.7,30.72,74.89166666666667
SP-00839,FCAST-003355,North,southwest_monsoon,9,523,2019-09-19,13.5,7.387916666666666,188.965,999.1,99.8,29.6,74.87222222222222
SP-00839,FCAST-003356,North,tropical_cyclone,9,1265,2021-09-30,30.38,15.357777777777777,255.254,984.5,100.0,28.6,75.29722222222222
SP-00840,FCAST-003357,North,heatwave,3,170,2021-03-31,5.4,3.0990277777777777,42.87,1001.9,67.8,36.1,74.92222222222222
SP-00840,FCAST-003358,North,tropical_cyclone,8,663,2022-08-06,30.38,15.116944444444446,255.294,984.6,100.0,28.6,74.96805555555555
SP-00840,FCAST-003359,North,summer_storm,5,582,2022-05-17,18.9,7.677638888888889,140.258,996.2,97.3,31.08,75.27222222222223
SP-00840,FCAST-003360,North,southwest_monsoon,9,718,2022-09-30,13.5,7.022638888888888,188.59799999999998,999.4,99.6,29.6,75.03472222222223
SP-00841,FCAST-003361,Central,tropical_cyclone,8,394,2022-08-03,23.62,12.009305555555555,218.439,989.4,100.0,32.0,75.10972222222222
SP-00841,FCAST-003362,Central,summer_storm,5,1053,2024-05-23,14.7,5.910972222222222,105.438,1001.5,97.4,34.5,75.20277777777778
SP-00841,FCAST-003363,Central,heatwave,3,239,2022-03-01,4.2,2.3240277777777774,44.661,1006.7,66.8,39.5,74.76527777777778
SP-00841,FCAST-003364,Central,southwest_monsoon,8,35,2021-08-09,10.5,5.782777777777778,147.802,1003.6,100.0,33.0,75.32916666666667
SP-00842,FCAST-003365,Central,summer_storm,4,31,2020-04-15,14.7,6.54111111111111,112.468,1000.5,96.7,34.99,74.775
SP-00842,FCAST-003366,Central,heatwave,3,1827,2025-03-16,4.2,2.392361111111111,43.929,1007.0,70.7,39.5,74.91527777777777
SP-00842,FCAST-003367,Central,southwest_monsoon,9,1266,2023-09-02,10.5,5.323888888888889,140.603,1003.7,100.0,33.0,75.0611111111111
SP-00842,FCAST-003368,Central,tropical_cyclone,10,1689,2024-10-29,23.62,12.111527777777777,219.737,989.1,100.0,32.0,75.38888888888889
SP-00843,FCAST-003369,Central,tropical_cyclone,9,2045,2024-09-12,23.62,12.030972222222223,213.212,988.8,99.8,32.0,75.01944444444445
SP-00843,FCAST-003370,Central,summer_storm,4,1515,2023-04-01,14.7,5.932777777777777,110.798,1001.1,97.8,34.0,74.7875
SP-00843,FCAST-003371,Central,southwest_monsoon,9,1696,2023-09-29,10.5,5.875694444444445,141.465,1003.6,100.0,33.0,74.28055555555555
SP-00843,FCAST-003372,Central,heatwave,4,71,2019-04-18,4.2,2.395,37.68,1006.7,64.4,39.5,74.47361111111111
SP-00844,FCAST-003373,Central,tropical_cyclone,8,53,2019-08-02,23.62,12.175555555555555,219.499,988.9,100.0,32.0,75.17638888888888
SP-00844,FCAST-003374,Central,southwest_monsoon,9,1549,2023-09-06,10.5,5.474027777777778,148.533,1003.4,99.4,33.0,75.38194444444444
SP-00844,FCAST-003375,Central,heatwave,4,672,2021-04-12,4.2,2.1812500000000004,38.978,1006.3,64.6,39.5,75.04583333333333
SP-00844,FCAST-003376,Central,summer_storm,4,1035,2022-04-10,14.7,6.502361111111111,105.83,1000.9,97.6,35.34,75.16111111111111
SP-00845,FCAST-003377,Central,heatwave,3,1325,2023-03-11,4.2,2.472916666666667,43.716,1006.7,66.0,39.5,75.1263888888889
SP-00845,FCAST-003378,Central,summer_storm,5,1378,2023-05-03,14.7,5.939027777777778,111.589,1001.0,98.4,35.22,74.85972222222222
SP-00845,FCAST-003379,Central,southwest_monsoon,7,1085,2022-07-14,10.5,5.46875,143.447,1003.7,99.7,33.0,74.29861111111111
SP-00845,FCAST-003380,Central,tropical_cyclone,9,787,2021-09-19,23.62,12.030277777777776,218.597,989.0,100.0,32.0,75.13333333333334
SP-00846,FCAST-003381,Central,southwest_monsoon,8,1583,2024-08-30,10.5,5.75625,149.392,1004.3,100.0,33.0,74.81527777777778
SP-00846,FCAST-003382,Central,tropical_cyclone,9,1228,2023-09-10,23.62,12.120555555555555,212.393,989.1,100.0,32.0,74.89583333333333
SP-00846,FCAST-003383,Central,summer_storm,4,704,2022-04-04,14.7,6.089305555555556,103.745,1001.1,97.8,34.58,75.21805555555555
SP-00846,FCAST-003384,Central,heatwave,3,677,2022-03-08,4.2,2.4206944444444445,47.632,1006.8,65.5,39.5,74.85555555555555
SP-00847,FCAST-003385,Central,southwest_monsoon,6,391,2021-06-20,10.5,5.653611111111111,154.738,1003.9,100.0,33.0,74.62222222222222
SP-00847,FCAST-003386,Central,tropical_cyclone,9,837,2022-09-09,23.62,11.887777777777778,219.012,988.9,100.0,32.0,74.94166666666666
SP-00847,FCAST-003387,Central,summer_storm,5,1456,2024-05-20,14.7,6.188194444444445,111.71600000000001,1000.9,96.6,34.23,75.07083333333334
SP-00847,FCAST-003388,Central,heatwave,3,1400,2024-03-25,4.2,2.2181944444444444,37.357,1007.0,66.3,39.5,75.21944444444445
SP-00848,FCAST-003389,Central,tropical_cyclone,10,1655,2022-10-31,23.62,11.982916666666666,214.584,989.6,100.0,32.0,75.30138888888888
SP-00848,FCAST-003390,Central,heatwave,3,321,2019-03-07,4.2,2.462361111111111,43.666,1007.1,64.6,39.5,75.1236111111111
SP-00848,FCAST-003391,Central,summer_storm,5,394,2019-05-19,14.7,5.852222222222222,107.213,1000.8,97.7,34.42,74.75833333333334
SP-00848,FCAST-003392,Central,southwest_monsoon,8,127,2018-08-25,10.5,5.503888888888889,151.229,1003.7,100.0,33.0,75.47222222222223
SP-00849,FCAST-003393,Central,heatwave,3,970,2023-03-02,4.2,2.352222222222222,37.877,1007.1,65.5,39.5,75.08888888888889
SP-00849,FCAST-003394,Central,tropical_cyclone,9,446,2021-09-24,23.62,12.202916666666667,219.65,989.4,100.0,32.0,75.16111111111111
SP-00849,FCAST-003395,Central,southwest_monsoon,6,721,2022-06-26,10.5,5.497083333333333,145.518,1004.0,99.7,33.0,75.29722222222222
SP-00849,FCAST-003396,Central,summer_storm,5,688,2022-05-24,14.7,6.467777777777778,108.634,1001.4,98.7,34.93,75.0638888888889
SP-00850,FCAST-003397,Central,tropical_cyclone,10,546,2019-10-30,23.62,11.814583333333333,214.49,989.1,100.0,32.0,74.88194444444444
SP-00850,FCAST-003398,Central,heatwave,4,1823,2023-04-29,4.2,2.497916666666667,42.123,1006.4,67.3,39.5,75.16944444444444
SP-00850,FCAST-003399,Central,summer_storm,5,1099,2021-05-05,14.7,6.588611111111111,105.867,1000.8,99.0,34.47,75.30694444444445
SP-00850,FCAST-003400,Central,southwest_monsoon,9,129,2018-09-08,10.5,5.6218055555555555,142.304,1003.8,100.0,33.0,74.78055555555555
SP-00851,FCAST-003401,Central,summer_storm,4,154,2021-04-21,14.7,5.960972222222222,108.447,1001.0,97.3,34.61,75.03472222222223
SP-00851,FCAST-003402,Central,heatwave,3,475,2022-03-08,4.2,2.4051388888888887,40.495,1006.7,66.8,39.5,74.57638888888889
SP-00851,FCAST-003403,Central,southwest_monsoon,6,223,2021-06-29,10.5,5.648333333333333,150.62,1004.2,100.0,33.0,74.79305555555555
SP-00851,FCAST-003404,Central,tropical_cyclone,11,722,2022-11-10,23.62,11.880833333333333,220.02,989.7,100.0,32.0,75.29583333333333
SP-00852,FCAST-003405,Central,southwest_monsoon,9,856,2020-09-04,10.5,5.577361111111111,148.12,1003.7,100.0,33.0,74.95277777777778
SP-00852,FCAST-003406,Central,tropical_cyclone,10,529,2019-10-13,23.62,11.874444444444444,215.285,989.5,100.0,32.0,75.16944444444444
SP-00852,FCAST-003407,Central,summer_storm,5,1480,2022-05-21,14.7,6.138194444444444,111.027,1001.4,97.4,34.23,75.14305555555556
SP-00852,FCAST-003408,Central,heatwave,3,2520,2025-03-26,4.2,2.291944444444445,40.079,1007.1,70.1,39.5,74.85138888888889
SP-00853,FCAST-003409,Central,summer_storm,4,453,2021-04-03,14.7,6.1002777777777775,107.993,1001.6,97.4,34.46,74.96666666666667
SP-00853,FCAST-003410,Central,heatwave,4,461,2021-04-11,4.2,2.4231944444444444,54.524,1006.4,66.2,39.5,75.05277777777778
SP-00853,FCAST-003411,Central,southwest_monsoon,8,1318,2023-08-16,10.5,5.6691666666666665,150.227,1003.0,98.8,33.0,74.8763888888889
SP-00853,FCAST-003412,Central,tropical_cyclone,9,998,2022-09-30,23.62,11.783472222222223,218.961,989.2,99.7,32.0,75.28333333333333
SP-00854,FCAST-003413,Central,heatwave,4,542,2021-04-25,4.2,2.4131944444444446,45.734,1007.2,64.8,39.5,74.58194444444445
SP-00854,FCAST-003414,Central,southwest_monsoon,7,1727,2024-07-23,10.5,5.537222222222223,145.523,1004.3,100.0,33.0,74.83611111111111
SP-00854,FCAST-003415,Central,summer_storm,5,188,2020-05-06,14.7,6.46,107.449,1001.6,98.8,35.44,75.35277777777777
SP-00854,FCAST-003416,Central,tropical_cyclone,11,1834,2024-11-07,23.62,11.82986111111111,220.178,989.1,100.0,32.0,75.35555555555555
SP-00855,FCAST-003417,Central,tropical_cyclone,11,814,2022-11-19,23.62,11.917361111111111,221.537,989.4,100.0,32.0,74.82222222222222
SP-00855,FCAST-003418,Central,heatwave,3,927,2023-03-12,4.2,2.4469444444444446,50.249,1006.6,68.6,39.5,74.94999999999999
SP-00855,FCAST-003419,Central,southwest_monsoon,6,654,2022-06-12,10.5,5.600416666666667,145.908,1003.3,100.0,33.0,75.34861111111111
SP-00855,FCAST-003420,Central,summer_storm,5,1363,2024-05-21,14.7,6.111111111111111,111.273,1001.4,98.7,34.42,75.01249999999999
SP-00856,FCAST-003421,Central,summer_storm,5,1143,2024-05-29,14.7,6.123194444444445,109.62,1001.4,97.2,34.49,74.95694444444445
SP-00856,FCAST-003422,Central,heatwave,3,1060,2024-03-07,4.2,2.419722222222222,36.201,1006.3,64.7,39.5,74.81944444444444
SP-00856,FCAST-003423,Central,southwest_monsoon,9,153,2021-09-12,10.5,5.86,145.323,1003.4,100.0,33.0,75.06944444444444
SP-00856,FCAST-003424,Central,tropical_cyclone,10,556,2022-10-20,23.62,12.309861111111111,215.624,989.4,100.0,32.0,74.91944444444444
SP-00857,FCAST-003425,Central,summer_storm,5,528,2023-05-17,14.7,6.0623611111111115,107.483,1001.7,98.4,34.48,74.93472222222222
SP-00857,FCAST-003426,Central,tropical_cyclone,10,668,2023-10-04,23.62,11.99125,225.136,989.6,100.0,32.0,75.06666666666666
SP-00857,FCAST-003427,Central,southwest_monsoon,8,973,2024-08-04,10.5,5.590833333333333,144.576,1003.6,99.8,33.0,75.65694444444445
SP-00857,FCAST-003428,Central,heatwave,3,464,2023-03-14,4.2,2.3575,44.627,1006.9,66.3,39.5,75.14583333333333
SP-00858,FCAST-003429,Central,summer_storm,5,1800,2024-05-12,14.7,6.095833333333333,108.858,1000.1,95.8,34.61,74.95833333333333
SP-00858,FCAST-003430,Central,southwest_monsoon,6,746,2021-06-23,10.5,5.640416666666667,147.567,1004.0,99.6,33.0,75.3138888888889
SP-00858,FCAST-003431,Central,tropical_cyclone,11,888,2021-11-12,23.62,11.960694444444444,221.782,989.0,100.0,32.0,74.99166666666666
SP-00858,FCAST-003432,Central,heatwave,3,297,2020-03-31,4.2,2.3945833333333333,38.254,1006.9,65.6,39.5,75.05138888888888
SP-00859,FCAST-003433,Central,summer_storm,4,708,2022-04-24,14.7,6.0875,107.768,1001.5,100.0,35.19,75.10833333333333
SP-00859,FCAST-003434,Central,tropical_cyclone,10,516,2021-10-14,23.62,11.997222222222222,216.506,989.3,100.0,32.0,74.83333333333333
SP-00859,FCAST-003435,Central,heatwave,4,705,2022-04-21,4.2,2.267361111111111,39.183,1006.7,65.4,39.5,74.84305555555555
SP-00859,FCAST-003436,Central,southwest_monsoon,6,773,2022-06-28,10.5,5.654999999999999,147.001,1003.5,100.0,33.0,74.82916666666667
SP-00860,FCAST-003437,Central,tropical_cyclone,11,948,2021-11-29,23.62,12.022083333333335,213.133,989.3,100.0,32.0,75.03611111111111
SP-00860,FCAST-003438,Central,southwest_monsoon,7,1913,2024-07-21,10.5,5.841666666666666,147.908,1004.2,100.0,33.0,74.9361111111111
SP-00860,FCAST-003439,Central,summer_storm,5,397,2020-05-27,14.7,6.349583333333333,103.704,1001.4,98.4,34.37,75.13611111111112
SP-00860,FCAST-003440,Central,heatwave,3,696,2021-03-22,4.2,2.2215277777777778,45.846000000000004,1007.2,65.7,39.5,74.875
SP-00861,FCAST-003441,Central,heatwave,4,1978,2024-04-08,4.2,2.359583333333333,48.406,1006.8,67.3,39.5,75.15416666666667
SP-00861,FCAST-003442,Central,southwest_monsoon,9,1763,2023-09-06,10.5,5.692222222222222,143.513,1003.7,100.0,33.0,75.07361111111112
SP-00861,FCAST-003443,Central,summer_storm,4,147,2019-04-04,14.7,6.125555555555556,100.831,1001.2,96.5,34.6,74.83888888888889
SP-00861,FCAST-003444,Central,tropical_cyclone,8,658,2020-08-27,23.62,11.962361111111111,217.245,989.2,100.0,32.0,74.79861111111111
SP-00862,FCAST-003445,Central,summer_storm,5,349,2022-05-12,14.7,5.995833333333334,106.803,1000.9,96.9,34.36,75.10972222222222
SP-00862,FCAST-003446,Central,southwest_monsoon,8,71,2021-08-07,10.5,5.6248611111111115,142.742,1004.0,100.0,33.0,75.12083333333334
SP-00862,FCAST-003447,Central,tropical_cyclone,11,908,2023-11-22,23.62,12.244305555555556,221.582,989.3,100.0,32.0,75.37777777777778
SP-00862,FCAST-003448,Central,heatwave,3,297,2022-03-21,4.2,2.186527777777778,46.333,1007.1,66.1,39.5,75.3736111111111
SP-00863,FCAST-003449,Central,heatwave,3,1478,2024-03-25,4.2,2.3338888888888887,45.754,1006.5,64.3,39.5,75.07361111111112
SP-00863,FCAST-003450,Central,summer_storm,5,794,2022-05-11,14.7,6.138472222222222,110.614,1001.3,97.7,34.8,75.3736111111111
SP-00863,FCAST-003451,Central,tropical_cyclone,8,1241,2023-08-01,23.62,12.004444444444445,221.181,989.7,100.0,32.0,75.1888888888889
SP-00863,FCAST-003452,Central,southwest_monsoon,9,550,2021-09-09,10.5,5.449166666666667,144.905,1004.2,99.3,33.0,74.9125
SP-00864,FCAST-003453,Central,heatwave,4,744,2023-04-29,4.2,2.319027777777778,44.967999999999996,1006.5,67.5,39.5,74.87777777777778
SP-00864,FCAST-003454,Central,southwest_monsoon,9,510,2022-09-07,10.5,5.687083333333333,154.464,1004.0,99.0,33.0,74.73333333333333
SP-00864,FCAST-003455,Central,tropical_cyclone,10,1287,2024-10-23,23.62,11.822777777777778,220.611,989.1,100.0,32.0,74.89722222222223
SP-00864,FCAST-003456,Central,summer_storm,4,1109,2024-04-28,14.7,6.296805555555555,112.559,1001.4,98.7,34.28,75.09027777777777
SP-00865,FCAST-003457,Central,heatwave,3,693,2023-03-03,4.2,2.2831944444444443,46.478,1006.5,65.8,39.5,74.95833333333333
SP-00865,FCAST-003458,Central,tropical_cyclone,10,921,2023-10-17,23.62,12.206944444444444,221.028,989.2,100.0,32.0,75.03888888888889
SP-00865,FCAST-003459,Central,southwest_monsoon,9,168,2021-09-24,10.5,5.55875,159.3,1003.9,100.0,33.0,75.42361111111111
SP-00865,FCAST-003460,Central,summer_storm,5,1143,2024-05-26,14.7,6.254444444444444,111.343,1001.4,97.8,34.91,75.03611111111111
SP-00866,FCAST-003461,Central,tropical_cyclone,8,2370,2024-08-22,23.62,11.975555555555555,217.641,988.9,100.0,32.0,74.86527777777778
SP-00866,FCAST-003462,Central,southwest_monsoon,6,1214,2021-06-23,10.5,5.679305555555556,144.915,1003.6,99.1,33.0,74.77083333333333
SP-00866,FCAST-003463,Central,summer_storm,4,60,2018-04-26,14.7,5.9188888888888895,106.358,1001.2,97.6,34.61,74.67916666666666
SP-00866,FCAST-003464,Central,heatwave,3,381,2019-03-13,4.2,2.426527777777778,41.61,1006.8,65.7,39.5,75.17500000000001
SP-00867,FCAST-003465,Central,southwest_monsoon,7,677,2023-07-01,10.5,5.689583333333333,144.319,1004.0,100.0,33.0,75.13749999999999
SP-00867,FCAST-003466,Central,heatwave,3,577,2023-03-23,4.2,2.378888888888889,36.359,1006.9,64.2,39.5,75.08611111111111
SP-00867,FCAST-003467,Central,tropical_cyclone,11,821,2023-11-22,23.62,12.381250000000001,219.307,989.3,100.0,32.0,75.25277777777778
SP-00867,FCAST-003468,Central,summer_storm,5,627,2023-05-12,14.7,5.855138888888889,99.362,1000.5,98.6,34.53,75.26388888888889
SP-00868,FCAST-003469,Central,tropical_cyclone,11,1430,2023-11-05,23.62,12.027361111111112,218.275,988.9,100.0,32.0,74.96944444444445
SP-00868,FCAST-003470,Central,summer_storm,5,1251,2023-05-10,14.7,6.165416666666667,108.727,1001.5,97.8,33.74,74.92777777777778
SP-00868,FCAST-003471,Central,heatwave,4,1239,2023-04-28,4.2,2.272638888888889,41.247,1006.6,65.2,39.5,74.82499999999999
SP-00868,FCAST-003472,Central,southwest_monsoon,7,1331,2023-07-29,10.5,5.725972222222222,151.189,1003.7,99.7,33.0,75.275
SP-00869,FCAST-003473,Central,southwest_monsoon,7,1348,2024-07-26,10.5,5.616944444444445,148.408,1004.2,98.5,33.0,74.76388888888889
SP-00869,FCAST-003474,Central,summer_storm,4,1241,2024-04-10,14.7,6.414166666666667,113.215,1001.3,97.6,35.58,74.67916666666666
SP-00869,FCAST-003475,Central,tropical_cyclone,10,322,2021-10-04,23.62,12.021527777777777,218.104,989.3,100.0,32.0,74.65138888888889
SP-00869,FCAST-003476,Central,heatwave,4,149,2021-04-14,4.2,2.2745833333333336,41.021,1007.4,65.2,39.5,75.25694444444444
SP-00870,FCAST-003477,Central,summer_storm,4,1013,2024-04-07,14.7,6.3156944444444445,114.901,1001.3,96.9,34.8,74.84722222222223
SP-00870,FCAST-003478,Central,heatwave,3,251,2022-03-07,4.2,2.2754166666666666,36.794,1006.8,65.0,39.5,75.01388888888889
SP-00870,FCAST-003479,Central,southwest_monsoon,8,411,2022-08-14,10.5,5.65625,150.196,1003.7,100.0,33.0,75.11388888888888
SP-00870,FCAST-003480,Central,tropical_cyclone,10,1219,2024-10-30,23.62,11.961805555555555,220.355,990.0,100.0,32.0,74.86944444444445
SP-00871,FCAST-003481,Central,tropical_cyclone,8,790,2020-08-21,23.62,12.332638888888889,217.151,989.4,100.0,32.0,75.09305555555555
SP-00871,FCAST-003482,Central,heatwave,4,307,2019-04-26,4.2,2.39875,45.428,1006.9,65.6,39.5,74.59027777777777
SP-00871,FCAST-003483,Central,summer_storm,5,2164,2024-05-26,14.7,5.900833333333334,108.144,1001.4,97.1,35.01,74.50694444444444
SP-00871,FCAST-003484,Central,southwest_monsoon,9,1175,2021-09-10,10.5,5.523055555555555,147.49,1004.1,100.0,33.0,75.18333333333334
SP-00872,FCAST-003485,Central,summer_storm,5,197,2020-05-09,14.7,5.888194444444444,105.57,1001.2,97.7,35.19,75.27222222222223
SP-00872,FCAST-003486,Central,heatwave,3,500,2021-03-08,4.2,2.42875,41.222,1006.4,70.5,39.5,74.67361111111111
SP-00872,FCAST-003487,Central,southwest_monsoon,7,1354,2023-07-10,10.5,5.583749999999999,142.665,1004.0,99.2,33.0,74.9388888888889
SP-00872,FCAST-003488,Central,tropical_cyclone,11,1119,2022-11-17,23.62,12.404722222222222,217.896,988.8,99.8,32.0,74.92500000000001
SP-00873,FCAST-003489,Central,summer_storm,4,475,2023-04-12,14.7,6.131111111111111,109.253,1001.5,98.8,34.33,75.06666666666666
SP-00873,FCAST-003490,Central,tropical_cyclone,8,959,2024-08-08,23.62,12.18888888888889,221.453,989.1,100.0,32.0,75.32222222222222
SP-00873,FCAST-003491,Central,heatwave,3,88,2022-03-21,4.2,2.352222222222222,44.673,1006.8,67.1,39.5,74.77916666666667
SP-00873,FCAST-003492,Central,southwest_monsoon,8,968,2024-08-17,10.5,5.420694444444445,154.272,1004.2,99.4,33.0,74.98055555555555
SP-00874,FCAST-003493,Central,summer_storm,5,1340,2024-05-10,14.7,6.210138888888888,111.86,1000.9,96.3,34.77,74.68472222222222
SP-00874,FCAST-003494,Central,southwest_monsoon,7,326,2021-07-31,10.5,5.518194444444444,140.5,1003.6,100.0,33.0,74.81944444444444
SP-00874,FCAST-003495,Central,heatwave,4,571,2022-04-02,4.2,2.413888888888889,39.154,1007.1,68.6,39.5,75.02083333333333
SP-00874,FCAST-003496,Central,tropical_cyclone,11,428,2021-11-10,23.62,12.01986111111111,221.795,989.4,100.0,32.0,75.25416666666666
SP-00875,FCAST-003497,Central,tropical_cyclone,9,1804,2024-09-14,23.62,11.813055555555556,219.014,989.1,100.0,32.0,74.58333333333333
SP-00875,FCAST-003498,Central,summer_storm,4,1274,2023-04-03,14.7,6.389027777777778,106.65,1001.1,97.7,33.96,74.83472222222223
SP-00875,FCAST-003499,Central,heatwave,3,1991,2025-03-20,4.2,2.3409722222222222,42.557,1006.7,66.4,39.5,75.12777777777778
SP-00875,FCAST-003500,Central,southwest_monsoon,8,1059,2022-08-31,10.5,5.553194444444444,145.2,1003.4,100.0,33.0,74.875
SP-00876,FCAST-003501,Central,southwest_monsoon,6,1957,2023-06-02,10.5,5.431388888888889,150.897,1003.9,99.2,33.0,74.84166666666667
SP-00876,FCAST-003502,Central,tropical_cyclone,10,2463,2024-10-20,23.62,12.139444444444443,212.626,989.4,100.0,32.0,75.05416666666666
SP-00876,FCAST-003503,Central,heatwave,4,1554,2022-04-25,4.2,2.281388888888889,39.677,1007.0,65.4,39.5,75.14027777777778
SP-00876,FCAST-003504,Central,summer_storm,4,2271,2024-04-11,14.7,6.324583333333333,108.966,1001.5,96.8,34.72,74.89444444444445
SP-00877,FCAST-003505,Central,southwest_monsoon,9,360,2022-09-25,10.5,5.684027777777778,145.183,1003.6,100.0,33.0,74.8138888888889
SP-00877,FCAST-003506,Central,summer_storm,5,595,2023-05-18,14.7,6.582083333333333,105.94500000000001,1001.4,96.8,34.66,75.08472222222223
SP-00877,FCAST-003507,Central,heatwave,3,542,2023-03-26,4.2,2.5420833333333333,42.691,1006.9,66.0,39.5,74.84027777777777
SP-00877,FCAST-003508,Central,tropical_cyclone,10,11,2021-10-11,23.62,12.093333333333334,216.846,989.2,100.0,32.0,74.70833333333333
SP-00878,FCAST-003509,Central,southwest_monsoon,9,574,2021-09-13,10.5,5.653333333333332,145.838,1004.1,100.0,33.0,74.55972222222222
SP-00878,FCAST-003510,Central,summer_storm,5,95,2020-05-22,14.7,6.2636111111111115,106.291,1001.1,97.6,33.89,75.05277777777778
SP-00878,FCAST-003511,Central,heatwave,3,392,2021-03-15,4.2,2.3118055555555554,44.473,1006.5,65.3,39.5,75.24166666666666
SP-00878,FCAST-003512,Central,tropical_cyclone,10,1694,2024-10-07,23.62,12.166805555555555,220.098,988.9,100.0,32.0,75.02222222222223
SP-00879,FCAST-003513,Central,tropical_cyclone,10,1520,2024-10-22,23.62,12.221944444444444,219.528,989.5,100.0,32.0,75.23750000000001
SP-00879,FCAST-003514,Central,heatwave,3,194,2021-03-06,4.2,2.4394444444444443,44.89,1006.4,63.6,39.5,74.76944444444445
SP-00879,FCAST-003515,Central,summer_storm,5,632,2022-05-18,14.7,6.064583333333333,106.977,1001.2,96.8,34.85,75.1236111111111
SP-00879,FCAST-003516,Central,southwest_monsoon,6,666,2022-06-21,10.5,5.8251388888888895,154.065,1003.9,100.0,33.0,75.26666666666667
SP-00880,FCAST-003517,Central,heatwave,4,804,2023-04-13,4.2,2.2359722222222222,40.688,1007.1,64.8,39.5,74.99583333333334
SP-00880,FCAST-003518,Central,summer_storm,5,1215,2024-05-28,14.7,6.115555555555556,102.348,1001.6,96.5,34.07,74.84722222222223
SP-00880,FCAST-003519,Central,tropical_cyclone,8,935,2023-08-22,23.62,11.792499999999999,223.015,989.0,100.0,32.0,74.84027777777777
SP-00880,FCAST-003520,Central,southwest_monsoon,7,1273,2024-07-25,10.5,5.368888888888889,149.171,1004.0,100.0,33.0,75.11111111111111
SP-00881,FCAST-003521,Central,heatwave,3,151,2021-03-24,4.2,2.3587499999999997,37.512,1006.7,64.7,39.5,75.00555555555555
SP-00881,FCAST-003522,Central,summer_storm,4,891,2023-04-03,14.7,6.367777777777778,107.562,1001.0,97.7,34.34,74.64444444444445
SP-00881,FCAST-003523,Central,southwest_monsoon,9,688,2022-09-12,10.5,5.65125,146.227,1003.8,99.2,33.0,74.90277777777777
SP-00881,FCAST-003524,Central,tropical_cyclone,10,358,2021-10-17,23.62,11.887638888888889,214.805,989.3,100.0,32.0,75.05972222222222
SP-00882,FCAST-003525,Central,southwest_monsoon,6,570,2023-06-24,10.5,5.663472222222222,148.548,1004.1,99.5,33.0,75.11111111111111
SP-00882,FCAST-003526,Central,heatwave,3,119,2022-03-30,4.2,2.4995833333333333,35.492,1007.5,64.9,39.5,74.76805555555556
SP-00882,FCAST-003527,Central,summer_storm,5,165,2022-05-15,14.7,6.434722222222223,106.55799999999999,1000.8,97.9,34.21,74.52083333333333
SP-00882,FCAST-003528,Central,tropical_cyclone,10,318,2022-10-15,23.62,12.146527777777777,219.72,988.8,100.0,32.0,75.05833333333334
SP-00883,FCAST-003529,Central,summer_storm,4,96,2020-04-23,14.7,6.145972222222222,106.348,1001.3,97.3,34.28,75.27777777777777
SP-00883,FCAST-003530,Central,heatwave,4,1559,2024-04-25,4.2,2.3319444444444444,38.734,1006.8,63.6,39.5,74.58055555555556
SP-00883,FCAST-003531,Central,southwest_monsoon,8,1669,2024-08-13,10.5,5.685555555555556,154.124,1003.5,99.6,33.0,74.98333333333333
SP-00883,FCAST-003532,Central,tropical_cyclone,8,1663,2024-08-07,23.62,11.977222222222222,222.939,989.1,99.9,32.0,74.95972222222223
SP-00884,FCAST-003533,Central,summer_storm,4,800,2023-04-06,14.7,6.468055555555555,107.996,1001.1,95.7,34.8,74.93472222222222
SP-00884,FCAST-003534,Central,heatwave,3,1498,2025-03-04,4.2,2.548611111111111,44.474000000000004,1006.5,64.4,39.5,75.71944444444445
SP-00884,FCAST-003535,Central,tropical_cyclone,11,1030,2023-11-22,23.62,11.6725,219.69,989.6,100.0,32.0,75.25833333333334
SP-00884,FCAST-003536,Central,southwest_monsoon,8,1283,2024-08-01,10.5,5.482916666666666,146.665,1003.7,100.0,33.0,75.00555555555555
SP-00885,FCAST-003537,Central,heatwave,3,1305,2022-03-01,4.2,2.553888888888889,36.604,1007.2,68.5,39.5,75.24444444444445
SP-00885,FCAST-003538,Central,summer_storm,5,2108,2024-05-12,14.7,6.5008333333333335,113.394,1001.0,99.7,34.57,74.8736111111111
SP-00885,FCAST-003539,Central,tropical_cyclone,8,2212,2024-08-24,23.62,12.192222222222222,218.672,989.3,100.0,32.0,74.97222222222223
SP-00885,FCAST-003540,Central,southwest_monsoon,8,750,2020-08-23,10.5,5.586388888888889,146.05,1004.1,100.0,33.0,75.09305555555555
SP-00886,FCAST-003541,Central,southwest_monsoon,8,367,2022-08-31,10.5,5.746388888888889,151.551,1003.7,100.0,33.0,75.21805555555555
SP-00886,FCAST-003542,Central,tropical_cyclone,9,1104,2024-09-06,23.62,11.930138888888889,215.264,989.0,100.0,32.0,74.86666666666666
SP-00886,FCAST-003543,Central,heatwave,4,223,2022-04-09,4.2,2.4345833333333333,47.991,1007.1,65.4,39.5,75.0625
SP-00886,FCAST-003544,Central,summer_storm,4,216,2022-04-02,14.7,5.791388888888889,113.436,1001.0,98.5,35.0,74.93055555555556
SP-00887,FCAST-003545,Central,tropical_cyclone,8,979,2024-08-02,23.62,12.01375,226.295,988.2,100.0,32.0,75.04722222222222
SP-00887,FCAST-003546,Central,southwest_monsoon,8,274,2022-08-28,10.5,5.608472222222222,147.095,1003.7,100.0,33.0,74.45555555555556
SP-00887,FCAST-003547,Central,summer_storm,5,545,2023-05-26,14.7,6.046805555555555,109.897,1001.6,97.5,34.08,74.66805555555555
SP-00887,FCAST-003548,Central,heatwave,4,128,2022-04-04,4.2,2.315,39.835,1006.9,64.8,39.5,74.99444444444445
SP-00888,FCAST-003549,Central,heatwave,3,1247,2024-03-05,4.2,2.4898611111111113,34.423,1007.0,65.7,39.5,74.73888888888888
SP-00888,FCAST-003550,Central,tropical_cyclone,11,1510,2024-11-23,23.62,11.898194444444444,215.605,989.3,100.0,32.0,75.01944444444445
SP-00888,FCAST-003551,Central,summer_storm,5,1330,2024-05-27,14.7,5.862916666666667,106.511,1001.4,97.5,35.1,74.66111111111111
SP-00888,FCAST-003552,Central,southwest_monsoon,6,268,2021-06-30,10.5,5.591666666666667,146.906,1003.7,100.0,33.0,75.13472222222222
SP-00889,FCAST-003553,Central,tropical_cyclone,10,1169,2021-10-04,23.62,11.861805555555556,222.069,989.5,100.0,32.0,75.08333333333333
SP-00889,FCAST-003554,Central,summer_storm,4,252,2019-04-01,14.7,5.997638888888889,109.893,1000.8,97.7,34.45,74.93472222222222
SP-00889,FCAST-003555,Central,southwest_monsoon,9,424,2019-09-20,10.5,5.5775,151.568,1003.5,100.0,33.0,75.10555555555555
SP-00889,FCAST-003556,Central,heatwave,4,260,2019-04-09,4.2,2.323611111111111,42.272,1006.9,68.0,39.5,74.83333333333333
SP-00890,FCAST-003557,Central,tropical_cyclone,9,1294,2022-09-16,23.62,11.945138888888888,219.794,988.9,100.0,32.0,75.02083333333333
SP-00890,FCAST-003558,Central,southwest_monsoon,6,1195,2022-06-09,10.5,5.810555555555556,150.92,1004.1,100.0,33.0,74.64444444444445
SP-00890,FCAST-003559,Central,summer_storm,4,1498,2023-04-08,14.7,6.3575,110.612,1001.4,96.6,34.49,74.87083333333334
SP-00890,FCAST-003560,Central,heatwave,4,40,2019-04-11,4.2,2.3570833333333336,40.634,1006.8,69.0,39.5,75.38888888888889
SP-00891,FCAST-003561,Central,tropical_cyclone,9,9,2021-09-26,23.62,12.027916666666666,213.387,988.8,100.0,32.0,74.80138888888888
SP-00891,FCAST-003562,Central,southwest_monsoon,8,321,2022-08-04,10.5,5.836388888888888,148.205,1003.9,100.0,33.0,74.86527777777778
SP-00891,FCAST-003563,Central,summer_storm,5,960,2024-05-04,14.7,6.1819444444444445,104.512,1001.2,98.7,34.58,75.29722222222222
SP-00891,FCAST-003564,Central,heatwave,4,580,2023-04-20,4.2,2.3604166666666666,41.437,1005.8,66.2,39.5,75.00972222222222
SP-00892,FCAST-003565,Central,summer_storm,4,1412,2024-04-21,14.7,6.57236111111111,112.388,1001.5,97.1,35.46,74.67777777777778
SP-00892,FCAST-003566,Central,southwest_monsoon,9,826,2022-09-13,10.5,5.716527777777777,148.904,1003.6,99.7,33.0,74.91666666666667
SP-00892,FCAST-003567,Central,heatwave,3,1739,2025-03-14,4.2,2.3272222222222223,47.453,1007.0,66.2,39.5,74.54583333333333
SP-00892,FCAST-003568,Central,tropical_cyclone,9,113,2020-09-30,23.62,12.155694444444444,213.964,989.0,100.0,32.0,74.59722222222223
SP-00893,FCAST-003569,Central,southwest_monsoon,6,1950,2024-06-18,10.5,5.42875,151.351,1003.6,100.0,33.0,75.20972222222223
SP-00893,FCAST-003570,Central,tropical_cyclone,9,942,2021-09-14,23.62,11.946527777777778,212.206,988.1,100.0,32.0,74.94027777777778
SP-00893,FCAST-003571,Central,heatwave,4,1510,2023-04-05,4.2,2.35875,41.482,1006.7,63.1,39.5,75.08611111111111
SP-00893,FCAST-003572,Central,summer_storm,5,1912,2024-05-11,14.7,5.875694444444445,105.091,1001.4,96.3,33.7,74.58194444444445
SP-00894,FCAST-003573,Central,heatwave,4,1915,2023-04-16,4.2,2.3177777777777777,41.727,1007.2,64.2,39.5,74.87083333333334
SP-00894,FCAST-003574,Central,southwest_monsoon,8,1661,2022-08-05,10.5,5.305277777777778,143.278,1003.8,100.0,33.0,74.99305555555556
SP-00894,FCAST-003575,Central,summer_storm,5,1955,2023-05-26,14.7,5.852361111111112,107.92,1001.2,98.9,34.05,74.95416666666667
SP-00894,FCAST-003576,Central,tropical_cyclone,11,1404,2021-11-21,23.62,12.04513888888889,218.089,989.4,100.0,32.0,74.76527777777778
SP-00895,FCAST-003577,Central,tropical_cyclone,11,640,2022-11-12,23.62,11.991527777777778,221.853,989.2,100.0,32.0,75.32499999999999
SP-00895,FCAST-003578,Central,heatwave,3,1488,2025-03-09,4.2,2.3715277777777777,41.884,1006.9,68.4,39.5,74.89861111111111
SP-00895,FCAST-003579,Central,summer_storm,4,436,2022-04-22,14.7,5.9406944444444445,108.643,1001.1,97.2,34.56,75.32083333333334
SP-00895,FCAST-003580,Central,southwest_monsoon,9,594,2022-09-27,10.5,5.746527777777778,143.902,1002.9,100.0,33.0,74.69722222222222
SP-00896,FCAST-003581,Central,southwest_monsoon,7,1346,2023-07-06,10.5,5.361944444444444,144.694,1003.9,99.3,33.0,75.31805555555555
SP-00896,FCAST-003582,Central,tropical_cyclone,11,743,2021-11-10,23.62,12.117916666666666,218.936,989.3,100.0,32.0,75.28194444444445
SP-00896,FCAST-003583,Central,summer_storm,4,529,2021-04-10,14.7,6.07875,106.626,1000.7,97.0,35.31,74.68194444444445
SP-00896,FCAST-003584,Central,heatwave,4,1271,2023-04-22,4.2,2.3905555555555558,42.25,1005.9,66.9,39.5,74.75833333333334
SP-00897,FCAST-003585,Central,heatwave,3,1654,2023-03-27,4.2,2.3693055555555556,40.651,1006.6,65.0,39.5,75.01666666666667
SP-00897,FCAST-003586,Central,tropical_cyclone,10,1487,2022-10-11,23.62,11.715416666666666,215.513,989.3,100.0,32.0,75.26666666666667
SP-00897,FCAST-003587,Central,southwest_monsoon,6,1724,2023-06-05,10.5,5.499305555555555,147.418,1003.9,100.0,33.0,74.86250000000001
SP-00897,FCAST-003588,Central,summer_storm,5,1328,2022-05-05,14.7,6.182638888888889,107.403,1001.3,97.0,35.28,74.5
SP-00898,FCAST-003589,Central,summer_storm,4,884,2023-04-27,14.7,6.1843055555555555,103.832,1001.6,96.9,34.23,75.32361111111112
SP-00898,FCAST-003590,Central,tropical_cyclone,11,714,2022-11-08,23.62,12.071805555555555,215.842,989.2,100.0,32.0,75.30000000000001
SP-00898,FCAST-003591,Central,heatwave,3,486,2022-03-25,4.2,2.433194444444444,40.171,1006.9,67.0,39.5,75.31805555555555
SP-00898,FCAST-003592,Central,southwest_monsoon,7,1333,2024-07-19,10.5,5.619861111111111,145.018,1003.9,100.0,33.0,74.86527777777778
SP-00899,FCAST-003593,Central,southwest_monsoon,8,844,2021-08-31,10.5,5.375277777777778,154.299,1003.8,98.3,33.0,74.54166666666667
SP-00899,FCAST-003594,Central,tropical_cyclone,11,564,2020-11-24,23.62,11.900416666666667,219.28,989.4,100.0,32.0,74.82361111111112
SP-00899,FCAST-003595,Central,summer_storm,5,1461,2023-05-10,14.7,6.314861111111111,104.392,1001.6,96.9,34.58,75.32222222222222
SP-00899,FCAST-003596,Central,heatwave,4,1066,2022-04-10,4.2,2.3445833333333335,38.899,1006.3,65.0,39.5,75.47777777777777
SP-00900,FCAST-003597,Central,southwest_monsoon,8,683,2022-08-15,10.5,5.659305555555555,149.208,1003.7,100.0,33.0,74.94444444444444
SP-00900,FCAST-003598,Central,heatwave,4,1303,2024-04-26,4.2,2.5080555555555555,47.487,1007.0,65.4,39.5,75.25972222222222
SP-00900,FCAST-003599,Central,tropical_cyclone,9,350,2021-09-16,23.62,12.09375,217.333,988.7,100.0,32.0,75.2125
SP-00900,FCAST-003600,Central,summer_storm,4,921,2023-04-10,14.7,5.879583333333333,111.441,1001.0,98.2,35.17,74.91388888888889
SP-00901,FCAST-003601,Central,heatwave,3,514,2023-03-17,4.2,2.479722222222222,39.924,1006.9,65.3,39.5,74.96527777777777
SP-00901,FCAST-003602,Central,summer_storm,5,223,2022-05-30,14.7,6.100972222222222,106.807,1001.2,98.7,33.97,74.69861111111112
SP-00901,FCAST-003603,Central,southwest_monsoon,9,317,2022-09-01,10.5,5.455555555555556,138.042,1003.2,100.0,33.0,74.66527777777777
SP-00901,FCAST-003604,Central,tropical_cyclone,10,3,2021-10-22,23.62,12.085416666666667,222.855,989.9,100.0,32.0,74.97222222222223
SP-00902,FCAST-003605,Central,summer_storm,4,1931,2023-04-24,14.7,6.310555555555556,108.952,1001.1,97.9,34.09,74.74027777777778
SP-00902,FCAST-003606,Central,heatwave,3,443,2019-03-28,4.2,2.4156944444444446,34.492,1006.9,66.9,39.5,75.28194444444445
SP-00902,FCAST-003607,Central,tropical_cyclone,10,1000,2020-10-05,23.62,11.910972222222222,223.999,989.1,100.0,32.0,74.86805555555556
SP-00902,FCAST-003608,Central,southwest_monsoon,8,2058,2023-08-29,10.5,5.6241666666666665,147.244,1004.2,99.3,33.0,75.08888888888889
SP-00903,FCAST-003609,Central,heatwave,3,280,2020-03-12,4.2,2.4055555555555554,47.422,1006.5,63.6,39.5,74.79166666666667
SP-00903,FCAST-003610,Central,southwest_monsoon,9,92,2019-09-06,10.5,5.492916666666667,140.345,1003.9,100.0,33.0,74.54722222222222
SP-00903,FCAST-003611,Central,tropical_cyclone,11,529,2020-11-16,23.62,12.100833333333334,219.622,988.8,100.0,32.0,74.67361111111111
SP-00903,FCAST-003612,Central,summer_storm,5,717,2021-05-23,14.7,6.206250000000001,105.29,1001.8,98.1,34.27,75.06527777777778
SP-00904,FCAST-003613,Central,summer_storm,4,1361,2024-04-16,14.7,6.201666666666666,111.068,1001.1,97.5,34.48,75.19444444444444
SP-00904,FCAST-003614,Central,southwest_monsoon,9,769,2022-09-02,10.5,5.852361111111112,147.398,1004.1,100.0,33.0,75.27638888888889
SP-00904,FCAST-003615,Central,tropical_cyclone,10,826,2022-10-29,23.62,12.189166666666667,219.004,989.4,99.9,32.0,74.86111111111111
SP-00904,FCAST-003616,Central,heatwave,4,994,2023-04-15,4.2,2.2127777777777777,40.755,1006.7,66.2,39.5,74.76944444444445
SP-00905,FCAST-003617,Central,heatwave,4,952,2023-04-24,4.2,2.1879166666666667,38.206,1006.7,66.3,39.5,75.1888888888889
SP-00905,FCAST-003618,Central,summer_storm,5,231,2021-05-03,14.7,6.001388888888889,110.277,1001.4,96.9,34.28,74.59444444444445
SP-00905,FCAST-003619,Central,tropical_cyclone,11,1532,2024-11-24,23.62,11.797916666666667,214.115,989.5,100.0,32.0,75.20138888888889
SP-00905,FCAST-003620,Central,southwest_monsoon,7,673,2022-07-19,10.5,5.660555555555556,148.593,1004.1,99.8,33.0,75.48888888888888
SP-00906,FCAST-003621,Central,summer_storm,4,399,2022-04-29,14.7,6.24013888888889,103.904,1001.6,97.9,34.24,75.40694444444445
SP-00906,FCAST-003622,Central,tropical_cyclone,8,495,2022-08-03,23.62,11.944444444444445,221.798,988.7,100.0,32.0,75.39444444444445
SP-00906,FCAST-003623,Central,heatwave,4,29,2021-04-24,4.2,2.3055555555555554,42.851,1007.4,66.1,39.5,74.77361111111111
SP-00906,FCAST-003624,Central,southwest_monsoon,7,492,2022-07-31,10.5,5.5725,154.093,1003.9,100.0,33.0,75.23750000000001
SP-00907,FCAST-003625,Central,summer_storm,4,1107,2022-04-26,14.7,6.292777777777777,110.706,1001.4,97.1,34.84,74.80277777777778
SP-00907,FCAST-003626,Central,tropical_cyclone,8,486,2020-08-13,23.62,12.064027777777778,227.566,989.5,100.0,32.0,75.13749999999999
SP-00907,FCAST-003627,Central,southwest_monsoon,8,1569,2023-08-01,10.5,5.62125,155.597,1004.4,100.0,33.0,75.00694444444444
SP-00907,FCAST-003628,Central,heatwave,4,1096,2022-04-15,4.2,2.4444444444444446,45.422,1006.5,66.5,39.5,74.81944444444444
SP-00908,FCAST-003629,Central,heatwave,4,395,2019-04-08,4.2,2.34,40.34,1006.8,68.0,39.5,75.40277777777777
SP-00908,FCAST-003630,Central,southwest_monsoon,9,915,2020-09-09,10.5,5.5431944444444445,147.598,1003.6,100.0,33.0,74.92916666666666
SP-00908,FCAST-003631,Central,tropical_cyclone,11,984,2020-11-17,23.62,11.728611111111112,216.031,989.6,100.0,32.0,74.61111111111111
SP-00908,FCAST-003632,Central,summer_storm,5,1907,2023-05-29,14.7,6.532222222222222,105.892,1000.9,97.4,33.99,74.77361111111111
SP-00909,FCAST-003633,Central,heatwave,4,967,2024-04-28,4.2,2.353472222222222,37.999,1006.4,67.4,39.5,75.18194444444445
SP-00909,FCAST-003634,Central,summer_storm,5,256,2022-05-18,14.7,6.140694444444445,107.664,1001.5,99.2,34.42,74.95138888888889
SP-00909,FCAST-003635,Central,tropical_cyclone,8,717,2023-08-22,23.62,12.19,226.007,989.4,100.0,32.0,75.14722222222223
SP-00909,FCAST-003636,Central,southwest_monsoon,8,717,2023-08-22,10.5,5.609166666666667,142.784,1004.0,99.8,33.0,74.59444444444445
SP-00910,FCAST-003637,Central,tropical_cyclone,11,795,2023-11-24,23.62,12.074861111111112,213.548,989.4,100.0,32.0,75.09444444444445
SP-00910,FCAST-003638,Central,southwest_monsoon,9,1103,2024-09-27,10.5,5.643194444444444,147.583,1004.5,100.0,33.0,74.56527777777778
SP-00910,FCAST-003639,Central,summer_storm,4,576,2023-04-19,14.7,5.920694444444445,110.258,1000.9,98.2,35.45,75.07083333333334
SP-00910,FCAST-003640,Central,heatwave,4,213,2022-04-21,4.2,2.4468055555555552,44.092,1007.0,65.5,39.5,74.75416666666666
SP-00911,FCAST-003641,Central,tropical_cyclone,11,407,2022-11-12,23.62,11.963888888888889,216.183,989.1,100.0,32.0,74.75833333333334
SP-00911,FCAST-003642,Central,southwest_monsoon,7,1007,2024-07-04,10.5,5.645833333333333,141.815,1004.1,99.4,33.0,74.94861111111112
SP-00911,FCAST-003643,Central,heatwave,3,181,2022-03-31,4.2,2.3197222222222225,41.788,1007.1,66.7,39.5,74.60694444444444
SP-00911,FCAST-003644,Central,summer_storm,5,963,2024-05-21,14.7,6.26,104.94,1001.5,99.6,34.84,75.29861111111111
SP-00912,FCAST-003645,Central,summer_storm,4,1448,2022-04-18,14.7,6.0993055555555555,104.883,1000.9,98.8,34.17,74.80555555555556
SP-00912,FCAST-003646,Central,tropical_cyclone,8,1201,2021-08-14,23.62,12.096944444444444,209.72,989.3,100.0,32.0,74.99583333333334
SP-00912,FCAST-003647,Central,southwest_monsoon,7,2270,2024-07-18,10.5,5.553888888888888,147.006,1003.8,100.0,33.0,74.91805555555555
SP-00912,FCAST-003648,Central,heatwave,3,2510,2025-03-15,4.2,2.257638888888889,41.864,1006.9,63.9,39.5,74.85833333333333
SP-00913,FCAST-003649,Central,tropical_cyclone,10,705,2022-10-15,23.62,12.206527777777778,217.999,988.3,100.0,32.0,74.64583333333333
SP-00913,FCAST-003650,Central,southwest_monsoon,7,612,2022-07-14,10.5,5.366527777777778,149.737,1004.0,98.2,33.0,74.9986111111111
SP-00913,FCAST-003651,Central,summer_storm,4,163,2021-04-21,14.7,6.006944444444445,108.156,1001.5,97.1,34.15,75.23611111111111
SP-00913,FCAST-003652,Central,heatwave,4,533,2022-04-26,4.2,2.441666666666667,35.506,1006.6,65.2,39.5,74.63333333333334
SP-00914,FCAST-003653,Central,tropical_cyclone,10,932,2020-10-21,23.62,12.070833333333333,222.272,989.2,100.0,32.0,75.0
SP-00914,FCAST-003654,Central,southwest_monsoon,9,1252,2021-09-06,10.5,5.478888888888889,150.359,1003.6,100.0,33.0,75.15694444444445
SP-00914,FCAST-003655,Central,heatwave,3,2535,2025-03-12,4.2,2.251666666666667,38.288,1006.7,69.6,39.5,75.03611111111111
SP-00914,FCAST-003656,Central,summer_storm,4,1469,2022-04-11,14.7,6.155972222222222,113.564,1001.3,97.2,34.51,75.21666666666667
SP-00915,FCAST-003657,Central,heatwave,3,1410,2022-03-01,4.2,2.2843055555555556,44.96,1006.4,67.8,39.5,75.30833333333334
SP-00915,FCAST-003658,Central,tropical_cyclone,10,1993,2023-10-05,23.62,11.982083333333334,220.011,988.4,100.0,32.0,74.90833333333333
SP-00915,FCAST-003659,Central,southwest_monsoon,8,129,2018-08-28,10.5,5.570277777777778,151.452,1003.9,98.6,33.0,75.09722222222223
SP-00915,FCAST-003660,Central,summer_storm,4,2201,2024-04-30,14.7,6.095,109.208,1001.3,98.7,34.39,75.11666666666666
SP-00916,FCAST-003661,Central,southwest_monsoon,9,325,2022-09-23,10.5,5.695694444444444,150.804,1003.7,100.0,33.0,74.9125
SP-00916,FCAST-003662,Central,tropical_cyclone,9,323,2022-09-21,23.62,11.730416666666667,219.18,988.7,100.0,32.0,74.84861111111111
SP-00916,FCAST-003663,Central,summer_storm,5,934,2024-05-24,14.7,5.786527777777778,107.538,1001.7,98.3,34.24,74.76249999999999
SP-00916,FCAST-003664,Central,heatwave,3,1230,2025-03-16,4.2,2.1484722222222223,34.778,1006.2,69.8,39.5,74.97361111111111
SP-00917,FCAST-003665,Central,summer_storm,5,276,2021-05-28,14.7,6.0725,107.141,1001.5,96.3,34.49,75.11111111111111
SP-00917,FCAST-003666,Central,tropical_cyclone,11,90,2020-11-23,23.62,11.796944444444444,228.083,989.0,100.0,32.0,74.88611111111112
SP-00917,FCAST-003667,Central,heatwave,3,575,2022-03-23,4.2,2.365972222222222,41.045,1007.2,65.4,39.5,75.46805555555555
SP-00917,FCAST-003668,Central,southwest_monsoon,7,1054,2023-07-15,10.5,5.458611111111111,149.982,1003.9,100.0,33.0,75.05972222222222
SP-00918,FCAST-003669,Central,tropical_cyclone,11,509,2021-11-20,23.62,12.024305555555555,216.644,989.8,100.0,32.0,74.95972222222223
SP-00918,FCAST-003670,Central,summer_storm,4,1376,2024-04-05,14.7,6.20375,112.6,1001.4,97.3,34.4,74.83055555555556
SP-00918,FCAST-003671,Central,southwest_monsoon,8,1156,2023-08-29,10.5,5.822777777777778,152.29,1003.9,100.0,33.0,74.9986111111111
SP-00918,FCAST-003672,Central,heatwave,3,1005,2023-03-31,4.2,2.439583333333333,37.71,1006.4,63.9,39.5,74.7486111111111
SP-00919,FCAST-003673,Central,heatwave,3,2341,2025-03-20,4.2,2.4330555555555557,37.168,1006.9,66.3,39.5,74.96527777777777
SP-00919,FCAST-003674,Central,summer_storm,4,1641,2023-04-20,14.7,6.358194444444445,112.016,1001.5,96.8,34.23,74.69166666666666
SP-00919,FCAST-003675,Central,southwest_monsoon,7,2096,2024-07-18,10.5,5.641111111111111,153.324,1003.5,99.4,33.0,74.85277777777777
SP-00919,FCAST-003676,Central,tropical_cyclone,8,1747,2023-08-04,23.62,11.869722222222222,221.75300000000001,989.3,100.0,32.0,75.14583333333333
SP-00920,FCAST-003677,Central,heatwave,3,1759,2025-03-13,4.2,2.339583333333333,46.782,1006.7,63.7,39.5,74.70972222222223
SP-00920,FCAST-003678,Central,tropical_cyclone,8,812,2022-08-09,23.62,12.143888888888888,214.224,989.3,100.0,32.0,74.75833333333334
SP-00920,FCAST-003679,Central,summer_storm,4,697,2022-04-16,14.7,6.49013888888889,109.512,1000.9,97.7,34.9,74.80138888888888
SP-00920,FCAST-003680,Central,southwest_monsoon,6,756,2022-06-14,10.5,5.52375,147.9,1004.2,100.0,33.0,74.95416666666667
SP-00921,FCAST-003681,Central,heatwave,3,865,2024-03-17,4.2,2.4195833333333336,42.495,1007.3,66.3,39.5,74.73333333333333
SP-00921,FCAST-003682,Central,tropical_cyclone,9,1049,2024-09-17,23.62,11.957500000000001,218.7,988.8,100.0,32.0,74.80277777777778
SP-00921,FCAST-003683,Central,summer_storm,5,556,2023-05-13,14.7,6.180277777777778,107.45400000000001,1001.6,97.4,34.71,75.29027777777777
SP-00921,FCAST-003684,Central,southwest_monsoon,6,968,2024-06-28,10.5,5.731944444444444,146.391,1003.1,100.0,33.0,75.01944444444445
SP-00922,FCAST-003685,Central,summer_storm,5,1087,2021-05-31,14.7,6.242361111111111,106.024,1001.2,97.0,35.29,74.79166666666667
SP-00922,FCAST-003686,Central,tropical_cyclone,9,461,2019-09-13,23.62,12.050277777777778,214.56300000000002,989.0,100.0,32.0,74.96111111111111
SP-00922,FCAST-003687,Central,southwest_monsoon,7,1859,2023-07-12,10.5,5.745416666666667,144.427,1003.6,100.0,33.0,74.74166666666666
SP-00922,FCAST-003688,Central,heatwave,3,661,2020-03-31,4.2,2.452638888888889,36.531,1007.1,65.6,39.5,74.89305555555556
SP-00923,FCAST-003689,Central,summer_storm,4,943,2024-04-30,14.7,6.2813888888888885,114.381,1000.9,97.6,34.32,75.06527777777778
SP-00923,FCAST-003690,Central,southwest_monsoon,9,728,2023-09-28,10.5,5.577638888888888,148.088,1003.6,100.0,33.0,75.05416666666666
SP-00923,FCAST-003691,Central,tropical_cyclone,9,712,2023-09-12,23.62,12.104444444444445,220.02700000000002,989.2,100.0,32.0,74.49722222222222
SP-00923,FCAST-003692,Central,heatwave,3,887,2024-03-05,4.2,2.387361111111111,40.639,1006.8,65.5,39.5,75.17638888888888
SP-00924,FCAST-003693,Central,southwest_monsoon,8,283,2022-08-28,10.5,5.812777777777778,145.113,1003.7,100.0,33.0,75.02083333333333
SP-00924,FCAST-003694,Central,tropical_cyclone,8,995,2024-08-09,23.62,11.63861111111111,217.913,989.3,100.0,32.0,74.67916666666666
SP-00924,FCAST-003695,Central,summer_storm,5,921,2024-05-27,14.7,5.995833333333334,100.873,1001.0,98.5,33.71,74.70138888888889
SP-00924,FCAST-003696,Central,heatwave,4,887,2024-04-23,4.2,2.404166666666667,45.762,1006.7,69.4,39.5,75.26249999999999
SP-00925,FCAST-003697,Central,summer_storm,5,1773,2024-05-25,14.7,6.526805555555556,114.506,1001.5,96.1,34.32,74.97916666666667
SP-00925,FCAST-003698,Central,tropical_cyclone,9,52,2019-09-08,23.62,12.056527777777779,220.379,989.4,99.6,32.0,74.84027777777777
SP-00925,FCAST-003699,Central,heatwave,3,2077,2025-03-25,4.2,2.495138888888889,40.394,1006.8,64.3,39.5,75.22916666666667
SP-00925,FCAST-003700,Central,southwest_monsoon,6,1430,2023-06-17,10.5,5.400555555555555,144.848,1003.8,98.6,33.0,74.58472222222223
SP-00926,FCAST-003701,Central,heatwave,3,1225,2023-03-01,4.2,2.3069444444444445,39.588,1006.7,63.3,39.5,75.17222222222222
SP-00926,FCAST-003702,Central,southwest_monsoon,7,998,2022-07-17,10.5,5.715694444444444,144.395,1003.4,99.5,33.0,74.49722222222222
SP-00926,FCAST-003703,Central,summer_storm,4,1627,2024-04-06,14.7,5.9063888888888885,105.914,1001.3,99.3,33.92,75.39027777777778
SP-00926,FCAST-003704,Central,tropical_cyclone,8,669,2021-08-22,23.62,11.863333333333333,221.51,989.0,100.0,32.0,74.89166666666667
SP-00927,FCAST-003705,Central,tropical_cyclone,10,225,2018-10-17,23.62,11.934444444444445,218.50300000000001,989.2,100.0,32.0,75.375
SP-00927,FCAST-003706,Central,southwest_monsoon,8,1270,2021-08-27,10.5,5.626111111111111,146.049,1003.8,100.0,33.0,75.08055555555556
SP-00927,FCAST-003707,Central,heatwave,3,1840,2023-03-20,4.2,2.255138888888889,43.469,1007.0,65.1,39.5,75.33611111111111
SP-00927,FCAST-003708,Central,summer_storm,4,1500,2022-04-14,14.7,6.295,107.876,1000.9,98.6,34.37,75.09583333333333
SP-00928,FCAST-003709,Central,tropical_cyclone,10,1050,2023-10-01,23.62,12.358055555555556,210.486,989.4,100.0,32.0,75.35
SP-00928,FCAST-003710,Central,summer_storm,5,188,2021-05-22,14.7,5.895694444444445,108.295,1000.7,98.0,34.13,75.13749999999999
SP-00928,FCAST-003711,Central,heatwave,3,473,2022-03-03,4.2,2.520972222222222,47.606,1006.4,65.0,39.5,74.67361111111111
SP-00928,FCAST-003712,Central,southwest_monsoon,7,964,2023-07-07,10.5,5.679583333333333,150.739,1004.3,100.0,33.0,75.06944444444444
SP-00929,FCAST-003713,Central,tropical_cyclone,9,385,2019-09-16,23.62,12.04486111111111,218.084,989.0,100.0,32.0,74.58333333333333
SP-00929,FCAST-003714,Central,heatwave,3,2381,2025-03-04,4.2,2.3120833333333333,45.963,1007.1,67.8,39.5,74.975
SP-00929,FCAST-003715,Central,summer_storm,5,261,2019-05-15,14.7,6.279861111111111,99.96,1001.1,96.4,34.19,74.72777777777777
SP-00929,FCAST-003716,Central,southwest_monsoon,8,1802,2023-08-03,10.5,5.449027777777777,151.621,1004.1,100.0,33.0,75.1
SP-00930,FCAST-003717,Central,summer_storm,4,607,2021-04-26,14.7,6.242083333333333,110.958,1001.6,99.5,34.25,75.04583333333333
SP-00930,FCAST-003718,Central,southwest_monsoon,8,717,2021-08-14,10.5,5.675694444444444,148.434,1003.2,98.5,33.0,74.93333333333334
SP-00930,FCAST-003719,Central,heatwave,3,1650,2024-03-04,4.2,2.245277777777778,42.893,1006.7,66.9,39.5,75.04861111111111
SP-00930,FCAST-003720,Central,tropical_cyclone,10,783,2021-10-19,23.62,11.776805555555555,213.301,989.1,100.0,32.0,74.87777777777778
SP-00931,FCAST-003721,Central,summer_storm,5,197,2021-05-22,14.7,6.15625,109.559,1001.4,98.7,34.0,75.37916666666666
SP-00931,FCAST-003722,Central,heatwave,3,124,2021-03-10,4.2,2.3841666666666668,37.883,1006.6,64.4,39.5,74.78888888888889
SP-00931,FCAST-003723,Central,southwest_monsoon,7,602,2022-07-01,10.5,5.502638888888889,151.189,1003.2,100.0,33.0,75.05416666666666
SP-00931,FCAST-003724,Central,tropical_cyclone,11,378,2021-11-19,23.62,11.642083333333334,217.976,989.1,100.0,32.0,74.89583333333333
SP-00932,FCAST-003725,Central,summer_storm,5,1992,2024-05-14,14.7,5.908194444444444,111.798,1001.5,97.6,34.67,75.28333333333333
SP-00932,FCAST-003726,Central,southwest_monsoon,8,1735,2023-08-31,10.5,5.665555555555556,148.229,1002.9,100.0,33.0,75.13194444444444
SP-00932,FCAST-003727,Central,heatwave,4,1243,2022-04-26,4.2,2.3816666666666664,41.701,1007.0,65.3,39.5,75.17777777777778
SP-00932,FCAST-003728,Central,tropical_cyclone,8,2091,2024-08-21,23.62,12.112916666666667,216.701,989.2,100.0,32.0,74.58055555555556
SP-00933,FCAST-003729,Central,heatwave,4,1515,2024-04-02,4.2,2.287777777777778,46.209,1006.5,65.2,39.5,74.79305555555555
SP-00933,FCAST-003730,Central,southwest_monsoon,8,1661,2024-08-26,10.5,5.72875,146.072,1004.2,100.0,33.0,75.0013888888889
SP-00933,FCAST-003731,Central,summer_storm,4,1149,2023-04-02,14.7,6.195138888888889,109.795,1001.6,98.1,34.18,75.60138888888889
SP-00933,FCAST-003732,Central,tropical_cyclone,9,592,2021-09-22,23.62,12.289166666666667,213.625,989.4,100.0,32.0,75.33888888888889
SP-00934,FCAST-003733,Central,heatwave,4,794,2020-04-06,4.2,2.4363888888888887,39.852,1006.4,66.6,39.5,75.18194444444445
SP-00934,FCAST-003734,Central,summer_storm,4,812,2020-04-24,14.7,6.59125,112.766,1001.2,100.0,34.56,74.69861111111112
SP-00934,FCAST-003735,Central,southwest_monsoon,9,1334,2021-09-28,10.5,5.665972222222222,144.817,1003.8,100.0,33.0,74.75
SP-00934,FCAST-003736,Central,tropical_cyclone,10,630,2019-10-25,23.62,11.849583333333333,213.84,989.4,100.0,32.0,75.09583333333333
SP-00935,FCAST-003737,Central,tropical_cyclone,11,1674,2024-11-08,23.62,11.946666666666665,222.9,988.7,100.0,32.0,74.94583333333334
SP-00935,FCAST-003738,Central,summer_storm,5,398,2021-05-12,14.7,5.917222222222222,104.77,1001.5,98.8,34.99,74.77361111111111
SP-00935,FCAST-003739,Central,southwest_monsoon,7,1565,2024-07-22,10.5,5.747222222222223,147.588,1003.9,99.4,33.0,74.99444444444445
SP-00935,FCAST-003740,Central,heatwave,3,1066,2023-03-11,4.2,2.41,38.645,1006.9,67.8,39.5,74.81527777777778
SP-00936,FCAST-003741,Central,southwest_monsoon,6,1336,2024-06-07,10.5,5.386111111111111,143.249,1003.6,97.8,33.0,74.95972222222223
SP-00936,FCAST-003742,Central,tropical_cyclone,11,1134,2023-11-18,23.62,12.084444444444445,216.959,988.7,100.0,32.0,74.92916666666666
SP-00936,FCAST-003743,Central,heatwave,3,873,2023-03-02,4.2,2.3783333333333334,34.97,1007.0,63.8,39.5,74.98194444444444
SP-00936,FCAST-003744,Central,summer_storm,5,589,2022-05-22,14.7,6.3886111111111115,106.668,1001.5,96.7,34.62,75.41111111111111
SP-00937,FCAST-003745,Central,heatwave,4,666,2023-04-02,4.2,2.46625,38.016,1006.8,67.4,39.5,74.54444444444444
SP-00937,FCAST-003746,Central,southwest_monsoon,6,5,2021-06-10,10.5,5.5175,151.043,1003.4,98.3,33.0,74.95833333333333
SP-00937,FCAST-003747,Central,summer_storm,5,724,2023-05-30,14.7,6.015694444444445,108.8,1001.2,97.1,34.82,74.96111111111111
SP-00937,FCAST-003748,Central,tropical_cyclone,10,146,2021-10-29,23.62,12.012916666666666,221.085,989.0,100.0,32.0,74.89722222222223
SP-00938,FCAST-003749,Central,southwest_monsoon,8,1714,2023-08-26,10.5,5.512222222222222,154.204,1004.0,100.0,33.0,74.72777777777777
SP-00938,FCAST-003750,Central,heatwave,3,469,2020-03-29,4.2,2.41875,45.871,1007.0,67.0,39.5,75.3138888888889
SP-00938,FCAST-003751,Central,summer_storm,4,1588,2023-04-22,14.7,6.363888888888889,106.916,1001.8,97.6,34.36,75.03194444444445
SP-00938,FCAST-003752,Central,tropical_cyclone,10,657,2020-10-03,23.62,12.008472222222222,218.603,989.3,100.0,32.0,75.24305555555556
SP-00939,FCAST-003753,Central,tropical_cyclone,8,1770,2023-08-23,23.62,11.884027777777778,217.692,988.6,100.0,32.0,75.3125
SP-00939,FCAST-003754,Central,southwest_monsoon,7,2096,2024-07-14,10.5,5.575694444444444,156.064,1003.8,99.9,33.0,74.63749999999999
SP-00939,FCAST-003755,Central,summer_storm,5,1292,2022-05-02,14.7,6.285833333333333,109.166,1001.4,97.8,34.86,75.18472222222222
SP-00939,FCAST-003756,Central,heatwave,4,171,2019-04-07,4.2,2.2870833333333334,37.487,1006.9,68.5,39.5,75.17500000000001
SP-00940,FCAST-003757,Central,heatwave,3,1939,2025-03-17,4.2,2.37875,42.69,1006.7,68.1,39.5,75.50277777777778
SP-00940,FCAST-003758,Central,summer_storm,5,1630,2024-05-12,14.7,5.962777777777777,112.191,1001.7,98.8,34.52,75.32222222222222
SP-00940,FCAST-003759,Central,tropical_cyclone,10,1424,2023-10-19,23.62,12.16125,224.022,988.3,100.0,32.0,74.87777777777778
SP-00940,FCAST-003760,Central,southwest_monsoon,6,560,2021-06-07,10.5,5.712222222222222,149.142,1003.7,100.0,33.0,75.40416666666667
SP-00941,FCAST-003761,Central,summer_storm,5,1006,2021-05-21,14.7,6.1779166666666665,105.736,1001.7,97.3,34.35,75.07222222222222
SP-00941,FCAST-003762,Central,southwest_monsoon,7,1058,2021-07-12,10.5,5.442222222222222,144.554,1003.8,100.0,33.0,75.03055555555555
SP-00941,FCAST-003763,Central,heatwave,4,982,2021-04-27,4.2,2.3691666666666666,45.621,1006.8,64.1,39.5,75.30277777777778
SP-00941,FCAST-003764,Central,tropical_cyclone,11,2290,2024-11-25,23.62,12.095416666666667,220.26,988.4,99.9,32.0,75.27916666666667
SP-00942,FCAST-003765,Central,heatwave,4,1209,2023-04-27,4.2,2.477222222222222,40.131,1006.2,64.9,39.5,75.20694444444445
SP-00942,FCAST-003766,Central,southwest_monsoon,6,1621,2024-06-12,10.5,5.504861111111111,149.782,1003.9,100.0,33.0,75.04861111111111
SP-00942,FCAST-003767,Central,tropical_cyclone,11,678,2021-11-12,23.62,12.3875,218.051,989.3,100.0,32.0,74.70555555555556
SP-00942,FCAST-003768,Central,summer_storm,4,467,2021-04-15,14.7,6.022222222222222,110.851,1001.5,98.1,34.54,75.04305555555555
SP-00943,FCAST-003769,Central,heatwave,4,623,2020-04-28,4.2,2.2686111111111114,39.762,1006.8,66.1,39.5,74.8138888888889
SP-00943,FCAST-003770,Central,summer_storm,5,289,2019-05-30,14.7,6.069722222222222,106.048,1001.6,97.6,35.17,74.62777777777778
SP-00943,FCAST-003771,Central,tropical_cyclone,11,1194,2021-11-20,23.62,12.10388888888889,213.386,989.1,100.0,32.0,75.19999999999999
SP-00943,FCAST-003772,Central,southwest_monsoon,6,1412,2022-06-26,10.5,5.841527777777777,150.002,1003.3,100.0,33.0,74.87777777777778
SP-00944,FCAST-003773,Central,tropical_cyclone,10,148,2018-10-29,23.62,12.004305555555556,215.052,988.9,100.0,32.0,75.22916666666667
SP-00944,FCAST-003774,Central,heatwave,3,1379,2022-03-13,4.2,2.3005555555555555,43.282000000000004,1007.1,67.6,39.5,75.45833333333333
SP-00944,FCAST-003775,Central,southwest_monsoon,8,1181,2021-08-27,10.5,5.602916666666666,150.395,1004.1,99.8,33.0,74.85694444444444
SP-00944,FCAST-003776,Central,summer_storm,4,2141,2024-04-13,14.7,6.4286111111111115,107.823,1001.3,98.1,35.07,74.79166666666667
SP-00945,FCAST-003777,Central,southwest_monsoon,8,1150,2021-08-28,10.5,5.43125,144.592,1004.4,100.0,33.0,74.60416666666667
SP-00945,FCAST-003778,Central,heatwave,3,2443,2025-03-13,4.2,2.257638888888889,44.989,1006.8,69.4,39.5,75.0375
SP-00945,FCAST-003779,Central,tropical_cyclone,11,126,2018-11-08,23.62,11.870694444444444,219.491,989.5,100.0,32.0,74.73888888888888
SP-00945,FCAST-003780,Central,summer_storm,4,2106,2024-04-10,14.7,6.213472222222222,114.748,1001.3,97.9,34.17,75.11805555555556
SP-00946,FCAST-003781,Central,summer_storm,4,533,2021-04-28,14.7,6.2693055555555555,110.208,1000.6,97.0,34.55,74.68194444444445
SP-00946,FCAST-003782,Central,heatwave,3,121,2020-03-12,4.2,2.377083333333333,36.96,1006.5,65.4,39.5,75.33055555555556
SP-00946,FCAST-003783,Central,southwest_monsoon,7,984,2022-07-23,10.5,5.741666666666666,150.758,1004.3,100.0,33.0,74.7875
SP-00946,FCAST-003784,Central,tropical_cyclone,8,637,2021-08-10,23.62,12.117916666666666,220.755,989.0,100.0,32.0,75.15277777777777
SP-00947,FCAST-003785,Central,southwest_monsoon,8,904,2022-08-08,10.5,5.569722222222222,149.283,1004.1,98.6,33.0,74.67916666666666
SP-00947,FCAST-003786,Central,heatwave,4,798,2022-04-24,4.2,2.2276388888888885,39.828,1006.9,67.3,39.5,74.55000000000001
SP-00947,FCAST-003787,Central,tropical_cyclone,10,980,2022-10-23,23.62,11.909722222222221,215.67,988.6,100.0,32.0,75.15555555555555
SP-00947,FCAST-003788,Central,summer_storm,5,464,2021-05-25,14.7,6.129027777777778,101.935,1001.2,97.3,34.07,74.88055555555555
SP-00948,FCAST-003789,Central,summer_storm,5,1246,2022-05-24,14.7,6.223472222222222,110.204,1001.1,98.3,34.94,75.07222222222222
SP-00948,FCAST-003790,Central,tropical_cyclone,10,2118,2024-10-12,23.62,12.263055555555555,211.432,989.1,100.0,32.0,74.94444444444444
SP-00948,FCAST-003791,Central,heatwave,3,447,2020-03-16,4.2,2.48625,40.299,1006.9,65.2,39.5,75.23333333333333
SP-00948,FCAST-003792,Central,southwest_monsoon,8,964,2021-08-15,10.5,5.6426388888888885,150.423,1003.6,100.0,33.0,74.7513888888889
SP-00949,FCAST-003793,Central,tropical_cyclone,9,663,2022-09-30,23.62,12.145555555555555,224.323,989.9,100.0,32.0,74.98750000000001
SP-00949,FCAST-003794,Central,heatwave,3,96,2021-03-12,4.2,2.44125,48.378,1006.8,67.3,39.5,74.84722222222223
SP-00949,FCAST-003795,Central,summer_storm,5,1257,2024-05-16,14.7,6.213055555555555,103.115,1000.9,97.6,34.52,75.29305555555555
SP-00949,FCAST-003796,Central,southwest_monsoon,9,281,2021-09-13,10.5,5.8005555555555555,145.969,1004.3,99.8,33.0,75.41111111111111
SP-00950,FCAST-003797,Central,summer_storm,5,66,2020-05-01,14.7,6.063611111111111,99.277,1001.7,99.3,35.15,75.45416666666667
SP-00950,FCAST-003798,Central,tropical_cyclone,11,1356,2023-11-12,23.62,11.867638888888889,221.62199999999999,989.6,100.0,32.0,75.55416666666666
SP-00950,FCAST-003799,Central,heatwave,3,1492,2024-03-27,4.2,2.3940277777777776,48.78,1006.9,68.6,39.5,75.34722222222223
SP-00950,FCAST-003800,Central,southwest_monsoon,7,1604,2024-07-17,10.5,5.636527777777777,145.02,1003.9,100.0,33.0,74.54166666666667
SP-00951,FCAST-003801,Central,summer_storm,5,872,2024-05-13,14.7,5.885555555555555,106.783,1001.6,99.1,34.73,74.82361111111112
SP-00951,FCAST-003802,Central,tropical_cyclone,11,325,2022-11-13,23.62,11.756805555555555,219.203,989.2,100.0,32.0,75.00277777777778
SP-00951,FCAST-003803,Central,southwest_monsoon,9,270,2022-09-19,10.5,5.5431944444444445,151.752,1003.6,99.7,33.0,74.94166666666666
SP-00951,FCAST-003804,Central,heatwave,3,822,2024-03-24,4.2,2.4452777777777777,41.004,1006.7,65.6,39.5,75.04305555555555
SP-00952,FCAST-003805,Central,tropical_cyclone,9,569,2019-09-22,23.62,12.04638888888889,215.545,989.1,100.0,32.0,74.90833333333333
SP-00952,FCAST-003806,Central,southwest_monsoon,7,1605,2022-07-24,10.5,5.546527777777778,150.975,1003.9,100.0,33.0,75.12777777777778
SP-00952,FCAST-003807,Central,heatwave,4,396,2019-04-02,4.2,2.2527777777777778,46.199,1006.5,64.9,39.5,75.19861111111112
SP-00952,FCAST-003808,Central,summer_storm,4,57,2018-04-28,14.7,6.116666666666666,103.162,1001.5,96.7,34.73,75.35138888888889
SP-00953,FCAST-003809,Central,tropical_cyclone,8,922,2023-08-06,23.62,12.274027777777778,220.466,989.3,100.0,32.0,75.1263888888889
SP-00953,FCAST-003810,Central,heatwave,4,439,2022-04-10,4.2,2.4179166666666667,38.182,1006.7,67.4,39.5,74.725
SP-00953,FCAST-003811,Central,southwest_monsoon,6,869,2023-06-14,10.5,5.621388888888889,151.617,1003.6,99.3,33.0,74.98333333333333
SP-00953,FCAST-003812,Central,summer_storm,5,461,2022-05-02,14.7,6.293055555555555,101.167,1000.8,96.8,34.76,74.88749999999999
SP-00954,FCAST-003813,Central,southwest_monsoon,7,875,2022-07-23,10.5,5.615694444444444,143.409,1004.1,100.0,33.0,75.37222222222222
SP-00954,FCAST-003814,Central,summer_storm,4,37,2020-04-06,14.7,6.151527777777778,108.975,1001.4,98.8,34.59,75.29027777777777
SP-00954,FCAST-003815,Central,tropical_cyclone,8,178,2020-08-25,23.62,11.950138888888889,219.114,988.7,100.0,32.0,74.76944444444445
SP-00954,FCAST-003816,Central,heatwave,4,406,2021-04-10,4.2,2.4652777777777777,45.438,1007.0,66.7,39.5,74.73611111111111
SP-00955,FCAST-003817,Central,tropical_cyclone,9,2460,2024-09-27,23.62,12.071388888888889,215.829,989.0,100.0,32.0,74.69444444444444
SP-00955,FCAST-003818,Central,southwest_monsoon,8,238,2018-08-28,10.5,5.666944444444444,149.546,1004.0,100.0,33.0,74.78611111111111
SP-00955,FCAST-003819,Central,summer_storm,4,1923,2023-04-09,14.7,5.978888888888889,105.914,1001.5,96.0,34.71,75.34444444444445
SP-00955,FCAST-003820,Central,heatwave,4,97,2018-04-09,4.2,2.35625,39.802,1006.7,68.4,39.5,75.2513888888889
SP-00956,FCAST-003821,Central,summer_storm,4,1987,2024-04-03,14.7,6.353472222222222,105.133,1001.2,97.1,35.03,74.4625
SP-00956,FCAST-003822,Central,heatwave,3,1597,2023-03-10,4.2,2.457777777777778,44.268,1007.2,64.8,39.5,75.39305555555556
SP-00956,FCAST-003823,Central,southwest_monsoon,8,1039,2021-08-29,10.5,5.587361111111111,155.24699999999999,1004.3,98.6,33.0,74.80277777777778
SP-00956,FCAST-003824,Central,tropical_cyclone,8,2113,2024-08-07,23.62,12.041944444444445,221.274,989.3,100.0,32.0,74.96388888888889
SP-00957,FCAST-003825,Central,heatwave,3,1782,2023-03-06,4.2,2.4266666666666667,45.213,1006.6,65.0,39.5,75.03194444444445
SP-00957,FCAST-003826,Central,southwest_monsoon,8,1225,2021-08-26,10.5,5.829166666666667,148.54,1004.0,100.0,33.0,75.05138888888888
SP-00957,FCAST-003827,Central,tropical_cyclone,10,549,2019-10-20,23.62,12.035277777777777,214.775,989.0,100.0,32.0,75.00833333333334
SP-00957,FCAST-003828,Central,summer_storm,4,1093,2021-04-16,14.7,6.1525,110.782,1001.0,97.8,34.65,75.13472222222222
SP-00958,FCAST-003829,Central,tropical_cyclone,8,675,2023-08-28,23.62,12.028611111111111,217.702,989.2,100.0,32.0,75.18333333333334
SP-00958,FCAST-003830,Central,heatwave,3,890,2024-03-30,4.2,2.2216666666666667,47.263,1006.8,69.1,39.5,75.22083333333333
SP-00958,FCAST-003831,Central,southwest_monsoon,8,1022,2024-08-09,10.5,5.565,147.488,1003.4,100.0,33.0,75.42361111111111
SP-00958,FCAST-003832,Central,summer_storm,5,208,2022-05-18,14.7,6.012361111111111,112.381,1000.8,96.6,34.93,74.75972222222222
SP-00959,FCAST-003833,Central,southwest_monsoon,7,665,2022-07-31,10.5,5.628055555555555,151.444,1004.1,99.0,33.0,75.37083333333334
SP-00959,FCAST-003834,Central,tropical_cyclone,11,38,2020-11-11,23.62,11.824166666666667,215.088,989.5,100.0,32.0,75.21944444444445
SP-00959,FCAST-003835,Central,summer_storm,4,186,2021-04-08,14.7,5.877083333333333,107.556,1001.1,97.3,34.79,74.98472222222222
SP-00959,FCAST-003836,Central,heatwave,3,1255,2024-03-12,4.2,2.136527777777778,42.617,1006.5,65.5,39.5,75.04722222222222
SP-00960,FCAST-003837,Central,summer_storm,4,1459,2022-04-02,14.7,6.24375,111.371,1001.1,96.9,34.63,75.10833333333333
SP-00960,FCAST-003838,Central,tropical_cyclone,10,207,2018-10-28,23.62,12.054722222222221,212.556,989.0,100.0,32.0,74.9361111111111
SP-00960,FCAST-003839,Central,southwest_monsoon,7,1916,2023-07-03,10.5,5.7188888888888885,149.298,1003.7,99.9,33.0,75.1875
SP-00960,FCAST-003840,Central,heatwave,3,2531,2025-03-09,4.2,2.3594444444444442,40.792,1006.6,66.1,39.5,75.01249999999999
SP-00961,FCAST-003841,Central,summer_storm,4,2265,2024-04-20,14.7,6.2316666666666665,103.22,1001.2,98.1,34.91,75.20694444444445
SP-00961,FCAST-003842,Central,heatwave,4,56,2018-04-03,4.2,2.3341666666666665,35.283,1007.0,66.2,39.5,74.98333333333333
SP-00961,FCAST-003843,Central,tropical_cyclone,11,2098,2023-11-05,23.62,12.194027777777778,216.447,989.5,100.0,32.0,74.62222222222222
SP-00961,FCAST-003844,Central,southwest_monsoon,8,565,2019-08-25,10.5,5.553333333333333,146.308,1004.2,99.3,33.0,74.88194444444444
SP-00962,FCAST-003845,Central,heatwave,3,140,2022-03-30,4.2,2.3269444444444445,42.57,1007.0,65.3,39.5,75.27916666666667
SP-00962,FCAST-003846,Central,summer_storm,5,928,2024-05-26,14.7,6.280138888888889,115.029,1000.9,98.5,35.58,74.73750000000001
SP-00962,FCAST-003847,Central,tropical_cyclone,10,1069,2024-10-14,23.62,11.945694444444445,219.672,988.9,100.0,32.0,75.09444444444445
SP-00962,FCAST-003848,Central,southwest_monsoon,9,303,2022-09-09,10.5,5.6275,150.446,1004.6,98.0,33.0,74.94444444444444
SP-00963,FCAST-003849,Central,heatwave,3,509,2020-03-24,4.2,2.426388888888889,42.677,1006.8,65.2,39.5,74.73888888888888
SP-00963,FCAST-003850,Central,southwest_monsoon,8,289,2019-08-17,10.5,5.784027777777777,149.579,1003.4,100.0,33.0,74.87083333333334
SP-00963,FCAST-003851,Central,summer_storm,4,179,2019-04-29,14.7,6.36625,110.58,1001.9,98.0,34.11,74.98472222222222
SP-00963,FCAST-003852,Central,tropical_cyclone,8,1378,2022-08-10,23.62,11.884305555555555,219.525,989.3,100.0,32.0,74.84027777777777
SP-00964,FCAST-003853,Central,tropical_cyclone,10,868,2023-10-16,23.62,12.022777777777778,219.044,989.3,100.0,32.0,75.38749999999999
SP-00964,FCAST-003854,Central,summer_storm,4,675,2023-04-06,14.7,6.246527777777778,110.149,1001.2,97.0,34.88,75.15
SP-00964,FCAST-003855,Central,heatwave,3,296,2022-03-23,4.2,2.3584722222222223,40.902,1006.7,64.6,39.5,75.21944444444445
SP-00964,FCAST-003856,Central,southwest_monsoon,8,65,2021-08-04,10.5,5.594166666666666,148.35999999999999,1004.0,100.0,33.0,75.225
SP-00965,FCAST-003857,Central,heatwave,3,206,2020-03-28,4.2,2.267777777777778,42.071,1006.6,68.5,39.5,75.16666666666667
SP-00965,FCAST-003858,Central,summer_storm,4,954,2022-04-15,14.7,6.175277777777778,104.69500000000001,1001.7,98.4,34.66,74.54444444444444
SP-00965,FCAST-003859,Central,tropical_cyclone,9,756,2021-09-29,23.62,11.924444444444445,222.04,988.8,100.0,32.0,74.99722222222222
SP-00965,FCAST-003860,Central,southwest_monsoon,6,1367,2023-06-02,10.5,5.505,147.811,1003.5,100.0,33.0,74.9986111111111
SP-00966,FCAST-003861,Central,heatwave,3,1718,2025-03-22,4.2,2.4508333333333336,43.149,1006.8,64.5,39.5,75.54861111111111
SP-00966,FCAST-003862,Central,southwest_monsoon,9,1157,2023-09-08,10.5,5.889722222222222,153.662,1004.3,99.9,33.0,75.12222222222222
SP-00966,FCAST-003863,Central,tropical_cyclone,10,90,2020-10-06,23.62,11.884583333333332,216.478,989.1,100.0,32.0,75.00972222222222
SP-00966,FCAST-003864,Central,summer_storm,4,1013,2023-04-17,14.7,6.163333333333333,113.759,1001.0,97.6,34.76,74.78333333333333
SP-00967,FCAST-003865,Central,summer_storm,5,793,2021-05-22,14.7,6.1436111111111105,114.42999999999999,1001.4,97.8,34.74,74.79444444444444
SP-00967,FCAST-003866,Central,tropical_cyclone,8,142,2019-08-10,23.62,12.011666666666667,223.871,988.8,100.0,32.0,75.36666666666666
SP-00967,FCAST-003867,Central,heatwave,3,1831,2024-03-25,4.2,2.5508333333333333,43.673,1006.8,68.2,39.5,75.19027777777778
SP-00967,FCAST-003868,Central,southwest_monsoon,7,859,2021-07-27,10.5,5.364027777777777,154.12,1004.3,100.0,33.0,75.01666666666667
SP-00968,FCAST-003869,Central,heatwave,3,455,2020-03-05,4.2,2.361388888888889,41.626,1006.1,65.3,39.5,75.22777777777777
SP-00968,FCAST-003870,Central,summer_storm,4,494,2020-04-13,14.7,6.030138888888889,105.2,1001.5,97.2,33.71,75.32777777777778
SP-00968,FCAST-003871,Central,tropical_cyclone,8,2069,2024-08-05,23.62,11.86486111111111,219.66,989.4,100.0,32.0,74.875
SP-00968,FCAST-003872,Central,southwest_monsoon,7,226,2019-07-20,10.5,5.493194444444445,147.152,1003.9,100.0,33.0,74.63194444444444
SP-00969,FCAST-003873,Central,summer_storm,4,1464,2023-04-30,14.7,6.296805555555555,105.432,1001.3,99.1,34.12,74.64722222222223
SP-00969,FCAST-003874,Central,tropical_cyclone,10,915,2021-10-28,23.62,12.412638888888889,212.723,989.3,100.0,32.0,74.98750000000001
SP-00969,FCAST-003875,Central,heatwave,4,710,2021-04-06,4.2,2.4444444444444446,41.169,1006.5,65.5,39.5,75.22222222222223
SP-00969,FCAST-003876,Central,southwest_monsoon,9,145,2019-09-19,10.5,5.448333333333333,144.63,1004.1,100.0,33.0,75.15
SP-00970,FCAST-003877,Central,heatwave,3,209,2022-03-23,4.2,2.4155555555555552,37.49,1007.1,68.3,39.5,75.15416666666667
SP-00970,FCAST-003878,Central,southwest_monsoon,6,661,2023-06-18,10.5,5.830555555555556,142.118,1003.6,100.0,33.0,75.11250000000001
SP-00970,FCAST-003879,Central,tropical_cyclone,9,376,2022-09-06,23.62,12.016666666666667,213.683,989.4,100.0,32.0,74.95277777777778
SP-00970,FCAST-003880,Central,summer_storm,4,609,2023-04-27,14.7,6.054027777777778,101.98,1001.2,98.1,34.21,75.3111111111111
SP-00971,FCAST-003881,Central,heatwave,3,1151,2024-03-02,4.2,2.322222222222222,42.602,1006.6,65.6,39.5,75.16388888888889
SP-00971,FCAST-003882,Central,southwest_monsoon,6,526,2022-06-16,10.5,5.810416666666667,149.375,1004.8,100.0,33.0,75.21111111111111
SP-00971,FCAST-003883,Central,summer_storm,4,85,2021-04-01,14.7,6.321111111111112,106.931,1001.5,97.5,34.49,75.22222222222223
SP-00971,FCAST-003884,Central,tropical_cyclone,8,594,2022-08-23,23.62,12.00013888888889,217.676,989.0,100.0,32.0,74.75416666666666
SP-00972,FCAST-003885,Central,summer_storm,5,377,2019-05-04,14.7,6.330416666666667,111.393,1001.5,98.0,34.09,75.16944444444444
SP-00972,FCAST-003886,Central,tropical_cyclone,9,2347,2024-09-24,23.62,12.035555555555554,221.856,989.2,100.0,32.0,74.98472222222222
SP-00972,FCAST-003887,Central,southwest_monsoon,9,1617,2022-09-25,10.5,5.593472222222222,144.424,1003.8,100.0,33.0,75.2875
SP-00972,FCAST-003888,Central,heatwave,3,317,2019-03-05,4.2,2.5275,39.178,1006.6,66.3,39.5,75.32222222222222
SP-00973,FCAST-003889,Central,tropical_cyclone,9,1068,2021-09-03,23.62,11.900555555555556,227.976,988.8,100.0,32.0,74.9625
SP-00973,FCAST-003890,Central,summer_storm,4,2024,2024-04-16,14.7,6.535833333333333,98.607,1001.2,96.5,34.55,74.83888888888889
SP-00973,FCAST-003891,Central,heatwave,3,1248,2022-03-02,4.2,2.4394444444444443,46.067,1007.1,66.5,39.5,74.70972222222223
SP-00973,FCAST-003892,Central,southwest_monsoon,8,333,2019-08-30,10.5,5.306666666666667,147.93800000000002,1003.6,100.0,33.0,75.30277777777778
SP-00974,FCAST-003893,Central,southwest_monsoon,7,53,2021-07-17,10.5,5.658333333333333,146.388,1003.6,100.0,33.0,74.96388888888889
SP-00974,FCAST-003894,Central,heatwave,4,693,2023-04-18,4.2,2.3895833333333334,46.791,1006.5,67.0,39.5,75.19305555555555
SP-00974,FCAST-003895,Central,summer_storm,5,366,2022-05-26,14.7,6.187222222222222,106.547,1001.7,98.1,34.59,75.05138888888888
SP-00974,FCAST-003896,Central,tropical_cyclone,9,1198,2024-09-04,23.62,11.875416666666666,218.682,989.3,100.0,32.0,74.77083333333333
SP-00975,FCAST-003897,Central,heatwave,4,1511,2022-04-26,4.2,2.395555555555555,45.33,1006.4,66.6,39.5,74.88055555555555
SP-00975,FCAST-003898,Central,tropical_cyclone,9,925,2020-09-17,23.62,11.900972222222222,223.881,989.3,100.0,32.0,74.78333333333333
SP-00975,FCAST-003899,Central,summer_storm,4,2235,2024-04-19,14.7,6.221388888888889,110.302,1001.5,100.0,34.58,75.2486111111111
SP-00975,FCAST-003900,Central,southwest_monsoon,8,541,2019-08-30,10.5,5.559444444444444,147.518,1004.0,100.0,33.0,74.69583333333334
SP-00976,FCAST-003901,Central,southwest_monsoon,7,1979,2023-07-16,10.5,5.644722222222223,143.05,1003.8,99.4,33.0,74.8138888888889
SP-00976,FCAST-003902,Central,heatwave,3,2596,2025-03-24,4.2,2.4868055555555557,41.018,1007.1,68.3,39.5,75.27777777777777
SP-00976,FCAST-003903,Central,tropical_cyclone,8,538,2019-08-05,23.62,12.100833333333334,220.266,989.1,100.0,32.0,74.8138888888889
SP-00976,FCAST-003904,Central,summer_storm,5,833,2020-05-26,14.7,5.908194444444444,106.995,1000.9,97.1,34.82,74.60833333333333
SP-00977,FCAST-003905,Central,summer_storm,4,932,2022-04-25,14.7,6.3163888888888895,112.67399999999999,1001.0,97.6,34.43,75.08611111111111
SP-00977,FCAST-003906,Central,heatwave,3,170,2020-03-24,4.2,2.3256944444444443,39.273,1007.0,65.4,39.5,74.71944444444445
SP-00977,FCAST-003907,Central,southwest_monsoon,7,1394,2023-07-31,10.5,5.6033333333333335,147.936,1003.5,99.3,33.0,74.9
SP-00977,FCAST-003908,Central,tropical_cyclone,11,411,2020-11-20,23.62,12.069583333333334,217.238,989.4,100.0,32.0,74.90555555555555
SP-00978,FCAST-003909,Central,summer_storm,5,231,2021-05-13,14.7,6.414166666666667,105.813,1001.1,97.0,34.53,74.94444444444444
SP-00978,FCAST-003910,Central,southwest_monsoon,8,677,2022-08-02,10.5,5.762222222222222,147.078,1004.0,99.4,33.0,75.06805555555555
SP-00978,FCAST-003911,Central,tropical_cyclone,8,1062,2023-08-22,23.62,12.167638888888888,213.789,989.2,100.0,32.0,75.32638888888889
SP-00978,FCAST-003912,Central,heatwave,4,1303,2024-04-19,4.2,2.24,42.408,1006.3,67.3,39.5,74.79583333333333
SP-00979,FCAST-003913,Central,southwest_monsoon,9,779,2020-09-02,10.5,5.567916666666666,147.572,1003.8,100.0,33.0,75.35416666666667
SP-00979,FCAST-003914,Central,tropical_cyclone,11,1579,2022-11-11,23.62,12.161666666666667,220.901,989.7,99.9,32.0,74.99583333333334
SP-00979,FCAST-003915,Central,summer_storm,4,1742,2023-04-23,14.7,6.21625,110.79,1000.9,97.4,35.19,74.7513888888889
SP-00979,FCAST-003916,Central,heatwave,4,274,2019-04-16,4.2,2.4808333333333334,37.415,1007.0,64.3,39.5,75.14444444444445
SP-00980,FCAST-003917,Central,summer_storm,4,1090,2021-04-09,14.7,6.087777777777777,107.747,1001.3,100.0,34.98,74.95972222222223
SP-00980,FCAST-003918,Central,heatwave,3,1066,2021-03-16,4.2,2.370138888888889,41.501,1006.5,65.5,39.5,74.94027777777778
SP-00980,FCAST-003919,Central,tropical_cyclone,8,1234,2021-08-31,23.62,12.032222222222224,217.511,989.2,100.0,32.0,74.94861111111112
SP-00980,FCAST-003920,Central,southwest_monsoon,9,1264,2021-09-30,10.5,5.543749999999999,141.451,1003.9,100.0,33.0,75.38749999999999
SP-00981,FCAST-003921,Central,summer_storm,4,861,2022-04-22,14.7,6.105138888888889,104.239,1001.1,98.2,35.13,74.89444444444445
SP-00981,FCAST-003922,Central,heatwave,4,503,2021-04-29,4.2,2.427777777777778,44.731,1006.7,67.8,39.5,74.96666666666667
SP-00981,FCAST-003923,Central,tropical_cyclone,11,1054,2022-11-01,23.62,11.60375,216.137,989.4,100.0,32.0,75.20416666666667
SP-00981,FCAST-003924,Central,southwest_monsoon,7,230,2020-07-30,10.5,5.6241666666666665,152.853,1004.0,99.2,33.0,75.08194444444445
SP-00982,FCAST-003925,Central,tropical_cyclone,8,1260,2021-08-16,23.62,11.807222222222222,221.635,989.3,100.0,32.0,74.93194444444445
SP-00982,FCAST-003926,Central,summer_storm,5,800,2020-05-13,14.7,6.3623611111111105,108.166,1001.6,99.0,34.81,75.24027777777778
SP-00982,FCAST-003927,Central,southwest_monsoon,8,1988,2023-08-14,10.5,5.691527777777778,147.838,1004.2,99.5,33.0,75.30000000000001
SP-00982,FCAST-003928,Central,heatwave,4,1492,2022-04-05,4.2,2.4615277777777775,45.5,1006.8,67.8,39.5,74.76111111111112
SP-00983,FCAST-003929,Central,summer_storm,5,830,2021-05-09,14.7,5.988888888888889,109.68599999999999,1001.3,96.0,34.59,75.44999999999999
SP-00983,FCAST-003930,Central,southwest_monsoon,9,1695,2023-09-21,10.5,5.453194444444445,146.507,1003.3,100.0,33.0,74.83194444444445
SP-00983,FCAST-003931,Central,tropical_cyclone,9,968,2021-09-24,23.62,11.958194444444445,216.365,989.4,99.9,32.0,74.70972222222223
SP-00983,FCAST-003932,Central,heatwave,3,1148,2022-03-23,4.2,2.2333333333333334,39.882,1007.1,65.5,39.5,74.96111111111111
SP-00984,FCAST-003933,Central,heatwave,4,959,2024-04-18,4.2,2.29125,42.618,1006.2,66.8,39.5,75.20416666666667
SP-00984,FCAST-003934,Central,tropical_cyclone,11,444,2022-11-20,23.62,11.891388888888889,223.322,989.6,100.0,32.0,75.11388888888888
SP-00984,FCAST-003935,Central,southwest_monsoon,8,708,2023-08-11,10.5,5.568611111111111,145.507,1004.0,100.0,33.0,75.2486111111111
SP-00984,FCAST-003936,Central,summer_storm,4,958,2024-04-17,14.7,5.705694444444444,106.767,1001.0,98.3,34.05,75.07777777777778
SP-00985,FCAST-003937,Central,southwest_monsoon,8,1157,2021-08-10,10.5,5.441805555555556,156.36599999999999,1003.2,99.7,33.0,74.92916666666666
SP-00985,FCAST-003938,Central,tropical_cyclone,8,435,2019-08-19,23.62,11.882777777777777,219.778,988.7,100.0,32.0,75.14444444444445
SP-00985,FCAST-003939,Central,heatwave,4,312,2019-04-18,4.2,2.301527777777778,43.545,1006.7,68.6,39.5,75.01111111111112
SP-00985,FCAST-003940,Central,summer_storm,5,1067,2021-05-12,14.7,6.254861111111111,106.053,1001.2,98.4,34.71,74.77638888888889
SP-00986,FCAST-003941,Central,southwest_monsoon,6,532,2020-06-01,10.5,5.608194444444445,151.859,1004.2,99.5,33.0,75.22083333333333
SP-00986,FCAST-003942,Central,heatwave,4,1588,2023-04-23,4.2,2.5141666666666667,40.588,1006.6,65.2,39.5,75.21111111111111
SP-00986,FCAST-003943,Central,tropical_cyclone,9,1010,2021-09-22,23.62,12.272638888888888,220.679,989.5,100.0,32.0,75.27361111111111
SP-00986,FCAST-003944,Central,summer_storm,4,495,2020-04-25,14.7,6.445972222222222,107.3,1001.2,97.3,34.18,74.82083333333334
SP-00987,FCAST-003945,Central,summer_storm,5,944,2024-05-18,14.7,6.235138888888889,107.192,1001.2,98.1,34.72,74.47916666666667
SP-00987,FCAST-003946,Central,tropical_cyclone,11,1137,2024-11-27,23.62,11.975833333333334,217.297,988.8,100.0,32.0,75.09027777777777
SP-00987,FCAST-003947,Central,southwest_monsoon,9,712,2023-09-29,10.5,5.3438888888888885,147.881,1003.8,100.0,33.0,74.88472222222222
SP-00987,FCAST-003948,Central,heatwave,3,882,2024-03-17,4.2,2.5056944444444444,37.84,1007.0,64.6,39.5,75.05833333333334
SP-00988,FCAST-003949,Central,summer_storm,5,1460,2024-05-19,14.7,6.226111111111112,113.497,1000.5,97.3,34.12,74.1625
SP-00988,FCAST-003950,Central,heatwave,4,705,2022-04-25,4.2,2.1983333333333333,36.952,1007.1,66.6,39.5,75.38611111111112
SP-00988,FCAST-003951,Central,southwest_monsoon,6,752,2022-06-11,10.5,5.502916666666667,145.933,1003.8,100.0,33.0,75.03888888888889
SP-00988,FCAST-003952,Central,tropical_cyclone,10,1238,2023-10-10,23.62,11.797777777777778,218.085,989.2,100.0,32.0,75.07361111111112
SP-00989,FCAST-003953,Central,heatwave,3,1407,2024-03-04,4.2,2.32125,34.275,1006.9,64.9,39.5,75.22777777777777
SP-00989,FCAST-003954,Central,summer_storm,4,1083,2023-04-15,14.7,5.947916666666667,111.616,1001.1,96.9,33.58,74.725
SP-00989,FCAST-003955,Central,southwest_monsoon,6,777,2022-06-13,10.5,5.59125,151.168,1003.6,100.0,33.0,74.95833333333333
SP-00989,FCAST-003956,Central,tropical_cyclone,11,1292,2023-11-10,23.62,11.876944444444444,216.687,989.3,100.0,32.0,75.11527777777778
SP-00990,FCAST-003957,Central,southwest_monsoon,6,1890,2024-06-20,10.5,5.650833333333334,152.955,1003.4,98.2,33.0,75.00277777777778
SP-00990,FCAST-003958,Central,heatwave,4,1091,2022-04-13,4.2,2.399722222222222,45.835,1006.0,67.7,39.5,75.0013888888889
SP-00990,FCAST-003959,Central,summer_storm,4,730,2021-04-17,14.7,6.525,107.254,1001.8,96.5,34.94,75.20277777777778
SP-00990,FCAST-003960,Central,tropical_cyclone,9,1615,2023-09-19,23.62,11.928611111111111,219.863,989.1,100.0,32.0,75.08055555555556
SP-00991,FCAST-003961,Central,heatwave,4,1262,2024-04-14,4.2,2.535555555555556,37.368,1006.8,66.6,39.5,74.81666666666666
SP-00991,FCAST-003962,Central,tropical_cyclone,11,1106,2023-11-10,23.62,12.294722222222223,219.188,989.4,100.0,32.0,74.80555555555556
SP-00991,FCAST-003963,Central,summer_storm,5,556,2022-05-09,14.7,6.355555555555555,109.931,1000.7,95.9,34.72,74.73194444444444
SP-00991,FCAST-003964,Central,southwest_monsoon,9,331,2021-09-26,10.5,5.406527777777778,156.015,1003.7,100.0,33.0,74.78055555555555
SP-00992,FCAST-003965,Central,heatwave,3,2388,2025-03-14,4.2,2.4048611111111113,40.864,1006.7,65.3,39.5,75.44305555555555
SP-00992,FCAST-003966,Central,tropical_cyclone,8,1797,2023-08-01,23.62,12.020555555555555,220.488,988.9,100.0,32.0,74.72222222222223
SP-00992,FCAST-003967,Central,southwest_monsoon,7,319,2019-07-15,10.5,5.68875,141.049,1003.7,99.4,33.0,74.81527777777778
SP-00992,FCAST-003968,Central,summer_storm,4,2062,2024-04-22,14.7,6.177083333333333,102.623,1001.4,97.0,34.38,74.86666666666666
SP-00993,FCAST-003969,Central,southwest_monsoon,7,1737,2023-07-05,10.5,5.487222222222222,142.851,1003.7,100.0,33.0,75.08333333333333
SP-00993,FCAST-003970,Central,tropical_cyclone,8,1412,2022-08-14,23.62,12.110972222222223,212.531,989.4,100.0,32.0,74.83333333333333
SP-00993,FCAST-003971,Central,heatwave,4,188,2019-04-08,4.2,2.3755555555555556,35.805,1006.8,65.5,39.5,75.41944444444444
SP-00993,FCAST-003972,Central,summer_storm,4,1669,2023-04-28,14.7,6.337361111111111,107.677,1001.4,98.0,34.57,75.01111111111112
SP-00994,FCAST-003973,Central,heatwave,3,1705,2023-03-06,4.2,2.3297222222222222,45.903,1006.6,65.0,39.5,75.00416666666666
SP-00994,FCAST-003974,Central,southwest_monsoon,7,9,2018-07-14,10.5,5.465416666666666,153.22,1004.2,100.0,33.0,74.78055555555555
SP-00994,FCAST-003975,Central,summer_storm,4,1753,2023-04-23,14.7,6.3156944444444445,104.252,1001.6,95.7,33.98,74.44722222222222
SP-00994,FCAST-003976,Central,tropical_cyclone,10,1551,2022-10-03,23.62,12.208888888888888,219.237,989.1,100.0,32.0,74.97083333333333
SP-00995,FCAST-003977,Central,tropical_cyclone,11,379,2019-11-10,23.62,12.037916666666668,218.567,988.5,100.0,32.0,74.93333333333334
SP-00995,FCAST-003978,Central,summer_storm,4,178,2019-04-23,14.7,6.24013888888889,106.32300000000001,1001.3,97.7,35.19,75.18055555555556
SP-00995,FCAST-003979,Central,heatwave,3,1965,2024-03-14,4.2,2.367361111111111,42.371,1007.3,66.4,39.5,74.9361111111111
SP-00995,FCAST-003980,Central,southwest_monsoon,6,1691,2023-06-14,10.5,5.67,150.186,1004.1,100.0,33.0,75.125
SP-00996,FCAST-003981,Central,summer_storm,4,1906,2023-04-22,14.7,6.031527777777778,109.358,1001.4,98.0,34.44,75.02916666666667
SP-00996,FCAST-003982,Central,tropical_cyclone,11,2466,2024-11-02,23.62,11.908194444444444,219.01,989.2,100.0,32.0,74.96388888888889
SP-00996,FCAST-003983,Central,heatwave,3,2241,2024-03-22,4.2,2.355,43.106,1006.9,66.2,39.5,74.94166666666666
SP-00996,FCAST-003984,Central,southwest_monsoon,9,1689,2022-09-17,10.5,5.867083333333333,154.125,1004.1,99.2,33.0,74.61527777777778
SP-00997,FCAST-003985,Central,tropical_cyclone,11,1286,2021-11-23,23.62,11.817222222222222,222.163,989.0,100.0,32.0,74.93333333333334
SP-00997,FCAST-003986,Central,heatwave,3,1755,2023-03-07,4.2,2.328888888888889,39.758,1006.8,69.6,39.5,75.16805555555555
SP-00997,FCAST-003987,Central,southwest_monsoon,6,1115,2021-06-05,10.5,5.425000000000001,151.551,1003.8,100.0,33.0,74.65
SP-00997,FCAST-003988,Central,summer_storm,4,1433,2022-04-19,14.7,5.875416666666666,112.774,1001.4,97.5,34.68,75.03055555555555
SP-00998,FCAST-003989,Central,summer_storm,4,2109,2024-04-24,14.7,5.920555555555556,109.073,1001.0,98.4,34.34,74.84305555555555
SP-00998,FCAST-003990,Central,southwest_monsoon,7,1081,2021-07-01,10.5,5.7595833333333335,150.06,1003.7,99.8,33.0,74.92083333333333
SP-00998,FCAST-003991,Central,heatwave,3,965,2021-03-07,4.2,2.3990277777777775,38.985,1006.6,65.8,39.5,75.03055555555555
SP-00998,FCAST-003992,Central,tropical_cyclone,11,1585,2022-11-17,23.62,12.043888888888889,221.378,989.0,100.0,32.0,75.27361111111111
SP-00999,FCAST-003993,Central,tropical_cyclone,9,235,2019-09-07,23.62,11.95736111111111,223.375,989.0,100.0,32.0,75.01944444444445
SP-00999,FCAST-003994,Central,southwest_monsoon,9,975,2021-09-16,10.5,5.704583333333334,149.821,1004.1,100.0,33.0,74.95416666666667
SP-00999,FCAST-003995,Central,heatwave,4,1194,2022-04-23,4.2,2.4156944444444446,44.516,1006.9,69.3,39.5,74.89583333333333
SP-00999,FCAST-003996,Central,summer_storm,5,500,2020-05-29,14.7,6.092222222222222,109.90899999999999,1001.4,97.1,35.65,74.99027777777778
SP-01000,FCAST-003997,Central,southwest_monsoon,6,834,2021-06-04,10.5,5.578333333333333,144.763,1004.0,100.0,33.0,75.45833333333333
SP-01000,FCAST-003998,Central,heatwave,4,1529,2023-04-30,4.2,2.420833333333333,42.693,1006.5,64.0,39.5,74.95833333333333
SP-01000,FCAST-003999,Central,tropical_cyclone,8,1992,2024-08-05,23.62,11.998472222222222,221.079,989.2,100.0,32.0,74.39305555555556
SP-01000,FCAST-004000,Central,summer_storm,4,1888,2024-04-23,14.7,6.394722222222223,115.469,1001.4,98.9,34.74,75.00416666666666
SP-01001,FCAST-004001,Central,heatwave,3,464,2021-03-28,4.2,2.3391666666666664,38.313,1007.0,65.4,39.5,75.13333333333334
SP-01001,FCAST-004002,Central,tropical_cyclone,9,1376,2023-09-26,23.62,11.95736111111111,219.077,989.0,100.0,32.0,75.15555555555555
SP-01001,FCAST-004003,Central,summer_storm,5,866,2022-05-04,14.7,6.416944444444444,107.117,1001.4,97.9,34.66,75.4388888888889
SP-01001,FCAST-004004,Central,southwest_monsoon,9,1725,2024-09-09,10.5,5.767777777777777,149.781,1004.0,99.7,33.0,75.27916666666667
SP-01002,FCAST-004005,Central,southwest_monsoon,7,976,2024-07-14,10.5,5.552499999999999,148.47,1003.8,100.0,33.0,74.73472222222222
SP-01002,FCAST-004006,Central,tropical_cyclone,9,1042,2024-09-18,23.62,11.95361111111111,213.945,989.2,100.0,32.0,75.34861111111111
SP-01002,FCAST-004007,Central,heatwave,3,862,2024-03-22,4.2,2.3725,50.236,1006.9,66.0,39.5,74.79583333333333
SP-01002,FCAST-004008,Central,summer_storm,5,559,2023-05-24,14.7,6.234722222222222,105.057,1001.7,97.7,34.73,75.07499999999999
SP-01003,FCAST-004009,Central,summer_storm,5,1374,2023-05-05,14.7,6.204444444444444,110.451,1000.6,97.3,35.47,74.56944444444444
SP-01003,FCAST-004010,Central,heatwave,4,1367,2023-04-28,4.2,2.3072222222222223,40.613,1006.1,67.1,39.5,75.20416666666667
SP-01003,FCAST-004011,Central,tropical_cyclone,11,465,2020-11-07,23.62,11.947083333333333,218.801,988.9,100.0,32.0,75.09861111111111
SP-01003,FCAST-004012,Central,southwest_monsoon,6,1788,2024-06-22,10.5,5.629166666666666,154.328,1003.4,100.0,33.0,75.18472222222222
SP-01004,FCAST-004013,Central,tropical_cyclone,10,1191,2023-10-11,23.62,12.186944444444444,217.144,989.5,100.0,32.0,74.54166666666667
SP-01004,FCAST-004014,Central,southwest_monsoon,6,1081,2023-06-23,10.5,5.342083333333333,146.704,1004.0,99.5,33.0,74.69305555555555
SP-01004,FCAST-004015,Central,summer_storm,4,637,2022-04-05,14.7,6.050138888888889,112.643,1001.5,96.7,34.59,75.19027777777778
SP-01004,FCAST-004016,Central,heatwave,3,259,2021-03-23,4.2,2.5365277777777777,45.412,1007.0,67.9,39.5,75.0013888888889
SP-01005,FCAST-004017,Central,summer_storm,4,1651,2024-04-19,14.7,5.963472222222222,105.371,1000.7,98.3,34.7,74.88472222222222
SP-01005,FCAST-004018,Central,heatwave,3,1247,2023-03-12,4.2,2.2806944444444444,40.442,1006.5,66.5,39.5,74.9375
SP-01005,FCAST-004019,Central,southwest_monsoon,7,269,2020-07-07,10.5,5.5841666666666665,143.738,1003.7,99.8,33.0,74.69583333333334
SP-01005,FCAST-004020,Central,tropical_cyclone,11,1851,2024-11-05,23.62,12.168333333333333,217.35399999999998,989.2,99.8,32.0,75.1875
SP-01006,FCAST-004021,Central,heatwave,4,1679,2023-04-01,4.2,2.467083333333333,42.187,1006.8,66.5,39.5,75.00555555555555
SP-01006,FCAST-004022,Central,tropical_cyclone,8,1441,2022-08-06,23.62,12.008333333333333,217.093,988.9,100.0,32.0,75.32222222222222
SP-01006,FCAST-004023,Central,summer_storm,5,1002,2021-05-24,14.7,6.000277777777778,108.929,1001.7,96.5,34.85,75.09166666666667
SP-01006,FCAST-004024,Central,southwest_monsoon,8,720,2020-08-15,10.5,5.43125,143.26,1003.9,100.0,33.0,75.00972222222222
SP-01007,FCAST-004025,Central,southwest_monsoon,7,164,2020-07-29,10.5,5.663333333333333,151.359,1003.8,100.0,33.0,75.13333333333334
SP-01007,FCAST-004026,Central,tropical_cyclone,11,1007,2022-11-19,23.62,12.220694444444444,222.079,989.4,100.0,32.0,75.13055555555555
SP-01007,FCAST-004027,Central,summer_storm,5,820,2022-05-16,14.7,6.257083333333333,109.03,1001.4,96.8,35.48,74.75972222222222
SP-01007,FCAST-004028,Central,heatwave,4,429,2021-04-20,4.2,2.469861111111111,44.729,1006.7,65.2,39.5,75.11527777777778
SP-01008,FCAST-004029,Central,southwest_monsoon,7,492,2022-07-20,10.5,5.422361111111111,144.909,1003.5,100.0,33.0,74.95138888888889
SP-01008,FCAST-004030,Central,tropical_cyclone,8,871,2023-08-03,23.62,12.090833333333332,214.611,989.1,100.0,32.0,74.84166666666667
SP-01008,FCAST-004031,Central,heatwave,4,1141,2024-04-29,4.2,2.2630555555555554,42.007,1007.2,66.0,39.5,74.23472222222222
SP-01008,FCAST-004032,Central,summer_storm,4,1117,2024-04-05,14.7,6.368611111111111,107.636,1001.4,96.8,34.84,74.77777777777777
SP-01009,FCAST-004033,Central,summer_storm,4,954,2023-04-09,14.7,6.10875,108.084,1000.9,99.3,34.5,74.97777777777777
SP-01009,FCAST-004034,Central,heatwave,3,1662,2025-03-17,4.2,2.2568055555555557,41.411,1006.8,65.3,39.5,75.33611111111111
SP-01009,FCAST-004035,Central,tropical_cyclone,11,81,2020-11-17,23.62,11.969583333333333,210.71,989.3,100.0,32.0,74.76111111111112
SP-01009,FCAST-004036,Central,southwest_monsoon,8,704,2022-08-02,10.5,5.455555555555556,150.481,1003.9,100.0,33.0,74.78055555555555
SP-01010,FCAST-004037,Central,southwest_monsoon,6,532,2020-06-22,10.5,5.743194444444445,150.407,1003.6,100.0,33.0,74.87083333333334
SP-01010,FCAST-004038,Central,tropical_cyclone,9,603,2020-09-01,23.62,11.997083333333332,216.12199999999999,989.3,99.1,32.0,74.79444444444444
SP-01010,FCAST-004039,Central,summer_storm,4,91,2019-04-08,14.7,6.026944444444444,106.178,1001.2,98.6,34.5,75.1
SP-01010,FCAST-004040,Central,heatwave,3,1534,2023-03-21,4.2,2.189583333333333,40.241,1007.1,66.2,39.5,74.54305555555555
SP-01011,FCAST-004041,Central,summer_storm,4,1293,2023-04-17,14.7,6.402916666666666,112.871,1001.1,95.9,34.52,75.01666666666667
SP-01011,FCAST-004042,Central,heatwave,3,1612,2024-03-01,4.2,2.4727777777777775,42.18,1006.7,64.3,39.5,74.95555555555556
SP-01011,FCAST-004043,Central,tropical_cyclone,9,363,2020-09-29,23.62,11.88875,219.013,989.4,100.0,32.0,74.83472222222223
SP-01011,FCAST-004044,Central,southwest_monsoon,8,1785,2024-08-21,10.5,5.802361111111111,149.596,1004.0,100.0,33.0,74.82222222222222
SP-01012,FCAST-004045,Central,heatwave,4,1211,2023-04-22,4.2,2.4634722222222223,47.392,1006.7,64.8,39.5,74.69861111111112
SP-01012,FCAST-004046,Central,summer_storm,4,122,2020-04-28,14.7,5.807083333333334,111.34,1000.3,98.5,34.72,75.17916666666666
SP-01012,FCAST-004047,Central,tropical_cyclone,11,1405,2023-11-02,23.62,11.938611111111111,214.109,989.3,100.0,32.0,75.12222222222222
SP-01012,FCAST-004048,Central,southwest_monsoon,8,1335,2023-08-24,10.5,5.547361111111112,151.334,1003.9,100.0,33.0,74.92500000000001
SP-01013,FCAST-004049,Central,heatwave,4,1759,2023-04-28,4.2,2.401527777777778,42.158,1006.5,65.5,39.5,75.0
SP-01013,FCAST-004050,Central,summer_storm,4,661,2020-04-25,14.7,6.461527777777778,106.98,1000.8,98.5,34.08,75.52083333333333
SP-01013,FCAST-004051,Central,tropical_cyclone,11,138,2018-11-19,23.62,11.801250000000001,215.53,989.2,100.0,32.0,75.40416666666667
SP-01013,FCAST-004052,Central,southwest_monsoon,9,63,2018-09-05,10.5,5.505694444444445,148.54,1004.0,100.0,33.0,75.14583333333333
SP-01014,FCAST-004053,Central,southwest_monsoon,7,275,2020-07-20,10.5,5.712222222222222,150.95499999999998,1003.8,98.5,33.0,74.49305555555556
SP-01014,FCAST-004054,Central,tropical_cyclone,8,682,2021-08-31,23.62,11.929027777777778,214.38,989.1,100.0,32.0,75.24583333333334
SP-01014,FCAST-004055,Central,summer_storm,4,544,2021-04-15,14.7,5.999305555555555,113.575,1001.7,97.0,35.02,75.1875
SP-01014,FCAST-004056,Central,heatwave,4,1654,2024-04-29,4.2,2.4625000000000004,41.597,1006.8,66.5,39.5,74.76666666666667
SP-01015,FCAST-004057,Central,southwest_monsoon,8,1583,2024-08-08,10.5,5.633055555555555,146.217,1004.2,100.0,33.0,74.1625
SP-01015,FCAST-004058,Central,summer_storm,4,376,2021-04-19,14.7,5.951805555555556,104.446,1000.9,98.7,33.8,74.95277777777778
SP-01015,FCAST-004059,Central,tropical_cyclone,11,1688,2024-11-21,23.62,11.907361111111111,222.121,989.7,100.0,32.0,74.89444444444445
SP-01015,FCAST-004060,Central,heatwave,3,329,2021-03-03,4.2,2.3630555555555555,39.887,1007.1,64.8,39.5,74.73055555555555
SP-01016,FCAST-004061,Central,tropical_cyclone,8,784,2023-08-10,23.62,12.08236111111111,219.961,989.2,100.0,32.0,75.32777777777778
SP-01016,FCAST-004062,Central,southwest_monsoon,6,720,2023-06-07,10.5,5.686249999999999,151.754,1004.2,100.0,33.0,74.75
SP-01016,FCAST-004063,Central,heatwave,4,656,2023-04-04,4.2,2.4308333333333336,41.747,1006.3,65.1,39.5,74.8763888888889
SP-01016,FCAST-004064,Central,summer_storm,4,309,2022-04-22,14.7,6.2941666666666665,107.539,1001.3,98.6,34.39,75.03194444444445
SP-01017,FCAST-004065,Central,tropical_cyclone,11,180,2019-11-14,23.62,12.184305555555556,217.519,989.2,100.0,32.0,75.02638888888889
SP-01017,FCAST-004066,Central,southwest_monsoon,6,30,2019-06-17,10.5,5.7411111111111115,143.263,1003.8,100.0,33.0,74.78055555555555
SP-01017,FCAST-004067,Central,summer_storm,5,2,2019-05-20,14.7,6.209722222222222,113.381,1001.1,97.2,35.12,74.89861111111111
SP-01017,FCAST-004068,Central,heatwave,3,676,2021-03-24,4.2,2.3251388888888886,45.846000000000004,1006.9,68.1,39.5,74.61388888888888
SP-01018,FCAST-004069,Central,summer_storm,4,737,2020-04-20,14.7,5.998194444444445,113.251,1001.2,97.8,33.93,74.92777777777778
SP-01018,FCAST-004070,Central,heatwave,3,693,2020-03-07,4.2,2.3994444444444443,42.771,1006.7,68.2,39.5,74.9625
SP-01018,FCAST-004071,Central,southwest_monsoon,9,141,2018-09-02,10.5,5.5136111111111115,153.51,1004.2,100.0,33.0,74.96944444444445
SP-01018,FCAST-004072,Central,tropical_cyclone,9,874,2020-09-04,23.62,12.02888888888889,216.306,989.1,100.0,32.0,74.86388888888888
SP-01019,FCAST-004073,Central,heatwave,4,982,2024-04-20,4.2,2.4251388888888887,35.935,1006.8,66.4,39.5,75.22361111111111
SP-01019,FCAST-004074,Central,summer_storm,4,621,2023-04-25,14.7,6.07375,111.775,1001.0,98.6,34.62,75.48055555555555
SP-01019,FCAST-004075,Central,southwest_monsoon,7,1070,2024-07-17,10.5,5.7225,144.782,1003.2,100.0,33.0,75.33888888888889
SP-01019,FCAST-004076,Central,tropical_cyclone,10,445,2022-10-31,23.62,11.858611111111111,219.012,988.5,99.3,32.0,75.2875
SP-01020,FCAST-004077,Central,summer_storm,5,1301,2024-05-24,14.7,6.533611111111111,106.897,1001.2,98.8,34.59,74.92500000000001
SP-01020,FCAST-004078,Central,heatwave,3,507,2022-03-22,4.2,2.317222222222222,46.731,1006.6,65.9,39.5,75.1263888888889
SP-01020,FCAST-004079,Central,tropical_cyclone,9,1424,2024-09-24,23.62,12.330972222222222,221.824,989.4,100.0,32.0,75.1861111111111
SP-01020,FCAST-004080,Central,southwest_monsoon,8,1020,2023-08-17,10.5,5.644444444444444,142.7,1004.0,100.0,33.0,75.1625
SP-01021,FCAST-004081,Central,southwest_monsoon,9,1421,2024-09-20,10.5,5.595416666666667,149.496,1004.5,100.0,33.0,74.86388888888888
SP-01021,FCAST-004082,Central,tropical_cyclone,10,353,2021-10-18,23.62,11.892222222222223,221.954,989.7,100.0,32.0,75.39444444444445
SP-01021,FCAST-004083,Central,summer_storm,5,934,2023-05-22,14.7,6.0945833333333335,110.185,1000.4,97.3,34.45,75.10416666666667
SP-01021,FCAST-004084,Central,heatwave,3,1594,2025-03-12,4.2,2.238472222222222,41.513,1006.7,64.5,39.5,74.93472222222222
SP-01022,FCAST-004085,Central,heatwave,3,420,2020-03-24,4.2,2.542777777777778,41.861,1007.0,65.3,39.5,74.87777777777778
SP-01022,FCAST-004086,Central,tropical_cyclone,8,1645,2023-08-01,23.62,11.729166666666666,216.273,988.7,100.0,32.0,75.02916666666667
SP-01022,FCAST-004087,Central,southwest_monsoon,7,529,2020-07-11,10.5,5.88375,154.36,1003.9,100.0,33.0,75.10138888888889
SP-01022,FCAST-004088,Central,summer_storm,4,79,2019-04-18,14.7,6.169583333333333,102.235,1000.8,97.5,34.62,74.95138888888889
SP-01023,FCAST-004089,Central,southwest_monsoon,9,2070,2023-09-16,10.5,5.71375,146.295,1004.2,100.0,33.0,75.25833333333334
SP-01023,FCAST-004090,Central,heatwave,3,1518,2022-03-13,4.2,2.466111111111111,46.652,1006.6,67.1,39.5,75.5611111111111
SP-01023,FCAST-004091,Central,summer_storm,5,1947,2023-05-16,14.7,6.123749999999999,107.763,1001.4,96.5,34.73,75.4
SP-01023,FCAST-004092,Central,tropical_cyclone,8,200,2018-08-03,23.62,11.939305555555556,221.724,989.3,100.0,32.0,74.67361111111111
SP-01024,FCAST-004093,Central,tropical_cyclone,9,552,2021-09-18,23.62,11.798333333333334,223.547,988.7,100.0,32.0,75.14444444444445
SP-01024,FCAST-004094,Central,heatwave,4,385,2021-04-04,4.2,2.5055555555555555,41.799,1007.1,65.1,39.5,75.02916666666667
SP-01024,FCAST-004095,Central,southwest_monsoon,8,145,2020-08-07,10.5,5.45375,150.644,1003.7,99.6,33.0,75.02638888888889
SP-01024,FCAST-004096,Central,summer_storm,5,807,2022-05-31,14.7,6.418333333333333,108.939,1001.0,97.5,34.92,74.94444444444444
SP-01025,FCAST-004097,Central,tropical_cyclone,9,1756,2024-09-28,23.62,12.079166666666667,213.828,989.5,99.7,32.0,74.82916666666667
SP-01025,FCAST-004098,Central,summer_storm,5,891,2022-05-17,14.7,6.294722222222222,107.455,1001.3,100.0,35.07,74.75694444444444
SP-01025,FCAST-004099,Central,southwest_monsoon,7,1315,2023-07-15,10.5,5.743611111111111,149.682,1003.2,99.5,33.0,74.88611111111112
SP-01025,FCAST-004100,Central,heatwave,4,136,2020-04-22,4.2,2.2227777777777775,39.769,1006.8,66.4,39.5,75.06944444444444
SP-01026,FCAST-004101,Central,southwest_monsoon,9,1734,2023-09-23,10.5,5.430694444444445,148.341,1003.6,100.0,33.0,74.92638888888888
SP-01026,FCAST-004102,Central,summer_storm,4,1938,2024-04-14,14.7,6.164444444444444,110.375,1001.0,96.4,34.45,74.97083333333333
SP-01026,FCAST-004103,Central,tropical_cyclone,10,672,2020-10-26,23.62,12.10625,216.071,989.1,100.0,32.0,75.27222222222223
SP-01026,FCAST-004104,Central,heatwave,4,1560,2023-04-02,4.2,2.187777777777778,38.956,1006.5,65.5,39.5,75.13055555555555
SP-01027,FCAST-004105,Central,southwest_monsoon,9,696,2022-09-08,10.5,5.261805555555556,148.602,1003.5,100.0,33.0,74.95277777777778
SP-01027,FCAST-004106,Central,heatwave,3,527,2022-03-23,4.2,2.314583333333333,38.216,1006.9,65.7,39.5,75.225
SP-01027,FCAST-004107,Central,tropical_cyclone,9,1057,2023-09-04,23.62,12.122083333333332,221.715,989.0,100.0,32.0,74.39027777777778
SP-01027,FCAST-004108,Central,summer_storm,5,1317,2024-05-21,14.7,6.152083333333334,107.095,1001.2,97.2,34.16,74.88611111111112
SP-01028,FCAST-004109,Central,southwest_monsoon,6,938,2023-06-22,10.5,5.625,150.094,1003.7,100.0,33.0,74.6625
SP-01028,FCAST-004110,Central,heatwave,4,861,2023-04-06,4.2,2.4340277777777777,41.749,1006.5,68.2,39.5,75.42361111111111
SP-01028,FCAST-004111,Central,summer_storm,5,534,2022-05-14,14.7,6.150833333333334,111.311,1001.7,98.5,34.18,75.13611111111112
SP-01028,FCAST-004112,Central,tropical_cyclone,9,667,2022-09-24,23.62,11.96875,220.56,988.9,100.0,32.0,74.85555555555555
SP-01029,FCAST-004113,Central,tropical_cyclone,11,2079,2024-11-11,23.62,11.695277777777779,220.62,989.3,100.0,32.0,75.02222222222223
SP-01029,FCAST-004114,Central,summer_storm,5,791,2021-05-03,14.7,6.483055555555556,101.632,1001.2,96.2,34.07,74.725
SP-01029,FCAST-004115,Central,heatwave,4,1862,2024-04-08,4.2,2.47,44.487,1006.9,67.5,39.5,75.19305555555555
SP-01029,FCAST-004116,Central,southwest_monsoon,9,573,2020-09-27,10.5,5.497361111111111,144.129,1004.1,99.5,33.0,74.91111111111111
SP-01030,FCAST-004117,Central,southwest_monsoon,9,1061,2021-09-25,10.5,5.708055555555556,148.005,1003.5,98.7,33.0,75.24722222222222
SP-01030,FCAST-004118,Central,heatwave,3,1595,2023-03-13,4.2,2.309861111111111,40.971,1007.0,66.7,39.5,74.97777777777777
SP-01030,FCAST-004119,Central,summer_storm,4,1252,2022-04-04,14.7,6.404861111111111,109.667,1000.5,96.4,34.65,75.25972222222222
SP-01030,FCAST-004120,Central,tropical_cyclone,11,2201,2024-11-08,23.62,11.960555555555555,221.733,989.3,100.0,32.0,75.03055555555555
SP-01031,FCAST-004121,Central,tropical_cyclone,8,330,2021-08-06,23.62,11.832916666666668,223.653,989.3,100.0,32.0,75.12916666666666
SP-01031,FCAST-004122,Central,summer_storm,5,251,2021-05-19,14.7,6.362500000000001,101.523,1001.5,97.0,34.86,75.04027777777777
SP-01031,FCAST-004123,Central,southwest_monsoon,6,1012,2023-06-19,10.5,5.597222222222222,151.677,1003.5,100.0,33.0,74.98194444444444
SP-01031,FCAST-004124,Central,heatwave,3,199,2021-03-28,4.2,2.410972222222222,44.775999999999996,1007.3,65.4,39.5,75.10694444444444
SP-01032,FCAST-004125,Central,summer_storm,5,1533,2022-05-17,14.7,6.390138888888888,104.868,1001.4,97.4,33.91,74.59166666666667
SP-01032,FCAST-004126,Central,tropical_cyclone,10,1670,2022-10-01,23.62,11.913333333333334,219.424,989.5,100.0,32.0,75.3111111111111
SP-01032,FCAST-004127,Central,southwest_monsoon,9,183,2018-09-05,10.5,5.3798611111111105,148.296,1004.2,97.2,33.0,75.19722222222222
SP-01032,FCAST-004128,Central,heatwave,4,1860,2023-04-09,4.2,2.1415277777777777,38.935,1006.4,67.7,39.5,74.80416666666666
SP-01033,FCAST-004129,Central,tropical_cyclone,8,648,2022-08-03,23.62,11.964861111111112,216.29,989.5,100.0,32.0,74.92083333333333
SP-01033,FCAST-004130,Central,southwest_monsoon,9,1064,2023-09-23,10.5,5.688472222222222,144.871,1003.2,99.9,33.0,74.94027777777778
SP-01033,FCAST-004131,Central,summer_storm,4,181,2021-04-23,14.7,6.270833333333333,109.103,1001.3,97.8,34.85,75.12777777777778
SP-01033,FCAST-004132,Central,heatwave,3,1596,2025-03-08,4.2,2.4786111111111113,41.651,1006.5,67.1,39.5,75.45833333333333
SP-01034,FCAST-004133,Central,tropical_cyclone,9,887,2023-09-06,23.62,11.950972222222223,215.023,989.2,100.0,32.0,74.91805555555555
SP-01034,FCAST-004134,Central,summer_storm,4,1107,2024-04-13,14.7,6.2125,109.174,1001.5,97.5,35.23,75.08055555555556
SP-01034,FCAST-004135,Central,heatwave,4,1115,2024-04-21,4.2,2.351388888888889,40.556,1006.4,65.7,39.5,74.7513888888889
SP-01034,FCAST-004136,Central,southwest_monsoon,6,819,2023-06-30,10.5,5.632916666666667,144.84,1003.7,100.0,33.0,74.95138888888889
SP-01035,FCAST-004137,Central,heatwave,4,613,2023-04-03,4.2,2.238888888888889,42.478,1007.0,68.2,39.5,74.95833333333333
SP-01035,FCAST-004138,Central,tropical_cyclone,11,1220,2024-11-30,23.62,12.151944444444444,221.582,988.7,100.0,32.0,74.95972222222223
SP-01035,FCAST-004139,Central,summer_storm,4,640,2023-04-30,14.7,6.203472222222222,102.972,1001.2,99.2,34.53,74.8111111111111
SP-01035,FCAST-004140,Central,southwest_monsoon,8,30,2021-08-28,10.5,5.3943055555555555,145.785,1003.5,100.0,33.0,75.35555555555555
SP-01036,FCAST-004141,Central,summer_storm,4,1203,2023-04-07,14.7,6.033333333333333,108.538,1001.1,99.4,34.39,74.42916666666666
SP-01036,FCAST-004142,Central,tropical_cyclone,8,1689,2024-08-05,23.62,12.268333333333334,218.041,989.5,100.0,32.0,74.80277777777778
SP-01036,FCAST-004143,Central,heatwave,4,1209,2023-04-13,4.2,2.29375,40.386,1006.3,64.0,39.5,74.89166666666667
SP-01036,FCAST-004144,Central,southwest_monsoon,6,893,2022-06-01,10.5,5.834583333333333,148.518,1003.7,100.0,33.0,75.08888888888889
SP-01037,FCAST-004145,Central,heatwave,4,24,2020-04-05,4.2,2.426388888888889,37.101,1007.1,66.4,39.5,74.68194444444445
SP-01037,FCAST-004146,Central,southwest_monsoon,8,876,2022-08-05,10.5,5.554166666666666,147.278,1003.6,100.0,33.0,75.23194444444444
SP-01037,FCAST-004147,Central,summer_storm,4,778,2022-04-29,14.7,6.335972222222222,107.37,1001.1,96.9,34.57,75.1
SP-01037,FCAST-004148,Central,tropical_cyclone,11,247,2020-11-14,23.62,11.975555555555555,221.797,989.5,100.0,32.0,74.89583333333333
SP-01038,FCAST-004149,Central,southwest_monsoon,9,1087,2021-09-17,10.5,5.604722222222223,141.058,1003.9,100.0,33.0,74.99305555555556
SP-01038,FCAST-004150,Central,summer_storm,4,1655,2023-04-08,14.7,5.7868055555555555,113.646,1001.2,99.4,34.06,75.0625
SP-01038,FCAST-004151,Central,tropical_cyclone,11,423,2019-11-23,23.62,11.686805555555557,225.686,989.2,100.0,32.0,75.01666666666667
SP-01038,FCAST-004152,Central,heatwave,3,2000,2024-03-18,4.2,2.349861111111111,40.773,1007.3,66.1,39.5,74.94999999999999
SP-01039,FCAST-004153,Central,heatwave,3,532,2022-03-20,4.2,2.3730555555555553,41.142,1007.1,65.8,39.5,74.69166666666666
SP-01039,FCAST-004154,Central,tropical_cyclone,10,1476,2024-10-19,23.62,11.9475,223.362,988.9,100.0,32.0,74.9125
SP-01039,FCAST-004155,Central,southwest_monsoon,8,1412,2024-08-16,10.5,5.8973611111111115,144.672,1003.4,100.0,33.0,75.225
SP-01039,FCAST-004156,Central,summer_storm,4,185,2021-04-07,14.7,6.218333333333333,102.765,1001.1,96.5,34.06,75.15833333333333
SP-01040,FCAST-004157,Central,tropical_cyclone,10,1235,2023-10-11,23.62,12.14236111111111,217.883,989.4,100.0,32.0,74.70972222222223
SP-01040,FCAST-004158,Central,heatwave,4,699,2022-04-23,4.2,2.3281944444444442,46.463,1006.7,64.0,39.5,74.95833333333333
SP-01040,FCAST-004159,Central,southwest_monsoon,9,487,2021-09-23,10.5,5.435694444444445,145.818,1004.0,100.0,33.0,74.85555555555555
SP-01040,FCAST-004160,Central,summer_storm,4,1422,2024-04-15,14.7,6.332916666666666,110.504,1001.6,97.5,33.84,74.93333333333334
SP-01041,FCAST-004161,Central,heatwave,4,1321,2023-04-22,4.2,2.424722222222222,40.385,1007.2,65.6,39.5,74.81805555555555
SP-01041,FCAST-004162,Central,southwest_monsoon,8,1067,2022-08-11,10.5,5.649166666666667,151.234,1003.7,100.0,33.0,74.80555555555556
SP-01041,FCAST-004163,Central,tropical_cyclone,10,781,2021-10-29,23.62,12.141666666666667,217.82399999999998,989.3,100.0,32.0,75.34583333333333
SP-01041,FCAST-004164,Central,summer_storm,5,1704,2024-05-09,14.7,6.304166666666666,112.222,1001.0,96.9,34.55,74.83611111111111
SP-01042,FCAST-004165,Central,heatwave,4,1168,2023-04-11,4.2,2.3119444444444444,43.683,1007.0,69.4,39.5,75.20277777777778
SP-01042,FCAST-004166,Central,southwest_monsoon,7,523,2021-07-05,10.5,5.487916666666667,149.838,1003.1,99.9,33.0,74.88611111111112
SP-01042,FCAST-004167,Central,tropical_cyclone,10,268,2020-10-23,23.62,11.99763888888889,216.418,989.4,100.0,32.0,74.4986111111111
SP-01042,FCAST-004168,Central,summer_storm,4,1553,2024-04-30,14.7,6.181805555555555,101.325,1000.8,96.4,35.07,75.19166666666666
SP-01043,FCAST-004169,Central,southwest_monsoon,9,805,2022-09-05,10.5,5.5,147.779,1003.6,100.0,33.0,75.14583333333333
SP-01043,FCAST-004170,Central,summer_storm,5,689,2022-05-12,14.7,6.21375,110.028,1001.6,96.2,34.55,75.40277777777777
SP-01043,FCAST-004171,Central,tropical_cyclone,8,795,2022-08-26,23.62,12.213194444444445,212.381,989.3,100.0,32.0,75.10555555555555
SP-01043,FCAST-004172,Central,heatwave,4,1024,2023-04-12,4.2,2.3922222222222222,38.588,1006.6,64.6,39.5,75.20416666666667
SP-01044,FCAST-004173,Central,tropical_cyclone,9,979,2023-09-24,23.62,11.939583333333333,217.14,989.0,100.0,32.0,74.99444444444445
SP-01044,FCAST-004174,Central,southwest_monsoon,7,915,2023-07-22,10.5,5.592777777777778,145.795,1003.2,100.0,33.0,75.1263888888889
SP-01044,FCAST-004175,Central,summer_storm,5,113,2021-05-11,14.7,6.378611111111111,109.32600000000001,1000.9,98.8,34.53,75.04444444444444
SP-01044,FCAST-004176,Central,heatwave,3,1156,2024-03-19,4.2,2.4227777777777777,43.904,1006.6,66.2,39.5,74.96527777777777
SP-01045,FCAST-004177,Central,tropical_cyclone,11,765,2022-11-07,23.62,12.080555555555556,214.768,989.3,100.0,32.0,74.89444444444445
SP-01045,FCAST-004178,Central,summer_storm,4,1295,2024-04-20,14.7,5.921666666666667,105.30499999999999,1001.6,98.7,34.64,75.58611111111111
SP-01045,FCAST-004179,Central,southwest_monsoon,8,1056,2023-08-25,10.5,5.534861111111111,152.878,1004.1,99.4,33.0,74.78472222222223
SP-01045,FCAST-004180,Central,heatwave,4,554,2022-04-10,4.2,2.350833333333333,45.333,1006.9,65.3,39.5,75.14583333333333
SP-01046,FCAST-004181,Central,southwest_monsoon,6,798,2023-06-02,10.5,5.579861111111111,145.383,1003.8,100.0,33.0,75.46388888888889
SP-01046,FCAST-004182,Central,tropical_cyclone,8,1233,2024-08-10,23.62,11.908333333333333,218.412,989.5,100.0,32.0,75.15138888888889
SP-01046,FCAST-004183,Central,heatwave,4,1107,2024-04-06,4.2,2.4566666666666666,39.592999999999996,1006.5,70.7,39.5,75.03472222222223
SP-01046,FCAST-004184,Central,summer_storm,5,796,2023-05-31,14.7,6.138472222222222,107.843,1001.0,96.8,34.9,75.13333333333334
SP-01047,FCAST-004185,Central,heatwave,3,520,2023-03-12,4.2,2.4366666666666665,42.992,1006.5,66.6,39.5,74.44583333333334
SP-01047,FCAST-004186,Central,summer_storm,5,954,2024-05-19,14.7,6.0425,103.83800000000001,1001.1,97.3,34.64,75.05277777777778
SP-01047,FCAST-004187,Central,southwest_monsoon,9,1083,2024-09-25,10.5,5.737916666666667,147.735,1003.1,100.0,33.0,75.05972222222222
SP-01047,FCAST-004188,Central,tropical_cyclone,11,38,2021-11-15,23.62,11.856666666666666,214.39600000000002,989.2,99.8,32.0,74.78055555555555
SP-01048,FCAST-004189,Central,southwest_monsoon,9,1018,2022-09-04,10.5,5.659722222222222,145.142,1004.1,100.0,33.0,75.36527777777778
SP-01048,FCAST-004190,Central,heatwave,3,1564,2024-03-03,4.2,2.502083333333333,45.644,1006.1,65.5,39.5,75.09305555555555
SP-01048,FCAST-004191,Central,summer_storm,5,892,2022-05-01,14.7,6.149722222222222,107.354,1000.7,97.7,34.08,74.49722222222222
SP-01048,FCAST-004192,Central,tropical_cyclone,9,1404,2023-09-25,23.62,11.8075,219.245,989.7,100.0,32.0,75.17638888888888
SP-01049,FCAST-004193,Central,heatwave,4,399,2022-04-15,4.2,2.27875,39.715,1007.3,65.4,39.5,75.01527777777778
SP-01049,FCAST-004194,Central,southwest_monsoon,9,541,2022-09-04,10.5,5.543749999999999,149.032,1003.0,98.9,33.0,74.85416666666667
SP-01049,FCAST-004195,Central,summer_storm,5,74,2021-05-25,14.7,6.115972222222222,107.949,1001.0,97.5,35.58,75.01944444444445
SP-01049,FCAST-004196,Central,tropical_cyclone,9,921,2023-09-19,23.62,11.824166666666667,215.194,989.0,100.0,32.0,74.82361111111112
SP-01050,FCAST-004197,Central,southwest_monsoon,6,228,2021-06-19,10.5,5.858888888888888,147.383,1003.4,100.0,33.0,74.57916666666667
SP-01050,FCAST-004198,Central,tropical_cyclone,10,715,2022-10-19,23.62,11.961527777777778,226.60399999999998,989.3,100.0,32.0,74.90833333333333
SP-01050,FCAST-004199,Central,heatwave,3,873,2023-03-26,4.2,2.464027777777778,37.085,1006.7,66.4,39.5,75.08611111111111
SP-01050,FCAST-004200,Central,summer_storm,5,1284,2024-05-10,14.7,6.411666666666666,106.111,1001.6,98.4,34.72,75.14861111111111
SP-01051,FCAST-004201,Central,summer_storm,4,267,2021-04-06,14.7,6.060138888888889,107.209,1001.1,97.8,33.88,75.29027777777777
SP-01051,FCAST-004202,Central,southwest_monsoon,9,1167,2023-09-23,10.5,5.786944444444444,148.831,1003.7,99.9,33.0,74.90555555555555
SP-01051,FCAST-004203,Central,heatwave,3,1341,2024-03-15,4.2,2.4034722222222222,40.404,1007.0,66.7,39.5,74.63472222222222
SP-01051,FCAST-004204,Central,tropical_cyclone,8,752,2022-08-04,23.62,12.1325,218.395,989.3,100.0,32.0,74.92638888888888
SP-01052,FCAST-004205,Central,heatwave,3,1166,2022-03-23,4.2,2.167638888888889,38.156,1006.7,67.7,39.5,74.79722222222222
SP-01052,FCAST-004206,Central,tropical_cyclone,10,291,2019-10-30,23.62,11.6225,218.021,988.4,100.0,32.0,74.94583333333334
SP-01052,FCAST-004207,Central,southwest_monsoon,6,875,2021-06-05,10.5,5.663611111111111,150.195,1003.7,100.0,33.0,75.35277777777777
SP-01052,FCAST-004208,Central,summer_storm,5,479,2020-05-05,14.7,6.498888888888889,104.304,1000.9,96.7,34.73,74.75833333333334
SP-01053,FCAST-004209,Central,tropical_cyclone,9,1248,2023-09-19,23.62,11.996666666666666,219.799,989.5,100.0,32.0,75.01111111111112
SP-01053,FCAST-004210,Central,summer_storm,5,385,2021-05-09,14.7,6.005,96.259,1001.6,98.6,35.09,75.28472222222223
SP-01053,FCAST-004211,Central,heatwave,4,373,2021-04-27,4.2,2.3419444444444446,37.039,1006.8,64.6,39.5,75.12916666666666
SP-01053,FCAST-004212,Central,southwest_monsoon,8,125,2020-08-22,10.5,5.608333333333333,148.643,1003.5,100.0,33.0,74.84583333333333
SP-01054,FCAST-004213,Central,summer_storm,5,1083,2022-05-22,14.7,5.771249999999999,108.925,1001.3,98.4,34.83,75.01944444444445
SP-01054,FCAST-004214,Central,heatwave,3,1375,2023-03-10,4.2,2.464027777777778,38.179,1006.8,72.8,39.5,75.02638888888889
SP-01054,FCAST-004215,Central,southwest_monsoon,9,1941,2024-09-26,10.5,5.475555555555555,148.669,1003.7,100.0,33.0,75.37083333333334
SP-01054,FCAST-004216,Central,tropical_cyclone,8,1539,2023-08-21,23.62,12.024444444444445,218.731,989.4,100.0,32.0,75.02083333333333
SP-01055,FCAST-004217,Central,tropical_cyclone,9,547,2021-09-04,23.62,12.019583333333333,215.398,989.5,100.0,32.0,74.975
SP-01055,FCAST-004218,Central,heatwave,3,1834,2025-03-14,4.2,2.41875,40.164,1006.9,67.0,39.5,75.13055555555555
SP-01055,FCAST-004219,Central,southwest_monsoon,8,1266,2023-08-24,10.5,5.664305555555555,149.319,1003.9,100.0,33.0,74.80555555555556
SP-01055,FCAST-004220,Central,summer_storm,4,1140,2023-04-20,14.7,6.17625,109.394,1001.3,98.0,34.05,75.01249999999999
SP-01056,FCAST-004221,Central,southwest_monsoon,9,665,2023-09-20,10.5,5.618611111111111,151.575,1003.3,100.0,33.0,74.9
SP-01056,FCAST-004222,Central,heatwave,4,879,2024-04-21,4.2,2.323194444444445,41.802,1006.8,66.2,39.5,75.10138888888889
SP-01056,FCAST-004223,Central,summer_storm,4,860,2024-04-02,14.7,6.3741666666666665,108.508,1000.9,98.3,33.85,75.05555555555556
SP-01056,FCAST-004224,Central,tropical_cyclone,11,1085,2024-11-13,23.62,11.989027777777778,214.485,989.2,100.0,32.0,74.84027777777777
SP-01057,FCAST-004225,Central,southwest_monsoon,6,1534,2022-06-02,10.5,5.661388888888889,153.149,1003.3,99.1,33.0,74.97083333333333
SP-01057,FCAST-004226,Central,heatwave,4,1493,2022-04-22,4.2,2.3380555555555556,39.993,1007.2,64.6,39.5,75.22916666666667
SP-01057,FCAST-004227,Central,summer_storm,5,1888,2023-05-22,14.7,6.315833333333334,109.413,1001.3,96.8,34.22,74.98055555555555
SP-01057,FCAST-004228,Central,tropical_cyclone,10,560,2019-10-02,23.62,11.789027777777779,222.929,989.3,100.0,32.0,74.85972222222222
SP-01058,FCAST-004229,Central,tropical_cyclone,11,5,2021-11-02,23.62,12.11625,214.531,989.4,100.0,32.0,75.07083333333334
SP-01058,FCAST-004230,Central,southwest_monsoon,7,996,2024-07-20,10.5,5.407222222222222,145.614,1003.9,99.9,33.0,75.28472222222223
SP-01058,FCAST-004231,Central,heatwave,4,532,2023-04-13,4.2,2.5720833333333335,35.843,1006.8,64.0,39.5,75.025
SP-01058,FCAST-004232,Central,summer_storm,4,898,2024-04-13,14.7,5.783194444444444,113.81,1001.8,97.8,34.89,75.0625
SP-01059,FCAST-004233,Central,tropical_cyclone,11,1223,2023-11-10,23.62,11.993472222222222,217.2,989.3,100.0,32.0,74.92361111111111
SP-01059,FCAST-004234,Central,summer_storm,5,688,2022-05-24,14.7,6.279305555555556,106.318,1001.1,96.0,34.78,74.79444444444444
SP-01059,FCAST-004235,Central,southwest_monsoon,6,1062,2023-06-02,10.5,5.737777777777778,148.523,1003.7,99.8,33.0,75.28055555555555
SP-01059,FCAST-004236,Central,heatwave,4,295,2021-04-26,4.2,2.4118055555555555,34.782,1006.7,65.8,39.5,75.34861111111111
SP-01060,FCAST-004237,Central,summer_storm,4,575,2020-04-02,14.7,5.972222222222222,98.243,1001.2,97.8,34.4,74.70833333333333
SP-01060,FCAST-004238,Central,tropical_cyclone,10,1128,2021-10-07,23.62,11.91875,222.187,989.0,100.0,32.0,75.1236111111111
SP-01060,FCAST-004239,Central,southwest_monsoon,6,2099,2024-06-04,10.5,5.688194444444445,142.667,1004.4,100.0,33.0,74.79027777777777
SP-01060,FCAST-004240,Central,heatwave,4,1305,2022-04-02,4.2,2.5675,41.689,1007.1,65.8,39.5,75.1861111111111
SP-01061,FCAST-004241,Central,heatwave,3,1476,2024-03-30,4.2,2.340138888888889,41.446,1006.9,64.8,39.5,75.44722222222222
SP-01061,FCAST-004242,Central,southwest_monsoon,9,912,2022-09-13,10.5,5.661388888888889,144.225,1003.9,98.8,33.0,74.92222222222222
SP-01061,FCAST-004243,Central,summer_storm,4,1130,2023-04-19,14.7,6.080972222222222,106.439,1001.5,98.3,34.89,75.15555555555555
SP-01061,FCAST-004244,Central,tropical_cyclone,11,608,2021-11-13,23.62,11.803611111111111,214.323,989.4,100.0,32.0,75.05138888888888
SP-01062,FCAST-004245,Central,summer_storm,4,160,2020-04-09,14.7,6.12875,105.391,1001.3,98.2,34.38,75.13333333333334
SP-01062,FCAST-004246,Central,southwest_monsoon,6,1700,2024-06-27,10.5,5.655555555555555,150.785,1004.0,100.0,33.0,74.84722222222223
SP-01062,FCAST-004247,Central,heatwave,3,145,2020-03-25,4.2,2.4575,47.001,1006.9,69.1,39.5,74.90833333333333
SP-01062,FCAST-004248,Central,tropical_cyclone,10,721,2021-10-22,23.62,12.06236111111111,220.983,989.3,100.0,32.0,74.74166666666666
SP-01063,FCAST-004249,Central,summer_storm,5,458,2022-05-30,14.7,5.824722222222222,117.87,1001.5,97.5,34.54,74.9361111111111
SP-01063,FCAST-004250,Central,heatwave,3,3,2021-03-01,4.2,2.3370833333333336,37.623,1007.2,67.3,39.5,74.51111111111112
SP-01063,FCAST-004251,Central,tropical_cyclone,8,535,2022-08-15,23.62,12.007638888888888,219.797,989.2,100.0,32.0,75.28333333333333
SP-01063,FCAST-004252,Central,southwest_monsoon,9,1309,2024-09-27,10.5,5.8623611111111105,142.484,1003.2,100.0,33.0,75.19583333333334
SP-01064,FCAST-004253,Central,tropical_cyclone,10,50,2021-10-17,23.62,11.882777777777777,216.196,989.4,100.0,32.0,75.0875
SP-01064,FCAST-004254,Central,summer_storm,5,997,2024-05-21,14.7,6.163472222222222,106.122,1001.2,98.2,34.32,74.98333333333333
SP-01064,FCAST-004255,Central,southwest_monsoon,6,283,2022-06-07,10.5,5.512499999999999,146.275,1004.0,98.6,33.0,75.07499999999999
SP-01064,FCAST-004256,Central,heatwave,4,244,2022-04-29,4.2,2.583055555555555,41.391,1007.0,68.1,39.5,74.94166666666666
SP-01065,FCAST-004257,Central,heatwave,3,428,2021-03-24,4.2,2.5149999999999997,39.525,1006.5,70.8,39.5,75.46666666666667
SP-01065,FCAST-004258,Central,southwest_monsoon,6,1246,2023-06-20,10.5,5.759444444444444,152.4,1004.3,99.7,33.0,75.40833333333333
SP-01065,FCAST-004259,Central,summer_storm,5,1217,2023-05-22,14.7,5.801805555555556,101.81,1000.9,96.9,34.14,74.94861111111112
SP-01065,FCAST-004260,Central,tropical_cyclone,8,221,2020-08-29,23.62,12.3125,211.831,989.0,100.0,32.0,74.92916666666666
SP-01066,FCAST-004261,Central,summer_storm,4,1083,2023-04-24,14.7,6.157361111111111,110.069,1001.3,97.0,35.07,74.81666666666666
SP-01066,FCAST-004262,Central,heatwave,3,664,2022-03-01,4.2,2.291527777777778,38.739,1006.8,66.5,39.5,74.82638888888889
SP-01066,FCAST-004263,Central,tropical_cyclone,10,882,2022-10-05,23.62,12.033333333333333,223.554,989.5,100.0,32.0,75.08194444444445
SP-01066,FCAST-004264,Central,southwest_monsoon,7,1545,2024-07-29,10.5,5.440416666666667,148.389,1003.4,99.8,33.0,74.85833333333333
SP-01067,FCAST-004265,Central,tropical_cyclone,9,1066,2023-09-26,23.62,11.636805555555556,219.035,989.0,100.0,32.0,74.975
SP-01067,FCAST-004266,Central,heatwave,3,1615,2025-03-28,4.2,2.3113888888888887,36.162,1007.2,65.4,39.5,74.67638888888888
SP-01067,FCAST-004267,Central,southwest_monsoon,7,1372,2024-07-28,10.5,5.719861111111111,148.747,1003.9,100.0,33.0,75.10555555555555
SP-01067,FCAST-004268,Central,summer_storm,4,897,2023-04-10,14.7,6.380694444444444,122.092,1001.3,97.1,34.56,75.34444444444445
SP-01068,FCAST-004269,Central,heatwave,4,535,2020-04-04,4.2,2.59875,42.108,1006.5,65.1,39.5,75.01249999999999
SP-01068,FCAST-004270,Central,summer_storm,4,918,2021-04-22,14.7,6.18,108.92,1001.2,96.7,35.02,75.3138888888889
SP-01068,FCAST-004271,Central,southwest_monsoon,7,1367,2022-07-15,10.5,5.8445833333333335,154.256,1003.3,99.4,33.0,75.14027777777778
SP-01068,FCAST-004272,Central,tropical_cyclone,10,1455,2022-10-11,23.62,12.195,225.243,989.1,100.0,32.0,74.99444444444445
SP-01069,FCAST-004273,Central,tropical_cyclone,10,506,2021-10-07,23.62,12.046527777777778,222.838,989.2,100.0,32.0,75.59583333333333
SP-01069,FCAST-004274,Central,heatwave,4,1067,2023-04-21,4.2,2.40875,44.699,1006.7,65.2,39.49,74.90138888888889
SP-01069,FCAST-004275,Central,southwest_monsoon,7,1139,2023-07-02,10.5,5.687083333333333,145.555,1003.0,100.0,33.0,74.63611111111112
SP-01069,FCAST-004276,Central,summer_storm,4,1421,2024-04-09,14.7,6.058472222222222,113.865,1001.8,97.7,34.05,74.92083333333333
SP-01070,FCAST-004277,Central,southwest_monsoon,8,738,2021-08-31,10.5,5.787222222222223,150.627,1003.6,100.0,33.0,75.29722222222222
SP-01070,FCAST-004278,Central,summer_storm,4,1711,2024-04-30,14.7,6.080555555555556,108.527,1001.6,97.7,35.06,75.09166666666667
SP-01070,FCAST-004279,Central,tropical_cyclone,11,96,2019-11-28,23.62,11.84611111111111,217.34,988.7,100.0,32.0,74.91111111111111
SP-01070,FCAST-004280,Central,heatwave,4,980,2022-04-30,4.2,2.4975,43.975,1006.2,65.0,39.5,74.74305555555556
SP-01071,FCAST-004281,Central,southwest_monsoon,9,714,2021-09-15,10.5,5.7011111111111115,149.582,1003.7,100.0,33.0,74.88749999999999
SP-01071,FCAST-004282,Central,summer_storm,5,1329,2023-05-23,14.7,6.355277777777777,107.269,1001.4,97.9,35.16,74.9361111111111
SP-01071,FCAST-004283,Central,tropical_cyclone,11,32,2019-11-03,23.62,12.087361111111111,217.388,989.2,100.0,32.0,75.01388888888889
SP-01071,FCAST-004284,Central,heatwave,3,1633,2024-03-22,4.2,2.4319444444444445,40.5,1006.4,67.6,39.5,75.07499999999999
SP-01072,FCAST-004285,Central,tropical_cyclone,10,1987,2024-10-23,23.62,12.141388888888889,216.92,988.8,100.0,32.0,74.79583333333333
SP-01072,FCAST-004286,Central,heatwave,3,2123,2025-03-08,4.2,2.5029166666666667,41.264,1007.1,68.1,39.5,75.33611111111111
SP-01072,FCAST-004287,Central,southwest_monsoon,9,1222,2022-09-19,10.5,5.731944444444444,145.554,1003.1,98.5,33.0,75.54861111111111
SP-01072,FCAST-004288,Central,summer_storm,5,368,2020-05-18,14.7,6.204583333333334,111.984,1001.3,98.0,34.8,74.84583333333333
SP-01073,FCAST-004289,Central,heatwave,4,1145,2023-04-28,4.2,2.3369444444444443,37.33,1007.0,66.1,39.5,75.0013888888889
SP-01073,FCAST-004290,Central,tropical_cyclone,9,1640,2024-09-04,23.62,11.99763888888889,219.885,988.9,100.0,32.0,75.09166666666667
SP-01073,FCAST-004291,Central,summer_storm,5,445,2021-05-28,14.7,6.407916666666667,101.135,1001.5,98.9,34.39,74.89305555555556
SP-01073,FCAST-004292,Central,southwest_monsoon,6,1569,2024-06-25,10.5,5.523611111111111,145.293,1004.0,100.0,33.0,74.89305555555556
SP-01074,FCAST-004293,Central,summer_storm,4,1337,2024-04-10,14.7,6.520138888888889,116.369,1001.4,97.3,34.93,74.86388888888888
SP-01074,FCAST-004294,Central,southwest_monsoon,8,743,2022-08-25,10.5,5.645277777777777,144.619,1004.1,100.0,33.0,74.99166666666666
SP-01074,FCAST-004295,Central,tropical_cyclone,8,1085,2023-08-02,23.62,12.000972222222224,215.056,989.4,100.0,32.0,74.79305555555555
SP-01074,FCAST-004296,Central,heatwave,3,959,2023-03-29,4.2,2.305138888888889,37.728,1006.7,64.7,39.5,75.04583333333333
SP-01075,FCAST-004297,Central,tropical_cyclone,11,8,2021-11-23,23.62,12.250694444444443,217.565,989.9,100.0,32.0,75.05972222222222
SP-01075,FCAST-004298,Central,summer_storm,5,188,2022-05-22,14.7,6.048055555555555,109.953,1001.2,96.7,34.3,75.10972222222222
SP-01075,FCAST-004299,Central,heatwave,3,867,2024-03-31,4.2,2.3477777777777775,43.104,1006.8,66.3,39.5,74.975
SP-01075,FCAST-004300,Central,southwest_monsoon,6,950,2024-06-22,10.5,5.746944444444444,146.299,1003.8,100.0,33.0,75.11111111111111
SP-01076,FCAST-004301,Central,tropical_cyclone,11,253,2020-11-03,23.62,12.272083333333335,219.15800000000002,989.1,100.0,32.0,74.96527777777777
SP-01076,FCAST-004302,Central,heatwave,3,760,2022-03-25,4.2,2.4080555555555554,42.894,1006.7,65.2,39.5,75.12777777777778
SP-01076,FCAST-004303,Central,southwest_monsoon,6,465,2021-06-03,10.5,5.831666666666667,148.383,1004.2,100.0,33.0,75.12083333333334
SP-01076,FCAST-004304,Central,summer_storm,5,440,2021-05-09,14.7,6.13486111111111,107.574,1001.4,99.1,34.43,74.79861111111111
SP-01077,FCAST-004305,Central,heatwave,3,6,2021-03-25,4.2,2.42875,47.577,1007.1,70.1,39.5,75.20972222222223
SP-01077,FCAST-004306,Central,tropical_cyclone,11,247,2021-11-21,23.62,12.114583333333334,214.085,989.1,100.0,32.0,75.32222222222222
SP-01077,FCAST-004307,Central,summer_storm,5,780,2023-05-08,14.7,6.299444444444444,109.052,1001.4,97.1,34.95,75.10972222222222
SP-01077,FCAST-004308,Central,southwest_monsoon,6,832,2023-06-29,10.5,5.67763888888889,146.164,1003.6,98.9,33.0,75.17083333333333
SP-01078,FCAST-004309,Central,tropical_cyclone,9,1069,2024-09-26,23.62,11.790138888888889,218.503,989.2,100.0,32.0,74.78472222222223
SP-01078,FCAST-004310,Central,southwest_monsoon,6,240,2022-06-20,10.5,5.62875,149.679,1003.1,98.3,33.0,75.16388888888889
SP-01078,FCAST-004311,Central,summer_storm,4,553,2023-04-29,14.7,5.956388888888889,110.469,1001.1,97.9,34.33,75.03194444444445
SP-01078,FCAST-004312,Central,heatwave,4,165,2022-04-06,4.2,2.4425000000000003,42.311,1007.2,65.7,39.5,75.0
SP-01079,FCAST-004313,Central,heatwave,4,1416,2024-04-17,4.2,2.323888888888889,46.625,1007.1,65.3,39.5,75.15694444444445
SP-01079,FCAST-004314,Central,summer_storm,5,1450,2024-05-21,14.7,5.966527777777778,109.585,1001.6,96.8,34.22,74.92638888888888
SP-01079,FCAST-004315,Central,tropical_cyclone,8,68,2020-08-08,23.62,11.825972222222223,216.099,989.5,100.0,32.0,75.1861111111111
SP-01079,FCAST-004316,Central,southwest_monsoon,7,1143,2023-07-19,10.5,5.396249999999999,150.298,1003.9,100.0,33.0,75.1625
SP-01080,FCAST-004317,Central,heatwave,3,15,2021-03-03,4.2,2.3925,35.353,1006.9,64.3,39.5,75.01666666666667
SP-01080,FCAST-004318,Central,tropical_cyclone,11,278,2021-11-21,23.62,11.890555555555556,220.95499999999998,988.7,100.0,32.0,74.80694444444445
SP-01080,FCAST-004319,Central,southwest_monsoon,6,106,2021-06-02,10.5,5.644027777777778,147.937,1004.0,99.1,33.0,74.77222222222223
SP-01080,FCAST-004320,Central,summer_storm,4,785,2023-04-12,14.7,6.377916666666667,110.836,1001.5,98.0,34.2,74.77222222222223
SP-01081,FCAST-004321,Central,southwest_monsoon,6,221,2020-06-23,10.5,5.663194444444445,150.679,1004.0,100.0,33.0,74.99722222222222
SP-01081,FCAST-004322,Central,tropical_cyclone,11,1089,2022-11-08,23.62,12.044305555555555,224.462,989.3,100.0,32.0,74.90138888888889
SP-01081,FCAST-004323,Central,summer_storm,4,163,2020-04-26,14.7,6.117361111111111,105.279,1001.5,96.4,34.4,75.20138888888889
SP-01081,FCAST-004324,Central,heatwave,3,1231,2023-03-30,4.2,2.2858333333333336,39.589999999999996,1006.8,66.3,39.5,75.00972222222222
SP-01082,FCAST-004325,Central,summer_storm,5,1273,2022-05-16,14.7,6.063194444444445,106.166,1001.3,97.3,34.49,75.11666666666666
SP-01082,FCAST-004326,Central,heatwave,4,504,2020-04-07,4.2,2.370138888888889,37.508,1006.6,65.2,39.5,74.77222222222223
SP-01082,FCAST-004327,Central,tropical_cyclone,8,1733,2023-08-19,23.62,12.117361111111112,221.032,989.2,100.0,32.0,74.63472222222222
SP-01082,FCAST-004328,Central,southwest_monsoon,9,1767,2023-09-22,10.5,5.644583333333333,157.248,1003.6,100.0,33.0,74.88888888888889
SP-01083,FCAST-004329,Central,tropical_cyclone,11,1575,2024-11-08,23.62,11.944444444444445,218.831,989.4,100.0,32.0,74.79305555555555
SP-01083,FCAST-004330,Central,summer_storm,4,1362,2024-04-09,14.7,6.288611111111111,116.44200000000001,1001.4,99.5,35.11,75.2513888888889
SP-01083,FCAST-004331,Central,heatwave,4,264,2021-04-07,4.2,2.4279166666666665,51.329,1006.8,64.6,39.5,75.45972222222223
SP-01083,FCAST-004332,Central,southwest_monsoon,7,1454,2024-07-10,10.5,5.767916666666666,155.129,1003.7,99.1,33.0,75.19027777777778
SP-01084,FCAST-004333,Central,southwest_monsoon,8,573,2020-08-25,10.5,5.678888888888888,154.35,1003.7,100.0,33.0,74.88749999999999
SP-01084,FCAST-004334,Central,tropical_cyclone,10,1705,2023-10-01,23.62,11.922222222222222,220.849,989.1,100.0,32.0,75.14444444444445
SP-01084,FCAST-004335,Central,heatwave,4,434,2020-04-08,4.2,2.20875,40.37,1006.7,65.6,39.5,74.80694444444445
SP-01084,FCAST-004336,Central,summer_storm,5,827,2021-05-06,14.7,6.214861111111111,105.996,1001.0,99.3,34.47,74.52777777777777
SP-01085,FCAST-004337,Central,tropical_cyclone,10,1132,2023-10-02,23.62,12.051388888888889,215.909,989.8,100.0,32.0,74.70555555555556
SP-01085,FCAST-004338,Central,heatwave,3,576,2022-03-25,4.2,2.4347222222222222,42.249,1007.0,65.3,39.5,75.27361111111111
SP-01085,FCAST-004339,Central,southwest_monsoon,8,721,2022-08-17,10.5,5.676805555555556,150.846,1003.8,100.0,33.0,75.25555555555555
SP-01085,FCAST-004340,Central,summer_storm,5,643,2022-05-31,14.7,6.072777777777778,112.856,1001.1,97.4,34.33,74.95833333333333
SP-01086,FCAST-004341,Central,southwest_monsoon,7,1968,2024-07-27,10.5,5.636111111111111,143.284,1003.2,100.0,33.0,75.19444444444444
SP-01086,FCAST-004342,Central,summer_storm,5,59,2019-05-06,14.7,6.0881944444444445,109.506,1000.7,98.1,34.79,75.55000000000001
SP-01086,FCAST-004343,Central,tropical_cyclone,8,2000,2024-08-28,23.62,11.994861111111112,220.521,989.4,100.0,32.0,75.13888888888889
SP-01086,FCAST-004344,Central,heatwave,3,1826,2024-03-07,4.2,2.5044444444444443,36.882,1006.5,65.9,39.5,74.95138888888889
SP-01087,FCAST-004345,Central,southwest_monsoon,9,50,2019-09-19,10.5,5.6875,145.353,1003.8,100.0,33.0,74.91666666666667
SP-01087,FCAST-004346,Central,summer_storm,4,1729,2024-04-24,14.7,6.088611111111111,102.746,1001.5,97.4,34.85,75.01527777777778
SP-01087,FCAST-004347,Central,heatwave,4,631,2021-04-22,4.2,2.44625,49.178,1006.6,68.8,39.5,74.77083333333333
SP-01087,FCAST-004348,Central,tropical_cyclone,8,16,2019-08-16,23.62,11.715416666666666,213.159,989.3,100.0,32.0,74.57777777777778
SP-01088,FCAST-004349,Central,southwest_monsoon,7,1008,2022-07-13,10.5,5.600833333333333,143.845,1004.0,99.9,33.0,75.26944444444445
SP-01088,FCAST-004350,Central,heatwave,3,890,2022-03-17,4.2,2.4476388888888887,40.621,1006.5,65.4,39.5,74.69027777777778
SP-01088,FCAST-004351,Central,tropical_cyclone,9,1800,2024-09-12,23.62,11.919722222222223,222.121,989.4,100.0,32.0,74.86527777777778
SP-01088,FCAST-004352,Central,summer_storm,5,1666,2024-05-01,14.7,5.999305555555555,104.83,1001.1,98.3,34.42,75.22083333333333
SP-01089,FCAST-004353,Central,southwest_monsoon,9,398,2021-09-22,10.5,5.692916666666666,155.715,1004.1,100.0,33.0,75.22916666666667
SP-01089,FCAST-004354,Central,tropical_cyclone,8,362,2021-08-17,23.62,12.04625,217.363,989.3,100.0,32.0,74.73611111111111
SP-01089,FCAST-004355,Central,heatwave,3,934,2023-03-12,4.2,2.482222222222222,44.466,1007.0,64.6,39.5,74.89166666666667
SP-01089,FCAST-004356,Central,summer_storm,5,986,2023-05-03,14.7,6.041944444444444,111.944,1001.5,98.0,35.96,75.08055555555556
SP-01090,FCAST-004357,Central,summer_storm,5,879,2024-05-04,14.7,6.434027777777778,106.16,1000.9,100.0,34.72,74.76111111111112
SP-01090,FCAST-004358,Central,southwest_monsoon,6,181,2022-06-06,10.5,5.757777777777778,151.078,1003.9,99.7,33.0,75.29305555555555
SP-01090,FCAST-004359,Central,tropical_cyclone,10,321,2022-10-24,23.62,11.842916666666667,220.914,989.3,100.0,32.0,75.15833333333333
SP-01090,FCAST-004360,Central,heatwave,4,855,2024-04-10,4.2,2.3616666666666664,45.879,1006.4,65.3,39.5,74.85555555555555
SP-01091,FCAST-004361,Central,southwest_monsoon,6,1989,2024-06-14,10.5,5.553333333333333,155.118,1004.1,99.4,33.0,74.90416666666667
SP-01091,FCAST-004362,Central,tropical_cyclone,11,1775,2023-11-13,23.62,11.658055555555556,220.41,989.2,100.0,32.0,74.70416666666667
SP-01091,FCAST-004363,Central,heatwave,4,99,2019-04-12,4.2,2.3230555555555554,40.001,1007.1,66.3,39.5,74.74444444444445
SP-01091,FCAST-004364,Central,summer_storm,4,481,2020-04-28,14.7,6.2404166666666665,103.17,1001.6,97.7,34.55,75.11944444444445
SP-01092,FCAST-004365,Central,summer_storm,5,913,2023-05-09,14.7,6.293611111111111,108.553,1001.4,97.9,34.45,74.7875
SP-01092,FCAST-004366,Central,tropical_cyclone,11,18,2020-11-25,23.62,11.83375,220.687,989.2,100.0,32.0,75.48194444444444
SP-01092,FCAST-004367,Central,heatwave,3,129,2021-03-16,4.2,2.402361111111111,41.007,1007.0,69.4,39.5,74.81944444444444
SP-01092,FCAST-004368,Central,southwest_monsoon,6,234,2021-06-29,10.5,5.641805555555555,152.353,1003.6,99.7,33.0,75.08472222222223
SP-01093,FCAST-004369,Central,southwest_monsoon,9,1430,2022-09-22,10.5,5.67625,154.041,1003.5,100.0,33.0,74.83194444444445
SP-01093,FCAST-004370,Central,summer_storm,5,190,2019-05-01,14.7,6.019722222222223,107.778,1000.9,99.1,34.19,75.025
SP-01093,FCAST-004371,Central,tropical_cyclone,11,1110,2021-11-06,23.62,11.829166666666667,217.018,989.6,100.0,32.0,74.84166666666667
SP-01093,FCAST-004372,Central,heatwave,4,2000,2024-04-14,4.2,2.505,45.865,1006.9,65.6,39.5,75.23888888888888
SP-01094,FCAST-004373,Central,tropical_cyclone,10,702,2020-10-19,23.62,11.859305555555556,219.836,989.6,100.0,32.0,74.64444444444445
SP-01094,FCAST-004374,Central,summer_storm,5,538,2020-05-08,14.7,5.921805555555555,113.44500000000001,1001.5,96.7,34.37,75.12222222222222
SP-01094,FCAST-004375,Central,southwest_monsoon,9,1034,2021-09-16,10.5,5.819444444444445,150.393,1003.9,100.0,33.0,74.83888888888889
SP-01094,FCAST-004376,Central,heatwave,4,505,2020-04-05,4.2,2.3741666666666665,36.56,1007.2,65.4,39.5,74.88055555555555
SP-01095,FCAST-004377,Central,heatwave,3,1378,2025-03-10,4.2,2.525138888888889,39.429,1006.3,67.3,39.5,75.21111111111111
SP-01095,FCAST-004378,Central,tropical_cyclone,8,1157,2024-08-01,23.62,11.972222222222221,217.85,989.3,100.0,32.0,75.11388888888888
SP-01095,FCAST-004379,Central,southwest_monsoon,7,407,2022-07-13,10.5,5.625277777777778,143.518,1004.3,100.0,33.0,74.88055555555555
SP-01095,FCAST-004380,Central,summer_storm,5,354,2022-05-21,14.7,5.9181944444444445,107.339,1001.5,98.3,34.36,74.84583333333333
SP-01096,FCAST-004381,Central,southwest_monsoon,8,1273,2022-08-20,10.5,5.555277777777778,154.412,1003.3,98.9,33.0,75.11111111111111
SP-01096,FCAST-004382,Central,heatwave,3,763,2021-03-28,4.2,2.325972222222222,41.63,1006.3,69.1,39.5,74.97083333333333
SP-01096,FCAST-004383,Central,summer_storm,4,768,2021-04-02,14.7,6.470138888888889,107.649,1001.2,98.3,35.13,74.875
SP-01096,FCAST-004384,Central,tropical_cyclone,10,1333,2022-10-19,23.62,11.924583333333334,222.713,989.4,100.0,32.0,74.94861111111112
SP-01097,FCAST-004385,Central,southwest_monsoon,7,2067,2024-07-16,10.5,5.720694444444444,152.159,1004.2,100.0,33.0,75.31805555555555
SP-01097,FCAST-004386,Central,tropical_cyclone,8,1006,2021-08-20,23.62,12.045,226.049,989.2,100.0,32.0,75.29583333333333
SP-01097,FCAST-004387,Central,summer_storm,5,1654,2023-05-30,14.7,6.060555555555556,112.494,1000.8,98.0,34.63,74.86111111111111
SP-01097,FCAST-004388,Central,heatwave,4,1609,2023-04-15,4.2,2.419722222222222,47.017,1007.0,65.2,39.5,74.89027777777778
SP-01098,FCAST-004389,Central,tropical_cyclone,9,1320,2024-09-16,23.62,12.011111111111111,218.005,989.0,100.0,32.0,74.49583333333334
SP-01098,FCAST-004390,Central,southwest_monsoon,9,576,2022-09-03,10.5,5.579027777777778,155.575,1003.9,100.0,33.0,74.92222222222222
SP-01098,FCAST-004391,Central,heatwave,3,1502,2025-03-17,4.2,2.3062500000000004,40.336999999999996,1006.8,65.6,39.5,74.43472222222222
SP-01098,FCAST-004392,Central,summer_storm,4,78,2021-04-23,14.7,6.109861111111112,110.194,1001.0,96.8,35.21,74.91388888888889
SP-01099,FCAST-004393,Central,summer_storm,4,631,2020-04-19,14.7,6.270833333333333,104.917,1000.7,99.6,34.15,75.21666666666667
SP-01099,FCAST-004394,Central,southwest_monsoon,6,331,2019-06-24,10.5,5.67763888888889,146.423,1004.0,100.0,33.0,75.04305555555555
SP-01099,FCAST-004395,Central,heatwave,3,2425,2025-03-18,4.2,2.4618055555555554,39.992,1006.5,68.8,39.5,75.25833333333334
SP-01099,FCAST-004396,Central,tropical_cyclone,10,1897,2023-10-07,23.62,11.847916666666666,222.573,989.1,100.0,32.0,74.90555555555555
SP-01100,FCAST-004397,Central,tropical_cyclone,10,1820,2023-10-29,23.62,12.160833333333334,220.506,989.1,100.0,32.0,74.72916666666667
SP-01100,FCAST-004398,Central,summer_storm,4,535,2020-04-22,14.7,5.708611111111111,106.83,1001.2,97.7,33.7,74.92361111111111
SP-01100,FCAST-004399,Central,southwest_monsoon,9,1045,2021-09-14,10.5,5.5375,151.019,1003.9,100.0,33.0,75.08888888888889
SP-01100,FCAST-004400,Central,heatwave,4,1609,2023-04-01,4.2,2.422083333333333,42.402,1006.9,66.0,39.5,74.75
SP-01101,FCAST-004401,Central,summer_storm,5,81,2021-05-22,14.7,6.191527777777778,104.859,1001.3,98.4,33.93,74.83888888888889
SP-01101,FCAST-004402,Central,tropical_cyclone,11,1002,2023-11-29,23.62,11.90611111111111,218.315,989.1,100.0,32.0,75.25
SP-01101,FCAST-004403,Central,southwest_monsoon,7,501,2022-07-16,10.5,5.395277777777777,147.95499999999998,1004.0,99.5,33.0,74.53472222222223
SP-01101,FCAST-004404,Central,heatwave,3,1096,2024-03-02,4.2,2.45625,43.305,1006.8,66.4,39.5,75.17361111111111
SP-01102,FCAST-004405,Central,tropical_cyclone,11,787,2022-11-25,23.62,12.0,221.54,988.8,100.0,32.0,74.59722222222223
SP-01102,FCAST-004406,Central,southwest_monsoon,8,318,2021-08-13,10.5,5.644861111111111,147.683,1003.9,98.4,33.0,75.08333333333333
SP-01102,FCAST-004407,Central,heatwave,3,1257,2024-03-09,4.2,2.422638888888889,40.592,1006.7,64.9,39.5,74.75833333333334
SP-01102,FCAST-004408,Central,summer_storm,5,1333,2024-05-24,14.7,6.184722222222223,112.833,1001.1,97.3,34.67,75.29722222222222
SP-01103,FCAST-004409,Central,tropical_cyclone,11,1540,2024-11-03,23.62,11.775833333333333,219.805,989.2,100.0,32.0,75.15694444444445
SP-01103,FCAST-004410,Central,southwest_monsoon,8,5,2020-08-21,10.5,5.778194444444444,155.295,1004.2,100.0,33.0,74.71944444444445
SP-01103,FCAST-004411,Central,heatwave,3,944,2023-03-18,4.2,2.4281944444444443,42.892,1007.0,64.2,39.5,75.24583333333334
SP-01103,FCAST-004412,Central,summer_storm,4,1331,2024-04-08,14.7,6.093194444444444,109.31,1001.1,99.0,34.47,74.93055555555556
SP-01104,FCAST-004413,Central,southwest_monsoon,7,2143,2024-07-11,10.5,5.600138888888889,149.45,1003.7,100.0,33.0,74.76805555555556
SP-01104,FCAST-004414,Central,summer_storm,5,1341,2022-05-01,14.7,6.144027777777778,103.921,1000.6,97.6,34.67,74.65972222222223
SP-01104,FCAST-004415,Central,tropical_cyclone,11,816,2020-11-22,23.62,12.00361111111111,215.617,989.3,100.0,32.0,74.97916666666667
SP-01104,FCAST-004416,Central,heatwave,3,2029,2024-03-19,4.2,2.543194444444444,44.833,1006.9,66.1,39.5,74.79583333333333
SP-01105,FCAST-004417,Central,heatwave,4,2023,2024-04-15,4.2,2.3745833333333333,41.653,1006.8,64.2,39.5,74.80277777777778
SP-01105,FCAST-004418,Central,summer_storm,4,193,2019-04-12,14.7,6.345833333333333,107.793,1001.8,97.2,34.18,75.1861111111111
SP-01105,FCAST-004419,Central,tropical_cyclone,9,1092,2021-09-27,23.62,11.988055555555555,217.597,989.4,100.0,32.0,75.14305555555556
SP-01105,FCAST-004420,Central,southwest_monsoon,9,713,2020-09-13,10.5,5.860138888888889,150.198,1004.0,100.0,33.0,74.97361111111111
SP-01106,FCAST-004421,Central,summer_storm,5,1247,2022-05-18,14.7,6.27,110.278,1000.9,96.9,34.13,74.94305555555555
SP-01106,FCAST-004422,Central,southwest_monsoon,8,604,2020-08-13,10.5,5.425416666666667,147.923,1003.8,99.2,33.0,74.97638888888889
SP-01106,FCAST-004423,Central,tropical_cyclone,9,270,2019-09-14,23.62,12.0125,224.607,989.6,100.0,32.0,74.84861111111111
SP-01106,FCAST-004424,Central,heatwave,4,1577,2023-04-13,4.2,2.3806944444444444,37.711,1007.0,65.8,39.5,75.02777777777777
SP-01107,FCAST-004425,Central,heatwave,3,1553,2025-03-17,4.2,2.4305555555555554,41.486,1006.7,64.6,39.5,75.47222222222223
SP-01107,FCAST-004426,Central,tropical_cyclone,9,646,2022-09-22,23.62,12.040416666666665,219.033,989.4,100.0,32.0,75.02777777777777
SP-01107,FCAST-004427,Central,summer_storm,5,1249,2024-05-17,14.7,6.328611111111112,104.402,1001.1,98.5,34.39,75.18055555555556
SP-01107,FCAST-004428,Central,southwest_monsoon,8,602,2022-08-09,10.5,5.620833333333334,150.749,1003.4,98.7,33.0,75.07222222222222
SP-01108,FCAST-004429,Central,southwest_monsoon,6,349,2020-06-17,10.5,5.5825,145.817,1003.9,99.8,33.0,74.96527777777777
SP-01108,FCAST-004430,Central,summer_storm,5,1033,2022-05-02,14.7,6.070138888888889,102.956,1001.8,99.1,34.74,75.12083333333334
SP-01108,FCAST-004431,Central,tropical_cyclone,11,493,2020-11-08,23.62,12.146666666666667,211.651,989.8,100.0,32.0,75.11944444444445
SP-01108,FCAST-004432,Central,heatwave,4,1375,2023-04-09,4.2,2.437222222222222,41.214,1006.9,66.6,39.5,74.64166666666667
SP-01109,FCAST-004433,Central,southwest_monsoon,8,51,2021-08-31,10.5,5.233333333333333,149.012,1004.2,100.0,33.0,74.98472222222222
SP-01109,FCAST-004434,Central,tropical_cyclone,11,1222,2024-11-14,23.62,11.786666666666667,213.902,989.4,100.0,32.0,74.84444444444445
SP-01109,FCAST-004435,Central,heatwave,3,1332,2025-03-04,4.2,2.3555555555555556,48.394,1006.7,68.4,39.5,74.76388888888889
SP-01109,FCAST-004436,Central,summer_storm,5,1049,2024-05-25,14.7,6.5320833333333335,108.582,1001.0,97.8,35.45,75.21527777777777
SP-01110,FCAST-004437,Central,tropical_cyclone,8,2060,2024-08-12,23.62,11.844444444444443,221.04,989.0,100.0,32.0,75.0625
SP-01110,FCAST-004438,Central,southwest_monsoon,8,252,2019-08-31,10.5,5.8751388888888885,150.139,1004.1,99.0,33.0,74.71388888888889
SP-01110,FCAST-004439,Central,summer_storm,4,1575,2023-04-15,14.7,6.406805555555556,107.812,1001.5,98.3,35.49,74.91388888888889
SP-01110,FCAST-004440,Central,heatwave,4,114,2019-04-15,4.2,2.4819444444444443,38.314,1006.5,66.4,39.5,75.08472222222223
SP-01111,FCAST-004441,Central,southwest_monsoon,9,1872,2023-09-06,10.5,5.5425,152.742,1003.5,99.3,33.0,74.63888888888889
SP-01111,FCAST-004442,Central,summer_storm,4,996,2021-04-13,14.7,6.160416666666666,106.391,1001.4,98.3,34.45,74.56805555555555
SP-01111,FCAST-004443,Central,heatwave,4,254,2019-04-02,4.2,2.220972222222222,46.164,1006.5,67.3,39.5,74.89027777777778
SP-01111,FCAST-004444,Central,tropical_cyclone,8,1129,2021-08-24,23.62,12.261805555555556,217.075,989.4,100.0,32.0,75.08472222222223
SP-01112,FCAST-004445,Central,southwest_monsoon,9,468,2021-09-01,10.5,5.748055555555556,145.476,1004.3,99.8,33.0,74.95555555555556
SP-01112,FCAST-004446,Central,tropical_cyclone,10,1247,2023-10-20,23.62,11.78,220.131,989.3,100.0,32.0,75.32222222222222
SP-01112,FCAST-004447,Central,summer_storm,4,1073,2023-04-29,14.7,6.469722222222222,108.482,1001.2,97.5,34.48,74.93055555555556
SP-01112,FCAST-004448,Central,heatwave,3,1406,2024-03-27,4.2,2.2534722222222223,37.396,1006.9,65.4,39.5,75.29861111111111
SP-01113,FCAST-004449,Central,summer_storm,4,1103,2021-04-24,14.7,6.207916666666667,105.287,1000.6,98.6,34.41,74.98472222222222
SP-01113,FCAST-004450,Central,southwest_monsoon,8,480,2019-08-10,10.5,5.68875,146.188,1004.0,99.8,33.0,75.14444444444445
SP-01113,FCAST-004451,Central,heatwave,4,2204,2024-04-29,4.2,2.267361111111111,47.247,1006.8,66.5,39.5,74.53611111111111
SP-01113,FCAST-004452,Central,tropical_cyclone,11,1298,2021-11-05,23.62,11.928055555555554,213.045,989.3,100.0,32.0,74.89861111111111
SP-01114,FCAST-004453,Central,heatwave,3,27,2019-03-27,4.2,2.2874999999999996,41.044,1007.0,63.9,39.5,74.91666666666667
SP-01114,FCAST-004454,Central,southwest_monsoon,7,1248,2022-07-30,10.5,5.412083333333333,139.305,1004.0,100.0,33.0,74.91527777777777
SP-01114,FCAST-004455,Central,tropical_cyclone,9,580,2020-09-30,23.62,11.729722222222222,216.538,989.2,100.0,32.0,74.95277777777778
SP-01114,FCAST-004456,Central,summer_storm,4,1495,2023-04-03,14.7,5.799027777777777,112.675,1001.3,96.8,35.12,74.79861111111111
SP-01115,FCAST-004457,Central,heatwave,3,243,2022-03-15,4.2,2.3994444444444443,37.246,1006.7,68.3,39.5,74.69999999999999
SP-01115,FCAST-004458,Central,southwest_monsoon,9,794,2023-09-17,10.5,5.457222222222223,146.271,1003.9,100.0,33.0,75.01111111111112
SP-01115,FCAST-004459,Central,tropical_cyclone,10,813,2023-10-06,23.62,12.107222222222223,219.105,989.8,100.0,32.0,74.94027777777778
SP-01115,FCAST-004460,Central,summer_storm,4,285,2022-04-26,14.7,6.030694444444444,111.417,1001.6,97.4,34.41,74.73750000000001
SP-01116,FCAST-004461,Central,tropical_cyclone,9,17,2018-09-25,23.62,11.941388888888888,225.419,989.2,100.0,32.0,74.88888888888889
SP-01116,FCAST-004462,Central,summer_storm,4,2040,2024-04-09,14.7,6.2775,109.52,1001.6,100.0,35.07,74.74166666666666
SP-01116,FCAST-004463,Central,southwest_monsoon,8,334,2019-08-08,10.5,5.775138888888889,146.439,1003.9,100.0,33.0,75.35
SP-01116,FCAST-004464,Central,heatwave,3,184,2019-03-11,4.2,2.3877777777777776,41.095,1005.9,66.2,39.5,74.91111111111111
SP-01117,FCAST-004465,Central,southwest_monsoon,8,1418,2022-08-31,10.5,5.715694444444444,146.809,1003.5,99.3,33.0,74.80138888888888
SP-01117,FCAST-004466,Central,summer_storm,5,585,2020-05-20,14.7,6.0898611111111105,111.95,1001.6,99.0,34.63,74.72916666666667
SP-01117,FCAST-004467,Central,tropical_cyclone,8,1391,2022-08-04,23.62,11.913888888888888,214.01999999999998,989.2,100.0,32.0,75.11666666666666
SP-01117,FCAST-004468,Central,heatwave,3,522,2020-03-18,4.2,2.4248611111111114,42.934,1006.8,66.4,39.5,75.1236111111111
SP-01118,FCAST-004469,Central,summer_storm,4,1203,2023-04-10,14.7,6.650555555555555,111.468,1001.0,96.8,34.62,74.84583333333333
SP-01118,FCAST-004470,Central,heatwave,4,1569,2024-04-10,4.2,2.5243055555555554,41.127,1007.3,69.4,39.5,75.15555555555555
SP-01118,FCAST-004471,Central,southwest_monsoon,6,549,2021-06-25,10.5,5.589166666666667,155.404,1003.6,98.9,33.0,74.87222222222222
SP-01118,FCAST-004472,Central,tropical_cyclone,10,674,2021-10-28,23.62,11.896388888888888,216.308,989.1,100.0,32.0,74.86388888888888
SP-01119,FCAST-004473,Central,tropical_cyclone,8,215,2021-08-15,23.62,12.149722222222222,220.144,988.4,100.0,32.0,74.80000000000001
SP-01119,FCAST-004474,Central,southwest_monsoon,8,211,2021-08-11,10.5,5.494305555555555,148.703,1004.1,100.0,33.0,75.01388888888889
SP-01119,FCAST-004475,Central,summer_storm,4,101,2021-04-23,14.7,5.866944444444445,109.038,1002.0,97.9,33.69,74.93333333333334
SP-01119,FCAST-004476,Central,heatwave,3,779,2023-03-02,4.2,2.418611111111111,37.995,1007.2,64.1,39.5,75.0
SP-01120,FCAST-004477,Central,tropical_cyclone,10,414,2020-10-13,23.62,11.844444444444443,216.29,989.4,100.0,32.0,74.98750000000001
SP-01120,FCAST-004478,Central,heatwave,4,607,2021-04-24,4.2,2.4609722222222223,46.287,1006.6,66.9,39.5,75.47916666666667
SP-01120,FCAST-004479,Central,summer_storm,5,1344,2023-05-01,14.7,6.3654166666666665,106.904,1001.3,96.6,33.95,74.76111111111112
SP-01120,FCAST-004480,Central,southwest_monsoon,7,1050,2022-07-11,10.5,5.67,148.566,1004.1,100.0,33.0,74.98194444444444
SP-01121,FCAST-004481,Central,tropical_cyclone,8,949,2020-08-12,23.62,11.923194444444444,217.173,989.4,100.0,32.0,75.44999999999999
SP-01121,FCAST-004482,Central,southwest_monsoon,8,2423,2024-08-25,10.5,5.439583333333333,151.715,1004.1,100.0,33.0,75.17361111111111
SP-01121,FCAST-004483,Central,summer_storm,5,1943,2023-05-03,14.7,6.411388888888889,109.366,1001.4,98.2,34.17,75.55555555555556
SP-01121,FCAST-004484,Central,heatwave,3,75,2018-03-22,4.2,2.473055555555556,40.973,1006.7,65.8,39.5,75.29027777777777
SP-01122,FCAST-004485,Central,summer_storm,5,526,2023-05-30,14.7,6.431111111111111,119.25999999999999,1001.6,97.7,34.86,74.99583333333334
SP-01122,FCAST-004486,Central,tropical_cyclone,10,672,2023-10-23,23.62,11.946805555555555,217.919,989.2,100.0,32.0,74.81527777777778
SP-01122,FCAST-004487,Central,heatwave,4,473,2023-04-07,4.2,2.4920833333333334,39.306,1006.8,69.0,39.5,74.92500000000001
SP-01122,FCAST-004488,Central,southwest_monsoon,8,243,2022-08-20,10.5,5.479444444444444,149.337,1003.8,100.0,33.0,74.92083333333333
SP-01123,FCAST-004489,Central,summer_storm,5,366,2022-05-10,14.7,6.253611111111111,106.417,1001.6,96.3,34.8,74.89027777777778
SP-01123,FCAST-004490,Central,tropical_cyclone,11,567,2022-11-27,23.62,11.975694444444445,211.341,988.9,100.0,32.0,75.15277777777777
SP-01123,FCAST-004491,Central,heatwave,3,1033,2024-03-07,4.2,2.3694444444444445,40.875,1006.9,67.2,39.5,75.25
SP-01123,FCAST-004492,Central,southwest_monsoon,6,24,2021-06-02,10.5,5.948194444444444,143.45,1003.9,99.3,33.0,74.83333333333333
SP-01124,FCAST-004493,Central,heatwave,3,1052,2024-03-02,4.2,2.468888888888889,45.354,1006.7,67.0,39.5,75.41805555555555
SP-01124,FCAST-004494,Central,summer_storm,4,366,2022-04-16,14.7,6.25,105.662,1001.0,98.2,34.34,75.29166666666667
SP-01124,FCAST-004495,Central,southwest_monsoon,6,68,2021-06-22,10.5,5.743888888888889,146.934,1003.7,100.0,33.0,74.89583333333333
SP-01124,FCAST-004496,Central,tropical_cyclone,9,894,2023-09-26,23.62,11.821805555555555,216.039,989.8,100.0,32.0,74.67916666666666
SP-01125,FCAST-004497,Central,summer_storm,5,1374,2023-05-04,14.7,6.073055555555555,105.651,1001.4,98.4,34.52,74.6861111111111
SP-01125,FCAST-004498,Central,southwest_monsoon,8,1470,2023-08-08,10.5,5.701527777777778,154.035,1003.3,100.0,33.0,75.13749999999999
SP-01125,FCAST-004499,Central,tropical_cyclone,11,1194,2022-11-05,23.62,12.132083333333334,217.34799999999998,989.3,100.0,32.0,74.85277777777777
SP-01125,FCAST-004500,Central,heatwave,3,1333,2023-03-24,4.2,2.3618055555555557,40.739,1007.0,67.9,39.5,74.89305555555556
SP-01126,FCAST-004501,Central,summer_storm,5,742,2021-05-27,14.7,5.9030555555555555,106.626,1001.1,98.3,35.4,75.21805555555555
SP-01126,FCAST-004502,Central,southwest_monsoon,9,124,2019-09-17,10.5,5.307638888888889,150.84,1004.0,100.0,33.0,75.04722222222222
SP-01126,FCAST-004503,Central,heatwave,4,1808,2024-04-27,4.2,2.3983333333333334,44.355000000000004,1006.8,67.2,39.5,75.16805555555555
SP-01126,FCAST-004504,Central,tropical_cyclone,8,826,2021-08-19,23.62,11.498472222222222,224.376,989.2,100.0,32.0,75.13888888888889
SP-01127,FCAST-004505,Central,tropical_cyclone,9,1775,2024-09-09,23.62,11.9975,219.087,989.4,100.0,32.0,75.09861111111111
SP-01127,FCAST-004506,Central,summer_storm,4,176,2020-04-24,14.7,6.073055555555555,108.292,1001.2,98.5,34.43,75.34027777777777
SP-01127,FCAST-004507,Central,heatwave,3,1221,2023-03-05,4.2,2.310972222222222,44.937,1006.6,68.2,39.5,75.41111111111111
SP-01127,FCAST-004508,Central,southwest_monsoon,8,296,2020-08-22,10.5,5.340694444444444,144.538,1003.9,100.0,33.0,75.19166666666666
SP-01128,FCAST-004509,Central,summer_storm,5,978,2022-05-10,14.7,6.24125,110.245,1001.1,99.6,34.81,74.96111111111111
SP-01128,FCAST-004510,Central,southwest_monsoon,9,391,2020-09-30,10.5,5.7636111111111115,150.441,1004.0,100.0,33.0,75.02916666666667
SP-01128,FCAST-004511,Central,tropical_cyclone,8,1091,2022-08-31,23.62,12.098888888888888,223.984,989.3,100.0,32.0,74.44722222222222
SP-01128,FCAST-004512,Central,heatwave,3,199,2020-03-22,4.2,2.404027777777778,43.9,1006.7,64.6,39.5,75.17916666666666
SP-01129,FCAST-004513,Central,southwest_monsoon,7,806,2022-07-27,10.5,5.422083333333333,146.516,1003.9,99.3,33.0,74.82222222222222
SP-01129,FCAST-004514,Central,heatwave,4,1433,2024-04-14,4.2,2.3252777777777776,43.218,1006.7,66.9,39.5,74.72638888888889
SP-01129,FCAST-004515,Central,summer_storm,5,1089,2023-05-06,14.7,6.03625,107.512,1001.3,96.8,34.67,74.82916666666667
SP-01129,FCAST-004516,Central,tropical_cyclone,11,906,2022-11-04,23.62,12.09513888888889,222.542,989.1,100.0,32.0,75.47638888888889
SP-01130,FCAST-004517,Central,summer_storm,5,484,2022-05-23,14.7,6.265277777777778,106.55499999999999,1001.5,96.9,35.47,75.10833333333333
SP-01130,FCAST-004518,Central,tropical_cyclone,10,252,2021-10-03,23.62,11.977083333333333,217.966,988.9,100.0,32.0,75.19444444444444
SP-01130,FCAST-004519,Central,heatwave,3,47,2021-03-12,4.2,2.277361111111111,50.469,1007.1,64.8,39.5,74.71111111111111
SP-01130,FCAST-004520,Central,southwest_monsoon,8,216,2021-08-28,10.5,5.610555555555555,151.244,1004.5,100.0,33.0,75.15
SP-01131,FCAST-004521,Central,summer_storm,5,841,2023-05-10,14.7,6.0905555555555555,109.365,1001.3,96.7,34.33,74.83888888888889
SP-01131,FCAST-004522,Central,heatwave,4,463,2022-04-27,4.2,2.3668055555555556,39.932,1006.7,65.2,39.5,74.72916666666667
SP-01131,FCAST-004523,Central,southwest_monsoon,7,531,2022-07-04,10.5,5.7908333333333335,151.605,1003.2,100.0,33.0,74.89861111111111
SP-01131,FCAST-004524,Central,tropical_cyclone,11,1406,2024-11-25,23.62,12.042638888888888,222.643,989.3,100.0,32.0,74.50277777777778
SP-01132,FCAST-004525,Central,southwest_monsoon,6,553,2021-06-13,10.5,5.934027777777778,145.466,1004.0,100.0,33.0,75.12222222222222
SP-01132,FCAST-004526,Central,summer_storm,4,1602,2024-04-27,14.7,6.219861111111111,111.629,1001.2,98.0,34.95,74.60416666666667
SP-01132,FCAST-004527,Central,tropical_cyclone,8,1341,2023-08-10,23.62,11.965972222222222,215.957,989.3,100.0,32.0,74.83472222222223
SP-01132,FCAST-004528,Central,heatwave,3,1933,2025-03-24,4.2,2.3765277777777776,42.297,1006.8,67.8,39.5,75.36388888888888
SP-01133,FCAST-004529,Central,tropical_cyclone,8,956,2021-08-23,23.62,11.988055555555555,224.012,988.2,100.0,32.0,75.09444444444445
SP-01133,FCAST-004530,Central,heatwave,4,105,2019-04-25,4.2,2.4122222222222223,36.476,1006.8,64.9,39.5,75.14027777777778
SP-01133,FCAST-004531,Central,southwest_monsoon,8,588,2020-08-20,10.5,5.706250000000001,152.215,1003.9,100.0,33.0,74.73611111111111
SP-01133,FCAST-004532,Central,summer_storm,5,1963,2024-05-26,14.7,6.285,110.456,1001.0,97.5,33.72,74.86666666666666
SP-01134,FCAST-004533,Central,summer_storm,4,1419,2024-04-14,14.7,6.089583333333334,109.833,1000.6,97.1,34.45,74.98055555555555
SP-01134,FCAST-004534,Central,heatwave,4,1065,2023-04-26,4.2,2.3175,45.768,1006.9,64.3,39.5,75.32083333333334
SP-01134,FCAST-004535,Central,southwest_monsoon,7,791,2022-07-26,10.5,5.613888888888889,151.111,1003.8,99.5,33.0,74.96805555555555
SP-01134,FCAST-004536,Central,tropical_cyclone,11,541,2021-11-18,23.62,12.096527777777778,217.333,989.3,100.0,32.0,74.88194444444444
SP-01135,FCAST-004537,Central,heatwave,4,714,2021-04-27,4.2,2.339583333333333,40.853,1006.9,65.7,39.5,74.93194444444445
SP-01135,FCAST-004538,Central,tropical_cyclone,9,1225,2022-09-20,23.62,12.028472222222222,214.24,988.7,100.0,32.0,75.21805555555555
SP-01135,FCAST-004539,Central,summer_storm,4,330,2020-04-08,14.7,6.360277777777778,110.711,1001.0,97.4,34.43,74.63472222222222
SP-01135,FCAST-004540,Central,southwest_monsoon,9,488,2020-09-13,10.5,5.71875,146.748,1004.3,100.0,33.0,74.93472222222222
SP-01136,FCAST-004541,Central,summer_storm,4,1452,2024-04-21,14.7,6.172361111111111,107.751,1001.2,96.6,34.12,75.0625
SP-01136,FCAST-004542,Central,tropical_cyclone,11,1295,2023-11-16,23.62,12.049722222222222,220.627,988.7,100.0,32.0,74.81666666666666
SP-01136,FCAST-004543,Central,heatwave,4,1094,2023-04-29,4.2,2.4879166666666666,46.343,1007.4,64.4,39.5,75.30277777777778
SP-01136,FCAST-004544,Central,southwest_monsoon,9,1597,2024-09-13,10.5,5.43,150.61599999999999,1004.1,100.0,33.0,75.47222222222223
SP-01137,FCAST-004545,Central,tropical_cyclone,9,1645,2024-09-08,23.62,11.907361111111111,212.202,989.3,100.0,32.0,74.99027777777778
SP-01137,FCAST-004546,Central,southwest_monsoon,7,486,2021-07-07,10.5,5.6570833333333335,152.453,1004.1,100.0,33.0,74.66944444444444
SP-01137,FCAST-004547,Central,summer_storm,5,809,2022-05-26,14.7,6.0311111111111115,103.832,1001.5,98.6,34.06,74.80833333333334
SP-01137,FCAST-004548,Central,heatwave,3,1471,2024-03-18,4.2,2.2152777777777777,41.941,1007.3,66.1,39.5,75.15694444444445
SP-01138,FCAST-004549,Central,summer_storm,4,860,2024-04-04,14.7,6.274861111111111,110.78,1001.9,96.0,33.98,74.67777777777778
SP-01138,FCAST-004550,Central,heatwave,3,99,2022-03-05,4.2,2.184861111111111,39.723,1006.7,66.8,39.5,74.98194444444444
SP-01138,FCAST-004551,Central,southwest_monsoon,8,266,2022-08-19,10.5,5.535833333333333,145.71,1003.4,100.0,33.0,74.525
SP-01138,FCAST-004552,Central,tropical_cyclone,9,646,2023-09-03,23.62,12.041944444444445,219.912,988.7,100.0,32.0,75.10416666666667
SP-01139,FCAST-004553,Central,summer_storm,4,671,2021-04-01,14.7,6.164861111111112,110.062,1001.4,97.2,35.3,74.98888888888888
SP-01139,FCAST-004554,Central,tropical_cyclone,8,1162,2022-08-05,23.62,11.930972222222222,216.983,989.6,100.0,32.0,74.91527777777777
SP-01139,FCAST-004555,Central,heatwave,3,280,2020-03-06,4.2,2.317638888888889,40.207,1006.6,64.9,39.5,75.16666666666667
SP-01139,FCAST-004556,Central,southwest_monsoon,8,797,2021-08-05,10.5,5.391388888888889,152.597,1003.7,100.0,33.0,74.95416666666667
SP-01140,FCAST-004557,Central,heatwave,4,618,2020-04-13,4.2,2.3606944444444444,39.374,1006.6,66.9,39.5,75.00694444444444
SP-01140,FCAST-004558,Central,tropical_cyclone,9,1503,2022-09-15,23.62,12.032361111111111,215.391,989.6,100.0,32.0,75.15
SP-01140,FCAST-004559,Central,southwest_monsoon,8,739,2020-08-12,10.5,5.508472222222222,146.528,1003.9,98.6,33.0,74.94444444444444
SP-01140,FCAST-004560,Central,summer_storm,5,1384,2022-05-19,14.7,6.228194444444444,112.995,1001.2,99.6,34.27,75.05138888888888
SP-01141,FCAST-004561,Central,tropical_cyclone,11,829,2023-11-08,23.62,12.102777777777778,223.104,989.0,100.0,32.0,75.11111111111111
SP-01141,FCAST-004562,Central,southwest_monsoon,9,767,2023-09-07,10.5,5.704444444444444,148.111,1003.7,100.0,33.0,75.27361111111111
SP-01141,FCAST-004563,Central,heatwave,4,267,2022-04-25,4.2,2.45875,39.646,1007.2,66.2,39.5,75.48194444444444
SP-01141,FCAST-004564,Central,summer_storm,4,988,2024-04-15,14.7,6.17625,104.328,1001.0,98.3,34.17,74.96111111111111
SP-01142,FCAST-004565,Central,southwest_monsoon,7,420,2022-07-22,10.5,5.756111111111111,150.383,1004.2,98.1,33.0,75.16944444444444
SP-01142,FCAST-004566,Central,tropical_cyclone,10,1240,2024-10-19,23.62,11.89875,213.84,989.2,100.0,32.0,74.725
SP-01142,FCAST-004567,Central,summer_storm,4,1062,2024-04-24,14.7,6.27,115.374,1001.2,96.2,34.12,75.37777777777778
SP-01142,FCAST-004568,Central,heatwave,4,313,2022-04-06,4.2,2.4925,34.722,1007.0,66.7,39.5,75.51249999999999
SP-01143,FCAST-004569,Central,tropical_cyclone,9,1423,2023-09-29,23.62,12.177916666666668,222.448,990.0,100.0,32.0,74.81527777777778
SP-01143,FCAST-004570,Central,heatwave,3,122,2020-03-07,4.2,2.5098611111111113,41.421,1006.1,65.9,39.5,74.73888888888888
SP-01143,FCAST-004571,Central,southwest_monsoon,9,1765,2024-09-05,10.5,5.564305555555555,148.318,1004.1,100.0,33.0,74.70833333333333
SP-01143,FCAST-004572,Central,summer_storm,4,532,2021-04-21,14.7,6.020972222222222,107.995,1000.6,95.8,34.65,74.91388888888889
SP-01144,FCAST-004573,Central,heatwave,4,106,2019-04-09,4.2,2.08,43.628,1006.6,67.9,39.5,75.09444444444445
SP-01144,FCAST-004574,Central,summer_storm,4,1947,2024-04-23,14.7,6.281666666666666,104.967,1001.2,97.7,34.4,75.0013888888889
SP-01144,FCAST-004575,Central,southwest_monsoon,6,1627,2023-06-08,10.5,5.449999999999999,152.491,1003.6,100.0,33.0,74.94861111111112
SP-01144,FCAST-004576,Central,tropical_cyclone,8,1690,2023-08-10,23.62,12.070555555555556,222.89000000000001,988.7,100.0,32.0,75.15
SP-01145,FCAST-004577,Central,tropical_cyclone,11,1787,2023-11-17,23.62,11.85625,217.305,989.1,100.0,32.0,75.37083333333334
SP-01145,FCAST-004578,Central,summer_storm,5,1236,2022-05-15,14.7,6.358055555555556,111.949,1000.8,97.8,34.43,74.7513888888889
SP-01145,FCAST-004579,Central,southwest_monsoon,8,1695,2023-08-17,10.5,5.544444444444444,147.447,1004.0,100.0,33.0,75.3736111111111
SP-01145,FCAST-004580,Central,heatwave,3,84,2019-03-20,4.2,2.3984722222222223,43.648,1006.6,65.2,39.5,75.13888888888889
SP-01146,FCAST-004581,Central,tropical_cyclone,9,1463,2023-09-10,23.62,12.03486111111111,216.478,989.2,100.0,32.0,74.56944444444444
SP-01146,FCAST-004582,Central,heatwave,4,1670,2024-04-04,4.2,2.3738888888888887,42.545,1006.4,68.1,39.5,75.00694444444444
SP-01146,FCAST-004583,Central,summer_storm,4,577,2021-04-07,14.7,6.5408333333333335,110.25,1000.7,98.0,34.97,75.00833333333334
SP-01146,FCAST-004584,Central,southwest_monsoon,9,739,2021-09-16,10.5,5.499444444444444,145.972,1004.1,100.0,33.0,74.94166666666666
SP-01147,FCAST-004585,Central,heatwave,3,1780,2023-03-02,4.2,2.4070833333333335,43.042,1006.9,65.8,39.5,74.76388888888889
SP-01147,FCAST-004586,Central,summer_storm,5,751,2020-05-07,14.7,6.303472222222222,106.011,1000.6,99.3,34.72,74.98333333333333
SP-01147,FCAST-004587,Central,tropical_cyclone,11,2409,2024-11-20,23.62,11.859027777777778,225.607,989.8,100.0,32.0,75.07083333333334
SP-01147,FCAST-004588,Central,southwest_monsoon,7,461,2019-07-22,10.5,5.708611111111111,149.926,1003.0,100.0,33.0,75.13055555555555
SP-01148,FCAST-004589,Central,southwest_monsoon,7,1615,2023-07-04,10.5,5.488472222222223,146.923,1004.0,100.0,33.0,74.6861111111111
SP-01148,FCAST-004590,Central,summer_storm,5,825,2021-05-05,14.7,6.309166666666666,112.52,1001.3,97.4,33.78,74.88055555555555
SP-01148,FCAST-004591,Central,heatwave,4,74,2019-04-15,4.2,2.4429166666666666,40.083,1006.3,64.8,39.5,74.95833333333333
SP-01148,FCAST-004592,Central,tropical_cyclone,10,1002,2021-10-29,23.62,12.115,215.304,989.4,100.0,32.0,74.90277777777777
SP-01149,FCAST-004593,Central,tropical_cyclone,10,769,2023-10-23,23.62,12.072777777777778,217.601,989.5,100.0,32.0,74.95833333333333
SP-01149,FCAST-004594,Central,heatwave,4,581,2023-04-18,4.2,2.5120833333333334,45.196,1006.8,67.1,39.5,75.05416666666666
SP-01149,FCAST-004595,Central,summer_storm,4,225,2022-04-27,14.7,6.2027777777777775,109.998,1001.3,97.0,34.74,75.11527777777778
SP-01149,FCAST-004596,Central,southwest_monsoon,8,1055,2024-08-04,10.5,5.42625,149.03,1004.0,100.0,33.0,75.14027777777778
SP-01150,FCAST-004597,Central,heatwave,3,107,2021-03-09,4.2,2.252222222222222,45.584,1006.6,67.9,39.5,75.05694444444445
SP-01150,FCAST-004598,Central,summer_storm,4,1233,2024-04-08,14.7,6.274166666666667,110.252,1001.0,98.0,34.41,74.86111111111111
SP-01150,FCAST-004599,Central,tropical_cyclone,10,684,2022-10-07,23.62,11.96,217.22,989.0,100.0,32.0,75.30000000000001
SP-01150,FCAST-004600,Central,southwest_monsoon,9,1018,2023-09-06,10.5,5.621527777777778,144.127,1003.9,99.9,33.0,74.7875
SP-01151,FCAST-004601,Central,heatwave,3,1345,2023-03-23,4.2,2.437638888888889,42.889,1006.7,64.2,39.5,74.86111111111111
SP-01151,FCAST-004602,Central,tropical_cyclone,9,1527,2023-09-21,23.62,12.17611111111111,209.515,989.6,100.0,32.0,74.81527777777778
SP-01151,FCAST-004603,Central,southwest_monsoon,9,46,2019-09-01,10.5,5.723888888888889,148.555,1003.9,98.3,33.0,74.78333333333333
SP-01151,FCAST-004604,Central,summer_storm,5,1413,2023-05-30,14.7,6.178888888888888,104.472,1001.2,97.3,34.94,74.44166666666666
SP-01152,FCAST-004605,Central,tropical_cyclone,11,325,2021-11-13,23.62,11.956666666666667,223.014,989.3,100.0,32.0,75.15277777777777
SP-01152,FCAST-004606,Central,summer_storm,5,517,2022-05-24,14.7,6.117777777777778,110.215,1000.8,95.4,34.21,75.12222222222222
SP-01152,FCAST-004607,Central,heatwave,4,829,2023-04-01,4.2,2.497777777777778,41.914,1006.4,66.1,39.5,74.93194444444445
SP-01152,FCAST-004608,Central,southwest_monsoon,7,192,2021-07-03,10.5,5.670416666666666,151.101,1004.0,98.8,33.0,74.99305555555556
SP-01153,FCAST-004609,Central,summer_storm,4,575,2020-04-11,14.7,6.100277777777778,108.101,1001.3,99.1,34.03,74.89027777777778
SP-01153,FCAST-004610,Central,tropical_cyclone,10,1121,2021-10-09,23.62,11.990694444444445,220.306,989.1,100.0,32.0,74.84027777777777
SP-01153,FCAST-004611,Central,southwest_monsoon,9,1838,2023-09-26,10.5,5.616944444444445,148.968,1004.2,100.0,33.0,75.04305555555555
SP-01153,FCAST-004612,Central,heatwave,3,195,2019-03-28,4.2,2.47125,45.238,1007.1,65.0,39.5,75.17361111111111
SP-01154,FCAST-004613,Central,tropical_cyclone,8,647,2023-08-08,23.62,12.17013888888889,221.517,989.6,100.0,32.0,75.09722222222223
SP-01154,FCAST-004614,Central,southwest_monsoon,9,1046,2024-09-10,10.5,5.6056944444444445,142.988,1004.1,100.0,33.0,74.6861111111111
SP-01154,FCAST-004615,Central,summer_storm,4,535,2023-04-18,14.7,6.170833333333333,114.467,1001.2,97.5,34.1,75.4625
SP-01154,FCAST-004616,Central,heatwave,3,494,2023-03-08,4.2,2.4030555555555555,40.014,1006.4,65.6,39.5,74.92083333333333
SP-01155,FCAST-004617,Central,southwest_monsoon,9,622,2020-09-05,10.5,5.724861111111111,148.222,1003.9,100.0,33.0,75.16388888888889
SP-01155,FCAST-004618,Central,heatwave,3,2268,2025-03-09,4.2,2.158888888888889,44.798,1007.0,66.1,39.5,74.78611111111111
SP-01155,FCAST-004619,Central,tropical_cyclone,10,1746,2023-10-04,23.62,12.101666666666667,215.916,989.0,100.0,32.0,75.65555555555555
SP-01155,FCAST-004620,Central,summer_storm,4,853,2021-04-24,14.7,6.390833333333333,105.229,1001.7,96.6,34.29,74.65416666666667
SP-01156,FCAST-004621,Central,southwest_monsoon,9,1281,2024-09-22,10.5,5.555555555555555,149.1,1004.1,100.0,33.0,74.78611111111111
SP-01156,FCAST-004622,Central,summer_storm,4,763,2023-04-23,14.7,6.215972222222223,109.982,1001.0,97.6,34.77,75.03194444444445
SP-01156,FCAST-004623,Central,tropical_cyclone,8,499,2022-08-02,23.62,11.946111111111112,221.294,989.4,100.0,32.0,74.75
SP-01156,FCAST-004624,Central,heatwave,3,354,2022-03-10,4.2,2.4520833333333334,41.792,1006.8,65.1,39.5,74.9388888888889
SP-01157,FCAST-004625,Central,tropical_cyclone,8,75,2019-08-29,23.62,12.05888888888889,219.755,989.3,100.0,32.0,74.92083333333333
SP-01157,FCAST-004626,Central,summer_storm,5,344,2020-05-24,14.7,6.293333333333333,109.16499999999999,1000.8,98.7,35.12,74.84027777777777
SP-01157,FCAST-004627,Central,southwest_monsoon,9,79,2019-09-02,10.5,5.852777777777778,144.784,1004.1,100.0,33.0,75.27222222222223
SP-01157,FCAST-004628,Central,heatwave,4,1042,2022-04-22,4.2,2.412638888888889,39.892,1006.6,67.0,39.5,75.17777777777778
SP-01158,FCAST-004629,Central,tropical_cyclone,10,222,2021-10-22,23.62,11.960972222222221,215.562,989.0,100.0,32.0,75.00972222222222
SP-01158,FCAST-004630,Central,summer_storm,5,1165,2024-05-22,14.7,5.920972222222222,101.175,1001.3,96.4,34.3,75.05555555555556
SP-01158,FCAST-004631,Central,heatwave,4,1128,2024-04-15,4.2,2.290277777777778,42.945,1007.1,67.1,39.5,75.1236111111111
SP-01158,FCAST-004632,Central,southwest_monsoon,7,484,2022-07-11,10.5,5.422083333333333,147.32,1003.5,99.4,33.0,75.09861111111111
SP-01159,FCAST-004633,Central,tropical_cyclone,11,1032,2020-11-14,23.62,12.051805555555555,218.114,989.4,100.0,32.0,74.80972222222222
SP-01159,FCAST-004634,Central,summer_storm,4,831,2020-04-27,14.7,6.024583333333333,106.515,1001.4,98.9,34.83,74.79444444444444
SP-01159,FCAST-004635,Central,southwest_monsoon,8,2046,2023-08-25,10.5,5.5313888888888885,150.256,1003.4,100.0,33.0,74.86944444444445
SP-01159,FCAST-004636,Central,heatwave,4,443,2019-04-05,4.2,2.3899999999999997,38.396,1006.6,70.0,39.5,74.85972222222222
SP-01160,FCAST-004637,Central,tropical_cyclone,10,1197,2022-10-06,23.62,12.089861111111112,218.374,989.4,100.0,32.0,74.75277777777778
SP-01160,FCAST-004638,Central,summer_storm,5,1799,2024-05-30,14.7,6.424166666666667,107.754,1001.4,98.3,34.02,75.26805555555556
SP-01160,FCAST-004639,Central,southwest_monsoon,8,1878,2024-08-17,10.5,5.6523611111111105,149.815,1004.4,100.0,33.0,75.07361111111112
SP-01160,FCAST-004640,Central,heatwave,4,672,2021-04-29,4.2,2.3344444444444448,31.957,1006.7,66.5,39.5,75.02083333333333
SP-01161,FCAST-004641,Central,heatwave,4,1766,2023-04-19,4.2,2.3531944444444446,47.527,1006.6,64.4,39.5,75.0
SP-01161,FCAST-004642,Central,tropical_cyclone,8,421,2019-08-13,23.62,11.979027777777778,222.268,989.0,100.0,32.0,75.09166666666667
SP-01161,FCAST-004643,Central,summer_storm,5,341,2019-05-25,14.7,6.119305555555555,104.951,1001.1,98.7,34.74,74.9375
SP-01161,FCAST-004644,Central,southwest_monsoon,6,2177,2024-06-03,10.5,5.598888888888889,146.216,1003.9,100.0,33.0,74.94999999999999
SP-01162,FCAST-004645,Central,heatwave,3,1417,2022-03-28,4.2,2.5131944444444443,34.684,1006.8,64.7,39.5,74.83888888888889
SP-01162,FCAST-004646,Central,summer_storm,5,1102,2021-05-17,14.7,6.403611111111111,106.495,1001.0,96.9,34.87,74.9125
SP-01162,FCAST-004647,Central,tropical_cyclone,11,1638,2022-11-04,23.62,12.338055555555556,215.037,989.2,99.9,32.0,75.3138888888889
SP-01162,FCAST-004648,Central,southwest_monsoon,6,1118,2021-06-02,10.5,5.660138888888889,143.635,1004.0,99.5,33.0,74.64305555555556
SP-01163,FCAST-004649,Central,tropical_cyclone,8,1724,2023-08-29,23.62,12.051250000000001,222.918,989.2,100.0,32.0,74.60972222222222
SP-01163,FCAST-004650,Central,heatwave,4,1593,2023-04-20,4.2,2.3062500000000004,43.979,1006.1,65.0,39.5,74.92638888888888
SP-01163,FCAST-004651,Central,southwest_monsoon,6,907,2021-06-03,10.5,5.649861111111111,144.782,1003.7,100.0,33.0,75.10555555555555
SP-01163,FCAST-004652,Central,summer_storm,5,1620,2023-05-17,14.7,6.142916666666667,112.737,1001.6,97.1,34.08,74.92638888888888
SP-01164,FCAST-004653,Central,southwest_monsoon,9,517,2022-09-16,10.5,5.7068055555555555,146.63,1003.9,99.1,33.0,75.05000000000001
SP-01164,FCAST-004654,Central,summer_storm,5,1112,2024-05-03,14.7,6.1475,106.622,1001.6,98.4,34.23,75.10416666666667
SP-01164,FCAST-004655,Central,heatwave,3,693,2023-03-11,4.2,2.3580555555555556,38.17,1007.1,70.6,39.5,75.18472222222222
SP-01164,FCAST-004656,Central,tropical_cyclone,11,217,2021-11-20,23.62,12.022638888888888,225.09,989.2,99.4,32.0,74.78333333333333
SP-01165,FCAST-004657,Central,summer_storm,5,885,2024-05-25,14.7,6.132777777777778,106.743,1001.0,97.7,34.27,74.85277777777777
SP-01165,FCAST-004658,Central,tropical_cyclone,10,649,2023-10-02,23.62,12.021944444444445,214.158,988.6,100.0,32.0,74.82916666666667
SP-01165,FCAST-004659,Central,heatwave,3,819,2024-03-20,4.2,2.3295833333333333,40.644,1006.6,68.5,39.5,75.03194444444445
SP-01165,FCAST-004660,Central,southwest_monsoon,9,626,2023-09-09,10.5,5.715694444444444,152.169,1004.0,100.0,33.0,74.92500000000001
SP-01166,FCAST-004661,Central,heatwave,4,201,2022-04-20,4.2,2.471388888888889,37.005,1007.0,63.5,39.5,75.03194444444445
SP-01166,FCAST-004662,Central,tropical_cyclone,11,766,2023-11-06,23.62,11.994722222222222,214.197,988.9,100.0,32.0,74.90138888888889
SP-01166,FCAST-004663,Central,southwest_monsoon,7,651,2023-07-14,10.5,5.417916666666667,150.288,1003.3,100.0,33.0,75.21944444444445
SP-01166,FCAST-004664,Central,summer_storm,5,948,2024-05-06,14.7,6.324583333333333,111.855,1001.1,98.9,34.87,74.84166666666667
SP-01167,FCAST-004665,Central,heatwave,4,945,2021-04-13,4.2,2.3154166666666667,44.53,1007.0,65.0,39.5,75.25833333333334
SP-01167,FCAST-004666,Central,summer_storm,5,248,2019-05-17,14.7,6.02,104.851,1000.8,97.5,34.08,74.57638888888889
SP-01167,FCAST-004667,Central,southwest_monsoon,6,1001,2021-06-08,10.5,5.615694444444444,152.073,1004.2,99.0,33.0,74.70555555555556
SP-01167,FCAST-004668,Central,tropical_cyclone,10,386,2019-10-02,23.62,11.786388888888888,217.392,989.3,100.0,32.0,74.95694444444445
SP-01168,FCAST-004669,Central,tropical_cyclone,8,302,2019-08-12,23.62,11.990555555555556,222.42,988.9,100.0,32.0,75.11111111111111
SP-01168,FCAST-004670,Central,heatwave,4,2020,2024-04-25,4.2,2.5056944444444444,30.11,1006.8,65.0,39.5,74.94305555555555
SP-01168,FCAST-004671,Central,summer_storm,5,576,2020-05-12,14.7,6.334722222222222,108.896,1000.9,98.3,35.49,74.97777777777777
SP-01168,FCAST-004672,Central,southwest_monsoon,9,330,2019-09-09,10.5,5.9463888888888885,149.817,1003.8,100.0,33.0,74.48472222222222
SP-01169,FCAST-004673,Central,tropical_cyclone,9,918,2023-09-28,23.62,12.151805555555555,213.26,989.4,100.0,32.0,75.225
SP-01169,FCAST-004674,Central,heatwave,4,25,2021-04-18,4.2,2.40875,41.296,1006.9,65.0,39.5,75.02777777777777
SP-01169,FCAST-004675,Central,summer_storm,4,758,2023-04-21,14.7,6.310972222222222,108.962,1000.9,96.8,34.56,74.68194444444445
SP-01169,FCAST-004676,Central,southwest_monsoon,9,1278,2024-09-22,10.5,5.5008333333333335,146.482,1004.1,100.0,33.0,74.87916666666666
SP-01170,FCAST-004677,Central,summer_storm,5,424,2019-05-23,14.7,6.415555555555556,107.869,1001.5,96.2,35.09,75.14305555555556
SP-01170,FCAST-004678,Central,heatwave,4,13,2018-04-07,4.2,2.457361111111111,35.875,1006.8,68.0,39.5,75.45416666666667
SP-01170,FCAST-004679,Central,tropical_cyclone,10,199,2018-10-10,23.62,11.769027777777778,216.157,989.7,99.5,32.0,74.84861111111111
SP-01170,FCAST-004680,Central,southwest_monsoon,7,1200,2021-07-07,10.5,5.647083333333333,148.266,1002.9,100.0,33.0,75.34027777777777
SP-01171,FCAST-004681,Central,southwest_monsoon,7,518,2022-07-12,10.5,5.772222222222222,145.385,1003.1,100.0,33.0,74.79444444444444
SP-01171,FCAST-004682,Central,summer_storm,4,1158,2024-04-12,14.7,6.250277777777778,106.258,1001.4,97.8,34.21,75.0
SP-01171,FCAST-004683,Central,heatwave,3,27,2021-03-08,4.2,2.3961111111111113,43.294,1007.2,67.6,39.5,74.98888888888888
SP-01171,FCAST-004684,Central,tropical_cyclone,10,987,2023-10-24,23.62,12.070138888888888,222.46,989.0,100.0,32.0,74.8125
SP-01172,FCAST-004685,Central,summer_storm,4,99,2022-04-05,14.7,5.943888888888889,112.259,1001.0,97.5,34.63,75.28194444444445
SP-01172,FCAST-004686,Central,tropical_cyclone,10,649,2023-10-07,23.62,11.910694444444445,215.798,989.4,99.5,32.0,74.8125
SP-01172,FCAST-004687,Central,southwest_monsoon,7,929,2024-07-13,10.5,5.8086111111111105,149.304,1004.3,99.1,33.0,74.94305555555555
SP-01172,FCAST-004688,Central,heatwave,3,1186,2025-03-27,4.2,2.2640277777777778,42.538,1006.6,66.0,39.5,75.01111111111112
SP-01173,FCAST-004689,Central,heatwave,3,396,2019-03-10,4.2,2.2030555555555558,39.957,1007.0,67.3,39.5,74.94305555555555
SP-01173,FCAST-004690,Central,southwest_monsoon,8,2393,2024-08-27,10.5,5.566666666666666,153.747,1003.6,100.0,33.0,75.21388888888889
SP-01173,FCAST-004691,Central,summer_storm,5,2279,2024-05-05,14.7,6.205416666666667,110.535,1000.9,98.2,34.41,74.81944444444444
SP-01173,FCAST-004692,Central,tropical_cyclone,9,1690,2022-09-24,23.62,12.041805555555555,220.408,989.5,100.0,32.0,75.03333333333333
SP-01174,FCAST-004693,Central,summer_storm,5,1546,2024-05-30,14.7,6.408611111111111,103.121,1001.8,99.1,34.2,75.22916666666667
SP-01174,FCAST-004694,Central,southwest_monsoon,9,912,2022-09-04,10.5,5.596666666666667,151.004,1003.8,100.0,33.0,74.90555555555555
SP-01174,FCAST-004695,Central,heatwave,3,368,2021-03-09,4.2,2.266111111111111,41.975,1006.2,69.2,39.5,75.16111111111111
SP-01174,FCAST-004696,Central,tropical_cyclone,11,251,2020-11-12,23.62,12.120277777777778,217.512,988.6,100.0,32.0,74.94861111111112
SP-01175,FCAST-004697,Central,southwest_monsoon,8,770,2020-08-16,10.5,5.717499999999999,148.97299999999998,1003.6,100.0,33.0,75.09305555555555
SP-01175,FCAST-004698,Central,heatwave,4,1376,2022-04-14,4.2,2.372777777777778,46.117,1006.5,66.0,39.5,75.75277777777778
SP-01175,FCAST-004699,Central,tropical_cyclone,10,840,2020-10-25,23.62,12.224027777777778,224.654,989.7,100.0,32.0,75.10277777777777
SP-01175,FCAST-004700,Central,summer_storm,5,323,2019-05-27,14.7,5.985,111.419,1001.0,99.4,34.19,75.00555555555555
SP-01176,FCAST-004701,Central,heatwave,3,907,2022-03-18,4.2,2.3890277777777778,42.414,1007.0,68.2,39.5,75.01527777777778
SP-01176,FCAST-004702,Central,southwest_monsoon,9,729,2021-09-21,10.5,5.684166666666666,146.252,1003.7,100.0,33.0,74.99722222222222
SP-01176,FCAST-004703,Central,summer_storm,5,235,2020-05-15,14.7,5.994027777777777,108.632,1001.4,98.0,34.86,75.13472222222222
SP-01176,FCAST-004704,Central,tropical_cyclone,11,68,2019-11-30,23.62,11.974027777777778,218.685,989.1,100.0,32.0,74.60277777777777
SP-01177,FCAST-004705,Central,tropical_cyclone,11,587,2019-11-05,23.62,11.995138888888889,215.414,988.9,100.0,32.0,74.6875
SP-01177,FCAST-004706,Central,heatwave,3,2547,2025-03-18,4.2,2.38875,42.627,1006.6,65.6,39.5,74.94166666666666
SP-01177,FCAST-004707,Central,southwest_monsoon,8,2338,2024-08-21,10.5,5.750555555555556,148.736,1004.2,99.5,33.0,75.15833333333333
SP-01177,FCAST-004708,Central,summer_storm,4,762,2020-04-28,14.7,6.231249999999999,109.682,1001.9,97.4,33.91,75.0375
SP-01178,FCAST-004709,Central,summer_storm,5,1629,2023-05-03,14.7,5.914583333333334,102.435,1001.3,97.3,35.47,75.12222222222222
SP-01178,FCAST-004710,Central,heatwave,4,1612,2023-04-16,4.2,2.4452777777777777,46.921,1007.0,66.2,39.5,74.63611111111112
SP-01178,FCAST-004711,Central,tropical_cyclone,10,1428,2022-10-14,23.62,12.04625,213.53,989.3,100.0,32.0,75.05833333333334
SP-01178,FCAST-004712,Central,southwest_monsoon,7,1344,2022-07-22,10.5,5.768055555555556,144.421,1003.8,100.0,33.0,74.8763888888889
SP-01179,FCAST-004713,Central,summer_storm,5,1949,2024-05-04,14.7,6.394444444444444,107.52,1000.9,100.0,34.57,75.13611111111112
SP-01179,FCAST-004714,Central,heatwave,4,1563,2023-04-14,4.2,2.462638888888889,35.575,1007.1,69.0,39.5,75.3763888888889
SP-01179,FCAST-004715,Central,southwest_monsoon,8,2058,2024-08-21,10.5,5.452222222222222,142.376,1004.1,100.0,33.0,75.39722222222223
SP-01179,FCAST-004716,Central,tropical_cyclone,10,1029,2021-10-27,23.62,11.861527777777777,212.838,989.5,100.0,32.0,74.92777777777778
SP-01180,FCAST-004717,Central,tropical_cyclone,9,2275,2024-09-03,23.62,12.147083333333335,228.377,989.2,100.0,32.0,75.3125
SP-01180,FCAST-004718,Central,heatwave,3,658,2020-03-31,4.2,2.4208333333333334,38.58,1006.7,65.3,39.5,74.89166666666667
SP-01180,FCAST-004719,Central,southwest_monsoon,8,70,2018-08-21,10.5,5.46375,151.002,1004.4,100.0,33.0,74.79305555555555
SP-01180,FCAST-004720,Central,summer_storm,5,1446,2022-05-28,14.7,6.693194444444444,114.053,1001.3,96.4,34.39,74.96527777777777
SP-01181,FCAST-004721,Central,tropical_cyclone,9,1284,2021-09-11,23.62,12.181249999999999,213.357,988.8,100.0,32.0,75.21527777777777
SP-01181,FCAST-004722,Central,southwest_monsoon,9,1290,2021-09-17,10.5,5.690833333333334,149.999,1004.0,99.4,33.0,74.78611111111111
SP-01181,FCAST-004723,Central,summer_storm,4,416,2019-04-27,14.7,6.1866666666666665,111.154,1000.8,96.6,34.73,74.78611111111111
SP-01181,FCAST-004724,Central,heatwave,4,1852,2023-04-02,4.2,2.2086111111111113,43.257,1006.8,66.0,39.5,75.06944444444444
SP-01182,FCAST-004725,Central,southwest_monsoon,6,707,2020-06-04,10.5,5.75,154.474,1004.0,100.0,33.0,75.20277777777778
SP-01182,FCAST-004726,Central,summer_storm,4,1386,2022-04-14,14.7,6.2404166666666665,104.094,1001.5,97.8,34.76,74.92500000000001
SP-01182,FCAST-004727,Central,tropical_cyclone,10,1219,2021-10-29,23.62,11.979722222222222,218.951,989.3,100.0,32.0,74.51388888888889
SP-01182,FCAST-004728,Central,heatwave,3,258,2019-03-13,4.2,2.3675,38.586999999999996,1006.5,66.4,39.5,75.47638888888889
SP-01183,FCAST-004729,Central,tropical_cyclone,10,1236,2023-10-10,23.62,12.06486111111111,220.215,989.7,100.0,32.0,74.66527777777777
SP-01183,FCAST-004730,Central,summer_storm,5,1086,2023-05-13,14.7,6.220138888888888,113.578,1000.8,96.7,34.55,74.94861111111112
SP-01183,FCAST-004731,Central,southwest_monsoon,9,482,2021-09-16,10.5,5.587083333333333,141.301,1004.1,100.0,33.0,75.23194444444444
SP-01183,FCAST-004732,Central,heatwave,3,307,2021-03-25,4.2,2.2691666666666666,46.3,1007.2,65.3,39.5,75.3138888888889
SP-01184,FCAST-004733,Central,southwest_monsoon,7,348,2019-07-04,10.5,5.480972222222222,147.25,1003.8,100.0,33.0,75.05972222222222
SP-01184,FCAST-004734,Central,heatwave,4,2099,2024-04-19,4.2,2.541527777777778,37.51,1006.5,67.4,39.5,75.00833333333334
SP-01184,FCAST-004735,Central,tropical_cyclone,10,2289,2024-10-26,23.62,11.973194444444445,215.52100000000002,989.6,100.0,32.0,74.725
SP-01184,FCAST-004736,Central,summer_storm,5,1034,2021-05-20,14.7,6.010555555555555,106.906,1001.5,98.2,34.55,74.92777777777778
SP-01185,FCAST-004737,Central,summer_storm,5,364,2020-05-26,14.7,6.481111111111111,104.69,1001.4,98.6,33.94,75.15972222222223
SP-01185,FCAST-004738,Central,tropical_cyclone,10,1611,2023-10-25,23.62,12.075416666666666,214.352,989.2,100.0,32.0,75.11111111111111
SP-01185,FCAST-004739,Central,southwest_monsoon,8,1897,2024-08-06,10.5,5.763472222222222,154.451,1004.2,99.4,33.0,74.80138888888888
SP-01185,FCAST-004740,Central,heatwave,3,1739,2024-03-01,4.2,2.4356944444444446,44.126,1006.8,64.9,39.5,74.65277777777777
SP-01186,FCAST-004741,Central,tropical_cyclone,10,1199,2021-10-07,23.62,11.89486111111111,218.217,989.5,100.0,32.0,74.775
SP-01186,FCAST-004742,Central,southwest_monsoon,9,94,2018-09-28,10.5,5.611527777777777,151.094,1004.1,100.0,33.0,75.22777777777777
SP-01186,FCAST-004743,Central,heatwave,4,1017,2021-04-08,4.2,2.284861111111111,43.037,1006.9,66.6,39.5,74.725
SP-01186,FCAST-004744,Central,summer_storm,4,659,2020-04-15,14.7,6.016388888888889,110.149,1001.6,98.6,34.23,75.00972222222222
SP-01187,FCAST-004745,Central,heatwave,4,859,2022-04-13,4.2,2.3305555555555557,39.631,1006.1,69.0,39.5,75.05555555555556
SP-01187,FCAST-004746,Central,southwest_monsoon,8,978,2022-08-10,10.5,5.704583333333334,150.966,1003.9,100.0,33.0,74.91805555555555
SP-01187,FCAST-004747,Central,summer_storm,4,1240,2023-04-29,14.7,6.036944444444445,111.947,1001.2,99.2,34.49,75.03888888888889
SP-01187,FCAST-004748,Central,tropical_cyclone,9,1375,2023-09-11,23.62,12.113750000000001,214.595,989.6,100.0,32.0,75.02916666666667
SP-01188,FCAST-004749,Central,tropical_cyclone,9,257,2021-09-18,23.62,12.020000000000001,223.23,988.8,100.0,32.0,75.10138888888889
SP-01188,FCAST-004750,Central,southwest_monsoon,8,1306,2024-08-02,10.5,5.516527777777778,150.416,1004.1,100.0,33.0,74.98194444444444
SP-01188,FCAST-004751,Central,summer_storm,4,469,2022-04-18,14.7,6.066527777777778,108.625,1001.4,97.2,34.13,74.91111111111111
SP-01188,FCAST-004752,Central,heatwave,4,480,2022-04-29,4.2,2.3690277777777777,44.571,1006.4,64.6,39.5,74.82083333333334
SP-01189,FCAST-004753,Central,heatwave,3,1080,2023-03-10,4.2,2.320555555555556,41.1,1007.2,65.0,39.5,75.03611111111111
SP-01189,FCAST-004754,Central,southwest_monsoon,6,1530,2024-06-02,10.5,5.550416666666667,145.19,1004.1,100.0,33.0,75.50277777777778
SP-01189,FCAST-004755,Central,tropical_cyclone,9,1625,2024-09-05,23.62,12.051805555555555,213.615,989.8,100.0,32.0,75.05277777777778
SP-01189,FCAST-004756,Central,summer_storm,4,1483,2024-04-16,14.7,6.341388888888889,109.217,1001.4,98.0,34.69,74.54444444444444
SP-01190,FCAST-004757,Central,southwest_monsoon,8,68,2021-08-01,10.5,5.602361111111112,149.278,1004.4,97.9,33.0,75.1625
SP-01190,FCAST-004758,Central,summer_storm,4,312,2022-04-02,14.7,6.173472222222222,107.673,1001.4,98.3,34.22,75.30555555555556
SP-01190,FCAST-004759,Central,heatwave,3,1027,2024-03-17,4.2,2.1733333333333333,46.235,1006.9,67.1,39.5,74.88055555555555
SP-01190,FCAST-004760,Central,tropical_cyclone,9,112,2021-09-14,23.62,11.968472222222223,218.404,988.3,100.0,32.0,74.8125
SP-01191,FCAST-004761,Central,southwest_monsoon,8,1057,2024-08-08,10.5,5.505833333333333,142.502,1004.0,98.8,33.0,74.93333333333334
SP-01191,FCAST-004762,Central,summer_storm,5,242,2022-05-16,14.7,6.095833333333333,108.072,1001.2,99.0,34.32,74.85555555555555
SP-01191,FCAST-004763,Central,heatwave,4,585,2023-04-24,4.2,2.374027777777778,45.629,1007.2,65.4,39.5,74.91944444444444
SP-01191,FCAST-004764,Central,tropical_cyclone,8,684,2023-08-01,23.62,11.824444444444445,222.774,989.6,100.0,32.0,75.27777777777777
SP-01192,FCAST-004765,Central,tropical_cyclone,10,220,2019-10-12,23.62,12.130833333333333,219.162,989.4,100.0,32.0,74.88194444444444
SP-01192,FCAST-004766,Central,southwest_monsoon,7,1225,2022-07-13,10.5,5.75,148.313,1003.2,99.3,33.0,74.97222222222223
SP-01192,FCAST-004767,Central,summer_storm,4,1877,2024-04-25,14.7,6.272638888888888,105.037,1001.4,97.4,34.66,75.0013888888889
SP-01192,FCAST-004768,Central,heatwave,3,5,2019-03-11,4.2,2.3843055555555552,46.456,1006.7,65.3,39.5,74.73888888888888
SP-01193,FCAST-004769,Central,heatwave,3,604,2023-03-07,4.2,2.493888888888889,36.528,1006.9,64.7,39.5,75.10833333333333
SP-01193,FCAST-004770,Central,summer_storm,5,678,2023-05-20,14.7,6.34125,109.595,1001.0,99.8,34.82,74.93333333333334
SP-01193,FCAST-004771,Central,southwest_monsoon,9,1160,2024-09-13,10.5,5.835277777777778,145.356,1003.5,99.4,33.0,74.77083333333333
SP-01193,FCAST-004772,Central,tropical_cyclone,8,402,2022-08-17,23.62,11.848888888888888,225.67,989.4,100.0,32.0,75.15555555555555
SP-01194,FCAST-004773,Central,summer_storm,4,93,2020-04-06,14.7,6.0186111111111105,104.886,1001.2,97.6,34.04,74.69999999999999
SP-01194,FCAST-004774,Central,heatwave,3,1529,2024-03-12,4.2,2.448472222222222,47.698,1006.3,66.2,39.5,75.35555555555555
SP-01194,FCAST-004775,Central,southwest_monsoon,7,208,2020-07-30,10.5,5.546666666666667,149.592,1004.0,99.7,33.0,75.00694444444444
SP-01194,FCAST-004776,Central,tropical_cyclone,9,1722,2024-09-21,23.62,11.972916666666668,222.436,989.6,100.0,32.0,75.10416666666667
SP-01195,FCAST-004777,Central,southwest_monsoon,7,567,2022-07-29,10.5,5.412916666666667,143.206,1004.3,100.0,33.0,74.94861111111112
SP-01195,FCAST-004778,Central,summer_storm,5,488,2022-05-11,14.7,5.84,107.731,1001.0,98.0,34.78,75.60416666666667
SP-01195,FCAST-004779,Central,heatwave,4,451,2022-04-04,4.2,2.297083333333333,38.556,1006.7,67.2,39.5,75.25833333333334
SP-01195,FCAST-004780,Central,tropical_cyclone,10,1006,2023-10-11,23.62,12.04,213.847,988.3,100.0,32.0,75.07222222222222
SP-01196,FCAST-004781,Central,southwest_monsoon,7,136,2018-07-02,10.5,5.746944444444444,145.807,1003.9,100.0,33.0,75.10694444444444
SP-01196,FCAST-004782,Central,summer_storm,4,47,2018-04-04,14.7,6.48625,115.014,1001.3,98.5,34.7,74.9
SP-01196,FCAST-004783,Central,tropical_cyclone,9,1308,2021-09-16,23.62,12.180694444444445,216.852,988.8,100.0,32.0,74.99166666666666
SP-01196,FCAST-004784,Central,heatwave,3,2210,2024-03-06,4.2,2.413333333333333,35.264,1006.7,64.9,39.5,75.09722222222223
SP-01197,FCAST-004785,Central,southwest_monsoon,9,1121,2022-09-18,10.5,5.5119444444444445,144.618,1003.9,100.0,33.0,75.14861111111111
SP-01197,FCAST-004786,Central,tropical_cyclone,11,1901,2024-11-06,23.62,12.073194444444445,228.644,988.7,100.0,32.0,75.03333333333333
SP-01197,FCAST-004787,Central,heatwave,4,240,2020-04-20,4.2,2.3358333333333334,42.421,1006.6,66.2,39.5,75.17361111111111
SP-01197,FCAST-004788,Central,summer_storm,5,262,2020-05-12,14.7,6.109444444444445,105.207,1001.7,98.5,34.09,74.94166666666666
SP-01198,FCAST-004789,Central,heatwave,4,157,2021-04-26,4.2,2.2704166666666667,35.896,1006.8,66.6,39.5,74.75555555555555
SP-01198,FCAST-004790,Central,southwest_monsoon,7,973,2023-07-21,10.5,5.416666666666667,147.346,1004.0,100.0,33.0,75.32361111111112
SP-01198,FCAST-004791,Central,summer_storm,4,1246,2024-04-19,14.7,5.873194444444445,104.974,1001.5,96.2,34.57,74.79027777777777
SP-01198,FCAST-004792,Central,tropical_cyclone,10,1073,2023-10-29,23.62,12.239722222222222,221.844,989.0,100.0,32.0,74.70694444444445
SP-01199,FCAST-004793,Central,tropical_cyclone,8,159,2020-08-05,23.62,12.115833333333335,220.24,989.0,100.0,32.0,75.08611111111111
SP-01199,FCAST-004794,Central,southwest_monsoon,7,144,2020-07-21,10.5,5.57375,151.559,1003.9,99.0,33.0,75.4625
SP-01199,FCAST-004795,Central,heatwave,4,1513,2024-04-20,4.2,2.3609722222222222,37.512,1006.6,65.8,39.5,74.85555555555555
SP-01199,FCAST-004796,Central,summer_storm,5,1163,2023-05-06,14.7,6.0586111111111105,113.492,1001.4,97.9,34.93,75.45416666666667
SP-01200,FCAST-004797,Central,summer_storm,4,618,2023-04-09,14.7,5.954861111111111,103.753,1001.5,97.6,33.91,74.99027777777778
SP-01200,FCAST-004798,Central,southwest_monsoon,7,1088,2024-07-22,10.5,5.529999999999999,155.947,1003.0,100.0,33.0,75.23472222222222
SP-01200,FCAST-004799,Central,tropical_cyclone,9,402,2022-09-05,23.62,11.968055555555557,215.96,989.8,100.0,32.0,74.8125
SP-01200,FCAST-004800,Central,heatwave,4,626,2023-04-17,4.2,2.2333333333333334,37.963,1007.2,68.5,39.5,75.36666666666666
SP-01201,FCAST-004801,Central,heatwave,4,1939,2024-04-05,4.2,2.506111111111111,36.42,1007.0,64.4,39.5,74.99444444444445
SP-01201,FCAST-004802,Central,southwest_monsoon,7,954,2021-07-25,10.5,5.5690277777777775,145.833,1003.9,99.7,33.0,74.98055555555555
SP-01201,FCAST-004803,Central,summer_storm,4,1571,2023-04-03,14.7,6.548472222222222,105.63,1001.3,99.8,34.1,75.09861111111111
SP-01201,FCAST-004804,Central,tropical_cyclone,8,985,2021-08-25,23.62,11.809861111111111,215.123,989.5,100.0,32.0,75.3736111111111
SP-01202,FCAST-004805,Central,tropical_cyclone,10,1048,2024-10-22,23.62,12.16125,225.406,988.8,100.0,32.0,74.99583333333334
SP-01202,FCAST-004806,Central,southwest_monsoon,9,1007,2024-09-11,10.5,5.842361111111111,147.677,1003.9,99.9,33.0,75.65972222222223
SP-01202,FCAST-004807,Central,heatwave,4,141,2022-04-29,4.2,2.4706944444444443,43.629,1006.8,65.0,39.5,74.74444444444445
SP-01202,FCAST-004808,Central,summer_storm,5,880,2024-05-07,14.7,5.94875,106.223,1001.2,96.8,33.94,74.6888888888889
SP-01203,FCAST-004809,Central,tropical_cyclone,8,2013,2023-08-07,23.62,12.038055555555555,213.106,989.0,100.0,32.0,75.24722222222222
SP-01203,FCAST-004810,Central,summer_storm,5,2284,2024-05-04,14.7,6.295694444444445,108.333,1001.5,98.1,34.31,75.86111111111111
SP-01203,FCAST-004811,Central,heatwave,3,1883,2023-03-30,4.2,2.375138888888889,41.158,1006.8,66.1,39.5,74.7513888888889
SP-01203,FCAST-004812,Central,southwest_monsoon,8,939,2020-08-28,10.5,5.747361111111111,145.448,1003.8,99.1,33.0,74.95833333333333
SP-01204,FCAST-004813,Central,tropical_cyclone,8,819,2023-08-04,23.62,11.956388888888888,215.518,989.0,100.0,32.0,75.21388888888889
SP-01204,FCAST-004814,Central,summer_storm,4,715,2023-04-22,14.7,6.333888888888889,106.503,1001.2,97.0,34.17,74.99722222222222
SP-01204,FCAST-004815,Central,southwest_monsoon,6,391,2022-06-02,10.5,5.125277777777778,145.688,1003.9,100.0,33.0,74.80000000000001
SP-01204,FCAST-004816,Central,heatwave,3,306,2022-03-09,4.2,2.3644444444444446,38.076,1006.6,67.5,39.5,75.12222222222222
SP-01205,FCAST-004817,Central,southwest_monsoon,8,2139,2024-08-31,10.5,5.292916666666667,152.511,1004.0,99.3,33.0,74.95555555555556
SP-01205,FCAST-004818,Central,tropical_cyclone,10,2189,2024-10-20,23.62,12.027777777777779,215.12199999999999,988.7,100.0,32.0,75.18472222222222
SP-01205,FCAST-004819,Central,heatwave,3,1620,2023-03-31,4.2,2.4693055555555556,37.393,1006.0,66.4,39.5,74.9361111111111
SP-01205,FCAST-004820,Central,summer_storm,4,547,2020-04-22,14.7,6.102222222222222,109.731,1000.8,97.7,34.32,74.97083333333333
SP-01206,FCAST-004821,Central,summer_storm,4,1845,2024-04-07,14.7,6.276111111111111,112.734,1001.4,100.0,35.02,75.24444444444445
SP-01206,FCAST-004822,Central,heatwave,4,407,2020-04-30,4.2,2.44125,44.982,1006.9,67.2,39.5,74.6
SP-01206,FCAST-004823,Central,southwest_monsoon,8,883,2021-08-19,10.5,5.649305555555555,149.238,1003.2,100.0,33.0,75.15833333333333
SP-01206,FCAST-004824,Central,tropical_cyclone,9,922,2021-09-27,23.62,11.912500000000001,216.753,989.9,100.0,32.0,74.78611111111111
SP-01207,FCAST-004825,Central,summer_storm,5,542,2020-05-22,14.7,6.308888888888889,108.345,1000.7,99.2,34.26,75.08611111111111
SP-01207,FCAST-004826,Central,heatwave,3,1567,2023-03-13,4.2,2.0909722222222222,37.886,1006.7,65.9,39.5,74.95833333333333
SP-01207,FCAST-004827,Central,tropical_cyclone,11,1086,2021-11-17,23.62,11.72888888888889,222.122,989.1,100.0,32.0,74.66666666666667
SP-01207,FCAST-004828,Central,southwest_monsoon,8,1708,2023-08-01,10.5,5.393750000000001,145.083,1004.0,100.0,33.0,75.01111111111112
SP-01208,FCAST-004829,Central,heatwave,3,1940,2025-03-05,4.2,2.365277777777778,44.028999999999996,1007.0,69.1,39.5,75.07638888888889
SP-01208,FCAST-004830,Central,southwest_monsoon,8,264,2020-08-02,10.5,5.670138888888889,149.989,1004.8,100.0,33.0,74.97083333333333
SP-01208,FCAST-004831,Central,tropical_cyclone,11,1107,2022-11-23,23.62,12.062777777777777,222.728,989.7,100.0,32.0,75.14583333333333
SP-01208,FCAST-004832,Central,summer_storm,5,190,2020-05-20,14.7,6.0680555555555555,107.872,1001.4,98.0,34.14,75.24305555555556
SP-01209,FCAST-004833,Central,summer_storm,4,959,2024-04-02,14.7,6.0505555555555555,112.316,1001.5,98.1,35.42,75.13611111111112
SP-01209,FCAST-004834,Central,heatwave,3,591,2023-03-31,4.2,2.475277777777778,38.815,1006.5,64.8,39.5,74.87222222222222
SP-01209,FCAST-004835,Central,tropical_cyclone,11,826,2023-11-21,23.62,12.084166666666667,224.06,989.4,100.0,32.0,75.30972222222222
SP-01209,FCAST-004836,Central,southwest_monsoon,6,657,2023-06-05,10.5,5.543333333333333,147.821,1003.7,100.0,33.0,74.76388888888889
SP-01210,FCAST-004837,Central,heatwave,4,1411,2023-04-28,4.2,2.3393055555555557,41.05,1006.8,67.6,39.5,75.09305555555555
SP-01210,FCAST-004838,Central,summer_storm,4,1387,2023-04-04,14.7,5.882638888888889,102.546,1001.2,97.3,34.32,74.85972222222222
SP-01210,FCAST-004839,Central,tropical_cyclone,8,1143,2022-08-03,23.62,11.932083333333333,215.743,989.0,99.9,32.0,74.61388888888888
SP-01210,FCAST-004840,Central,southwest_monsoon,6,364,2020-06-15,10.5,5.578194444444445,145.349,1003.9,100.0,33.0,75.14305555555556
SP-01211,FCAST-004841,Central,summer_storm,5,967,2024-05-19,14.7,6.108055555555556,103.969,1000.3,97.7,34.76,74.96527777777777
SP-01211,FCAST-004842,Central,southwest_monsoon,7,672,2023-07-29,10.5,5.794583333333333,149.073,1003.8,99.5,33.0,75.20694444444445
SP-01211,FCAST-004843,Central,tropical_cyclone,10,760,2023-10-25,23.62,11.975833333333334,218.037,989.1,100.0,32.0,74.90833333333333
SP-01211,FCAST-004844,Central,heatwave,4,213,2022-04-26,4.2,2.370277777777778,46.539,1007.0,65.4,39.5,74.70416666666667
SP-01212,FCAST-004845,Central,tropical_cyclone,8,110,2021-08-22,23.62,11.881250000000001,221.261,989.6,100.0,32.0,75.06944444444444
SP-01212,FCAST-004846,Central,southwest_monsoon,9,1244,2024-09-29,10.5,5.631944444444445,141.73499999999999,1003.7,98.3,33.0,74.7875
SP-01212,FCAST-004847,Central,heatwave,3,687,2023-03-22,4.2,2.312222222222222,39.931,1006.9,71.2,39.5,74.98888888888888
SP-01212,FCAST-004848,Central,summer_storm,5,737,2023-05-11,14.7,6.291805555555555,108.381,1001.6,97.9,34.63,75.09722222222223
SP-01213,FCAST-004849,Central,summer_storm,5,1068,2024-05-09,14.7,6.214722222222222,108.518,1001.0,97.7,34.94,75.36944444444445
SP-01213,FCAST-004850,Central,tropical_cyclone,10,1220,2024-10-08,23.62,11.906527777777777,218.012,989.0,100.0,32.0,75.34861111111111
SP-01213,FCAST-004851,Central,southwest_monsoon,9,104,2021-09-18,10.5,5.766805555555555,149.936,1004.4,100.0,33.0,75.05416666666666
SP-01213,FCAST-004852,Central,heatwave,3,1369,2025-03-06,4.2,2.0747222222222224,43.642,1007.2,66.0,39.5,75.02361111111111
SP-01214,FCAST-004853,Central,heatwave,4,384,2021-04-10,4.2,2.3043055555555556,39.21,1007.1,66.6,39.5,75.03333333333333
SP-01214,FCAST-004854,Central,summer_storm,5,1160,2023-05-26,14.7,5.966388888888889,108.833,1001.7,98.5,34.81,75.33611111111111
SP-01214,FCAST-004855,Central,tropical_cyclone,9,549,2021-09-22,23.62,12.046805555555556,216.256,989.4,100.0,32.0,75.18333333333334
SP-01214,FCAST-004856,Central,southwest_monsoon,8,1607,2024-08-15,10.5,5.570555555555555,153.755,1003.3,100.0,33.0,75.13472222222222
SP-01215,FCAST-004857,Central,tropical_cyclone,8,1031,2021-08-15,23.62,11.862361111111111,212.708,989.3,100.0,32.0,75.01111111111112
SP-01215,FCAST-004858,Central,heatwave,3,864,2021-03-01,4.2,2.21,43.177,1006.7,66.9,39.5,74.7875
SP-01215,FCAST-004859,Central,summer_storm,4,1652,2023-04-28,14.7,5.838472222222222,104.239,1001.3,97.1,34.35,75.07916666666667
SP-01215,FCAST-004860,Central,southwest_monsoon,7,2087,2024-07-06,10.5,5.35125,153.956,1003.3,100.0,33.0,75.225
SP-01216,FCAST-004861,Central,tropical_cyclone,11,192,2020-11-02,23.62,11.942777777777778,216.785,988.9,100.0,32.0,74.90555555555555
SP-01216,FCAST-004862,Central,heatwave,3,688,2022-03-13,4.2,2.4379166666666667,34.136,1006.8,66.5,39.5,74.90694444444445
SP-01216,FCAST-004863,Central,southwest_monsoon,6,787,2022-06-20,10.5,5.547361111111111,149.155,1004.4,99.5,33.0,74.92916666666666
SP-01216,FCAST-004864,Central,summer_storm,4,368,2021-04-27,14.7,5.985416666666667,107.58800000000001,1001.4,96.6,34.95,74.91111111111111
SP-01217,FCAST-004865,Central,tropical_cyclone,8,1374,2024-08-16,23.62,12.086666666666666,222.302,989.9,100.0,32.0,75.17500000000001
SP-01217,FCAST-004866,Central,summer_storm,5,185,2021-05-15,14.7,6.4188888888888895,111.28,1000.8,96.2,33.69,74.98888888888888
SP-01217,FCAST-004867,Central,southwest_monsoon,8,643,2022-08-16,10.5,5.605277777777777,149.33599999999998,1003.7,100.0,33.0,75.64166666666667
SP-01217,FCAST-004868,Central,heatwave,4,533,2022-04-28,4.2,2.408333333333333,35.151,1007.0,65.9,39.5,74.79166666666667
SP-01218,FCAST-004869,Central,tropical_cyclone,8,355,2019-08-05,23.62,12.095,217.589,989.4,100.0,32.0,74.66527777777777
SP-01218,FCAST-004870,Central,heatwave,3,222,2019-03-25,4.2,2.3079166666666664,43.954,1006.8,65.7,39.5,75.14861111111111
SP-01218,FCAST-004871,Central,summer_storm,4,974,2021-04-15,14.7,5.769444444444444,111.163,1001.5,97.0,34.89,75.03888888888889
SP-01218,FCAST-004872,Central,southwest_monsoon,6,1410,2022-06-25,10.5,5.5675,147.507,1004.1,100.0,33.0,75.10138888888889
SP-01219,FCAST-004873,Central,summer_storm,4,1050,2024-04-08,14.7,6.136527777777777,103.162,1001.3,98.6,34.24,75.1861111111111
SP-01219,FCAST-004874,Central,tropical_cyclone,8,820,2023-08-22,23.62,12.049305555555556,213.666,989.2,100.0,32.0,74.96527777777777
SP-01219,FCAST-004875,Central,heatwave,3,294,2022-03-14,4.2,2.3936111111111114,43.449,1007.1,64.9,39.5,75.25694444444444
SP-01219,FCAST-004876,Central,southwest_monsoon,6,1117,2024-06-14,10.5,5.488333333333333,149.64,1003.8,100.0,33.0,74.76666666666667
SP-01220,FCAST-004877,Central,summer_storm,5,753,2022-05-31,14.7,5.838611111111111,109.175,1000.7,96.9,34.29,74.7513888888889
SP-01220,FCAST-004878,Central,heatwave,4,1083,2023-04-26,4.2,2.3138888888888887,39.996,1006.6,67.2,39.5,75.31527777777778
SP-01220,FCAST-004879,Central,southwest_monsoon,6,33,2020-06-10,10.5,5.575277777777778,148.929,1003.8,100.0,33.0,74.83055555555556
SP-01220,FCAST-004880,Central,tropical_cyclone,8,478,2021-08-29,23.62,11.68138888888889,218.229,988.9,100.0,32.0,74.87222222222222
SP-01221,FCAST-004881,Central,heatwave,4,250,2021-04-27,4.2,2.291527777777778,41.955,1006.3,68.9,39.5,75.05277777777778
SP-01221,FCAST-004882,Central,summer_storm,5,273,2021-05-20,14.7,6.07125,114.242,1001.5,98.5,35.01,74.8138888888889
SP-01221,FCAST-004883,Central,southwest_monsoon,7,317,2021-07-03,10.5,5.552222222222222,141.196,1003.8,99.3,33.0,74.72361111111111
SP-01221,FCAST-004884,Central,tropical_cyclone,8,2,2020-08-22,23.62,11.628888888888888,224.846,989.5,100.0,32.0,74.98611111111111
SP-01222,FCAST-004885,Central,southwest_monsoon,8,315,2021-08-19,10.5,5.714305555555556,143.91,1004.3,100.0,33.0,74.9
SP-01222,FCAST-004886,Central,summer_storm,5,1321,2024-05-21,14.7,6.290555555555555,108.955,1001.4,98.3,34.23,74.53333333333333
SP-01222,FCAST-004887,Central,heatwave,3,156,2021-03-13,4.2,2.4202777777777778,41.263,1006.8,67.5,39.5,75.15555555555555
SP-01222,FCAST-004888,Central,tropical_cyclone,9,330,2021-09-03,23.62,11.70375,214.5,989.0,99.1,32.0,75.05972222222222
SP-01223,FCAST-004889,Central,summer_storm,5,1385,2023-05-01,14.7,6.006944444444445,114.163,1001.0,98.1,33.94,74.86666666666666
SP-01223,FCAST-004890,Central,southwest_monsoon,8,760,2021-08-14,10.5,5.506111111111111,148.588,1004.1,99.3,33.0,75.2513888888889
SP-01223,FCAST-004891,Central,tropical_cyclone,8,36,2019-08-21,23.62,12.236805555555556,213.815,989.4,100.0,32.0,75.20972222222223
SP-01223,FCAST-004892,Central,heatwave,4,271,2020-04-12,4.2,2.370277777777778,35.838,1006.4,68.8,39.5,74.94861111111112
SP-01224,FCAST-004893,Central,summer_storm,5,115,2019-05-03,14.7,6.265138888888888,113.193,1001.5,97.5,35.44,74.89166666666667
SP-01224,FCAST-004894,Central,tropical_cyclone,8,1695,2023-08-30,23.62,12.042083333333332,218.368,988.9,100.0,32.0,75.04861111111111
SP-01224,FCAST-004895,Central,southwest_monsoon,6,159,2019-06-16,10.5,5.518472222222222,146.283,1003.8,100.0,33.0,75.23888888888888
SP-01224,FCAST-004896,Central,heatwave,3,426,2020-03-09,4.2,2.2215277777777778,45.998,1006.8,66.3,39.5,75.08611111111111
SP-01225,FCAST-004897,Central,southwest_monsoon,7,597,2021-07-05,10.5,5.708749999999999,151.29,1003.4,100.0,33.0,74.95555555555556
SP-01225,FCAST-004898,Central,heatwave,4,886,2022-04-20,4.2,2.463611111111111,46.213,1006.9,66.1,39.5,74.54166666666667
SP-01225,FCAST-004899,Central,tropical_cyclone,9,1029,2022-09-10,23.62,11.763472222222223,212.423,989.0,100.0,32.0,74.74027777777778
SP-01225,FCAST-004900,Central,summer_storm,4,1613,2024-04-16,14.7,6.315416666666667,111.19200000000001,1001.6,96.2,34.53,75.11666666666666
SP-01226,FCAST-004901,Central,summer_storm,4,560,2021-04-13,14.7,6.384166666666666,107.381,1001.0,97.1,34.42,75.07361111111112
SP-01226,FCAST-004902,Central,tropical_cyclone,8,1796,2024-08-31,23.62,11.928055555555556,217.352,989.2,100.0,32.0,75.19166666666666
SP-01226,FCAST-004903,Central,heatwave,3,1635,2024-03-23,4.2,2.3045833333333334,38.326,1006.6,66.0,39.5,74.59583333333333
SP-01226,FCAST-004904,Central,southwest_monsoon,8,1059,2022-08-25,10.5,5.684861111111111,147.055,1004.0,100.0,33.0,75.06527777777778
SP-01227,FCAST-004905,Central,heatwave,4,1557,2024-04-29,4.2,2.4583333333333335,42.713,1006.8,69.5,39.5,74.73750000000001
SP-01227,FCAST-004906,Central,tropical_cyclone,10,1372,2023-10-27,23.62,11.943611111111112,213.775,989.6,100.0,32.0,74.92500000000001
SP-01227,FCAST-004907,Central,summer_storm,5,486,2021-05-24,14.7,6.744861111111111,108.026,1001.6,98.9,34.37,75.07361111111112
SP-01227,FCAST-004908,Central,southwest_monsoon,9,615,2021-09-30,10.5,5.525555555555555,141.906,1003.9,100.0,33.0,74.92361111111111
SP-01228,FCAST-004909,Central,southwest_monsoon,8,1892,2023-08-27,10.5,5.828333333333333,141.596,1003.5,100.0,33.0,74.69444444444444
SP-01228,FCAST-004910,Central,heatwave,3,619,2020-03-02,4.2,2.294861111111111,45.203,1006.9,64.1,39.5,75.03055555555555
SP-01228,FCAST-004911,Central,summer_storm,5,1048,2021-05-05,14.7,6.177222222222222,110.241,1001.1,97.7,34.72,74.87777777777778
SP-01228,FCAST-004912,Central,tropical_cyclone,9,73,2018-09-03,23.62,11.744027777777779,221.245,989.0,100.0,32.0,74.70694444444445
SP-01229,FCAST-004913,Central,heatwave,3,105,2022-03-31,4.2,2.415277777777778,40.262,1007.1,65.8,39.5,74.80694444444445
SP-01229,FCAST-004914,Central,summer_storm,5,149,2022-05-14,14.7,6.0175,112.92999999999999,1001.0,98.2,33.9,74.75
SP-01229,FCAST-004915,Central,southwest_monsoon,6,912,2024-06-15,10.5,5.485,142.504,1002.8,98.6,33.0,74.57638888888889
SP-01229,FCAST-004916,Central,tropical_cyclone,8,595,2023-08-03,23.62,11.705,216.486,989.0,100.0,32.0,75.17777777777778
SP-01230,FCAST-004917,Central,tropical_cyclone,8,677,2020-08-26,23.62,12.218333333333334,218.957,988.7,100.0,32.0,75.05972222222222
SP-01230,FCAST-004918,Central,southwest_monsoon,6,2054,2024-06-03,10.5,5.508055555555555,141.561,1003.9,100.0,33.0,74.67222222222222
SP-01230,FCAST-004919,Central,heatwave,3,2326,2025-03-02,4.2,2.246111111111111,32.258,1006.8,66.8,39.5,75.01111111111112
SP-01230,FCAST-004920,Central,summer_storm,4,1647,2023-04-23,14.7,6.236805555555556,107.29,1001.5,97.7,34.55,75.16666666666667
SP-01231,FCAST-004921,Central,summer_storm,4,195,2020-04-24,14.7,5.901805555555556,107.527,1001.6,98.7,34.63,74.97083333333333
SP-01231,FCAST-004922,Central,heatwave,4,1660,2024-04-28,4.2,2.2276388888888885,44.427,1006.9,67.3,39.5,75.38194444444444
SP-01231,FCAST-004923,Central,southwest_monsoon,6,245,2020-06-13,10.5,5.516111111111112,145.725,1004.0,99.2,33.0,74.59861111111111
SP-01231,FCAST-004924,Central,tropical_cyclone,8,302,2020-08-09,23.62,12.245694444444446,216.85,989.5,100.0,32.0,74.54722222222222
SP-01232,FCAST-004925,Central,southwest_monsoon,8,58,2018-08-13,10.5,5.363194444444444,146.67,1003.8,99.4,33.0,74.77777777777777
SP-01232,FCAST-004926,Central,heatwave,3,267,2019-03-10,4.2,2.500972222222222,42.678,1007.0,68.1,39.5,74.95694444444445
SP-01232,FCAST-004927,Central,tropical_cyclone,10,1219,2021-10-17,23.62,11.865416666666667,219.842,988.8,100.0,32.0,75.47361111111111
SP-01232,FCAST-004928,Central,summer_storm,4,683,2020-04-29,14.7,6.319305555555555,102.983,1000.7,97.5,34.37,74.62777777777778
SP-01233,FCAST-004929,Central,summer_storm,4,701,2023-04-14,14.7,6.433333333333334,108.331,1001.7,98.3,34.64,75.11388888888888
SP-01233,FCAST-004930,Central,southwest_monsoon,9,487,2022-09-12,10.5,5.675972222222223,148.039,1003.9,100.0,33.0,75.07083333333334
SP-01233,FCAST-004931,Central,tropical_cyclone,10,879,2023-10-09,23.62,12.212222222222222,213.428,989.1,100.0,32.0,75.07638888888889
SP-01233,FCAST-004932,Central,heatwave,4,337,2022-04-15,4.2,2.336388888888889,42.032000000000004,1007.0,67.2,39.5,74.72777777777777
SP-01234,FCAST-004933,Central,summer_storm,5,1782,2023-05-13,14.7,6.107083333333333,111.324,1001.3,98.4,34.63,74.94583333333334
SP-01234,FCAST-004934,Central,heatwave,3,981,2021-03-03,4.2,2.5569444444444445,41.334,1006.9,64.5,39.5,75.05833333333334
SP-01234,FCAST-004935,Central,tropical_cyclone,11,859,2020-11-01,23.62,11.944722222222222,221.782,989.5,100.0,32.0,75.22638888888889
SP-01234,FCAST-004936,Central,southwest_monsoon,8,1875,2023-08-14,10.5,5.466527777777777,153.564,1003.2,100.0,33.0,75.01388888888889
SP-01235,FCAST-004937,Central,heatwave,4,217,2019-04-13,4.2,2.493611111111111,41.177,1006.7,66.3,39.5,74.89444444444445
SP-01235,FCAST-004938,Central,tropical_cyclone,8,710,2020-08-18,23.62,11.860138888888889,215.695,989.0,100.0,32.0,75.05972222222222
SP-01235,FCAST-004939,Central,southwest_monsoon,9,1464,2022-09-11,10.5,5.517361111111111,155.19,1003.9,100.0,33.0,74.88749999999999
SP-01235,FCAST-004940,Central,summer_storm,4,216,2019-04-12,14.7,6.553472222222222,108.61,1001.5,97.1,34.23,75.24027777777778
SP-01236,FCAST-004941,Central,southwest_monsoon,8,903,2023-08-06,10.5,5.554166666666666,137.743,1003.8,100.0,33.0,75.41666666666667
SP-01236,FCAST-004942,Central,summer_storm,5,814,2023-05-09,14.7,6.441805555555556,104.892,1000.8,96.7,35.01,74.85833333333333
SP-01236,FCAST-004943,Central,heatwave,4,429,2022-04-19,4.2,2.230694444444444,41.748,1007.0,65.1,39.5,74.95694444444445
SP-01236,FCAST-004944,Central,tropical_cyclone,8,553,2022-08-21,23.62,12.012638888888889,216.473,988.3,100.0,32.0,74.84166666666667
SP-01237,FCAST-004945,Central,tropical_cyclone,8,2323,2024-08-15,23.62,11.932638888888889,217.944,989.3,100.0,32.0,74.79305555555555
SP-01237,FCAST-004946,Central,summer_storm,4,1103,2021-04-13,14.7,6.157638888888889,108.871,1000.8,97.4,34.26,75.46527777777777
SP-01237,FCAST-004947,Central,heatwave,3,2162,2024-03-07,4.2,2.4818055555555554,36.423,1006.1,66.8,39.5,75.04444444444444
SP-01237,FCAST-004948,Central,southwest_monsoon,7,1195,2021-07-14,10.5,5.5875,146.47,1003.7,100.0,33.0,75.08055555555556
SP-01238,FCAST-004949,Central,summer_storm,4,610,2020-04-11,14.7,6.027777777777778,108.063,1001.5,97.9,34.97,74.64027777777778
SP-01238,FCAST-004950,Central,southwest_monsoon,8,1478,2022-08-27,10.5,5.587361111111111,151.269,1003.3,100.0,33.0,74.71388888888889
SP-01238,FCAST-004951,Central,tropical_cyclone,11,842,2020-11-29,23.62,12.070138888888888,217.28300000000002,989.4,100.0,32.0,75.06666666666666
SP-01238,FCAST-004952,Central,heatwave,3,595,2020-03-27,4.2,2.2847222222222223,44.367,1006.6,66.1,39.5,75.32361111111112
SP-01239,FCAST-004953,Central,summer_storm,5,802,2020-05-28,14.7,6.189027777777778,106.183,1001.1,98.6,34.36,74.83611111111111
SP-01239,FCAST-004954,Central,tropical_cyclone,11,602,2019-11-10,23.62,12.151666666666666,225.278,989.1,100.0,32.0,75.01527777777778
SP-01239,FCAST-004955,Central,southwest_monsoon,6,448,2019-06-09,10.5,5.5186111111111105,149.441,1003.6,99.3,33.0,75.075
SP-01239,FCAST-004956,Central,heatwave,4,1865,2023-04-26,4.2,2.4470833333333335,44.328,1007.3,66.8,39.5,74.65555555555555
SP-01240,FCAST-004957,Central,heatwave,4,614,2021-04-20,4.2,2.2020833333333334,36.351,1007.2,65.1,39.5,75.19027777777778
SP-01240,FCAST-004958,Central,tropical_cyclone,11,1201,2022-11-28,23.62,11.691666666666666,212.173,989.6,100.0,32.0,74.88194444444444
SP-01240,FCAST-004959,Central,summer_storm,4,1353,2023-04-29,14.7,6.100694444444445,110.629,1001.5,97.3,34.88,75.38749999999999
SP-01240,FCAST-004960,Central,southwest_monsoon,8,370,2020-08-19,10.5,5.744166666666667,144.921,1004.0,100.0,33.0,74.9361111111111
SP-01241,FCAST-004961,Central,summer_storm,4,1630,2024-04-17,14.7,6.10361111111111,110.15599999999999,1001.5,98.2,34.85,74.95694444444445
SP-01241,FCAST-004962,Central,southwest_monsoon,7,976,2022-07-03,10.5,5.630277777777778,152.033,1004.5,99.4,33.0,74.98750000000001
SP-01241,FCAST-004963,Central,heatwave,4,1617,2024-04-04,4.2,2.319583333333333,42.963,1006.6,63.0,39.5,74.91805555555555
SP-01241,FCAST-004964,Central,tropical_cyclone,11,8,2019-11-08,23.62,11.797083333333333,216.751,989.2,100.0,32.0,75.01527777777778
SP-01242,FCAST-004965,Central,tropical_cyclone,10,1812,2023-10-12,23.62,12.011666666666667,212.558,989.8,100.0,32.0,75.38888888888889
SP-01242,FCAST-004966,Central,southwest_monsoon,8,669,2020-08-25,10.5,5.749027777777778,148.164,1003.3,99.9,33.0,75.16388888888889
SP-01242,FCAST-004967,Central,summer_storm,5,212,2019-05-26,14.7,6.292083333333333,105.891,1001.2,96.6,34.77,74.98194444444444
SP-01242,FCAST-004968,Central,heatwave,3,867,2021-03-11,4.2,2.250138888888889,45.914,1007.3,65.3,39.5,75.04861111111111
SP-01243,FCAST-004969,Central,tropical_cyclone,9,755,2020-09-24,23.62,12.155,211.43,989.2,100.0,32.0,74.63194444444444
SP-01243,FCAST-004970,Central,summer_storm,5,998,2021-05-25,14.7,6.011527777777777,105.352,1001.2,96.6,34.1,74.80555555555556
SP-01243,FCAST-004971,Central,heatwave,4,1698,2023-04-25,4.2,2.3345833333333332,41.329,1006.9,66.3,39.5,75.00972222222222
SP-01243,FCAST-004972,Central,southwest_monsoon,7,1427,2022-07-28,10.5,5.645972222222222,151.74099999999999,1004.0,98.9,33.0,75.39722222222223
SP-01244,FCAST-004973,Central,heatwave,4,656,2020-04-29,4.2,2.489722222222222,43.926,1006.6,65.0,39.5,75.3375
SP-01244,FCAST-004974,Central,summer_storm,4,2104,2024-04-16,14.7,6.4181944444444445,105.717,1001.3,96.3,35.02,74.92500000000001
SP-01244,FCAST-004975,Central,southwest_monsoon,7,1103,2021-07-20,10.5,5.505,145.876,1003.6,100.0,33.0,75.15972222222223
SP-01244,FCAST-004976,Central,tropical_cyclone,10,838,2020-10-28,23.62,11.977916666666665,216.892,989.9,100.0,32.0,75.07777777777778
SP-01245,FCAST-004977,Central,summer_storm,5,922,2022-05-10,14.7,5.994722222222222,108.133,1001.3,97.0,34.41,75.28888888888889
SP-01245,FCAST-004978,Central,southwest_monsoon,8,1752,2024-08-17,10.5,5.599722222222223,148.063,1003.9,100.0,33.0,74.95694444444445
SP-01245,FCAST-004979,Central,heatwave,3,1966,2025-03-19,4.2,2.300972222222222,45.27,1007.2,65.6,39.5,74.67638888888888
SP-01245,FCAST-004980,Central,tropical_cyclone,10,726,2021-10-26,23.62,12.163333333333334,212.593,987.9,100.0,32.0,75.05694444444445
SP-01246,FCAST-004981,Central,tropical_cyclone,10,532,2019-10-23,23.62,12.087777777777779,218.018,989.5,100.0,32.0,75.00833333333334
SP-01246,FCAST-004982,Central,summer_storm,4,335,2019-04-09,14.7,5.9840277777777775,112.919,1001.1,97.6,34.35,74.90555555555555
SP-01246,FCAST-004983,Central,southwest_monsoon,6,1484,2022-06-01,10.5,5.626805555555555,153.001,1004.0,99.6,33.0,74.96666666666667
SP-01246,FCAST-004984,Central,heatwave,3,1395,2022-03-04,4.2,2.4668055555555553,42.545,1007.2,64.9,39.5,74.89166666666667
SP-01247,FCAST-004985,Central,heatwave,4,1466,2023-04-19,4.2,2.15375,40.424,1006.9,65.0,39.5,74.91111111111111
SP-01247,FCAST-004986,Central,tropical_cyclone,8,857,2021-08-18,23.62,12.066666666666666,208.423,989.0,100.0,32.0,75.01805555555556
SP-01247,FCAST-004987,Central,summer_storm,4,1102,2022-04-20,14.7,6.4775,109.219,1001.3,97.6,34.33,74.51111111111112
SP-01247,FCAST-004988,Central,southwest_monsoon,6,1898,2024-06-24,10.5,5.640277777777778,143.109,1004.1,98.7,33.0,75.00277777777778
SP-01248,FCAST-004989,Central,heatwave,3,2002,2024-03-04,4.2,2.156388888888889,40.712,1006.8,64.5,39.5,74.91805555555555
SP-01248,FCAST-004990,Central,tropical_cyclone,8,330,2019-08-06,23.62,11.967916666666666,220.849,989.2,100.0,32.0,74.90972222222223
SP-01248,FCAST-004991,Central,summer_storm,5,257,2019-05-25,14.7,6.000416666666666,108.703,1001.4,97.5,33.92,75.37222222222222
SP-01248,FCAST-004992,Central,southwest_monsoon,7,1415,2022-07-26,10.5,5.635138888888889,153.224,1003.8,100.0,33.0,75.2513888888889
SP-01249,FCAST-004993,Central,tropical_cyclone,8,4,2020-08-28,23.62,11.87861111111111,216.399,989.2,100.0,32.0,74.83194444444445
SP-01249,FCAST-004994,Central,summer_storm,5,631,2022-05-17,14.7,6.178472222222222,104.093,1001.2,98.8,35.69,74.85972222222222
SP-01249,FCAST-004995,Central,heatwave,4,236,2021-04-17,4.2,2.3336111111111113,52.608,1006.6,66.5,39.5,74.84166666666667
SP-01249,FCAST-004996,Central,southwest_monsoon,6,303,2021-06-23,10.5,5.626111111111111,144.844,1003.4,100.0,33.0,74.47777777777777
SP-01250,FCAST-004997,Central,tropical_cyclone,8,1994,2023-08-16,23.62,11.868472222222222,222.383,989.8,100.0,32.0,75.15
SP-01250,FCAST-004998,Central,southwest_monsoon,6,2294,2024-06-11,10.5,5.544444444444444,143.373,1004.1,99.0,33.0,74.82777777777778
SP-01250,FCAST-004999,Central,heatwave,4,408,2019-04-13,4.2,2.3943055555555555,38.961,1006.6,66.6,39.5,75.2486111111111
SP-01250,FCAST-005000,Central,summer_storm,5,1535,2022-05-14,14.7,6.206666666666667,108.578,1001.6,96.5,33.82,74.73750000000001
SP-01251,FCAST-005001,Central,tropical_cyclone,9,1648,2024-09-04,23.62,11.87638888888889,219.306,988.9,100.0,32.0,74.5375
SP-01251,FCAST-005002,Central,southwest_monsoon,8,1631,2024-08-18,10.5,5.475416666666667,151.856,1004.4,100.0,33.0,74.99583333333334
SP-01251,FCAST-005003,Central,summer_storm,4,418,2021-04-23,14.7,6.292083333333333,108.173,1001.6,96.6,34.54,74.87222222222222
SP-01251,FCAST-005004,Central,heatwave,3,1096,2023-03-02,4.2,2.430972222222222,41.339999999999996,1007.1,64.8,39.5,75.24027777777778
SP-01252,FCAST-005005,Central,heatwave,4,730,2021-04-20,4.2,2.4406944444444445,37.6,1006.8,68.9,39.5,74.93055555555556
SP-01252,FCAST-005006,Central,tropical_cyclone,9,519,2020-09-21,23.62,11.948749999999999,213.13400000000001,989.3,100.0,32.0,74.55000000000001
SP-01252,FCAST-005007,Central,summer_storm,5,763,2021-05-23,14.7,6.158333333333333,105.09,1001.6,96.4,34.69,75.3125
SP-01252,FCAST-005008,Central,southwest_monsoon,7,445,2020-07-09,10.5,5.450694444444444,144.974,1003.6,100.0,33.0,75.04027777777777
SP-01253,FCAST-005009,Central,heatwave,3,1709,2024-03-20,4.2,2.475833333333333,43.141,1007.1,67.4,39.5,75.17916666666666
SP-01253,FCAST-005010,Central,tropical_cyclone,11,1588,2023-11-20,23.62,12.242222222222223,215.766,989.3,100.0,32.0,74.9625
SP-01253,FCAST-005011,Central,southwest_monsoon,9,1880,2024-09-07,10.5,5.639166666666666,147.088,1003.6,100.0,33.0,74.91944444444444
SP-01253,FCAST-005012,Central,summer_storm,5,670,2021-05-16,14.7,5.966527777777777,101.273,1001.7,97.1,33.77,75.33472222222223
SP-01254,FCAST-005013,Central,heatwave,3,2271,2025-03-17,4.2,2.3854166666666665,42.853,1007.0,67.5,39.5,74.86111111111111
SP-01254,FCAST-005014,Central,summer_storm,4,477,2020-04-18,14.7,6.088611111111111,107.255,1001.0,97.4,34.79,74.96944444444445
SP-01254,FCAST-005015,Central,tropical_cyclone,10,669,2020-10-27,23.62,11.959583333333335,212.073,989.9,100.0,32.0,75.25972222222222
SP-01254,FCAST-005016,Central,southwest_monsoon,7,932,2021-07-17,10.5,5.71375,145.021,1003.7,100.0,33.0,74.79722222222222
SP-01255,FCAST-005017,Central,southwest_monsoon,8,1166,2024-08-31,10.5,5.639027777777778,159.55,1003.4,100.0,33.0,74.96666666666667
SP-01255,FCAST-005018,Central,tropical_cyclone,11,869,2023-11-08,23.62,12.333055555555555,216.128,988.8,100.0,32.0,74.81527777777778
SP-01255,FCAST-005019,Central,heatwave,3,630,2023-03-14,4.2,2.4055555555555554,36.315,1006.9,64.8,39.5,74.57638888888889
SP-01255,FCAST-005020,Central,summer_storm,4,301,2022-04-19,14.7,6.216944444444445,109.523,1001.3,97.5,34.87,74.775
SP-01256,FCAST-005021,Central,southwest_monsoon,7,1013,2021-07-09,10.5,5.552499999999999,144.854,1004.0,99.1,33.0,75.29861111111111
SP-01256,FCAST-005022,Central,tropical_cyclone,11,766,2020-11-04,23.62,11.983611111111111,221.925,989.2,100.0,32.0,75.17916666666666
SP-01256,FCAST-005023,Central,heatwave,3,538,2020-03-21,4.2,2.394861111111111,46.902,1007.2,65.7,39.5,74.95555555555556
SP-01256,FCAST-005024,Central,summer_storm,4,2031,2024-04-22,14.7,6.372777777777777,111.842,1000.6,99.4,34.78,75.42638888888888
SP-01257,FCAST-005025,Central,heatwave,4,697,2021-04-08,4.2,2.474861111111111,43.006,1007.2,66.3,39.5,74.96805555555555
SP-01257,FCAST-005026,Central,summer_storm,5,735,2021-05-16,14.7,6.2313888888888895,103.817,1001.1,96.6,34.06,74.73888888888888
SP-01257,FCAST-005027,Central,tropical_cyclone,11,2028,2024-11-29,23.62,12.146944444444445,221.44899999999998,988.8,100.0,32.0,75.22361111111111
SP-01257,FCAST-005028,Central,southwest_monsoon,8,1909,2024-08-02,10.5,5.4181944444444445,147.316,1003.9,99.3,33.0,75.15694444444445
SP-01258,FCAST-005029,Central,heatwave,4,503,2023-04-26,4.2,2.4295833333333334,42.975,1006.8,65.2,39.5,75.07361111111112
SP-01258,FCAST-005030,Central,southwest_monsoon,7,574,2023-07-06,10.5,5.707361111111111,155.49,1003.5,100.0,33.0,74.83055555555556
SP-01258,FCAST-005031,Central,summer_storm,5,149,2022-05-07,14.7,6.088472222222222,103.776,1001.0,97.7,34.19,74.62083333333334
SP-01258,FCAST-005032,Central,tropical_cyclone,8,972,2024-08-07,23.62,11.522083333333335,221.66,989.4,100.0,32.0,74.77916666666667
SP-01259,FCAST-005033,Central,summer_storm,5,1349,2023-05-17,14.7,5.988472222222223,107.319,1000.9,97.6,35.81,75.05694444444445
SP-01259,FCAST-005034,Central,heatwave,4,1316,2023-04-14,4.2,2.3225,41.401,1006.2,66.0,39.5,75.23055555555555
SP-01259,FCAST-005035,Central,southwest_monsoon,8,358,2020-08-29,10.5,5.290416666666667,149.678,1003.0,99.4,33.0,74.82916666666667
SP-01259,FCAST-005036,Central,tropical_cyclone,11,1522,2023-11-06,23.62,12.26875,217.22,989.4,100.0,32.0,75.03472222222223
SP-01260,FCAST-005037,Central,tropical_cyclone,9,208,2019-09-25,23.62,12.199444444444445,219.103,989.9,100.0,32.0,74.91388888888889
SP-01260,FCAST-005038,Central,southwest_monsoon,6,849,2021-06-27,10.5,5.661111111111111,142.982,1003.8,100.0,33.0,75.1
SP-01260,FCAST-005039,Central,heatwave,4,35,2019-04-05,4.2,2.4363888888888887,47.117,1007.1,66.5,39.5,75.09027777777777
SP-01260,FCAST-005040,Central,summer_storm,5,1522,2023-05-01,14.7,6.302083333333333,112.27,1001.2,97.8,34.15,74.89444444444445
SP-01261,FCAST-005041,South,southwest_monsoon,8,1403,2024-08-19,16.5,8.936805555555557,288.435,1003.1,100.0,30.5,74.49305555555556
SP-01261,FCAST-005042,South,tropical_cyclone,11,393,2021-11-13,37.12,18.792777777777776,386.567,988.4,100.0,29.5,74.70694444444445
SP-01261,FCAST-005043,South,heatwave,4,191,2021-04-25,6.6,3.8712500000000003,48.192,1005.8,70.5,37.0,74.87083333333334
SP-01261,FCAST-005044,South,summer_storm,4,189,2021-04-23,23.1,10.217777777777776,95.2,1000.4,97.5,31.45,74.83611111111111
SP-01262,FCAST-005045,South,summer_storm,5,366,2021-05-27,23.1,9.296111111111111,96.831,1000.3,99.1,31.64,75.23194444444444
SP-01262,FCAST-005046,South,southwest_monsoon,6,745,2022-06-10,16.5,8.584027777777777,288.69,1002.6,99.7,30.5,75.20277777777778
SP-01262,FCAST-005047,South,tropical_cyclone,9,841,2022-09-14,37.12,19.099583333333335,387.046,988.3,100.0,29.5,74.85833333333333
SP-01262,FCAST-005048,South,heatwave,3,654,2022-03-11,6.6,3.987638888888889,45.468,1005.6,71.3,37.0,74.68472222222222
SP-01263,FCAST-005049,South,tropical_cyclone,10,505,2021-10-30,37.12,18.64138888888889,387.253,988.0,100.0,29.5,74.86805555555556
SP-01263,FCAST-005050,South,heatwave,3,262,2021-03-01,6.6,4.019722222222223,51.407000000000004,1005.5,70.7,37.0,75.26527777777778
SP-01263,FCAST-005051,South,summer_storm,4,1048,2023-04-26,23.1,10.176111111111112,96.003,1000.0,97.4,32.4,74.80138888888888
SP-01263,FCAST-005052,South,southwest_monsoon,6,719,2022-06-01,16.5,9.0275,286.228,1002.0,100.0,30.5,75.78472222222223
SP-01264,FCAST-005053,South,summer_storm,5,363,2020-05-26,23.1,9.556527777777779,94.78,1000.4,99.0,31.64,75.22638888888889
SP-01264,FCAST-005054,South,tropical_cyclone,9,1218,2022-09-28,37.12,19.135277777777777,391.522,988.3,100.0,29.5,74.98333333333333
SP-01264,FCAST-005055,South,southwest_monsoon,8,70,2019-08-07,16.5,9.047916666666667,287.777,1002.3,99.8,30.5,75.05000000000001
SP-01264,FCAST-005056,South,heatwave,4,1059,2022-04-22,6.6,3.915416666666667,47.769,1006.1,70.4,37.0,75.22083333333333
SP-01265,FCAST-005057,South,southwest_monsoon,8,1504,2024-08-23,16.5,8.978333333333333,294.323,1002.9,100.0,30.5,74.80972222222222
SP-01265,FCAST-005058,South,tropical_cyclone,8,1510,2024-08-29,37.12,18.761527777777776,378.53,988.6,100.0,29.5,75.15138888888889
SP-01265,FCAST-005059,South,heatwave,4,637,2022-04-09,6.6,4.036944444444445,48.747,1005.6,70.1,37.0,74.75416666666666
SP-01265,FCAST-005060,South,summer_storm,4,647,2022-04-19,23.1,9.905416666666667,100.197,1000.6,97.8,31.81,75.2875
SP-01266,FCAST-005061,South,tropical_cyclone,11,763,2021-11-14,37.12,18.95777777777778,389.842,987.7,100.0,29.5,74.86527777777778
SP-01266,FCAST-005062,South,southwest_monsoon,8,1039,2022-08-17,16.5,9.012638888888889,278.712,1003.2,100.0,30.5,74.9388888888889
SP-01266,FCAST-005063,South,heatwave,4,554,2021-04-19,6.6,4.004722222222222,51.04,1005.7,68.9,37.0,75.11944444444445
SP-01266,FCAST-005064,South,summer_storm,5,1667,2024-05-06,23.1,9.92125,93.515,1000.0,97.2,32.23,74.97361111111111
SP-01267,FCAST-005065,South,southwest_monsoon,7,934,2024-07-05,16.5,8.8525,287.284,1002.2,100.0,30.5,74.91666666666667
SP-01267,FCAST-005066,South,heatwave,4,110,2022-04-03,6.6,4.045416666666666,49.582,1005.9,72.5,37.0,74.84027777777777
SP-01267,FCAST-005067,South,tropical_cyclone,9,288,2022-09-28,37.12,19.144166666666663,387.523,988.5,100.0,29.5,74.83472222222223
SP-01267,FCAST-005068,South,summer_storm,5,166,2022-05-29,23.1,9.445833333333333,99.841,1000.3,98.4,31.26,75.07499999999999
SP-01268,FCAST-005069,South,southwest_monsoon,9,1848,2024-09-24,16.5,8.539583333333333,283.391,1002.4,100.0,30.5,75.02222222222223
SP-01268,FCAST-005070,South,tropical_cyclone,8,1811,2024-08-18,37.12,18.86013888888889,388.233,988.5,100.0,29.5,74.58611111111111
SP-01268,FCAST-005071,South,heatwave,4,1324,2023-04-19,6.6,3.822361111111111,51.752,1005.9,72.1,37.0,74.69999999999999
SP-01268,FCAST-005072,South,summer_storm,4,224,2020-04-14,23.1,9.676805555555555,94.787,1001.0,97.6,31.92,75.11805555555556
SP-01269,FCAST-005073,South,southwest_monsoon,7,550,2022-07-26,16.5,8.858333333333333,278.645,1003.1,100.0,30.5,75.11666666666666
SP-01269,FCAST-005074,South,heatwave,3,52,2021-03-15,6.6,4.064305555555555,47.661,1006.2,74.7,37.0,75.0
SP-01269,FCAST-005075,South,summer_storm,5,842,2023-05-14,23.1,9.39375,100.034,1000.5,97.2,32.04,74.85694444444444
SP-01269,FCAST-005076,South,tropical_cyclone,11,294,2021-11-12,37.12,19.019166666666663,386.93,988.5,100.0,29.5,74.84166666666667
SP-01270,FCAST-005077,South,southwest_monsoon,8,1853,2024-08-17,16.5,8.994583333333333,296.749,1002.8,100.0,30.5,74.87777777777778
SP-01270,FCAST-005078,South,tropical_cyclone,9,1873,2024-09-06,37.12,19.001388888888886,390.776,988.2,100.0,29.5,75.23888888888888
SP-01270,FCAST-005079,South,heatwave,3,1331,2023-03-14,6.6,3.7109722222222223,55.82,1005.9,73.2,37.0,74.95416666666667
SP-01270,FCAST-005080,South,summer_storm,5,1391,2023-05-13,23.1,10.040416666666665,93.369,1000.6,98.9,32.28,74.96111111111111
SP-01271,FCAST-005081,South,summer_storm,5,893,2024-05-25,23.1,9.893194444444445,97.351,999.9,97.7,31.78,75.01111111111112
SP-01271,FCAST-005082,South,heatwave,3,823,2024-03-16,6.6,3.7830555555555554,57.386,1005.9,68.7,37.0,74.77777777777777
SP-01271,FCAST-005083,South,southwest_monsoon,6,550,2023-06-17,16.5,8.849722222222223,286.819,1002.8,100.0,30.5,74.60416666666667
SP-01271,FCAST-005084,South,tropical_cyclone,10,306,2022-10-16,37.12,19.131666666666668,388.409,988.7,100.0,29.5,74.64861111111111
SP-01272,FCAST-005085,South,tropical_cyclone,8,234,2021-08-25,37.12,18.930555555555557,395.896,988.1,100.0,29.5,75.19305555555555
SP-01272,FCAST-005086,South,southwest_monsoon,8,235,2021-08-26,16.5,8.61347222222222,287.703,1003.0,100.0,30.5,75.23750000000001
SP-01272,FCAST-005087,South,heatwave,4,107,2021-04-20,6.6,3.956944444444444,47.552,1005.6,69.9,37.0,75.08194444444445
SP-01272,FCAST-005088,South,summer_storm,5,862,2023-05-15,23.1,9.530555555555557,99.799,1000.1,97.9,31.53,75.07222222222222
SP-01273,FCAST-005089,South,tropical_cyclone,10,1754,2024-10-24,37.12,19.060972222222222,389.332,988.3,100.0,29.5,74.94166666666666
SP-01273,FCAST-005090,South,southwest_monsoon,8,1699,2024-08-30,16.5,8.871527777777779,286.07,1002.7,99.9,30.5,74.63194444444444
SP-01273,FCAST-005091,South,summer_storm,4,835,2022-04-19,23.1,9.780416666666667,97.48,999.2,97.3,32.45,74.9388888888889
SP-01273,FCAST-005092,South,heatwave,3,1521,2024-03-05,6.6,4.002638888888889,50.523,1005.8,72.9,37.0,74.57083333333334
SP-01274,FCAST-005093,South,summer_storm,5,1418,2024-05-05,23.1,9.48375,98.487,1000.0,96.7,32.95,75.275
SP-01274,FCAST-005094,South,heatwave,4,668,2022-04-16,6.6,3.9756944444444446,47.403,1005.7,70.4,37.0,75.05416666666666
SP-01274,FCAST-005095,South,tropical_cyclone,9,1175,2023-09-05,37.12,18.75625,386.459,988.3,100.0,29.5,75.275
SP-01274,FCAST-005096,South,southwest_monsoon,8,72,2020-08-28,16.5,9.208055555555555,283.638,1003.3,100.0,30.5,75.44999999999999
SP-01275,FCAST-005097,South,tropical_cyclone,11,16,2019-11-14,37.12,18.953472222222224,399.699,988.3,100.0,29.5,74.93055555555556
SP-01275,FCAST-005098,South,heatwave,3,1247,2023-03-29,6.6,3.881666666666667,48.208,1005.5,68.8,37.0,75.13055555555555
SP-01275,FCAST-005099,South,summer_storm,4,887,2022-04-03,23.1,9.345833333333333,95.145,1000.3,97.9,31.85,74.83888888888889
SP-01275,FCAST-005100,South,southwest_monsoon,7,978,2022-07-03,16.5,9.0325,294.752,1001.9,100.0,30.5,74.98611111111111
SP-01276,FCAST-005101,South,southwest_monsoon,9,531,2022-09-23,16.5,9.090833333333332,290.337,1002.8,98.7,30.5,75.21111111111111
SP-01276,FCAST-005102,South,summer_storm,5,397,2022-05-12,23.1,9.82986111111111,92.399,1000.4,98.0,31.4,74.87083333333334
SP-01276,FCAST-005103,South,tropical_cyclone,11,229,2021-11-25,37.12,19.262500000000003,382.432,987.8,100.0,29.5,75.15277777777777
SP-01276,FCAST-005104,South,heatwave,4,1107,2024-04-21,6.6,4.090416666666666,46.763,1005.8,68.3,37.0,75.13055555555555
SP-01277,FCAST-005105,South,summer_storm,4,663,2021-04-21,23.1,9.549444444444443,100.424,1000.6,97.7,31.94,75.21944444444445
SP-01277,FCAST-005106,South,tropical_cyclone,10,1207,2022-10-17,37.12,18.761666666666667,396.083,988.4,100.0,29.5,74.87916666666666
SP-01277,FCAST-005107,South,heatwave,3,1708,2024-03-01,6.6,3.8858333333333337,50.016,1005.1,70.2,37.0,75.35
SP-01277,FCAST-005108,South,southwest_monsoon,8,1153,2022-08-24,16.5,8.83222222222222,288.652,1003.0,100.0,30.5,74.9388888888889
SP-01278,FCAST-005109,South,heatwave,3,1191,2023-03-02,6.6,4.010416666666667,49.394,1005.7,70.0,37.0,74.94999999999999
SP-01278,FCAST-005110,South,tropical_cyclone,8,639,2021-08-27,37.12,18.636388888888888,387.407,988.0,100.0,29.5,74.79861111111111
SP-01278,FCAST-005111,South,southwest_monsoon,9,287,2020-09-09,16.5,9.27763888888889,290.541,1002.5,100.0,30.5,75.30416666666666
SP-01278,FCAST-005112,South,summer_storm,4,1231,2023-04-11,23.1,9.365694444444445,97.24,1000.6,98.7,32.41,75.05416666666666
SP-01279,FCAST-005113,South,southwest_monsoon,8,1697,2023-08-12,16.5,8.951527777777777,285.096,1002.6,100.0,30.5,74.7486111111111
SP-01279,FCAST-005114,South,heatwave,4,496,2020-04-28,6.6,3.9058333333333337,52.388,1005.9,73.6,37.0,74.8375
SP-01279,FCAST-005115,South,summer_storm,5,1623,2023-05-30,23.1,10.040972222222223,102.725,1000.2,97.4,31.68,75.41111111111111
SP-01279,FCAST-005116,South,tropical_cyclone,10,1042,2021-10-26,37.12,18.68916666666667,391.587,988.0,100.0,29.5,74.69583333333334
SP-01280,FCAST-005117,South,summer_storm,4,62,2019-04-28,23.1,9.925,99.828,1000.3,97.6,31.81,74.84722222222223
SP-01280,FCAST-005118,South,tropical_cyclone,8,1645,2023-08-28,37.12,18.86402777777778,383.528,988.1,100.0,29.5,74.55000000000001
SP-01280,FCAST-005119,South,heatwave,3,1838,2024-03-08,6.6,3.762777777777778,44.457,1004.6,71.5,37.0,75.04861111111111
SP-01280,FCAST-005120,South,southwest_monsoon,6,1565,2023-06-09,16.5,8.906527777777777,290.484,1002.4,100.0,30.5,74.41111111111111
SP-01281,FCAST-005121,South,southwest_monsoon,8,182,2021-08-12,16.5,9.085833333333333,290.734,1002.6,100.0,30.5,75.24722222222222
SP-01281,FCAST-005122,South,tropical_cyclone,11,1383,2024-11-25,37.12,18.619027777777777,391.971,988.1,100.0,29.5,74.42500000000001
SP-01281,FCAST-005123,South,summer_storm,5,83,2021-05-05,23.1,9.493611111111111,99.831,1000.0,97.1,31.58,75.05416666666666
SP-01281,FCAST-005124,South,heatwave,4,780,2023-04-02,6.6,3.9756944444444446,41.823,1005.8,70.6,37.0,74.88194444444444
SP-01282,FCAST-005125,South,southwest_monsoon,9,297,2022-09-14,16.5,8.959861111111111,293.122,1002.8,100.0,30.5,74.67916666666666
SP-01282,FCAST-005126,South,tropical_cyclone,9,312,2022-09-29,37.12,18.786805555555556,390.991,987.6,100.0,29.5,74.88472222222222
SP-01282,FCAST-005127,South,summer_storm,4,498,2023-04-03,23.1,9.570833333333333,94.448,1000.5,97.5,32.47,74.79583333333333
SP-01282,FCAST-005128,South,heatwave,3,479,2023-03-15,6.6,3.9168055555555554,51.473,1006.3,68.1,37.0,75.04166666666667
SP-01283,FCAST-005129,South,summer_storm,5,242,2022-05-17,23.1,9.719722222222224,99.922,1000.1,99.4,32.83,75.25555555555555
SP-01283,FCAST-005130,South,southwest_monsoon,8,1067,2024-08-19,16.5,9.010694444444445,287.485,1002.5,100.0,30.5,74.88333333333334
SP-01283,FCAST-005131,South,heatwave,3,532,2023-03-03,6.6,4.100694444444445,49.449,1006.1,70.6,37.0,75.05555555555556
SP-01283,FCAST-005132,South,tropical_cyclone,11,786,2023-11-12,37.12,18.892222222222223,389.26,988.6,100.0,29.5,74.75555555555555
SP-01284,FCAST-005133,South,heatwave,4,1115,2024-04-30,6.6,3.6822222222222223,57.75,1006.2,69.4,37.0,75.04027777777777
SP-01284,FCAST-005134,South,summer_storm,5,1124,2024-05-09,23.1,9.655416666666667,97.076,999.5,98.6,33.16,75.01111111111112
SP-01284,FCAST-005135,South,southwest_monsoon,6,1153,2024-06-07,16.5,8.977083333333333,287.957,1003.0,99.7,30.5,74.89444444444445
SP-01284,FCAST-005136,South,tropical_cyclone,11,949,2023-11-16,37.12,19.021666666666665,380.064,987.5,100.0,29.5,74.82916666666667
SP-01285,FCAST-005137,South,southwest_monsoon,9,165,2020-09-23,16.5,8.9875,290.963,1003.2,100.0,30.5,74.48611111111111
SP-01285,FCAST-005138,South,heatwave,3,1421,2024-03-02,6.6,3.8854166666666665,48.187,1005.8,68.3,37.0,74.63472222222222
SP-01285,FCAST-005139,South,summer_storm,5,400,2021-05-16,23.1,9.536944444444444,102.322,1000.3,97.8,32.14,75.07083333333334
SP-01285,FCAST-005140,South,tropical_cyclone,11,1665,2024-11-01,37.12,18.890138888888888,396.35,987.5,100.0,29.5,74.45277777777778
SP-01286,FCAST-005141,South,heatwave,4,1369,2024-04-16,6.6,4.080972222222222,50.641,1005.9,70.7,37.0,75.11527777777778
SP-01286,FCAST-005142,South,southwest_monsoon,9,74,2020-09-29,16.5,9.165555555555555,290.793,1003.0,100.0,30.5,75.62222222222222
SP-01286,FCAST-005143,South,summer_storm,4,634,2022-04-12,23.1,9.491111111111111,94.275,1000.1,97.3,31.81,75.2513888888889
SP-01286,FCAST-005144,South,tropical_cyclone,9,1519,2024-09-13,37.12,18.794583333333335,384.329,988.2,100.0,29.5,74.39305555555556
SP-01287,FCAST-005145,South,summer_storm,4,1031,2022-04-20,23.1,9.772222222222222,92.887,1000.4,97.3,32.25,75.0875
SP-01287,FCAST-005146,South,tropical_cyclone,9,76,2019-09-08,37.12,18.68861111111111,385.296,988.4,100.0,29.5,74.93472222222222
SP-01287,FCAST-005147,South,southwest_monsoon,9,1547,2023-09-18,16.5,8.779722222222222,286.956,1003.2,99.6,30.5,74.98194444444444
SP-01287,FCAST-005148,South,heatwave,3,2102,2025-03-26,6.6,4.103194444444444,48.552,1006.0,70.6,37.0,74.79305555555555
SP-01288,FCAST-005149,South,tropical_cyclone,11,1893,2024-11-16,37.12,19.060833333333335,386.948,988.1,100.0,29.5,75.17083333333333
SP-01288,FCAST-005150,South,southwest_monsoon,6,1744,2024-06-20,16.5,8.67263888888889,284.505,1002.3,100.0,30.5,74.78888888888889
SP-01288,FCAST-005151,South,summer_storm,4,581,2021-04-14,23.1,9.807777777777778,101.108,1000.1,97.7,32.19,74.93055555555556
SP-01288,FCAST-005152,South,heatwave,4,226,2020-04-24,6.6,3.7377777777777776,49.053,1005.7,71.8,37.0,74.88055555555555
SP-01289,FCAST-005153,South,heatwave,4,1621,2024-04-16,6.6,4.0216666666666665,49.387,1006.1,69.3,37.0,75.36944444444445
SP-01289,FCAST-005154,South,southwest_monsoon,6,1308,2023-06-08,16.5,8.812916666666666,293.211,1002.6,100.0,30.5,74.69999999999999
SP-01289,FCAST-005155,South,summer_storm,4,147,2020-04-03,23.1,9.530555555555557,104.525,1000.9,96.3,31.97,74.62777777777778
SP-01289,FCAST-005156,South,tropical_cyclone,10,1794,2024-10-06,37.12,18.607083333333335,392.848,988.4,100.0,29.5,74.98194444444444
SP-01290,FCAST-005157,South,heatwave,3,1264,2022-03-04,6.6,3.866527777777778,53.583,1006.0,68.1,37.0,75.11805555555556
SP-01290,FCAST-005158,South,summer_storm,5,1348,2022-05-27,23.1,9.531944444444443,101.381,999.5,98.8,31.89,74.92083333333333
SP-01290,FCAST-005159,South,tropical_cyclone,9,1468,2022-09-24,37.12,18.963194444444444,390.125,988.0,100.0,29.5,75.02777777777777
SP-01290,FCAST-005160,South,southwest_monsoon,9,1469,2022-09-25,16.5,8.712083333333332,289.641,1001.9,100.0,30.5,75.0875
SP-01291,FCAST-005161,South,summer_storm,5,1577,2022-05-19,23.1,9.459861111111111,98.094,1000.1,97.6,32.04,74.82361111111112
SP-01291,FCAST-005162,South,tropical_cyclone,11,1767,2022-11-25,37.12,18.87902777777778,383.957,988.7,100.0,29.5,74.89722222222223
SP-01291,FCAST-005163,South,southwest_monsoon,8,1299,2021-08-14,16.5,9.179583333333333,284.972,1003.0,100.0,30.5,74.88611111111112
SP-01291,FCAST-005164,South,heatwave,3,1147,2021-03-15,6.6,4.017916666666667,49.224,1005.4,70.7,37.0,74.89305555555556
SP-01292,FCAST-005165,South,tropical_cyclone,11,182,2018-11-20,37.12,18.919444444444444,383.363,987.8,100.0,29.5,74.66666666666667
SP-01292,FCAST-005166,South,heatwave,4,1426,2022-04-17,6.6,3.912916666666667,49.568,1005.6,68.1,37.0,74.84305555555555
SP-01292,FCAST-005167,South,southwest_monsoon,6,398,2019-06-24,16.5,8.77763888888889,292.382,1003.2,99.9,30.5,75.19027777777778
SP-01292,FCAST-005168,South,summer_storm,4,320,2019-04-07,23.1,9.339861111111112,92.45,1000.4,97.6,31.99,75.17777777777778
SP-01293,FCAST-005169,South,heatwave,3,1260,2025-03-13,6.6,4.052361111111111,43.329,1005.7,71.0,37.0,74.72777777777777
SP-01293,FCAST-005170,South,summer_storm,4,554,2023-04-07,23.1,10.101388888888888,102.175,1000.8,97.9,31.93,74.8375
SP-01293,FCAST-005171,South,tropical_cyclone,10,1117,2024-10-21,37.12,18.905555555555555,386.125,988.2,100.0,29.5,75.08888888888889
SP-01293,FCAST-005172,South,southwest_monsoon,9,702,2023-09-02,16.5,9.159583333333334,289.67,1002.3,100.0,30.5,75.15833333333333
SP-01294,FCAST-005173,South,southwest_monsoon,8,509,2022-08-03,16.5,8.965972222222222,284.961,1002.4,100.0,30.5,74.69861111111112
SP-01294,FCAST-005174,South,heatwave,4,1133,2024-04-18,6.6,4.14875,46.508,1005.8,70.0,37.0,74.77083333333333
SP-01294,FCAST-005175,South,summer_storm,4,755,2023-04-06,23.1,9.549027777777777,94.948,1000.3,96.4,32.09,75.50694444444444
SP-01294,FCAST-005176,South,tropical_cyclone,11,1345,2024-11-16,37.12,18.936666666666667,397.291,988.1,100.0,29.5,74.96527777777777
SP-01295,FCAST-005177,South,heatwave,4,1424,2022-04-17,6.6,3.933888888888889,44.534,1005.7,71.6,37.0,74.36527777777778
SP-01295,FCAST-005178,South,tropical_cyclone,9,2296,2024-09-05,37.12,18.984722222222224,387.51,988.6,100.0,29.5,74.84444444444445
SP-01295,FCAST-005179,South,summer_storm,4,1431,2022-04-24,23.1,9.953194444444444,101.942,1000.3,98.3,32.53,74.975
SP-01295,FCAST-005180,South,southwest_monsoon,8,1554,2022-08-25,16.5,9.015972222222222,286.767,1003.3,100.0,30.5,75.27638888888889
SP-01296,FCAST-005181,South,southwest_monsoon,7,963,2021-07-26,16.5,9.011111111111111,290.493,1002.6,100.0,30.5,74.70277777777778
SP-01296,FCAST-005182,South,summer_storm,4,865,2021-04-19,23.1,9.756388888888889,101.17099999999999,1000.0,98.1,31.64,74.96666666666667
SP-01296,FCAST-005183,South,tropical_cyclone,10,323,2019-10-25,37.12,18.91916666666667,387.88,988.5,100.0,29.5,74.67083333333333
SP-01296,FCAST-005184,South,heatwave,3,85,2019-03-01,6.6,4.021111111111111,46.799,1006.1,69.7,37.0,75.11250000000001
SP-01297,FCAST-005185,South,summer_storm,4,853,2021-04-22,23.1,9.318750000000001,93.336,1000.4,99.2,32.22,74.92083333333333
SP-01297,FCAST-005186,South,heatwave,4,1209,2022-04-13,6.6,3.8019444444444446,47.085,1005.9,69.3,37.0,74.60416666666667
SP-01297,FCAST-005187,South,southwest_monsoon,8,956,2021-08-03,16.5,9.028611111111111,288.421,1002.9,98.3,30.5,75.16111111111111
SP-01297,FCAST-005188,South,tropical_cyclone,10,677,2020-10-28,37.12,18.749861111111112,389.61400000000003,988.3,100.0,29.5,74.98750000000001
SP-01298,FCAST-005189,South,tropical_cyclone,11,990,2023-11-26,37.12,18.611666666666665,389.976,988.6,100.0,29.5,74.97361111111111
SP-01298,FCAST-005190,South,heatwave,3,723,2023-03-04,6.6,3.857916666666666,50.17,1005.7,69.2,37.0,74.90694444444445
SP-01298,FCAST-005191,South,summer_storm,4,1144,2024-04-28,23.1,10.221250000000001,101.601,1000.5,99.0,31.18,75.25972222222222
SP-01298,FCAST-005192,South,southwest_monsoon,6,109,2021-06-28,16.5,8.682777777777778,289.068,1003.3,100.0,30.5,75.04583333333333
SP-01299,FCAST-005193,South,tropical_cyclone,10,1813,2023-10-09,37.12,18.941666666666666,388.285,988.3,100.0,29.5,74.83194444444445
SP-01299,FCAST-005194,South,southwest_monsoon,8,1387,2022-08-09,16.5,8.760277777777778,288.997,1003.2,100.0,30.5,74.96527777777777
SP-01299,FCAST-005195,South,summer_storm,4,1637,2023-04-16,23.1,9.536944444444444,100.453,1000.3,96.7,32.45,75.06527777777778
SP-01299,FCAST-005196,South,heatwave,3,1986,2024-03-30,6.6,3.8819444444444446,56.213,1006.3,70.1,37.0,75.225
SP-01300,FCAST-005197,South,tropical_cyclone,11,797,2021-11-11,37.12,19.07097222222222,384.82,988.6,100.0,29.5,74.83194444444445
SP-01300,FCAST-005198,South,heatwave,3,1644,2024-03-07,6.6,3.7534722222222223,44.823,1005.7,68.1,37.0,75.1861111111111
SP-01300,FCAST-005199,South,southwest_monsoon,7,1775,2024-07-16,16.5,8.75,292.319,1002.6,100.0,30.5,75.26666666666667
SP-01300,FCAST-005200,South,summer_storm,4,1693,2024-04-25,23.1,10.066388888888888,95.718,1000.1,99.6,32.09,75.20138888888889
SP-01301,FCAST-005201,South,southwest_monsoon,7,2263,2024-07-04,16.5,9.201666666666666,290.935,1002.5,100.0,30.5,74.7513888888889
SP-01301,FCAST-005202,South,heatwave,3,2151,2024-03-14,6.6,3.9279166666666665,46.594,1005.3,71.0,37.0,74.74583333333334
SP-01301,FCAST-005203,South,tropical_cyclone,10,1267,2021-10-12,37.12,18.850833333333334,393.416,987.6,100.0,29.5,74.96527777777777
SP-01301,FCAST-005204,South,summer_storm,4,1074,2021-04-02,23.1,9.174027777777777,103.548,1000.2,98.0,32.51,75.35555555555555
SP-01302,FCAST-005205,South,tropical_cyclone,10,968,2023-10-05,37.12,18.970972222222223,381.96999999999997,987.6,100.0,29.5,74.73333333333333
SP-01302,FCAST-005206,South,heatwave,3,1123,2024-03-08,6.6,3.7758333333333334,52.559,1005.5,76.0,37.0,75.025
SP-01302,FCAST-005207,South,summer_storm,4,796,2023-04-16,23.1,9.67013888888889,96.809,1000.0,97.9,31.22,75.18194444444445
SP-01302,FCAST-005208,South,southwest_monsoon,7,526,2022-07-20,16.5,9.037777777777778,296.33299999999997,1002.9,100.0,30.5,75.20416666666667
SP-01303,FCAST-005209,South,heatwave,3,1310,2024-03-01,6.6,3.8384722222222223,46.531,1005.5,69.4,37.0,74.99027777777778
SP-01303,FCAST-005210,South,summer_storm,4,985,2023-04-11,23.1,9.954166666666667,100.997,1000.6,97.5,32.27,75.16666666666667
SP-01303,FCAST-005211,South,tropical_cyclone,9,1495,2024-09-02,37.12,18.892916666666665,384.802,988.3,100.0,29.5,75.02777777777777
SP-01303,FCAST-005212,South,southwest_monsoon,9,424,2021-09-27,16.5,9.150555555555556,287.968,1003.2,100.0,30.5,74.56527777777778
SP-01304,FCAST-005213,South,summer_storm,5,1901,2023-05-10,23.1,9.933333333333334,93.524,1000.2,99.0,32.33,75.01111111111112
SP-01304,FCAST-005214,South,heatwave,4,1510,2022-04-14,6.6,4.108611111111111,53.852000000000004,1005.8,71.0,37.0,75.10694444444444
SP-01304,FCAST-005215,South,southwest_monsoon,7,130,2018-07-04,16.5,8.932361111111112,294.112,1003.1,100.0,30.5,75.08611111111111
SP-01304,FCAST-005216,South,tropical_cyclone,8,533,2019-08-11,37.12,19.125555555555554,385.217,987.7,100.0,29.5,74.95833333333333
SP-01305,FCAST-005217,South,heatwave,3,192,2020-03-01,6.6,3.72125,54.353,1006.0,70.0,37.0,74.65555555555555
SP-01305,FCAST-005218,South,tropical_cyclone,9,15,2019-09-06,37.12,18.69597222222222,386.974,988.0,100.0,29.5,74.83194444444445
SP-01305,FCAST-005219,South,southwest_monsoon,9,741,2021-09-01,16.5,9.017916666666666,282.983,1002.4,100.0,30.5,74.94166666666666
SP-01305,FCAST-005220,South,summer_storm,5,1012,2022-05-30,23.1,10.017777777777777,103.869,1000.5,98.9,31.96,75.10555555555555
SP-01306,FCAST-005221,South,tropical_cyclone,9,1958,2023-09-24,37.12,19.02375,382.44,988.5,100.0,29.5,75.05416666666666
SP-01306,FCAST-005222,South,southwest_monsoon,7,781,2020-07-04,16.5,9.172083333333333,291.153,1003.3,100.0,30.5,74.73888888888888
SP-01306,FCAST-005223,South,heatwave,3,1392,2022-03-07,6.6,3.8297222222222222,55.307,1005.7,70.7,37.0,74.85555555555555
SP-01306,FCAST-005224,South,summer_storm,4,1425,2022-04-09,23.1,9.340555555555556,95.469,1000.7,98.3,32.39,74.71805555555555
SP-01307,FCAST-005225,South,heatwave,3,319,2020-03-11,6.6,3.9270833333333335,44.726,1005.9,70.2,37.0,74.84861111111111
SP-01307,FCAST-005226,South,tropical_cyclone,8,835,2021-08-09,37.12,18.912222222222223,395.791,987.6,99.9,29.5,75.41944444444444
SP-01307,FCAST-005227,South,southwest_monsoon,6,1152,2022-06-22,16.5,8.903194444444445,286.445,1002.4,100.0,30.5,75.30694444444445
SP-01307,FCAST-005228,South,summer_storm,5,1124,2022-05-25,23.1,9.439166666666667,101.761,1000.3,99.1,33.01,74.80972222222222
SP-01308,FCAST-005229,South,tropical_cyclone,9,671,2022-09-25,37.12,19.161388888888887,387.135,988.3,100.0,29.5,75.11944444444445
SP-01308,FCAST-005230,South,summer_storm,5,176,2021-05-18,23.1,9.854166666666666,96.093,1000.2,97.7,31.63,74.90277777777777
SP-01308,FCAST-005231,South,southwest_monsoon,9,1404,2024-09-27,16.5,9.114305555555555,295.724,1002.7,100.0,30.5,74.82777777777778
SP-01308,FCAST-005232,South,heatwave,3,469,2022-03-07,6.6,3.92,49.104,1005.8,68.8,37.0,74.80000000000001
SP-01309,FCAST-005233,South,tropical_cyclone,9,1084,2023-09-23,37.12,19.105277777777776,390.08,988.4,100.0,29.5,74.85833333333333
SP-01309,FCAST-005234,South,heatwave,4,185,2021-04-07,6.6,3.8120833333333337,56.508,1006.1,69.3,37.0,75.28611111111111
SP-01309,FCAST-005235,South,southwest_monsoon,6,1336,2024-06-01,16.5,8.834027777777777,294.912,1002.6,100.0,30.5,75.01805555555556
SP-01309,FCAST-005236,South,summer_storm,5,598,2022-05-25,23.1,9.338333333333333,97.725,1000.4,97.8,32.12,75.37222222222222
SP-01310,FCAST-005237,South,southwest_monsoon,7,193,2019-07-01,16.5,8.960972222222223,290.076,1002.6,99.3,30.5,75.02361111111111
SP-01310,FCAST-005238,South,tropical_cyclone,9,629,2020-09-09,37.12,19.09402777777778,380.09,988.2,100.0,29.5,75.04444444444444
SP-01310,FCAST-005239,South,summer_storm,4,1950,2024-04-22,23.1,9.452361111111111,99.57000000000001,999.2,100.0,31.31,75.05694444444445
SP-01310,FCAST-005240,South,heatwave,3,449,2020-03-13,6.6,4.141111111111112,51.592,1005.5,70.0,37.0,74.86527777777778
SP-01311,FCAST-005241,South,tropical_cyclone,8,441,2022-08-01,37.12,18.901666666666667,392.651,988.4,100.0,29.5,74.99722222222222
SP-01311,FCAST-005242,South,summer_storm,5,740,2023-05-27,23.1,9.735277777777778,104.344,1000.1,97.2,33.31,74.88611111111112
SP-01311,FCAST-005243,South,southwest_monsoon,6,773,2023-06-29,16.5,9.009722222222223,288.134,1003.4,99.5,30.5,74.54305555555555
SP-01311,FCAST-005244,South,heatwave,4,1058,2024-04-09,6.6,3.882083333333333,49.021,1005.6,68.8,37.0,75.13472222222222
SP-01312,FCAST-005245,South,heatwave,3,2026,2024-03-16,6.6,3.975833333333333,50.335,1005.8,69.3,37.0,75.10416666666667
SP-01312,FCAST-005246,South,summer_storm,4,586,2020-04-06,23.1,9.84,100.678,1001.0,99.5,31.54,74.86111111111111
SP-01312,FCAST-005247,South,tropical_cyclone,10,1883,2023-10-25,37.12,18.79763888888889,382.077,988.7,100.0,29.5,75.79722222222222
SP-01312,FCAST-005248,South,southwest_monsoon,9,373,2019-09-06,16.5,9.013333333333334,288.565,1003.1,99.3,30.5,75.24722222222222
SP-01313,FCAST-005249,South,southwest_monsoon,9,523,2022-09-15,16.5,9.177916666666667,281.385,1002.9,99.5,30.5,74.72361111111111
SP-01313,FCAST-005250,South,heatwave,3,1431,2025-03-11,6.6,3.943055555555555,44.922,1005.4,72.4,37.0,75.24444444444445
SP-01313,FCAST-005251,South,summer_storm,5,40,2021-05-20,23.1,9.57402777777778,96.63,1000.1,98.5,31.68,75.07083333333334
SP-01313,FCAST-005252,South,tropical_cyclone,8,506,2022-08-29,37.12,19.01111111111111,385.006,988.3,100.0,29.5,74.88888888888889
SP-01314,FCAST-005253,South,southwest_monsoon,6,386,2022-06-12,16.5,9.044027777777778,287.223,1002.9,100.0,30.5,74.94444444444444
SP-01314,FCAST-005254,South,heatwave,3,288,2022-03-06,6.6,3.995972222222222,51.969,1005.9,68.2,37.0,75.32083333333334
SP-01314,FCAST-005255,South,tropical_cyclone,11,550,2022-11-23,37.12,18.827916666666667,395.957,988.1,100.0,29.5,75.1
SP-01314,FCAST-005256,South,summer_storm,5,709,2023-05-01,23.1,9.745277777777778,101.231,1000.4,98.3,31.58,75.02777777777777
SP-01315,FCAST-005257,South,heatwave,4,109,2019-04-17,6.6,3.6995833333333334,49.2,1005.8,69.9,37.0,74.57916666666667
SP-01315,FCAST-005258,South,tropical_cyclone,8,216,2019-08-02,37.12,18.88513888888889,389.624,988.4,100.0,29.5,75.15972222222223
SP-01315,FCAST-005259,South,summer_storm,5,1969,2024-05-20,23.1,10.305138888888889,96.124,1000.2,98.7,32.18,74.80833333333334
SP-01315,FCAST-005260,South,southwest_monsoon,8,1313,2022-08-03,16.5,8.932777777777778,287.283,1002.5,99.7,30.5,75.19583333333334
SP-01316,FCAST-005261,South,summer_storm,5,1463,2023-05-20,23.1,9.481805555555557,98.649,999.9,98.1,31.97,75.03194444444445
SP-01316,FCAST-005262,South,tropical_cyclone,9,117,2019-09-12,37.12,19.18875,383.064,988.0,100.0,29.5,75.27638888888889
SP-01316,FCAST-005263,South,heatwave,4,1441,2023-04-28,6.6,4.017222222222222,47.53,1005.4,71.7,37.0,75.26944444444445
SP-01316,FCAST-005264,South,southwest_monsoon,8,464,2020-08-24,16.5,8.742638888888889,297.854,1003.1,100.0,30.5,75.0875
SP-01317,FCAST-005265,South,southwest_monsoon,7,1296,2024-07-25,16.5,8.691805555555554,282.835,1002.9,100.0,30.5,75.27361111111111
SP-01317,FCAST-005266,South,summer_storm,5,1215,2024-05-05,23.1,9.824583333333333,101.704,1000.4,97.4,32.17,75.06805555555555
SP-01317,FCAST-005267,South,heatwave,4,453,2022-04-04,6.6,4.038194444444445,50.248,1006.2,67.9,37.0,75.22361111111111
SP-01317,FCAST-005268,South,tropical_cyclone,8,579,2022-08-08,37.12,19.232777777777777,388.511,988.4,100.0,29.5,74.99722222222222
SP-01318,FCAST-005269,South,summer_storm,4,1454,2022-04-08,23.1,9.547638888888889,101.627,1000.6,98.5,31.83,74.94722222222222
SP-01318,FCAST-005270,South,southwest_monsoon,6,54,2018-06-08,16.5,9.132916666666667,284.502,1002.7,100.0,30.5,74.99444444444445
SP-01318,FCAST-005271,South,tropical_cyclone,10,178,2018-10-10,37.12,18.924305555555556,387.046,988.2,100.0,29.5,75.20694444444445
SP-01318,FCAST-005272,South,heatwave,3,1416,2022-03-01,6.6,3.960555555555556,44.053,1006.0,70.6,37.0,74.78055555555555
SP-01319,FCAST-005273,South,tropical_cyclone,8,697,2021-08-18,37.12,18.81861111111111,386.983,987.6,100.0,29.5,74.98194444444444
SP-01319,FCAST-005274,South,summer_storm,4,1666,2024-04-13,23.1,9.896527777777777,99.66,999.8,96.4,32.26,74.90972222222223
SP-01319,FCAST-005275,South,heatwave,3,548,2021-03-22,6.6,3.781388888888889,46.072,1006.2,69.6,37.0,75.24722222222222
SP-01319,FCAST-005276,South,southwest_monsoon,7,305,2020-07-22,16.5,8.926944444444445,288.211,1003.4,100.0,30.5,74.86944444444445
SP-01320,FCAST-005277,South,heatwave,4,1757,2024-04-27,6.6,3.7737499999999997,54.211999999999996,1005.9,72.0,37.0,75.125
SP-01320,FCAST-005278,South,tropical_cyclone,8,779,2021-08-23,37.12,18.740694444444443,389.501,988.2,100.0,29.5,75.18333333333334
SP-01320,FCAST-005279,South,summer_storm,4,292,2020-04-23,23.1,9.566388888888888,101.441,1000.3,99.2,31.98,74.78611111111111
SP-01320,FCAST-005280,South,southwest_monsoon,7,383,2020-07-23,16.5,8.732777777777777,283.748,1003.1,100.0,30.5,75.09166666666667
SP-01321,FCAST-005281,South,southwest_monsoon,8,67,2021-08-19,16.5,8.803888888888888,284.581,1002.6,100.0,30.5,75.08611111111111
SP-01321,FCAST-005282,South,tropical_cyclone,8,434,2022-08-21,37.12,19.046666666666667,392.632,987.8,100.0,29.5,74.90416666666667
SP-01321,FCAST-005283,South,heatwave,3,628,2023-03-03,6.6,3.9043055555555557,52.041,1005.5,71.5,37.0,75.39861111111111
SP-01321,FCAST-005284,South,summer_storm,5,695,2023-05-09,23.1,9.745833333333334,99.18,1000.0,97.0,32.19,74.75
SP-01322,FCAST-005285,South,southwest_monsoon,9,1186,2024-09-10,16.5,9.06611111111111,293.718,1002.4,100.0,30.5,74.98888888888888
SP-01322,FCAST-005286,South,heatwave,4,683,2023-04-26,6.6,4.130972222222223,46.131,1005.3,71.2,37.0,74.71805555555555
SP-01322,FCAST-005287,South,summer_storm,4,685,2023-04-28,23.1,10.025555555555556,105.635,1000.4,97.5,31.6,74.5611111111111
SP-01322,FCAST-005288,South,tropical_cyclone,8,441,2022-08-27,37.12,18.711111111111112,393.8,988.2,100.0,29.5,75.29583333333333
SP-01323,FCAST-005289,South,southwest_monsoon,8,402,2021-08-21,16.5,8.989444444444445,285.846,1002.6,100.0,30.5,75.20555555555556
SP-01323,FCAST-005290,South,summer_storm,4,1380,2024-04-25,23.1,9.443750000000001,98.07,1000.3,99.4,32.01,74.78055555555555
SP-01323,FCAST-005291,South,tropical_cyclone,11,111,2020-11-03,37.12,18.804861111111112,390.046,988.0,100.0,29.5,74.85555555555555
SP-01323,FCAST-005292,South,heatwave,3,1329,2024-03-05,6.6,4.139027777777778,46.449,1005.8,70.1,37.0,75.04166666666667
SP-01324,FCAST-005293,South,heatwave,3,1294,2022-03-08,6.6,3.734166666666667,49.118,1005.8,70.4,37.0,75.10138888888889
SP-01324,FCAST-005294,South,southwest_monsoon,7,1071,2021-07-28,16.5,8.977361111111112,283.732,1002.8,98.3,30.5,75.04305555555555
SP-01324,FCAST-005295,South,summer_storm,5,2087,2024-05-09,23.1,9.409305555555555,100.585,1000.0,97.3,31.6,75.14583333333333
SP-01324,FCAST-005296,South,tropical_cyclone,8,1083,2021-08-09,37.12,18.863611111111112,389.972,988.3,100.0,29.5,74.56527777777778
SP-01325,FCAST-005297,South,summer_storm,4,1884,2023-04-05,23.1,9.780833333333334,99.358,1000.2,97.8,32.3,74.82083333333334
SP-01325,FCAST-005298,South,tropical_cyclone,9,950,2020-09-13,37.12,18.97375,389.42900000000003,988.6,100.0,29.5,74.95833333333333
SP-01325,FCAST-005299,South,heatwave,3,2592,2025-03-13,6.6,3.9337500000000003,53.334,1005.4,72.7,37.0,74.57499999999999
SP-01325,FCAST-005300,South,southwest_monsoon,7,516,2019-07-07,16.5,9.123055555555556,286.846,1002.7,99.2,30.5,75.1263888888889
SP-01326,FCAST-005301,South,southwest_monsoon,9,398,2020-09-03,16.5,8.859027777777778,286.159,1002.9,99.9,30.5,74.71805555555555
SP-01326,FCAST-005302,South,tropical_cyclone,9,39,2019-09-10,37.12,18.703055555555554,386.423,988.4,100.0,29.5,75.05277777777778
SP-01326,FCAST-005303,South,heatwave,4,1720,2024-04-17,6.6,3.882083333333333,50.591,1006.0,71.7,37.0,75.03888888888889
SP-01326,FCAST-005304,South,summer_storm,5,1390,2023-05-23,23.1,9.774999999999999,100.581,1000.3,97.8,32.25,74.72916666666667
SP-01327,FCAST-005305,South,tropical_cyclone,10,867,2023-10-11,37.12,18.75111111111111,385.693,988.6,100.0,29.5,74.82222222222222
SP-01327,FCAST-005306,South,heatwave,4,334,2022-04-26,6.6,3.7975000000000003,60.498,1005.7,68.5,37.0,75.19722222222222
SP-01327,FCAST-005307,South,summer_storm,5,707,2023-05-04,23.1,9.970972222222223,102.98,999.8,98.9,31.42,74.80555555555556
SP-01327,FCAST-005308,South,southwest_monsoon,7,39,2021-07-05,16.5,8.854305555555555,290.166,1002.9,98.9,30.5,75.20833333333333
SP-01328,FCAST-005309,South,summer_storm,5,671,2022-05-13,23.1,9.539027777777779,101.39,1000.1,97.3,31.76,74.93055555555556
SP-01328,FCAST-005310,South,southwest_monsoon,8,395,2021-08-10,16.5,8.640972222222222,288.635,1002.9,100.0,30.5,74.77638888888889
SP-01328,FCAST-005311,South,heatwave,4,1022,2023-04-29,6.6,4.145972222222222,44.119,1005.9,68.9,37.0,74.71666666666667
SP-01328,FCAST-005312,South,tropical_cyclone,9,797,2022-09-16,37.12,19.20763888888889,391.596,988.0,100.0,29.5,75.33888888888889
SP-01329,FCAST-005313,South,southwest_monsoon,7,577,2021-07-17,16.5,8.847638888888888,285.817,1002.2,100.0,30.5,74.90277777777777
SP-01329,FCAST-005314,South,summer_storm,4,1205,2023-04-06,23.1,9.588611111111112,102.303,999.7,99.2,31.76,74.53055555555555
SP-01329,FCAST-005315,South,heatwave,4,1221,2023-04-22,6.6,4.096388888888889,45.379,1006.1,69.5,37.0,75.01388888888889
SP-01329,FCAST-005316,South,tropical_cyclone,10,1759,2024-10-11,37.12,18.816388888888888,389.026,988.2,100.0,29.5,74.6625
SP-01330,FCAST-005317,South,heatwave,4,78,2021-04-18,6.6,4.076388888888889,46.985,1006.1,69.7,37.0,74.80694444444445
SP-01330,FCAST-005318,South,tropical_cyclone,8,936,2023-08-24,37.12,18.840694444444445,386.984,988.3,100.0,29.5,75.02083333333333
SP-01330,FCAST-005319,South,summer_storm,5,102,2021-05-12,23.1,10.30097222222222,96.21000000000001,1000.3,97.2,32.09,75.25416666666666
SP-01330,FCAST-005320,South,southwest_monsoon,8,574,2022-08-27,16.5,8.79486111111111,289.302,1003.4,100.0,30.5,74.6236111111111
SP-01331,FCAST-005321,South,tropical_cyclone,8,1199,2022-08-05,37.12,18.752916666666668,389.402,988.6,100.0,29.5,75.28194444444445
SP-01331,FCAST-005322,South,heatwave,4,1451,2023-04-14,6.6,3.8344444444444443,48.263,1005.2,70.9,37.0,75.13611111111112
SP-01331,FCAST-005323,South,summer_storm,4,350,2020-04-08,23.1,10.024999999999999,98.407,999.9,98.6,31.75,75.32083333333334
SP-01331,FCAST-005324,South,southwest_monsoon,9,140,2019-09-11,16.5,8.872361111111111,282.385,1003.3,100.0,30.5,74.88611111111112
SP-01332,FCAST-005325,South,southwest_monsoon,9,1127,2024-09-27,16.5,8.860694444444444,286.904,1003.1,100.0,30.5,74.97222222222223
SP-01332,FCAST-005326,South,tropical_cyclone,10,416,2022-10-17,37.12,18.804444444444446,384.712,988.0,100.0,29.5,75.00694444444444
SP-01332,FCAST-005327,South,heatwave,4,241,2022-04-25,6.6,3.845416666666667,48.787,1005.7,68.8,37.0,75.03472222222223
SP-01332,FCAST-005328,South,summer_storm,5,256,2022-05-10,23.1,10.151666666666666,101.721,1000.4,98.9,32.12,74.84305555555555
SP-01333,FCAST-005329,South,tropical_cyclone,8,1961,2023-08-09,37.12,18.918750000000003,393.584,987.7,100.0,29.5,75.18472222222222
SP-01333,FCAST-005330,South,southwest_monsoon,9,1624,2022-09-06,16.5,9.250555555555556,282.641,1002.9,100.0,30.5,75.08194444444445
SP-01333,FCAST-005331,South,summer_storm,4,1853,2023-04-23,23.1,9.459583333333335,90.646,1000.3,97.0,33.12,74.875
SP-01333,FCAST-005332,South,heatwave,3,363,2019-03-25,6.6,3.798194444444445,43.286,1006.2,71.1,37.0,75.08194444444445
SP-01334,FCAST-005333,South,tropical_cyclone,9,992,2021-09-06,37.12,19.16361111111111,393.517,988.1,100.0,29.5,74.8763888888889
SP-01334,FCAST-005334,South,summer_storm,4,1216,2022-04-18,23.1,9.80375,103.443,1000.0,98.1,31.75,74.75694444444444
SP-01334,FCAST-005335,South,heatwave,3,441,2020-03-04,6.6,4.010416666666667,49.926,1005.9,75.6,37.0,75.3138888888889
SP-01334,FCAST-005336,South,southwest_monsoon,9,1741,2023-09-25,16.5,8.875694444444443,291.717,1002.9,100.0,30.5,75.01249999999999
SP-01335,FCAST-005337,South,southwest_monsoon,6,791,2022-06-01,16.5,9.31611111111111,284.434,1002.9,100.0,30.5,74.8375
SP-01335,FCAST-005338,South,summer_storm,4,1477,2024-04-17,23.1,9.76361111111111,98.904,1000.2,96.6,32.03,74.88333333333334
SP-01335,FCAST-005339,South,tropical_cyclone,10,916,2022-10-04,37.12,18.927083333333332,391.507,988.0,100.0,29.5,75.04861111111111
SP-01335,FCAST-005340,South,heatwave,4,2,2020-04-03,6.6,3.9570833333333337,45.669,1005.6,74.7,37.0,75.15833333333333
SP-01336,FCAST-005341,South,heatwave,4,935,2021-04-20,6.6,4.120694444444444,49.673,1005.7,70.3,37.0,74.87083333333334
SP-01336,FCAST-005342,South,tropical_cyclone,11,1886,2023-11-27,37.12,18.722916666666666,392.84,987.7,100.0,29.5,75.2125
SP-01336,FCAST-005343,South,summer_storm,4,1283,2022-04-03,23.1,9.803055555555556,96.247,1000.5,97.1,33.15,74.94999999999999
SP-01336,FCAST-005344,South,southwest_monsoon,9,1802,2023-09-04,16.5,9.130694444444444,292.177,1001.9,100.0,30.5,74.50555555555555
SP-01337,FCAST-005345,South,summer_storm,4,1544,2022-04-21,23.1,10.525694444444445,98.916,1000.1,98.0,31.47,74.97638888888889
SP-01337,FCAST-005346,South,tropical_cyclone,10,2090,2023-10-19,37.12,18.666527777777777,384.118,988.0,100.0,29.5,75.22777777777777
SP-01337,FCAST-005347,South,southwest_monsoon,7,168,2018-07-15,16.5,9.080694444444445,289.639,1003.1,100.0,30.5,74.94722222222222
SP-01337,FCAST-005348,South,heatwave,3,2605,2025-03-17,6.6,4.028333333333333,48.677,1006.1,71.0,37.0,75.17777777777778
SP-01338,FCAST-005349,South,tropical_cyclone,8,860,2020-08-28,37.12,18.800277777777776,383.905,988.7,100.0,29.5,75.12916666666666
SP-01338,FCAST-005350,South,heatwave,3,337,2019-03-24,6.6,4.01375,56.135,1006.0,70.5,37.0,74.92083333333333
SP-01338,FCAST-005351,South,southwest_monsoon,9,513,2019-09-16,16.5,8.919166666666666,291.988,1002.8,100.0,30.5,75.28611111111111
SP-01338,FCAST-005352,South,summer_storm,5,386,2019-05-12,23.1,9.804444444444444,104.716,1000.2,98.9,32.01,75.01527777777778
SP-01339,FCAST-005353,South,southwest_monsoon,7,182,2020-07-04,16.5,9.272361111111111,288.256,1003.1,98.9,30.5,75.35694444444444
SP-01339,FCAST-005354,South,heatwave,3,422,2021-03-01,6.6,3.9850000000000003,44.664,1005.5,68.9,37.0,74.99305555555556
SP-01339,FCAST-005355,South,summer_storm,5,145,2020-05-28,23.1,9.721388888888889,100.087,1000.5,98.1,31.56,74.82222222222222
SP-01339,FCAST-005356,South,tropical_cyclone,9,1716,2024-09-15,37.12,18.587083333333332,386.65,988.5,100.0,29.5,74.38611111111112
SP-01340,FCAST-005357,South,tropical_cyclone,8,1157,2023-08-20,37.12,18.946805555555557,387.621,987.4,100.0,29.5,74.70138888888889
SP-01340,FCAST-005358,South,summer_storm,5,1076,2023-05-31,23.1,9.917916666666667,102.989,1000.2,97.2,32.1,74.95138888888889
SP-01340,FCAST-005359,South,heatwave,3,1725,2025-03-10,6.6,3.9312500000000004,51.525,1005.9,69.2,37.0,74.99583333333334
SP-01340,FCAST-005360,South,southwest_monsoon,9,832,2022-09-29,16.5,9.107916666666666,284.861,1003.3,100.0,30.5,75.05416666666666
SP-01341,FCAST-005361,South,summer_storm,4,575,2021-04-23,23.1,10.036666666666667,100.70400000000001,1000.2,96.1,32.34,75.31944444444444
SP-01341,FCAST-005362,South,southwest_monsoon,8,700,2021-08-26,16.5,9.108333333333333,287.584,1003.1,100.0,30.5,75.04027777777777
SP-01341,FCAST-005363,South,tropical_cyclone,11,784,2021-11-18,37.12,19.019861111111112,390.029,988.4,100.0,29.5,74.89027777777778
SP-01341,FCAST-005364,South,heatwave,3,187,2020-03-31,6.6,3.945972222222222,45.153,1005.7,70.3,37.0,74.98194444444444
SP-01342,FCAST-005365,South,heatwave,4,65,2019-04-13,6.6,3.9920833333333334,52.067,1005.7,70.0,37.0,75.05694444444445
SP-01342,FCAST-005366,South,tropical_cyclone,10,968,2021-10-02,37.12,18.95986111111111,386.987,988.3,100.0,29.5,74.89027777777778
SP-01342,FCAST-005367,South,southwest_monsoon,9,1678,2023-09-12,16.5,9.023611111111112,288.312,1002.7,98.4,30.5,74.95972222222223
SP-01342,FCAST-005368,South,summer_storm,5,1557,2023-05-14,23.1,10.03361111111111,98.507,1000.4,97.2,31.7,74.73888888888888
SP-01343,FCAST-005369,South,tropical_cyclone,9,1337,2024-09-10,37.12,18.683333333333334,388.956,988.4,100.0,29.5,75.06527777777778
SP-01343,FCAST-005370,South,summer_storm,4,1183,2024-04-09,23.1,10.034305555555555,98.142,1000.0,97.5,31.86,74.94027777777778
SP-01343,FCAST-005371,South,heatwave,4,1188,2024-04-14,6.6,3.935833333333333,52.009,1006.2,69.1,37.0,74.89444444444445
SP-01343,FCAST-005372,South,southwest_monsoon,8,958,2023-08-28,16.5,8.77763888888889,288.732,1002.7,100.0,30.5,75.15972222222223
SP-01344,FCAST-005373,South,tropical_cyclone,9,1571,2022-09-12,37.12,18.830277777777777,384.50600000000003,988.1,100.0,29.5,75.28472222222223
SP-01344,FCAST-005374,South,heatwave,4,1063,2021-04-22,6.6,3.6437500000000003,51.146,1006.0,69.9,37.0,74.93194444444445
SP-01344,FCAST-005375,South,southwest_monsoon,7,772,2020-07-05,16.5,8.772361111111111,287.781,1003.1,100.0,30.5,75.02638888888889
SP-01344,FCAST-005376,South,summer_storm,5,2174,2024-05-07,23.1,9.47888888888889,102.395,1000.2,98.8,31.92,75.07361111111112
SP-01345,FCAST-005377,South,southwest_monsoon,6,395,2022-06-10,16.5,8.99875,290.834,1002.9,100.0,30.5,75.13888888888889
SP-01345,FCAST-005378,South,summer_storm,4,1080,2024-04-25,23.1,10.269444444444444,99.665,1000.6,97.8,31.93,75.01111111111112
SP-01345,FCAST-005379,South,tropical_cyclone,8,451,2022-08-05,37.12,18.690555555555555,385.307,988.1,100.0,29.5,74.66944444444444
SP-01345,FCAST-005380,South,heatwave,4,334,2022-04-10,6.6,3.9183333333333334,51.154,1005.5,73.1,37.0,74.92361111111111
SP-01346,FCAST-005381,South,tropical_cyclone,9,1125,2021-09-17,37.12,18.890138888888888,380.29200000000003,987.9,100.0,29.5,75.47361111111111
SP-01346,FCAST-005382,South,summer_storm,4,1341,2022-04-21,23.1,9.891944444444444,93.68299999999999,1000.1,98.6,31.67,74.8763888888889
SP-01346,FCAST-005383,South,heatwave,3,1678,2023-03-24,6.6,4.107638888888889,46.639,1005.5,69.6,37.0,75.48472222222222
SP-01346,FCAST-005384,South,southwest_monsoon,8,1087,2021-08-10,16.5,9.035277777777777,291.738,1003.0,100.0,30.5,74.96805555555555
SP-01347,FCAST-005385,South,heatwave,3,913,2024-03-10,6.6,3.566666666666667,57.418,1006.0,69.0,37.0,75.25277777777778
SP-01347,FCAST-005386,South,tropical_cyclone,11,1174,2024-11-26,37.12,19.124861111111112,387.778,988.4,100.0,29.5,75.16805555555555
SP-01347,FCAST-005387,South,southwest_monsoon,7,663,2023-07-04,16.5,9.087361111111111,286.404,1003.5,100.0,30.5,75.22777777777777
SP-01347,FCAST-005388,South,summer_storm,4,944,2024-04-10,23.1,9.780555555555557,100.282,1000.2,98.8,32.12,75.15555555555555
SP-01348,FCAST-005389,South,tropical_cyclone,10,105,2020-10-03,37.12,18.62763888888889,388.796,988.2,100.0,29.5,75.26249999999999
SP-01348,FCAST-005390,South,southwest_monsoon,7,1502,2024-07-31,16.5,8.956944444444444,288.801,1002.7,100.0,30.5,74.98750000000001
SP-01348,FCAST-005391,South,heatwave,3,258,2021-03-05,6.6,4.145,51.504,1006.1,70.4,37.0,75.05277777777778
SP-01348,FCAST-005392,South,summer_storm,4,1383,2024-04-03,23.1,10.01,97.201,999.9,98.6,32.54,75.22083333333333
SP-01349,FCAST-005393,South,summer_storm,5,1712,2023-05-21,23.1,9.169583333333334,91.464,1000.1,96.4,32.01,74.9625
SP-01349,FCAST-005394,South,heatwave,3,545,2020-03-10,6.6,3.837638888888889,53.965,1005.8,69.7,37.0,75.10138888888889
SP-01349,FCAST-005395,South,southwest_monsoon,8,1792,2023-08-09,16.5,8.618194444444445,291.732,1003.2,100.0,30.5,74.92916666666666
SP-01349,FCAST-005396,South,tropical_cyclone,10,2219,2024-10-09,37.12,19.093055555555555,392.812,988.4,100.0,29.5,74.53055555555555
SP-01350,FCAST-005397,South,tropical_cyclone,9,1057,2024-09-13,37.12,18.883333333333333,382.922,987.3,100.0,29.5,75.25972222222222
SP-01350,FCAST-005398,South,heatwave,4,550,2023-04-25,6.6,3.613611111111111,49.538,1005.8,69.6,37.0,74.96944444444445
SP-01350,FCAST-005399,South,southwest_monsoon,7,618,2023-07-02,16.5,9.167916666666667,291.378,1002.6,100.0,30.5,74.69999999999999
SP-01350,FCAST-005400,South,summer_storm,4,175,2022-04-15,23.1,9.979861111111111,104.72,1000.4,97.2,32.15,74.81527777777778
SP-01351,FCAST-005401,South,summer_storm,4,1369,2024-04-29,23.1,10.068750000000001,99.507,1000.2,97.9,31.67,74.83194444444445
SP-01351,FCAST-005402,South,tropical_cyclone,11,118,2020-11-25,37.12,18.57513888888889,391.493,988.0,100.0,29.5,74.82916666666667
SP-01351,FCAST-005403,South,heatwave,4,975,2023-04-01,6.6,4.0095833333333335,45.626,1006.3,72.5,37.0,74.85277777777777
SP-01351,FCAST-005404,South,southwest_monsoon,9,1157,2023-09-30,16.5,9.033055555555556,284.819,1002.6,98.4,30.5,75.06944444444444
SP-01352,FCAST-005405,South,southwest_monsoon,6,1374,2022-06-17,16.5,8.930416666666666,291.481,1002.8,99.1,30.5,74.89583333333333
SP-01352,FCAST-005406,South,heatwave,4,1320,2022-04-24,6.6,3.9894444444444446,53.877,1004.8,70.2,37.0,75.3125
SP-01352,FCAST-005407,South,summer_storm,4,941,2021-04-10,23.1,10.160555555555554,93.568,1000.3,97.9,32.03,75.15
SP-01352,FCAST-005408,South,tropical_cyclone,11,423,2019-11-09,37.12,18.860694444444444,387.367,988.0,100.0,29.5,75.36250000000001
SP-01353,FCAST-005409,South,tropical_cyclone,8,468,2019-08-01,37.12,19.115972222222222,386.644,988.2,100.0,29.5,75.19305555555555
SP-01353,FCAST-005410,South,southwest_monsoon,8,1228,2021-08-30,16.5,9.062222222222223,285.918,1003.2,100.0,30.5,74.73472222222222
SP-01353,FCAST-005411,South,summer_storm,5,11,2018-05-01,23.1,10.057777777777778,95.899,1000.0,97.8,31.69,75.21111111111111
SP-01353,FCAST-005412,South,heatwave,4,2189,2024-04-17,6.6,3.781388888888889,51.436,1005.9,70.4,37.0,75.10972222222222
SP-01354,FCAST-005413,South,tropical_cyclone,9,792,2022-09-30,37.12,19.07166666666667,395.198,988.3,100.0,29.5,75.23055555555555
SP-01354,FCAST-005414,South,heatwave,4,1001,2023-04-27,6.6,4.214861111111111,41.032000000000004,1006.1,70.0,37.0,74.92222222222222
SP-01354,FCAST-005415,South,summer_storm,4,268,2021-04-24,23.1,9.920833333333333,98.845,1000.7,97.7,32.12,75.13194444444444
SP-01354,FCAST-005416,South,southwest_monsoon,6,331,2021-06-26,16.5,9.098888888888888,297.983,1003.1,99.2,30.5,75.0375
SP-01355,FCAST-005417,South,tropical_cyclone,11,1151,2023-11-02,37.12,18.65888888888889,391.07099999999997,988.1,100.0,29.5,75.04861111111111
SP-01355,FCAST-005418,South,heatwave,4,938,2023-04-03,6.6,4.057222222222222,51.07,1005.5,68.7,37.0,75.13194444444444
SP-01355,FCAST-005419,South,summer_storm,5,1360,2024-05-29,23.1,9.785138888888888,98.607,1000.5,98.5,32.79,75.04027777777777
SP-01355,FCAST-005420,South,southwest_monsoon,6,1012,2023-06-16,16.5,8.919166666666667,285.974,1002.6,100.0,30.5,74.95416666666667
SP-01356,FCAST-005421,South,summer_storm,4,605,2020-04-04,23.1,9.535972222222222,96.436,1000.9,99.0,32.06,75.37916666666666
SP-01356,FCAST-005422,South,heatwave,3,1305,2022-03-05,6.6,3.9219444444444442,42.778,1005.3,71.1,37.0,75.0
SP-01356,FCAST-005423,South,southwest_monsoon,7,1080,2021-07-23,16.5,9.04513888888889,285.04,1002.8,100.0,30.5,74.90833333333333
SP-01356,FCAST-005424,South,tropical_cyclone,9,2219,2024-09-04,37.12,19.00722222222222,390.064,988.4,100.0,29.5,74.85416666666667
SP-01357,FCAST-005425,South,southwest_monsoon,9,1002,2022-09-24,16.5,9.017083333333334,289.999,1003.3,100.0,30.5,74.87777777777778
SP-01357,FCAST-005426,South,summer_storm,4,1571,2024-04-15,23.1,10.070416666666667,100.745,1000.3,98.4,32.36,74.79861111111111
SP-01357,FCAST-005427,South,heatwave,4,106,2020-04-11,6.6,3.862361111111111,51.461,1005.6,71.0,37.0,74.96805555555555
SP-01357,FCAST-005428,South,tropical_cyclone,11,1783,2024-11-13,37.12,18.709444444444443,386.63,988.6,100.0,29.5,75.09027777777777
SP-01358,FCAST-005429,South,southwest_monsoon,9,1312,2021-09-21,16.5,8.954166666666667,292.298,1002.4,100.0,30.5,74.95138888888889
SP-01358,FCAST-005430,South,heatwave,4,2258,2024-04-24,6.6,4.0475,49.27,1006.0,71.5,37.0,74.70555555555556
SP-01358,FCAST-005431,South,summer_storm,4,1506,2022-04-03,23.1,9.548333333333334,94.711,999.8,98.2,32.31,75.19861111111112
SP-01358,FCAST-005432,South,tropical_cyclone,11,1746,2022-11-29,37.12,18.879305555555554,387.577,988.5,100.0,29.5,75.01666666666667
SP-01359,FCAST-005433,South,southwest_monsoon,6,282,2020-06-22,16.5,9.122222222222222,286.579,1002.2,100.0,30.5,74.84166666666667
SP-01359,FCAST-005434,South,tropical_cyclone,8,338,2020-08-17,37.12,19.0325,385.356,987.6,100.0,29.5,75.69999999999999
SP-01359,FCAST-005435,South,summer_storm,5,1343,2023-05-19,23.1,9.917083333333332,101.691,999.6,99.0,32.19,74.7125
SP-01359,FCAST-005436,South,heatwave,4,958,2022-04-29,6.6,4.069722222222222,54.443,1006.0,69.2,37.0,75.02361111111111
SP-01360,FCAST-005437,South,summer_storm,4,269,2021-04-21,23.1,9.837916666666667,100.324,999.7,98.6,31.67,74.65833333333333
SP-01360,FCAST-005438,South,tropical_cyclone,11,830,2022-11-03,37.12,18.504444444444445,389.177,987.9,100.0,29.5,74.7875
SP-01360,FCAST-005439,South,heatwave,3,223,2021-03-06,6.6,3.98625,48.925,1005.2,69.4,37.0,74.67083333333333
SP-01360,FCAST-005440,South,southwest_monsoon,6,1408,2024-06-03,16.5,9.094444444444443,296.464,1002.9,100.0,30.5,75.06527777777778
SP-01361,FCAST-005441,South,heatwave,3,820,2021-03-19,6.6,3.9968055555555555,46.414,1005.4,70.8,37.0,74.91805555555555
SP-01361,FCAST-005442,South,summer_storm,4,1566,2023-04-04,23.1,9.572916666666666,94.495,1000.6,98.1,32.21,74.9375
SP-01361,FCAST-005443,South,tropical_cyclone,9,2095,2024-09-14,37.12,18.796944444444446,387.54,988.2,100.0,29.5,74.79027777777777
SP-01361,FCAST-005444,South,southwest_monsoon,6,174,2019-06-12,16.5,8.895000000000001,289.177,1002.7,100.0,30.5,75.16527777777777
SP-01362,FCAST-005445,South,summer_storm,5,901,2023-05-23,23.1,9.992083333333333,101.171,1000.6,97.0,31.62,75.26944444444445
SP-01362,FCAST-005446,South,heatwave,3,466,2022-03-14,6.6,4.034722222222222,50.865,1005.9,69.5,37.0,74.9
SP-01362,FCAST-005447,South,southwest_monsoon,6,910,2023-06-01,16.5,8.948333333333332,284.867,1002.5,99.2,30.5,75.03194444444445
SP-01362,FCAST-005448,South,tropical_cyclone,9,1018,2023-09-17,37.12,18.834722222222222,385.805,988.4,100.0,29.5,75.25416666666666
SP-01363,FCAST-005449,South,southwest_monsoon,9,84,2020-09-02,16.5,9.189444444444444,292.36,1002.4,100.0,30.5,74.75694444444444
SP-01363,FCAST-005450,South,heatwave,4,1048,2023-04-24,6.6,3.913888888888889,46.752,1005.4,69.3,37.0,74.83888888888889
SP-01363,FCAST-005451,South,summer_storm,5,338,2021-05-14,23.1,9.471805555555555,93.057,1000.5,99.0,31.71,74.975
SP-01363,FCAST-005452,South,tropical_cyclone,9,474,2021-09-27,37.12,18.831249999999997,386.02,988.5,100.0,29.5,74.79583333333333
SP-01364,FCAST-005453,South,tropical_cyclone,10,1511,2024-10-22,37.12,18.874305555555555,387.516,987.9,100.0,29.5,75.29722222222222
SP-01364,FCAST-005454,South,heatwave,3,189,2021-03-10,6.6,3.769861111111111,51.708,1005.8,71.1,37.0,75.0013888888889
SP-01364,FCAST-005455,South,summer_storm,4,950,2023-04-10,23.1,9.633611111111112,99.371,1000.5,100.0,32.11,74.65694444444445
SP-01364,FCAST-005456,South,southwest_monsoon,8,1090,2023-08-28,16.5,8.828888888888889,285.426,1002.8,100.0,30.5,75.25
SP-01365,FCAST-005457,South,heatwave,4,434,2021-04-27,6.6,3.7819444444444446,46.613,1005.9,70.6,37.0,74.82777777777778
SP-01365,FCAST-005458,South,tropical_cyclone,8,898,2022-08-04,37.12,18.982777777777777,380.267,988.1,100.0,29.5,74.75277777777778
SP-01365,FCAST-005459,South,southwest_monsoon,6,1225,2023-06-27,16.5,8.928472222222222,288.98,1003.0,99.9,30.5,74.92638888888888
SP-01365,FCAST-005460,South,summer_storm,4,424,2021-04-17,23.1,9.706666666666667,97.938,1000.7,99.6,31.92,75.14861111111111
SP-01366,FCAST-005461,South,tropical_cyclone,11,1113,2022-11-05,37.12,18.79986111111111,389.508,988.7,100.0,29.5,74.73333333333333
SP-01366,FCAST-005462,South,heatwave,3,1240,2023-03-12,6.6,4.0,45.708,1006.1,70.2,37.0,74.9
SP-01366,FCAST-005463,South,southwest_monsoon,7,628,2021-07-08,16.5,8.948333333333332,286.258,1002.8,100.0,30.5,75.18472222222222
SP-01366,FCAST-005464,South,summer_storm,5,1293,2023-05-04,23.1,9.537638888888889,97.896,1000.3,98.8,31.75,75.17638888888888
SP-01367,FCAST-005465,South,heatwave,4,1854,2023-04-29,6.6,4.0401388888888885,48.946,1006.2,70.5,37.0,75.08611111111111
SP-01367,FCAST-005466,South,southwest_monsoon,7,834,2020-07-13,16.5,9.031666666666666,287.655,1002.8,100.0,30.5,75.15138888888889
SP-01367,FCAST-005467,South,summer_storm,5,1860,2023-05-05,23.1,9.299166666666666,98.851,1000.4,97.0,32.4,74.73888888888888
SP-01367,FCAST-005468,South,tropical_cyclone,10,1644,2022-10-01,37.12,18.96027777777778,386.732,987.9,100.0,29.5,75.30000000000001
SP-01368,FCAST-005469,South,heatwave,3,417,2020-03-12,6.6,3.6381944444444443,50.212,1006.1,68.7,37.0,75.25
SP-01368,FCAST-005470,South,southwest_monsoon,7,898,2021-07-06,16.5,9.055555555555555,288.325,1002.3,100.0,30.5,75.19583333333334
SP-01368,FCAST-005471,South,tropical_cyclone,10,1745,2023-10-31,37.12,19.248333333333335,389.86,988.3,100.0,29.5,74.8111111111111
SP-01368,FCAST-005472,South,summer_storm,4,1554,2023-04-23,23.1,9.9975,98.38,1000.2,96.3,33.0,74.91805555555555
SP-01369,FCAST-005473,South,summer_storm,5,2113,2024-05-11,23.1,9.435,100.994,999.9,98.6,31.84,74.9625
SP-01369,FCAST-005474,South,heatwave,3,2433,2025-03-27,6.6,3.9419444444444443,47.197,1005.9,70.3,37.0,75.07083333333334
SP-01369,FCAST-005475,South,southwest_monsoon,8,1846,2023-08-18,16.5,8.697916666666666,289.764,1002.9,100.0,30.5,74.94027777777778
SP-01369,FCAST-005476,South,tropical_cyclone,9,54,2018-09-21,37.12,19.211805555555557,390.271,987.7,100.0,29.5,75.39861111111111
SP-01370,FCAST-005477,South,tropical_cyclone,11,1108,2021-11-19,37.12,19.00347222222222,392.878,988.2,100.0,29.5,75.15277777777777
SP-01370,FCAST-005478,South,heatwave,4,1982,2024-04-11,6.6,3.9908333333333337,42.953,1005.8,70.3,37.0,74.94444444444444
SP-01370,FCAST-005479,South,summer_storm,5,184,2019-05-10,23.1,9.833333333333334,103.753,1000.5,97.9,32.05,74.79027777777777
SP-01370,FCAST-005480,South,southwest_monsoon,8,1385,2022-08-23,16.5,9.092777777777776,289.067,1002.4,100.0,30.5,74.84027777777777
SP-01371,FCAST-005481,South,southwest_monsoon,9,558,2019-09-20,16.5,9.08375,292.12,1003.2,100.0,30.5,74.7875
SP-01371,FCAST-005482,South,tropical_cyclone,8,1990,2023-08-22,37.12,18.627222222222223,381.012,988.2,100.0,29.5,75.02916666666667
SP-01371,FCAST-005483,South,summer_storm,5,59,2018-05-09,23.1,9.727638888888889,99.077,1000.4,96.3,31.8,74.98333333333333
SP-01371,FCAST-005484,South,heatwave,3,2191,2024-03-10,6.6,3.8559722222222224,55.875,1005.8,69.9,37.0,75.06527777777778
SP-01372,FCAST-005485,South,tropical_cyclone,8,440,2019-08-05,37.12,18.925694444444446,392.422,987.5,100.0,29.5,75.08055555555556
SP-01372,FCAST-005486,South,southwest_monsoon,8,1897,2023-08-01,16.5,8.985694444444444,288.137,1002.5,100.0,30.5,75.15555555555555
SP-01372,FCAST-005487,South,summer_storm,4,2150,2024-04-10,23.1,9.828333333333333,98.327,1000.0,98.1,31.72,75.26527777777778
SP-01372,FCAST-005488,South,heatwave,4,326,2019-04-13,6.6,3.9352777777777783,50.433,1005.7,70.4,37.0,74.62777777777778
SP-01373,FCAST-005489,South,heatwave,3,1431,2025-03-23,6.6,4.171527777777778,51.118,1005.8,69.9,37.0,75.00694444444444
SP-01373,FCAST-005490,South,tropical_cyclone,9,864,2023-09-03,37.12,18.68,393.309,988.3,100.0,29.5,74.45972222222223
SP-01373,FCAST-005491,South,summer_storm,4,345,2022-04-02,23.1,9.204305555555557,101.53699999999999,999.9,97.5,32.25,74.97222222222223
SP-01373,FCAST-005492,South,southwest_monsoon,9,1237,2024-09-10,16.5,8.668333333333333,293.281,1003.5,100.0,30.5,75.32083333333334
SP-01374,FCAST-005493,South,heatwave,4,1170,2022-04-22,6.6,3.7969444444444442,51.897,1005.9,70.0,37.0,74.83611111111111
SP-01374,FCAST-005494,South,southwest_monsoon,8,2011,2024-08-10,16.5,8.56013888888889,292.71,1001.9,100.0,30.5,74.88333333333334
SP-01374,FCAST-005495,South,summer_storm,4,82,2019-04-30,23.1,9.585416666666667,93.508,1000.1,98.0,32.15,75.26249999999999
SP-01374,FCAST-005496,South,tropical_cyclone,9,1692,2023-09-26,37.12,18.699722222222224,387.402,988.6,100.0,29.5,75.00833333333334
SP-01375,FCAST-005497,South,southwest_monsoon,7,1641,2022-07-06,16.5,9.082361111111112,285.495,1002.6,98.5,30.5,75.275
SP-01375,FCAST-005498,South,tropical_cyclone,8,2427,2024-08-30,37.12,19.150694444444444,388.523,988.2,100.0,29.5,74.75833333333334
SP-01375,FCAST-005499,South,heatwave,3,2624,2025-03-15,6.6,3.969166666666667,40.723,1006.0,74.9,37.0,75.3111111111111
SP-01375,FCAST-005500,South,summer_storm,4,1924,2023-04-15,23.1,10.037083333333333,94.328,999.8,97.5,31.52,75.04444444444444
SP-01376,FCAST-005501,South,heatwave,3,1482,2025-03-21,6.6,4.108194444444445,49.626,1006.2,69.7,37.0,75.33611111111111
SP-01376,FCAST-005502,South,summer_storm,4,419,2022-04-23,23.1,9.82388888888889,100.548,999.8,98.7,32.39,74.84861111111111
SP-01376,FCAST-005503,South,tropical_cyclone,8,890,2023-08-07,37.12,18.92013888888889,389.692,988.4,100.0,29.5,75.04166666666667
SP-01376,FCAST-005504,South,southwest_monsoon,7,1237,2024-07-19,16.5,8.930833333333332,290.819,1002.9,100.0,30.5,75.05972222222222
SP-01377,FCAST-005505,South,tropical_cyclone,9,1168,2021-09-13,37.12,19.048333333333332,385.91,987.4,100.0,29.5,74.61527777777778
SP-01377,FCAST-005506,South,heatwave,4,1734,2023-04-02,6.6,4.035694444444444,47.905,1005.9,69.8,37.0,75.1625
SP-01377,FCAST-005507,South,southwest_monsoon,7,1097,2021-07-04,16.5,8.832777777777778,287.697,1003.0,100.0,30.5,74.98611111111111
SP-01377,FCAST-005508,South,summer_storm,4,2110,2024-04-12,23.1,9.769583333333333,99.869,1000.2,97.9,32.1,75.09305555555555
SP-01378,FCAST-005509,South,summer_storm,4,1250,2023-04-06,23.1,10.382638888888888,96.96,1000.5,98.9,32.09,74.91388888888889
SP-01378,FCAST-005510,South,heatwave,3,134,2020-03-16,6.6,4.042222222222223,48.763,1005.8,72.0,37.0,75.30138888888888
SP-01378,FCAST-005511,South,southwest_monsoon,8,649,2021-08-13,16.5,8.905416666666667,284.89,1003.0,100.0,30.5,74.98333333333333
SP-01378,FCAST-005512,South,tropical_cyclone,8,1006,2022-08-05,37.12,18.964166666666667,394.206,988.3,100.0,29.5,75.14027777777778
SP-01379,FCAST-005513,South,summer_storm,4,785,2021-04-22,23.1,9.7375,105.06,1000.6,98.9,32.02,74.73194444444444
SP-01379,FCAST-005514,South,heatwave,3,756,2021-03-24,6.6,3.9070833333333335,43.364,1006.0,68.8,37.0,74.71944444444445
SP-01379,FCAST-005515,South,tropical_cyclone,11,628,2020-11-16,37.12,18.736666666666665,386.638,987.9,99.3,29.5,75.11527777777778
SP-01379,FCAST-005516,South,southwest_monsoon,6,1203,2022-06-14,16.5,9.300694444444444,288.13,1002.8,100.0,30.5,75.04166666666667
SP-01380,FCAST-005517,South,southwest_monsoon,8,1684,2024-08-31,16.5,8.795694444444443,289.476,1003.0,100.0,30.5,74.91111111111111
SP-01380,FCAST-005518,South,heatwave,4,827,2022-04-27,6.6,4.022777777777778,47.935,1005.6,69.8,37.0,75.75972222222222
SP-01380,FCAST-005519,South,tropical_cyclone,11,661,2021-11-12,37.12,19.102777777777778,386.73699999999997,988.1,100.0,29.5,75.06805555555555
SP-01380,FCAST-005520,South,summer_storm,4,1180,2023-04-15,23.1,9.661527777777778,91.57,1000.3,98.8,32.49,75.00833333333334
SP-01381,FCAST-005521,South,heatwave,4,750,2022-04-08,6.6,3.9668055555555557,44.507,1004.9,69.9,37.0,75.05694444444445
SP-01381,FCAST-005522,South,tropical_cyclone,11,600,2021-11-09,37.12,18.933194444444446,391.772,988.0,100.0,29.5,75.04444444444444
SP-01381,FCAST-005523,South,summer_storm,5,1508,2024-05-05,23.1,9.78486111111111,99.04899999999999,1000.4,97.0,32.48,75.09305555555555
SP-01381,FCAST-005524,South,southwest_monsoon,6,83,2020-06-10,16.5,9.039861111111112,287.999,1003.0,100.0,30.5,74.91944444444444
SP-01382,FCAST-005525,South,tropical_cyclone,11,645,2022-11-11,37.12,18.52875,390.513,987.9,100.0,29.5,75.08472222222223
SP-01382,FCAST-005526,South,heatwave,3,1513,2025-03-28,6.6,3.9566666666666666,50.007,1006.1,69.1,37.0,75.26805555555556
SP-01382,FCAST-005527,South,summer_storm,4,1162,2024-04-11,23.1,10.155555555555557,100.615,1000.5,97.1,31.99,74.9986111111111
SP-01382,FCAST-005528,South,southwest_monsoon,6,511,2022-06-30,16.5,8.626111111111111,289.609,1002.8,100.0,30.5,75.25972222222222
SP-01383,FCAST-005529,South,tropical_cyclone,8,57,2021-08-22,37.12,18.968888888888888,392.095,988.1,100.0,29.5,75.07638888888889
SP-01383,FCAST-005530,South,summer_storm,5,1069,2024-05-30,23.1,10.023888888888889,94.496,1000.4,96.9,32.29,74.96111111111111
SP-01383,FCAST-005531,South,heatwave,4,644,2023-04-01,6.6,3.8388888888888886,49.802,1005.7,70.6,37.0,75.08611111111111
SP-01383,FCAST-005532,South,southwest_monsoon,7,1128,2024-07-28,16.5,9.165555555555557,291.491,1003.3,99.5,30.5,74.97222222222223
SP-01384,FCAST-005533,South,tropical_cyclone,11,225,2020-11-28,37.12,19.084999999999997,386.981,988.5,100.0,29.5,74.67222222222222
SP-01384,FCAST-005534,South,southwest_monsoon,6,779,2022-06-05,16.5,8.916805555555555,281.974,1002.5,99.1,30.5,74.8763888888889
SP-01384,FCAST-005535,South,heatwave,3,1073,2023-03-26,6.6,3.9684722222222226,48.414,1005.5,70.6,37.0,75.28472222222223
SP-01384,FCAST-005536,South,summer_storm,5,1496,2024-05-22,23.1,9.819444444444445,98.031,1000.2,96.4,31.48,75.23611111111111
SP-01385,FCAST-005537,South,tropical_cyclone,10,1365,2023-10-19,37.12,18.99458333333333,383.091,988.2,100.0,29.5,74.98750000000001
SP-01385,FCAST-005538,South,heatwave,3,1503,2024-03-05,6.6,3.892916666666667,48.018,1005.4,70.2,37.0,75.10833333333333
SP-01385,FCAST-005539,South,summer_storm,4,802,2022-04-04,23.1,10.213888888888889,98.487,1000.4,96.8,31.56,75.0875
SP-01385,FCAST-005540,South,southwest_monsoon,9,970,2022-09-19,16.5,9.020555555555555,290.188,1002.7,99.5,30.5,74.92638888888888
SP-01386,FCAST-005541,South,southwest_monsoon,6,526,2020-06-07,16.5,8.997361111111111,282.693,1002.5,99.5,30.5,75.15555555555555
SP-01386,FCAST-005542,South,tropical_cyclone,8,1335,2022-08-25,37.12,19.139444444444443,382.394,987.7,100.0,29.5,74.84027777777777
SP-01386,FCAST-005543,South,summer_storm,5,129,2019-05-07,23.1,9.553888888888888,96.756,1000.1,97.9,32.35,75.36805555555556
SP-01386,FCAST-005544,South,heatwave,3,2257,2025-03-04,6.6,4.099166666666666,47.58,1006.1,68.4,37.0,75.06944444444444
SP-01387,FCAST-005545,South,summer_storm,4,303,2019-04-02,23.1,10.04625,97.845,1000.1,98.7,31.65,74.69305555555555
SP-01387,FCAST-005546,South,southwest_monsoon,9,1213,2021-09-28,16.5,8.797222222222222,283.041,1002.8,99.4,30.5,75.24722222222222
SP-01387,FCAST-005547,South,heatwave,4,2156,2024-04-28,6.6,4.083749999999999,48.936,1005.9,69.5,37.0,74.52916666666667
SP-01387,FCAST-005548,South,tropical_cyclone,11,1619,2022-11-08,37.12,18.734166666666667,389.905,987.4,100.0,29.5,75.24305555555556
SP-01388,FCAST-005549,South,summer_storm,5,106,2020-05-12,23.1,9.510972222222222,95.564,1000.3,98.2,32.59,75.17083333333333
SP-01388,FCAST-005550,South,southwest_monsoon,6,519,2021-06-29,16.5,8.875,292.077,1002.8,100.0,30.5,75.39444444444445
SP-01388,FCAST-005551,South,heatwave,4,1548,2024-04-23,6.6,4.113194444444444,50.837,1006.0,69.8,37.0,75.02638888888889
SP-01388,FCAST-005552,South,tropical_cyclone,11,283,2020-11-05,37.12,18.860416666666666,380.671,988.2,100.0,29.5,75.21666666666667
SP-01389,FCAST-005553,South,summer_storm,4,145,2022-04-14,23.1,10.037777777777778,89.173,1000.1,99.4,32.44,74.96388888888889
SP-01389,FCAST-005554,South,heatwave,4,871,2024-04-09,6.6,3.955972222222222,49.085,1006.1,69.0,37.0,75.14166666666667
SP-01389,FCAST-005555,South,southwest_monsoon,7,977,2024-07-24,16.5,9.167222222222222,288.474,1002.8,100.0,30.5,75.13888888888889
SP-01389,FCAST-005556,South,tropical_cyclone,10,701,2023-10-22,37.12,18.930694444444445,383.663,988.4,100.0,29.5,74.61805555555556
SP-01390,FCAST-005557,South,southwest_monsoon,8,625,2022-08-14,16.5,8.859027777777778,287.625,1002.5,100.0,30.5,74.98055555555555
SP-01390,FCAST-005558,South,summer_storm,5,1258,2024-05-08,23.1,9.512916666666666,92.994,1001.0,98.6,31.52,75.11527777777778
SP-01390,FCAST-005559,South,heatwave,4,883,2023-04-29,6.6,3.8259722222222226,49.289,1005.6,71.8,37.0,75.13055555555555
SP-01390,FCAST-005560,South,tropical_cyclone,10,1057,2023-10-20,37.12,18.915138888888887,384.031,987.3,100.0,29.5,75.375
SP-01391,FCAST-005561,South,heatwave,4,602,2021-04-12,6.6,3.719166666666667,45.653,1005.2,69.5,37.0,74.8111111111111
SP-01391,FCAST-005562,South,tropical_cyclone,9,404,2020-09-26,37.12,18.89777777777778,388.935,987.8,100.0,29.5,74.9361111111111
SP-01391,FCAST-005563,South,summer_storm,4,234,2020-04-09,23.1,9.674722222222222,98.463,1000.3,98.1,31.72,75.03055555555555
SP-01391,FCAST-005564,South,southwest_monsoon,9,387,2020-09-09,16.5,8.880694444444444,284.365,1002.9,100.0,30.5,74.70138888888889
SP-01392,FCAST-005565,South,tropical_cyclone,11,1317,2021-11-09,37.12,18.974444444444444,392.535,988.0,100.0,29.5,75.02638888888889
SP-01392,FCAST-005566,South,summer_storm,4,1107,2021-04-13,23.1,9.803472222222222,97.326,1000.2,97.9,31.45,74.83333333333333
SP-01392,FCAST-005567,South,southwest_monsoon,8,509,2019-08-24,16.5,8.944444444444445,290.176,1002.4,100.0,30.5,75.12916666666666
SP-01392,FCAST-005568,South,heatwave,4,745,2020-04-16,6.6,4.045416666666666,51.122,1004.8,69.3,37.0,74.82499999999999
SP-01393,FCAST-005569,South,heatwave,3,1495,2024-03-08,6.6,3.9198611111111115,47.923,1004.9,71.7,37.0,75.05694444444445
SP-01393,FCAST-005570,South,summer_storm,4,430,2021-04-08,23.1,9.778611111111111,103.541,1000.6,98.2,32.35,75.14583333333333
SP-01393,FCAST-005571,South,tropical_cyclone,11,1025,2022-11-24,37.12,18.865,384.243,988.5,100.0,29.5,75.02638888888889
SP-01393,FCAST-005572,South,southwest_monsoon,6,857,2022-06-09,16.5,8.786111111111111,292.364,1002.9,99.2,30.5,75.30000000000001
SP-01394,FCAST-005573,South,tropical_cyclone,9,194,2018-09-29,37.12,19.035416666666666,386.942,988.0,100.0,29.5,75.10416666666667
SP-01394,FCAST-005574,South,southwest_monsoon,7,841,2020-07-07,16.5,9.19111111111111,292.55,1003.1,100.0,30.5,75.0
SP-01394,FCAST-005575,South,summer_storm,5,1894,2023-05-26,23.1,9.880277777777778,95.181,999.9,98.9,32.1,75.14444444444445
SP-01394,FCAST-005576,South,heatwave,3,352,2019-03-06,6.6,3.853888888888889,49.481,1004.9,72.7,37.0,74.84722222222223
SP-01395,FCAST-005577,South,southwest_monsoon,7,2096,2024-07-22,16.5,8.936666666666667,288.187,1002.9,100.0,30.5,75.32916666666667
SP-01395,FCAST-005578,South,summer_storm,4,1993,2024-04-10,23.1,9.574722222222222,96.908,1000.4,97.2,32.04,74.49444444444445
SP-01395,FCAST-005579,South,heatwave,4,1991,2024-04-08,6.6,3.964583333333333,49.257999999999996,1006.2,71.6,37.0,74.81527777777778
SP-01395,FCAST-005580,South,tropical_cyclone,9,1774,2023-09-04,37.12,18.931527777777777,383.193,988.3,100.0,29.5,74.72222222222223
SP-01396,FCAST-005581,South,southwest_monsoon,7,653,2021-07-25,16.5,8.817916666666667,285.18,1002.1,98.4,30.5,75.52777777777777
SP-01396,FCAST-005582,South,heatwave,4,538,2021-04-01,6.6,3.971388888888889,51.576,1005.8,68.7,37.0,75.00416666666666
SP-01396,FCAST-005583,South,tropical_cyclone,9,1804,2024-09-18,37.12,19.139027777777777,391.664,987.7,100.0,29.5,75.18055555555556
SP-01396,FCAST-005584,South,summer_storm,4,565,2021-04-28,23.1,9.850694444444445,98.668,1000.0,100.0,31.72,74.57499999999999
SP-01397,FCAST-005585,South,tropical_cyclone,9,1463,2022-09-23,37.12,19.299166666666665,390.16700000000003,988.4,100.0,29.5,74.88611111111112
SP-01397,FCAST-005586,South,heatwave,3,902,2021-03-11,6.6,4.097777777777778,51.855,1005.7,68.5,36.95,74.94027777777778
SP-01397,FCAST-005587,South,southwest_monsoon,7,2128,2024-07-19,16.5,9.132916666666667,290.055,1002.7,100.0,30.5,74.85694444444444
SP-01397,FCAST-005588,South,summer_storm,5,968,2021-05-16,23.1,9.785138888888888,99.485,1000.5,97.7,31.9,75.03472222222223
SP-01398,FCAST-005589,South,heatwave,3,1014,2024-03-03,6.6,3.779861111111111,51.119,1005.9,69.2,37.0,75.14861111111111
SP-01398,FCAST-005590,South,tropical_cyclone,10,871,2023-10-12,37.12,19.22888888888889,385.159,988.6,100.0,29.5,74.91666666666667
SP-01398,FCAST-005591,South,summer_storm,5,343,2022-05-02,23.1,9.711944444444445,91.35,1000.0,100.0,31.97,75.10277777777777
SP-01398,FCAST-005592,South,southwest_monsoon,7,416,2022-07-14,16.5,8.830694444444445,287.948,1002.6,99.0,30.5,74.91527777777777
SP-01399,FCAST-005593,South,tropical_cyclone,11,753,2023-11-28,37.12,19.031944444444445,383.266,988.2,100.0,29.5,74.97777777777777
SP-01399,FCAST-005594,South,heatwave,4,527,2023-04-16,6.6,4.162083333333333,44.078,1005.6,67.5,37.0,75.01527777777778
SP-01399,FCAST-005595,South,summer_storm,5,917,2024-05-10,23.1,9.765277777777778,97.652,1000.2,97.7,31.89,74.93194444444445
SP-01399,FCAST-005596,South,southwest_monsoon,9,1037,2024-09-07,16.5,9.012083333333333,282.733,1002.5,100.0,30.5,74.6888888888889
SP-01400,FCAST-005597,South,tropical_cyclone,10,243,2021-10-03,37.12,19.11513888888889,392.319,988.9,100.0,29.5,75.42916666666666
SP-01400,FCAST-005598,South,heatwave,3,776,2023-03-20,6.6,4.062916666666667,48.907,1006.0,73.9,37.0,75.10694444444444
SP-01400,FCAST-005599,South,summer_storm,5,823,2023-05-06,23.1,9.924583333333334,95.991,1000.7,99.3,32.12,74.56805555555555
SP-01400,FCAST-005600,South,southwest_monsoon,9,967,2023-09-27,16.5,8.905,288.921,1002.8,100.0,30.5,75.04166666666667
SP-01401,FCAST-005601,South,summer_storm,5,268,2021-05-01,23.1,9.40638888888889,98.303,999.8,97.4,31.85,75.44305555555555
SP-01401,FCAST-005602,South,tropical_cyclone,11,103,2020-11-17,37.12,18.933333333333334,394.089,988.1,100.0,29.5,74.8736111111111
SP-01401,FCAST-005603,South,heatwave,3,223,2021-03-17,6.6,3.9955555555555557,46.435,1005.6,73.2,37.0,75.07916666666667
SP-01401,FCAST-005604,South,southwest_monsoon,7,1432,2024-07-08,16.5,8.769444444444444,290.756,1002.4,100.0,30.5,75.19444444444444
SP-01402,FCAST-005605,South,summer_storm,5,1701,2023-05-08,23.1,9.31625,95.31,1000.2,96.8,32.63,74.92083333333333
SP-01402,FCAST-005606,South,heatwave,3,199,2019-03-28,6.6,3.97125,49.594,1006.2,72.4,37.0,74.79722222222222
SP-01402,FCAST-005607,South,southwest_monsoon,7,1773,2023-07-19,16.5,8.690138888888889,285.493,1002.2,100.0,30.5,75.14027777777778
SP-01402,FCAST-005608,South,tropical_cyclone,10,391,2019-10-06,37.12,19.10763888888889,389.356,988.0,100.0,29.5,74.90555555555555
SP-01403,FCAST-005609,South,tropical_cyclone,10,957,2021-10-16,37.12,18.901666666666667,384.763,987.6,100.0,29.5,75.0625
SP-01403,FCAST-005610,South,heatwave,3,1101,2022-03-09,6.6,3.895138888888889,45.775,1005.6,69.9,37.0,75.21111111111111
SP-01403,FCAST-005611,South,summer_storm,5,1900,2024-05-16,23.1,9.231944444444444,93.997,1000.5,99.3,31.6,75.17222222222222
SP-01403,FCAST-005612,South,southwest_monsoon,9,941,2021-09-30,16.5,9.056666666666667,288.887,1002.0,100.0,30.5,75.15555555555555
SP-01404,FCAST-005613,South,tropical_cyclone,10,208,2020-10-01,37.12,18.924305555555556,389.25600000000003,988.1,100.0,29.5,74.77777777777777
SP-01404,FCAST-005614,South,heatwave,4,46,2020-04-22,6.6,3.8783333333333334,46.745,1005.6,70.1,37.0,74.68055555555556
SP-01404,FCAST-005615,South,summer_storm,4,54,2020-04-30,23.1,9.84013888888889,95.04599999999999,999.7,99.8,31.63,74.77222222222223
SP-01404,FCAST-005616,South,southwest_monsoon,7,145,2020-07-30,16.5,8.847083333333334,288.575,1002.8,100.0,30.5,74.72361111111111
SP-01405,FCAST-005617,South,summer_storm,5,1101,2022-05-17,23.1,9.35375,100.008,1000.2,97.6,32.88,75.14861111111111
SP-01405,FCAST-005618,South,heatwave,3,1042,2022-03-19,6.6,3.9438888888888886,42.544,1005.9,73.2,37.0,74.65833333333333
SP-01405,FCAST-005619,South,southwest_monsoon,6,1481,2023-06-01,16.5,8.850555555555555,288.247,1003.0,100.0,30.5,74.74583333333334
SP-01405,FCAST-005620,South,tropical_cyclone,11,1660,2023-11-27,37.12,18.545,380.665,988.1,100.0,29.5,75.0625
SP-01406,FCAST-005621,South,summer_storm,5,1248,2024-05-12,23.1,9.970416666666667,100.033,1000.0,98.3,32.02,74.89027777777778
SP-01406,FCAST-005622,South,southwest_monsoon,6,195,2021-06-24,16.5,8.640555555555556,287.226,1003.0,100.0,30.5,75.20972222222223
SP-01406,FCAST-005623,South,tropical_cyclone,11,341,2021-11-17,37.12,18.730833333333333,388.79,988.7,100.0,29.5,74.50972222222222
SP-01406,FCAST-005624,South,heatwave,4,139,2021-04-29,6.6,3.993333333333333,48.254,1005.7,70.2,37.0,75.13749999999999
SP-01407,FCAST-005625,South,heatwave,4,1454,2022-04-05,6.6,3.967361111111111,49.469,1005.3,68.1,37.0,74.63888888888889
SP-01407,FCAST-005626,South,tropical_cyclone,11,952,2020-11-19,37.12,18.94763888888889,386.297,988.3,100.0,29.5,74.82361111111112
SP-01407,FCAST-005627,South,summer_storm,5,411,2019-05-28,23.1,9.37361111111111,99.546,1000.2,99.8,32.34,74.91944444444444
SP-01407,FCAST-005628,South,southwest_monsoon,6,797,2020-06-17,16.5,9.181388888888888,286.986,1002.1,100.0,30.5,75.3763888888889
SP-01408,FCAST-005629,South,summer_storm,5,1090,2024-05-14,23.1,9.272916666666667,105.753,1000.1,98.4,32.47,74.80833333333334
SP-01408,FCAST-005630,South,tropical_cyclone,9,849,2023-09-16,37.12,19.235,390.202,988.4,100.0,29.5,74.85
SP-01408,FCAST-005631,South,southwest_monsoon,7,787,2023-07-16,16.5,8.697777777777778,292.537,1002.9,100.0,30.5,75.13888888888889
SP-01408,FCAST-005632,South,heatwave,4,1074,2024-04-28,6.6,4.068611111111111,50.995,1005.9,69.6,37.0,74.55138888888888
SP-01409,FCAST-005633,South,summer_storm,5,1067,2022-05-23,23.1,9.74861111111111,100.249,1000.3,99.7,32.06,74.9375
SP-01409,FCAST-005634,South,southwest_monsoon,8,1509,2023-08-08,16.5,8.82388888888889,285.892,1002.5,99.7,30.5,74.60833333333333
SP-01409,FCAST-005635,South,tropical_cyclone,8,1520,2023-08-19,37.12,19.03222222222222,384.734,987.7,100.0,29.5,75.34722222222223
SP-01409,FCAST-005636,South,heatwave,3,1739,2024-03-25,6.6,3.977222222222222,43.024,1005.6,68.1,37.0,74.91666666666667
SP-01410,FCAST-005637,South,summer_storm,4,1165,2021-04-24,23.1,9.332638888888889,95.898,1000.1,97.7,31.77,74.81944444444444
SP-01410,FCAST-005638,South,southwest_monsoon,7,1964,2023-07-02,16.5,9.176944444444445,289.539,1002.9,100.0,30.5,74.89444444444445
SP-01410,FCAST-005639,South,tropical_cyclone,10,980,2020-10-21,37.12,18.518055555555556,386.315,988.4,100.0,29.5,75.25
SP-01410,FCAST-005640,South,heatwave,4,1144,2021-04-03,6.6,4.085277777777778,44.679,1005.9,67.8,37.0,74.90277777777777
SP-01411,FCAST-005641,South,heatwave,3,677,2022-03-07,6.6,3.8344444444444443,44.919,1005.3,69.6,37.0,74.86805555555556
SP-01411,FCAST-005642,South,tropical_cyclone,8,102,2020-08-09,37.12,18.843333333333334,392.022,988.4,100.0,29.5,75.35694444444444
SP-01411,FCAST-005643,South,southwest_monsoon,9,129,2020-09-05,16.5,8.822361111111112,286.462,1002.7,100.0,30.5,75.16805555555555
SP-01411,FCAST-005644,South,summer_storm,5,376,2021-05-10,23.1,9.474583333333333,99.754,1000.6,97.8,32.48,74.98055555555555
SP-01412,FCAST-005645,South,summer_storm,4,815,2020-04-23,23.1,9.785416666666666,99.464,1000.6,98.5,32.24,75.49027777777778
SP-01412,FCAST-005646,South,southwest_monsoon,9,2060,2023-09-20,16.5,8.775972222222222,286.8,1002.7,100.0,30.5,74.76805555555556
SP-01412,FCAST-005647,South,tropical_cyclone,8,554,2019-08-06,37.12,18.99652777777778,387.341,987.8,100.0,29.5,75.48055555555555
SP-01412,FCAST-005648,South,heatwave,4,1894,2023-04-07,6.6,3.639305555555556,43.714,1005.5,68.8,37.0,74.81805555555555
SP-01413,FCAST-005649,South,summer_storm,4,691,2022-04-29,23.1,9.796111111111111,100.593,1000.5,99.4,32.18,75.11250000000001
SP-01413,FCAST-005650,South,southwest_monsoon,8,445,2021-08-26,16.5,8.869027777777779,290.782,1003.1,100.0,30.5,75.10138888888889
SP-01413,FCAST-005651,South,tropical_cyclone,9,1189,2023-09-09,37.12,18.632916666666667,388.99,987.8,100.0,29.5,75.09027777777777
SP-01413,FCAST-005652,South,heatwave,3,1741,2025-03-14,6.6,3.874027777777778,46.971000000000004,1005.9,68.7,37.0,74.68055555555556
SP-01414,FCAST-005653,South,tropical_cyclone,10,753,2021-10-08,37.12,18.943333333333335,390.589,988.6,100.0,29.5,75.05972222222222
SP-01414,FCAST-005654,South,southwest_monsoon,8,320,2020-08-01,16.5,9.025555555555556,290.269,1002.7,100.0,30.5,74.99027777777778
SP-01414,FCAST-005655,South,heatwave,3,1648,2024-03-21,6.6,4.059166666666666,45.635,1006.0,69.3,37.0,74.98750000000001
SP-01414,FCAST-005656,South,summer_storm,5,958,2022-05-01,23.1,9.368333333333332,93.765,1000.5,97.5,31.48,75.03472222222223
SP-01415,FCAST-005657,South,heatwave,4,1344,2024-04-10,6.6,3.860833333333334,49.086,1005.9,69.1,37.0,75.22222222222223
SP-01415,FCAST-005658,South,southwest_monsoon,9,1491,2024-09-04,16.5,8.981666666666667,287.303,1003.2,100.0,30.5,74.99166666666666
SP-01415,FCAST-005659,South,tropical_cyclone,10,61,2020-10-05,37.12,19.185416666666665,392.961,988.2,100.0,29.5,75.11111111111111
SP-01415,FCAST-005660,South,summer_storm,5,643,2022-05-10,23.1,9.869861111111112,103.466,1000.4,97.6,31.8,75.05555555555556
SP-01416,FCAST-005661,South,summer_storm,5,150,2021-05-10,23.1,10.008055555555556,96.893,1000.7,98.3,31.64,74.96111111111111
SP-01416,FCAST-005662,South,heatwave,3,1185,2024-03-10,6.6,3.9168055555555554,46.984,1005.7,71.0,37.0,75.16944444444444
SP-01416,FCAST-005663,South,southwest_monsoon,9,1361,2024-09-02,16.5,9.099166666666667,294.844,1002.6,99.9,30.5,75.30833333333334
SP-01416,FCAST-005664,South,tropical_cyclone,9,284,2021-09-21,37.12,18.68027777777778,391.911,987.7,100.0,29.5,74.99166666666666
SP-01417,FCAST-005665,South,summer_storm,5,848,2021-05-08,23.1,9.479027777777778,96.795,1000.7,98.5,32.61,74.80694444444445
SP-01417,FCAST-005666,South,southwest_monsoon,8,205,2019-08-04,16.5,8.996666666666666,284.927,1003.1,100.0,30.5,74.80694444444445
SP-01417,FCAST-005667,South,tropical_cyclone,8,1677,2023-08-15,37.12,19.22986111111111,390.988,988.6,100.0,29.5,75.10138888888889
SP-01417,FCAST-005668,South,heatwave,4,1924,2024-04-18,6.6,3.9068055555555556,50.349000000000004,1006.0,70.2,37.0,74.80138888888888
SP-01418,FCAST-005669,South,southwest_monsoon,8,757,2022-08-31,16.5,9.092777777777778,288.627,1003.0,100.0,30.5,75.15138888888889
SP-01418,FCAST-005670,South,heatwave,3,1688,2025-03-19,6.6,4.012222222222222,50.588,1006.3,69.5,37.0,75.05972222222222
SP-01418,FCAST-005671,South,summer_storm,4,267,2021-04-28,23.1,9.506250000000001,98.423,1000.2,97.7,31.68,74.89444444444445
SP-01418,FCAST-005672,South,tropical_cyclone,10,1157,2023-10-05,37.12,19.25125,392.779,987.9,100.0,29.5,75.08055555555556
SP-01419,FCAST-005673,South,tropical_cyclone,11,1143,2024-11-18,37.12,18.62763888888889,382.85,988.4,100.0,29.5,75.00555555555555
SP-01419,FCAST-005674,South,southwest_monsoon,9,713,2023-09-15,16.5,8.910555555555556,285.954,1003.4,100.0,30.5,75.08472222222223
SP-01419,FCAST-005675,South,heatwave,3,535,2023-03-21,6.6,3.791388888888889,45.648,1005.6,71.3,37.0,75.22083333333333
SP-01419,FCAST-005676,South,summer_storm,4,187,2022-04-07,23.1,9.421805555555556,98.93299999999999,1000.3,98.1,32.45,75.1875
SP-01420,FCAST-005677,South,southwest_monsoon,6,592,2023-06-04,16.5,8.948055555555555,290.095,1001.6,99.6,30.5,74.9625
SP-01420,FCAST-005678,South,tropical_cyclone,8,653,2023-08-04,37.12,18.883055555555554,387.025,988.4,100.0,29.5,74.79027777777777
SP-01420,FCAST-005679,South,heatwave,3,1249,2025-03-22,6.6,4.047638888888889,47.348,1005.8,68.8,37.0,74.99583333333334
SP-01420,FCAST-005680,South,summer_storm,4,192,2022-04-30,23.1,9.692916666666667,98.548,1000.6,99.3,31.96,75.36666666666666
SP-01421,FCAST-005681,South,southwest_monsoon,7,210,2022-07-17,16.5,8.897222222222222,286.281,1003.0,100.0,30.5,74.8763888888889
SP-01421,FCAST-005682,South,heatwave,4,130,2022-04-28,6.6,3.9961111111111114,44.852000000000004,1005.3,71.1,37.0,74.48750000000001
SP-01421,FCAST-005683,South,tropical_cyclone,11,1074,2024-11-27,37.12,18.785555555555554,387.365,987.4,99.4,29.5,74.57083333333334
SP-01421,FCAST-005684,South,summer_storm,4,840,2024-04-07,23.1,9.665694444444444,100.203,1000.3,99.3,32.22,75.20694444444445
SP-01422,FCAST-005685,South,southwest_monsoon,7,2284,2024-07-18,16.5,8.832916666666668,291.686,1003.2,100.0,30.5,74.95694444444445
SP-01422,FCAST-005686,South,heatwave,4,719,2020-04-05,6.6,4.069027777777778,46.038000000000004,1005.8,69.1,37.0,74.92638888888888
SP-01422,FCAST-005687,South,tropical_cyclone,8,1936,2023-08-05,37.12,19.118194444444445,391.061,988.1,100.0,29.5,75.12916666666666
SP-01422,FCAST-005688,South,summer_storm,4,1462,2022-04-18,23.1,9.701944444444443,96.408,1000.6,97.7,32.14,74.6875
SP-01423,FCAST-005689,South,southwest_monsoon,9,2119,2024-09-01,16.5,8.765416666666667,289.959,1002.4,100.0,30.5,75.04861111111111
SP-01423,FCAST-005690,South,summer_storm,5,1652,2023-05-23,23.1,9.89611111111111,101.47,1000.3,100.0,32.07,75.32361111111112
SP-01423,FCAST-005691,South,tropical_cyclone,9,297,2019-09-06,37.12,18.83,385.213,988.3,100.0,29.5,75.32499999999999
SP-01423,FCAST-005692,South,heatwave,3,2324,2025-03-25,6.6,4.106805555555556,47.24,1005.8,69.4,37.0,74.83333333333333
SP-01424,FCAST-005693,South,southwest_monsoon,9,927,2023-09-17,16.5,9.290138888888889,292.855,1003.0,99.9,30.5,74.87916666666666
SP-01424,FCAST-005694,South,summer_storm,5,1167,2024-05-14,23.1,9.569305555555555,105.451,1000.6,98.1,32.26,74.66527777777777
SP-01424,FCAST-005695,South,heatwave,3,14,2021-03-18,6.6,3.939166666666667,51.142,1005.4,69.8,37.0,75.05833333333334
SP-01424,FCAST-005696,South,tropical_cyclone,8,156,2021-08-07,37.12,19.02861111111111,388.625,988.3,100.0,29.5,75.06527777777778
SP-01425,FCAST-005697,South,southwest_monsoon,9,427,2022-09-07,16.5,9.0725,292.483,1002.9,100.0,30.5,75.02638888888889
SP-01425,FCAST-005698,South,heatwave,4,1018,2024-04-20,6.6,3.9940277777777777,49.981,1005.9,69.9,37.0,75.06944444444444
SP-01425,FCAST-005699,South,tropical_cyclone,11,872,2023-11-26,37.12,18.65527777777778,385.967,988.1,100.0,29.5,74.77083333333333
SP-01425,FCAST-005700,South,summer_storm,5,664,2023-05-02,23.1,10.028333333333332,100.69,1000.1,99.4,31.69,75.03472222222223
SP-01426,FCAST-005701,South,heatwave,4,543,2021-04-30,6.6,3.994444444444445,44.453,1005.3,72.1,37.0,75.02916666666667
SP-01426,FCAST-005702,South,tropical_cyclone,8,1376,2023-08-11,37.12,19.189722222222223,385.025,987.9,100.0,29.5,74.76111111111112
SP-01426,FCAST-005703,South,southwest_monsoon,8,278,2020-08-08,16.5,9.13861111111111,289.165,1002.2,99.7,30.5,75.40972222222223
SP-01426,FCAST-005704,South,summer_storm,4,887,2022-04-09,23.1,9.419305555555557,102.381,1000.0,97.6,32.53,74.86666666666666
SP-01427,FCAST-005705,South,heatwave,3,1249,2022-03-22,6.6,3.842222222222222,47.001,1005.6,69.4,37.0,74.87222222222222
SP-01427,FCAST-005706,South,summer_storm,4,2010,2024-04-21,23.1,9.440416666666668,103.57,1000.1,98.1,31.71,75.15833333333333
SP-01427,FCAST-005707,South,southwest_monsoon,7,1377,2022-07-28,16.5,9.02513888888889,283.38,1003.0,99.9,30.5,75.05833333333334
SP-01427,FCAST-005708,South,tropical_cyclone,10,353,2019-10-08,37.12,19.024583333333332,388.358,988.5,100.0,29.5,74.5375
SP-01428,FCAST-005709,South,tropical_cyclone,9,266,2019-09-12,37.12,18.850694444444443,386.437,988.2,100.0,29.5,74.99722222222222
SP-01428,FCAST-005710,South,heatwave,4,1227,2022-04-30,6.6,4.006527777777778,48.306,1005.3,70.6,37.0,75.05833333333334
SP-01428,FCAST-005711,South,southwest_monsoon,7,1657,2023-07-04,16.5,9.204027777777778,286.736,1001.4,98.7,30.5,74.84444444444445
SP-01428,FCAST-005712,South,summer_storm,4,1932,2024-04-04,23.1,9.986666666666666,101.234,999.7,97.8,32.4,75.12777777777778
SP-01429,FCAST-005713,South,heatwave,3,1047,2023-03-03,6.6,3.8684722222222225,50.275,1005.8,70.2,37.0,75.28611111111111
SP-01429,FCAST-005714,South,southwest_monsoon,9,1245,2023-09-17,16.5,8.933194444444446,289.421,1002.9,100.0,30.5,74.65
SP-01429,FCAST-005715,South,tropical_cyclone,10,1642,2024-10-18,37.12,19.220416666666665,389.616,987.4,100.0,29.5,75.07083333333334
SP-01429,FCAST-005716,South,summer_storm,5,769,2022-05-29,23.1,9.574861111111112,100.78,1000.1,97.8,31.44,75.29861111111111
SP-01430,FCAST-005717,South,summer_storm,5,706,2020-05-28,23.1,9.684166666666666,101.621,1000.2,98.8,31.69,75.23750000000001
SP-01430,FCAST-005718,South,tropical_cyclone,8,424,2019-08-20,37.12,19.150972222222222,384.021,988.0,100.0,29.5,74.70277777777778
SP-01430,FCAST-005719,South,southwest_monsoon,7,39,2018-07-31,16.5,8.831805555555555,290.976,1002.7,99.1,30.5,75.35694444444444
SP-01430,FCAST-005720,South,heatwave,4,2124,2024-04-15,6.6,4.165694444444444,46.073,1006.1,71.4,37.0,74.80277777777778
SP-01431,FCAST-005721,South,tropical_cyclone,11,1056,2022-11-04,37.12,18.824027777777776,390.734,988.2,100.0,29.5,75.05416666666666
SP-01431,FCAST-005722,South,heatwave,3,811,2022-03-04,6.6,3.773055555555556,54.041,1005.4,74.4,37.0,75.09722222222223
SP-01431,FCAST-005723,South,southwest_monsoon,7,594,2021-07-30,16.5,8.80236111111111,293.012,1002.7,100.0,30.5,75.11111111111111
SP-01431,FCAST-005724,South,summer_storm,4,115,2020-04-07,23.1,9.631250000000001,100.228,1000.4,97.4,32.01,74.70416666666667
SP-01432,FCAST-005725,South,southwest_monsoon,7,1302,2024-07-12,16.5,9.129027777777777,289.79,1002.6,100.0,30.5,74.59166666666667
SP-01432,FCAST-005726,South,summer_storm,4,836,2023-04-03,23.1,9.880833333333333,93.642,1000.6,98.5,31.8,74.80833333333334
SP-01432,FCAST-005727,South,heatwave,4,498,2022-04-30,6.6,4.179861111111111,50.112,1005.8,68.8,37.0,75.30416666666666
SP-01432,FCAST-005728,South,tropical_cyclone,10,295,2021-10-09,37.12,18.833333333333332,387.427,988.5,100.0,29.5,74.57916666666667
SP-01433,FCAST-005729,South,heatwave,4,1158,2024-04-29,6.6,3.572222222222222,47.056,1005.9,69.0,37.0,75.29305555555555
SP-01433,FCAST-005730,South,summer_storm,5,1167,2024-05-08,23.1,9.395000000000001,99.924,999.9,97.6,32.29,75.05972222222222
SP-01433,FCAST-005731,South,southwest_monsoon,9,929,2023-09-13,16.5,8.6525,290.683,1003.0,100.0,30.5,75.36250000000001
SP-01433,FCAST-005732,South,tropical_cyclone,9,1287,2024-09-05,37.12,18.665694444444444,387.029,987.6,100.0,29.5,75.15833333333333
SP-01434,FCAST-005733,South,southwest_monsoon,6,1080,2024-06-21,16.5,9.203472222222222,290.357,1002.6,100.0,30.5,74.90972222222223
SP-01434,FCAST-005734,South,tropical_cyclone,9,450,2022-09-30,37.12,19.085833333333333,389.696,988.2,100.0,29.5,75.40416666666667
SP-01434,FCAST-005735,South,summer_storm,5,692,2023-05-30,23.1,9.75875,97.279,999.9,96.9,32.31,75.15833333333333
SP-01434,FCAST-005736,South,heatwave,3,1350,2025-03-18,6.6,4.020416666666667,45.54,1006.0,70.3,37.0,75.04861111111111
SP-01435,FCAST-005737,South,summer_storm,5,916,2021-05-23,23.1,10.104861111111111,93.616,1000.5,98.8,32.11,75.09583333333333
SP-01435,FCAST-005738,South,tropical_cyclone,8,2089,2024-08-08,37.12,18.79125,393.253,988.5,100.0,29.5,74.4625
SP-01435,FCAST-005739,South,southwest_monsoon,9,2130,2024-09-18,16.5,8.926805555555555,287.795,1002.8,100.0,30.5,74.90277777777777
SP-01435,FCAST-005740,South,heatwave,3,2308,2025-03-15,6.6,3.7758333333333334,49.891,1005.5,69.9,37.0,74.84305555555555
SP-01436,FCAST-005741,South,heatwave,4,557,2022-04-28,6.6,3.8727777777777783,54.155,1006.2,70.4,37.0,75.12083333333334
SP-01436,FCAST-005742,South,tropical_cyclone,11,1476,2024-11-02,37.12,18.406805555555554,388.156,987.9,100.0,29.5,74.56944444444444
SP-01436,FCAST-005743,South,southwest_monsoon,9,340,2021-09-23,16.5,8.79263888888889,286.389,1003.0,100.0,30.5,75.09444444444445
SP-01436,FCAST-005744,South,summer_storm,4,536,2022-04-07,23.1,9.439166666666667,97.141,1000.3,96.6,32.23,75.125
SP-01437,FCAST-005745,South,summer_storm,5,575,2023-05-14,23.1,9.578055555555556,99.771,1000.4,98.1,32.6,74.98472222222222
SP-01437,FCAST-005746,South,southwest_monsoon,6,237,2022-06-10,16.5,8.882361111111111,288.0,1002.7,99.8,30.5,75.3111111111111
SP-01437,FCAST-005747,South,tropical_cyclone,10,372,2022-10-23,37.12,18.928194444444443,389.274,988.4,100.0,29.5,74.50972222222222
SP-01437,FCAST-005748,South,heatwave,3,884,2024-03-18,6.6,3.6855555555555557,45.46,1006.0,68.6,37.0,74.75555555555555
SP-01438,FCAST-005749,South,southwest_monsoon,7,1961,2023-07-04,16.5,8.799722222222222,283.141,1002.9,100.0,30.5,75.13055555555555
SP-01438,FCAST-005750,South,summer_storm,4,1878,2023-04-12,23.1,9.341527777777777,97.286,999.5,98.5,32.33,74.69444444444444
SP-01438,FCAST-005751,South,heatwave,4,422,2019-04-17,6.6,3.8188888888888886,44.522,1005.8,68.9,37.0,75.09444444444445
SP-01438,FCAST-005752,South,tropical_cyclone,11,2107,2023-11-27,37.12,18.778333333333332,385.289,988.5,100.0,29.5,75.25694444444444
SP-01439,FCAST-005753,South,heatwave,4,645,2023-04-16,6.6,3.9654166666666666,45.96,1006.2,71.1,37.0,74.90833333333333
SP-01439,FCAST-005754,South,summer_storm,5,295,2022-05-01,23.1,10.163194444444445,95.629,999.7,97.5,31.64,75.08472222222223
SP-01439,FCAST-005755,South,southwest_monsoon,6,711,2023-06-21,16.5,8.644583333333333,289.865,1002.9,100.0,30.5,74.85
SP-01439,FCAST-005756,South,tropical_cyclone,9,1171,2024-09-23,37.12,19.060277777777777,388.953,988.1,100.0,29.5,74.71111111111111
SP-01440,FCAST-005757,South,heatwave,3,85,2020-03-07,6.6,3.7506944444444446,54.511,1005.8,70.8,37.0,74.64444444444445
SP-01440,FCAST-005758,South,southwest_monsoon,6,922,2022-06-22,16.5,8.585277777777778,284.99,1002.6,100.0,30.5,74.64722222222223
SP-01440,FCAST-005759,South,tropical_cyclone,11,717,2021-11-29,37.12,18.994166666666665,390.353,988.0,100.0,29.5,74.85277777777777
SP-01440,FCAST-005760,South,summer_storm,5,148,2020-05-09,23.1,9.505277777777778,97.29599999999999,1000.2,95.9,31.48,74.9375
SP-01441,FCAST-005761,South,summer_storm,4,349,2022-04-15,23.1,9.710277777777778,94.099,1000.3,98.8,32.19,74.73194444444444
SP-01441,FCAST-005762,South,tropical_cyclone,8,104,2021-08-13,37.12,19.1075,385.776,988.0,100.0,29.5,74.87916666666666
SP-01441,FCAST-005763,South,southwest_monsoon,7,1171,2024-07-15,16.5,8.899722222222222,285.986,1002.9,100.0,30.5,75.05277777777778
SP-01441,FCAST-005764,South,heatwave,3,1046,2024-03-12,6.6,4.023055555555556,52.488,1005.9,69.8,37.0,74.85833333333333
SP-01442,FCAST-005765,South,southwest_monsoon,6,771,2023-06-19,16.5,8.999583333333334,286.978,1003.0,100.0,30.5,74.92638888888888
SP-01442,FCAST-005766,South,heatwave,4,714,2023-04-23,6.6,4.035694444444444,50.172,1005.9,70.9,37.0,74.80833333333334
SP-01442,FCAST-005767,South,tropical_cyclone,10,515,2022-10-06,37.12,18.961805555555557,391.39,988.7,100.0,29.5,74.90972222222223
SP-01442,FCAST-005768,South,summer_storm,5,373,2022-05-17,23.1,9.625694444444443,95.989,1000.3,98.2,31.75,75.21527777777777
SP-01443,FCAST-005769,South,summer_storm,4,181,2021-04-26,23.1,9.980416666666667,96.873,1000.4,98.1,32.18,75.05833333333334
SP-01443,FCAST-005770,South,heatwave,4,183,2021-04-28,6.6,3.8325,52.042,1006.1,71.2,37.0,75.65138888888889
SP-01443,FCAST-005771,South,tropical_cyclone,9,321,2021-09-13,37.12,18.844305555555554,394.517,988.3,100.0,29.5,75.15694444444445
SP-01443,FCAST-005772,South,southwest_monsoon,9,1066,2023-09-28,16.5,8.793194444444445,282.629,1002.1,100.0,30.5,75.16666666666667
SP-01444,FCAST-005773,South,summer_storm,4,2145,2024-04-14,23.1,9.655555555555557,95.525,999.9,99.1,31.93,74.9375
SP-01444,FCAST-005774,South,southwest_monsoon,7,1858,2023-07-02,16.5,8.904166666666667,289.723,1003.6,100.0,30.5,75.20972222222223
SP-01444,FCAST-005775,South,tropical_cyclone,10,1952,2023-10-04,37.12,18.905833333333334,395.379,988.2,100.0,29.5,74.69444444444444
SP-01444,FCAST-005776,South,heatwave,3,1740,2023-03-06,6.6,3.937916666666667,44.153999999999996,1006.1,69.8,37.0,74.97222222222223
SP-01445,FCAST-005777,South,heatwave,4,314,2022-04-28,6.6,3.9050000000000002,52.677,1005.8,69.0,37.0,74.88194444444444
SP-01445,FCAST-005778,South,summer_storm,5,1067,2024-05-20,23.1,9.485555555555557,101.417,1000.4,100.0,31.84,75.40277777777777
SP-01445,FCAST-005779,South,tropical_cyclone,10,112,2021-10-08,37.12,18.6725,388.325,988.3,100.0,29.5,75.34305555555555
SP-01445,FCAST-005780,South,southwest_monsoon,7,31,2021-07-19,16.5,8.887777777777778,287.003,1003.2,100.0,30.5,75.0611111111111
SP-01446,FCAST-005781,South,tropical_cyclone,8,1086,2022-08-02,37.12,18.694583333333334,387.903,988.5,100.0,29.5,74.89861111111111
SP-01446,FCAST-005782,South,heatwave,4,985,2022-04-23,6.6,3.7369444444444446,46.332,1005.8,70.9,37.0,75.42222222222222
SP-01446,FCAST-005783,South,southwest_monsoon,6,1408,2023-06-20,16.5,8.912777777777778,280.907,1002.9,100.0,30.5,75.22777777777777
SP-01446,FCAST-005784,South,summer_storm,4,620,2021-04-23,23.1,9.915,92.264,1000.1,98.1,32.55,74.96527777777777
SP-01447,FCAST-005785,South,tropical_cyclone,8,1676,2022-08-07,37.12,18.862499999999997,382.701,987.7,100.0,29.5,74.83055555555556
SP-01447,FCAST-005786,South,heatwave,4,1923,2023-04-11,6.6,4.098611111111111,54.354,1006.3,71.7,37.0,75.17638888888888
SP-01447,FCAST-005787,South,southwest_monsoon,9,1724,2022-09-24,16.5,9.057222222222222,287.316,1003.2,100.0,30.5,75.61111111111111
SP-01447,FCAST-005788,South,summer_storm,4,88,2018-04-02,23.1,9.580277777777777,99.07300000000001,999.9,96.2,32.89,75.07361111111112
SP-01448,FCAST-005789,South,summer_storm,5,977,2021-05-02,23.1,9.58125,98.745,1000.5,98.3,31.87,75.17500000000001
SP-01448,FCAST-005790,South,southwest_monsoon,6,283,2019-06-08,16.5,9.379305555555556,283.389,1003.2,99.9,30.5,74.80972222222222
SP-01448,FCAST-005791,South,tropical_cyclone,8,1461,2022-08-29,37.12,18.772638888888892,394.651,987.9,100.0,29.5,74.84861111111111
SP-01448,FCAST-005792,South,heatwave,4,584,2020-04-04,6.6,4.061388888888889,46.129,1006.2,70.2,37.0,74.85694444444444
SP-01449,FCAST-005793,South,tropical_cyclone,8,23,2021-08-24,37.12,18.874166666666667,383.092,988.7,100.0,29.5,75.13888888888889
SP-01449,FCAST-005794,South,heatwave,4,997,2024-04-24,6.6,4.005138888888889,44.441,1005.4,68.8,37.0,75.14583333333333
SP-01449,FCAST-005795,South,summer_storm,5,300,2022-05-28,23.1,9.874305555555557,94.291,1000.8,98.2,32.07,75.3375
SP-01449,FCAST-005796,South,southwest_monsoon,8,8,2021-08-09,16.5,9.133888888888889,285.679,1002.8,100.0,30.5,75.28472222222223
SP-01450,FCAST-005797,South,summer_storm,5,1049,2023-05-10,23.1,9.855972222222222,99.173,1000.1,97.2,31.88,74.98611111111111
SP-01450,FCAST-005798,South,southwest_monsoon,8,411,2021-08-10,16.5,9.128055555555555,291.12,1002.7,100.0,30.5,75.20555555555556
SP-01450,FCAST-005799,South,tropical_cyclone,9,1547,2024-09-19,37.12,19.001805555555553,388.493,988.6,100.0,29.5,75.34305555555555
SP-01450,FCAST-005800,South,heatwave,3,626,2022-03-13,6.6,3.733194444444445,53.634,1005.6,70.3,37.0,74.64166666666667
SP-01451,FCAST-005801,South,southwest_monsoon,9,1646,2024-09-24,16.5,9.029305555555556,292.00600000000003,1002.7,100.0,30.5,75.47361111111111
SP-01451,FCAST-005802,South,tropical_cyclone,8,1248,2023-08-23,37.12,19.30902777777778,390.365,987.9,100.0,29.5,75.07916666666667
SP-01451,FCAST-005803,South,heatwave,4,11,2020-04-03,6.6,4.0176388888888885,53.384,1005.9,70.3,37.0,74.44444444444444
SP-01451,FCAST-005804,South,summer_storm,4,380,2021-04-07,23.1,9.536111111111111,94.749,1000.2,97.8,31.48,74.88333333333334
SP-01452,FCAST-005805,South,heatwave,4,907,2021-04-27,6.6,3.877638888888889,44.062,1005.8,69.9,37.0,75.14166666666667
SP-01452,FCAST-005806,South,tropical_cyclone,9,309,2019-09-07,37.12,18.57986111111111,396.759,987.7,100.0,29.5,75.01805555555556
SP-01452,FCAST-005807,South,southwest_monsoon,9,1408,2022-09-10,16.5,9.183194444444446,282.79,1002.9,100.0,30.5,75.0625
SP-01452,FCAST-005808,South,summer_storm,5,932,2021-05-22,23.1,10.227916666666665,98.307,1000.3,97.1,32.65,74.82777777777778
SP-01453,FCAST-005809,South,southwest_monsoon,8,330,2021-08-10,16.5,8.95138888888889,290.272,1003.4,100.0,30.5,74.97222222222223
SP-01453,FCAST-005810,South,heatwave,3,1636,2025-03-08,6.6,3.950138888888889,47.558,1006.1,71.2,37.0,74.90972222222223
SP-01453,FCAST-005811,South,tropical_cyclone,11,1159,2023-11-17,37.12,19.00277777777778,382.12,987.7,100.0,29.5,74.58611111111111
SP-01453,FCAST-005812,South,summer_storm,5,251,2021-05-23,23.1,9.947361111111112,101.641,1000.6,97.4,32.22,75.29027777777777
SP-01454,FCAST-005813,South,heatwave,3,1402,2025-03-15,6.6,3.901666666666667,48.15,1005.5,72.0,37.0,75.05277777777778
SP-01454,FCAST-005814,South,tropical_cyclone,8,468,2022-08-24,37.12,18.72361111111111,386.163,988.0,100.0,29.5,74.89583333333333
SP-01454,FCAST-005815,South,southwest_monsoon,9,1234,2024-09-28,16.5,9.034722222222221,287.133,1002.7,100.0,30.5,75.25972222222222
SP-01454,FCAST-005816,South,summer_storm,5,8,2021-05-21,23.1,9.633055555555556,98.22800000000001,1000.4,97.1,32.38,74.99583333333334
SP-01455,FCAST-005817,South,heatwave,3,71,2018-03-16,6.6,4.094305555555556,54.718,1005.9,70.4,37.0,75.28611111111111
SP-01455,FCAST-005818,South,tropical_cyclone,8,593,2019-08-20,37.12,18.69472222222222,384.412,988.1,100.0,29.5,74.86250000000001
SP-01455,FCAST-005819,South,summer_storm,4,101,2018-04-15,23.1,9.467777777777778,105.374,1000.1,97.9,32.08,75.45972222222223
SP-01455,FCAST-005820,South,southwest_monsoon,8,943,2020-08-04,16.5,9.022638888888888,286.311,1003.2,100.0,30.5,74.85833333333333
SP-01456,FCAST-005821,South,tropical_cyclone,10,1315,2021-10-19,37.12,18.9925,383.713,988.0,100.0,29.5,74.98888888888888
SP-01456,FCAST-005822,South,southwest_monsoon,6,2274,2024-06-04,16.5,8.73611111111111,295.305,1002.9,100.0,30.5,74.89027777777778
SP-01456,FCAST-005823,South,summer_storm,4,409,2019-04-27,23.1,9.53361111111111,99.657,1000.0,97.6,31.35,75.22222222222223
SP-01456,FCAST-005824,South,heatwave,3,372,2019-03-21,6.6,3.852916666666667,53.488,1005.7,67.8,37.0,75.1888888888889
SP-01457,FCAST-005825,South,heatwave,3,1655,2024-03-13,6.6,4.047777777777778,46.024,1005.6,69.7,37.0,75.21944444444445
SP-01457,FCAST-005826,South,summer_storm,5,637,2021-05-30,23.1,10.042916666666667,104.267,1000.1,97.9,31.81,74.65277777777777
SP-01457,FCAST-005827,South,tropical_cyclone,9,760,2021-09-30,37.12,19.209722222222222,391.496,988.2,100.0,29.5,74.9986111111111
SP-01457,FCAST-005828,South,southwest_monsoon,7,304,2020-07-01,16.5,8.9425,288.042,1002.3,100.0,30.5,74.87777777777778
SP-01458,FCAST-005829,South,southwest_monsoon,9,673,2023-09-10,16.5,9.08125,291.255,1003.0,98.3,30.5,74.79444444444444
SP-01458,FCAST-005830,South,tropical_cyclone,9,321,2022-09-23,37.12,18.85763888888889,392.241,987.9,100.0,29.5,75.21805555555555
SP-01458,FCAST-005831,South,summer_storm,4,148,2022-04-03,23.1,10.127638888888889,102.094,1000.4,100.0,31.61,74.79166666666667
SP-01458,FCAST-005832,South,heatwave,4,906,2024-04-30,6.6,4.028333333333333,40.631,1006.2,68.8,37.0,74.47777777777777
SP-01459,FCAST-005833,South,southwest_monsoon,6,972,2023-06-23,16.5,9.121666666666666,284.664,1003.2,100.0,30.5,74.75972222222222
SP-01459,FCAST-005834,South,summer_storm,5,1290,2024-05-06,23.1,9.333472222222222,101.362,1000.4,98.4,31.85,75.1
SP-01459,FCAST-005835,South,tropical_cyclone,11,1123,2023-11-21,37.12,18.38388888888889,394.522,988.6,100.0,29.5,74.82777777777778
SP-01459,FCAST-005836,South,heatwave,3,881,2023-03-24,6.6,3.9322222222222223,43.476,1006.2,71.6,37.0,74.84861111111111
SP-01460,FCAST-005837,South,heatwave,3,1652,2024-03-16,6.6,4.145277777777777,57.661,1005.6,69.4,37.0,74.95555555555556
SP-01460,FCAST-005838,South,tropical_cyclone,10,1138,2022-10-19,37.12,18.708055555555557,387.642,987.9,100.0,29.5,74.9361111111111
SP-01460,FCAST-005839,South,southwest_monsoon,6,273,2020-06-06,16.5,8.99638888888889,285.454,1003.1,100.0,30.5,75.03194444444445
SP-01460,FCAST-005840,South,summer_storm,5,1726,2024-05-29,23.1,10.07875,96.381,1000.7,97.7,31.42,75.10694444444444
SP-01461,FCAST-005841,South,southwest_monsoon,8,2110,2024-08-25,16.5,9.221388888888889,288.599,1002.3,100.0,30.5,75.17638888888888
SP-01461,FCAST-005842,South,tropical_cyclone,10,1789,2023-10-09,37.12,19.07875,389.154,988.1,100.0,29.5,74.975
SP-01461,FCAST-005843,South,summer_storm,4,527,2020-04-25,23.1,9.65638888888889,100.54599999999999,1000.9,96.9,32.2,74.72916666666667
SP-01461,FCAST-005844,South,heatwave,3,1569,2023-03-03,6.6,3.9652777777777777,48.699,1005.5,69.5,37.0,74.85277777777777
SP-01462,FCAST-005845,South,summer_storm,4,2117,2024-04-17,23.1,10.109583333333333,99.612,1000.2,97.8,32.05,75.20555555555556
SP-01462,FCAST-005846,South,southwest_monsoon,8,1516,2022-08-25,16.5,9.062777777777777,290.272,1003.3,100.0,30.5,75.15694444444445
SP-01462,FCAST-005847,South,heatwave,3,634,2020-03-26,6.6,3.967361111111111,51.085,1005.9,70.7,37.0,74.83888888888889
SP-01462,FCAST-005848,South,tropical_cyclone,11,2329,2024-11-15,37.12,18.659166666666668,387.348,988.5,100.0,29.5,74.88749999999999
SP-01463,FCAST-005849,South,southwest_monsoon,8,1851,2024-08-19,16.5,8.921666666666667,289.691,1003.1,99.6,30.5,75.11944444444445
SP-01463,FCAST-005850,South,summer_storm,5,296,2020-05-17,23.1,10.020416666666668,94.448,1000.6,98.4,31.68,74.96111111111111
SP-01463,FCAST-005851,South,tropical_cyclone,10,806,2021-10-09,37.12,18.808194444444446,391.564,988.0,100.0,29.5,75.03055555555555
SP-01463,FCAST-005852,South,heatwave,4,1346,2023-04-02,6.6,4.039444444444444,44.317,1005.8,73.3,37.0,75.19861111111112
SP-01464,FCAST-005853,South,summer_storm,4,363,2022-04-13,23.1,9.21638888888889,101.963,1000.2,98.8,31.77,75.21527777777777
SP-01464,FCAST-005854,South,tropical_cyclone,9,507,2022-09-04,37.12,18.63125,387.989,988.3,100.0,29.5,75.0375
SP-01464,FCAST-005855,South,heatwave,3,324,2022-03-05,6.6,3.864166666666667,50.656,1005.7,75.9,37.0,75.55555555555556
SP-01464,FCAST-005856,South,southwest_monsoon,8,117,2021-08-10,16.5,8.987916666666667,289.213,1002.8,100.0,30.5,74.87222222222222
SP-01465,FCAST-005857,South,southwest_monsoon,6,1153,2021-06-15,16.5,8.587361111111111,287.203,1002.7,100.0,30.5,74.72638888888889
SP-01465,FCAST-005858,South,heatwave,4,1097,2021-04-20,6.6,3.925694444444444,48.253,1005.5,72.6,37.0,74.94583333333334
SP-01465,FCAST-005859,South,tropical_cyclone,11,1657,2022-11-01,37.12,18.98375,390.587,988.0,100.0,29.5,74.64583333333333
SP-01465,FCAST-005860,South,summer_storm,4,738,2020-04-26,23.1,9.550138888888888,94.959,1000.7,98.2,32.3,75.19861111111112
SP-01466,FCAST-005861,South,tropical_cyclone,10,1354,2022-10-27,37.12,18.886666666666667,386.842,988.4,100.0,29.5,75.01527777777778
SP-01466,FCAST-005862,South,heatwave,3,752,2021-03-04,6.6,3.9940277777777777,47.684,1006.4,72.2,37.0,74.91111111111111
SP-01466,FCAST-005863,South,summer_storm,5,834,2021-05-25,23.1,9.469583333333333,96.639,999.9,98.4,32.04,75.44305555555555
SP-01466,FCAST-005864,South,southwest_monsoon,8,1647,2023-08-16,16.5,8.884861111111112,284.161,1002.3,100.0,30.5,75.41111111111111
SP-01467,FCAST-005865,South,tropical_cyclone,11,15,2019-11-17,37.12,19.299444444444443,391.172,988.3,100.0,29.5,74.72638888888889
SP-01467,FCAST-005866,South,heatwave,4,899,2022-04-19,6.6,4.102777777777778,49.27,1005.9,70.6,37.0,74.79444444444444
SP-01467,FCAST-005867,South,southwest_monsoon,9,332,2020-09-29,16.5,9.033333333333333,295.627,1003.2,99.0,30.5,75.05833333333334
SP-01467,FCAST-005868,South,summer_storm,5,1649,2024-05-08,23.1,9.685,110.083,1000.0,98.8,31.95,75.39027777777778
SP-01468,FCAST-005869,South,heatwave,3,1045,2024-03-24,6.6,3.854861111111111,51.483,1005.7,69.8,37.0,75.26527777777778
SP-01468,FCAST-005870,South,southwest_monsoon,6,1125,2024-06-12,16.5,8.691388888888888,289.813,1002.3,99.6,30.5,75.30416666666666
SP-01468,FCAST-005871,South,tropical_cyclone,8,458,2022-08-15,37.12,19.11125,386.188,988.1,100.0,29.5,75.03888888888889
SP-01468,FCAST-005872,South,summer_storm,5,1089,2024-05-07,23.1,10.329027777777778,96.81,1000.1,99.2,31.56,75.04166666666667
SP-01469,FCAST-005873,South,tropical_cyclone,8,611,2023-08-30,37.12,18.77027777777778,393.173,988.3,100.0,29.5,75.16944444444444
SP-01469,FCAST-005874,South,southwest_monsoon,7,191,2022-07-06,16.5,9.098611111111111,289.133,1002.2,100.0,30.5,75.21944444444445
SP-01469,FCAST-005875,South,summer_storm,5,507,2023-05-18,23.1,9.785833333333334,97.134,1000.0,98.1,31.38,75.0
SP-01469,FCAST-005876,South,heatwave,4,476,2023-04-17,6.6,4.0065277777777775,47.81,1005.7,68.7,37.0,75.44166666666666
SP-01470,FCAST-005877,South,summer_storm,5,910,2024-05-16,23.1,9.505972222222221,95.24,999.8,96.5,31.44,74.8138888888889
SP-01470,FCAST-005878,South,southwest_monsoon,7,976,2024-07-21,16.5,8.799166666666666,294.688,1002.7,99.5,30.5,75.17361111111111
SP-01470,FCAST-005879,South,heatwave,3,129,2022-03-27,6.6,4.011388888888889,50.825,1005.9,68.6,37.0,74.99027777777778
SP-01470,FCAST-005880,South,tropical_cyclone,11,360,2022-11-13,37.12,18.928749999999997,384.798,988.5,100.0,29.5,75.07916666666667
SP-01471,FCAST-005881,South,tropical_cyclone,8,743,2023-08-14,37.12,18.90875,394.452,988.3,100.0,29.5,74.69166666666666
SP-01471,FCAST-005882,South,heatwave,4,258,2022-04-16,6.6,3.9833333333333334,57.761,1005.8,69.6,37.0,74.83888888888889
SP-01471,FCAST-005883,South,summer_storm,4,252,2022-04-10,23.1,9.374305555555557,93.18299999999999,1000.1,98.0,32.55,74.82361111111112
SP-01471,FCAST-005884,South,southwest_monsoon,9,772,2023-09-12,16.5,8.76152777777778,292.213,1003.0,99.3,30.5,74.96111111111111
SP-01472,FCAST-005885,South,southwest_monsoon,7,30,2020-07-05,16.5,9.013333333333334,296.116,1003.0,100.0,30.5,74.9375
SP-01472,FCAST-005886,South,tropical_cyclone,8,1164,2023-08-13,37.12,18.947916666666668,386.125,988.5,100.0,29.5,75.0638888888889
SP-01472,FCAST-005887,South,summer_storm,4,1421,2024-04-26,23.1,9.604027777777778,96.216,1000.1,97.3,32.24,74.76805555555556
SP-01472,FCAST-005888,South,heatwave,3,643,2022-03-10,6.6,3.5945833333333335,46.286,1005.8,69.6,37.0,74.69166666666666
SP-01473,FCAST-005889,South,heatwave,3,2058,2024-03-16,6.6,4.023888888888889,43.863,1006.3,70.1,37.0,74.85138888888889
SP-01473,FCAST-005890,South,southwest_monsoon,8,1484,2022-08-20,16.5,8.757361111111111,282.368,1003.0,100.0,30.5,74.30416666666666
SP-01473,FCAST-005891,South,summer_storm,4,1363,2022-04-21,23.1,9.707916666666668,95.967,999.4,98.1,31.34,74.84305555555555
SP-01473,FCAST-005892,South,tropical_cyclone,10,1891,2023-10-01,37.12,19.19986111111111,390.546,987.7,100.0,29.5,74.96666666666667
SP-01474,FCAST-005893,South,southwest_monsoon,9,1877,2024-09-25,16.5,8.878472222222221,288.262,1002.9,100.0,30.5,75.07777777777778
SP-01474,FCAST-005894,South,tropical_cyclone,8,377,2020-08-17,37.12,18.78763888888889,386.282,988.5,100.0,29.5,75.23611111111111
SP-01474,FCAST-005895,South,heatwave,4,1718,2024-04-19,6.6,4.051805555555556,51.863,1006.0,66.9,37.0,75.08472222222223
SP-01474,FCAST-005896,South,summer_storm,5,1025,2022-05-27,23.1,9.611527777777777,97.502,1000.5,97.8,32.44,75.41388888888889
SP-01475,FCAST-005897,South,summer_storm,5,1419,2024-05-11,23.1,9.9225,95.1,1000.5,98.7,31.67,75.55694444444445
SP-01475,FCAST-005898,South,southwest_monsoon,7,747,2022-07-09,16.5,8.927638888888888,287.897,1002.9,100.0,30.5,75.36250000000001
SP-01475,FCAST-005899,South,tropical_cyclone,10,1217,2023-10-22,37.12,19.008333333333333,388.771,987.6,100.0,29.5,75.22361111111111
SP-01475,FCAST-005900,South,heatwave,3,625,2022-03-09,6.6,3.844861111111111,40.658,1006.1,70.1,37.0,74.93194444444445
SP-01476,FCAST-005901,South,southwest_monsoon,6,1171,2023-06-06,16.5,8.824722222222222,297.558,1003.2,100.0,30.5,75.00277777777778
SP-01476,FCAST-005902,South,summer_storm,5,64,2020-05-25,23.1,10.091944444444444,95.774,1000.0,100.0,32.86,75.21527777777777
SP-01476,FCAST-005903,South,heatwave,3,1818,2025-03-14,6.6,3.9124999999999996,45.857,1005.9,70.7,37.0,74.94861111111112
SP-01476,FCAST-005904,South,tropical_cyclone,10,943,2022-10-21,37.12,18.671805555555554,385.307,988.3,100.0,29.5,74.98611111111111
SP-01477,FCAST-005905,South,southwest_monsoon,7,2107,2024-07-01,16.5,8.67361111111111,286.655,1003.3,99.3,30.5,75.05277777777778
SP-01477,FCAST-005906,South,summer_storm,5,2071,2024-05-26,23.1,9.848611111111111,99.381,1000.2,97.3,32.66,75.17361111111111
SP-01477,FCAST-005907,South,heatwave,4,2020,2024-04-05,6.6,3.910555555555556,46.865,1006.0,75.6,37.0,75.30555555555556
SP-01477,FCAST-005908,South,tropical_cyclone,10,2211,2024-10-13,37.12,18.63611111111111,389.804,988.5,100.0,29.5,75.01944444444445
SP-01478,FCAST-005909,South,summer_storm,5,715,2023-05-24,23.1,9.544027777777778,100.509,1000.0,100.0,32.75,74.95833333333333
SP-01478,FCAST-005910,South,tropical_cyclone,8,1158,2024-08-09,37.12,18.858888888888888,391.416,988.7,100.0,29.5,75.20138888888889
SP-01478,FCAST-005911,South,heatwave,4,682,2023-04-21,6.6,3.995694444444444,43.567,1005.7,74.3,37.0,74.9125
SP-01478,FCAST-005912,South,southwest_monsoon,8,449,2022-08-31,16.5,9.190000000000001,288.401,1002.7,100.0,30.5,74.85694444444444
SP-01479,FCAST-005913,South,heatwave,3,1771,2024-03-24,6.6,4.070138888888889,44.521,1005.7,71.0,37.0,74.94166666666666
SP-01479,FCAST-005914,South,southwest_monsoon,6,1841,2024-06-02,16.5,8.688611111111111,285.194,1003.1,100.0,30.5,74.91388888888889
SP-01479,FCAST-005915,South,tropical_cyclone,10,868,2021-10-03,37.12,18.760694444444443,387.158,987.9,100.0,29.5,75.06944444444444
SP-01479,FCAST-005916,South,summer_storm,5,1815,2024-05-07,23.1,9.63625,102.032,1000.4,97.7,31.86,74.82499999999999
SP-01480,FCAST-005917,South,southwest_monsoon,9,2053,2023-09-19,16.5,9.196666666666665,286.812,1002.4,100.0,30.5,75.20277777777778
SP-01480,FCAST-005918,South,tropical_cyclone,9,1693,2022-09-24,37.12,18.86638888888889,390.195,988.7,100.0,29.5,74.70972222222223
SP-01480,FCAST-005919,South,heatwave,3,2244,2024-03-28,6.6,3.848333333333333,46.528,1005.1,71.7,37.0,75.3111111111111
SP-01480,FCAST-005920,South,summer_storm,5,2292,2024-05-15,23.1,10.002222222222223,95.45,1000.1,98.7,32.1,75.14166666666667
SP-01481,FCAST-005921,South,southwest_monsoon,7,1250,2024-07-25,16.5,9.092222222222222,293.248,1001.6,100.0,30.5,75.30694444444445
SP-01481,FCAST-005922,South,heatwave,3,749,2023-03-12,6.6,4.048611111111111,49.44,1005.8,72.0,37.0,75.05555555555556
SP-01481,FCAST-005923,South,tropical_cyclone,8,1258,2024-08-02,37.12,19.152083333333334,383.958,988.4,100.0,29.5,74.92777777777778
SP-01481,FCAST-005924,South,summer_storm,5,89,2021-05-21,23.1,9.426666666666668,98.152,1000.5,98.5,32.0,74.77638888888889
SP-01482,FCAST-005925,South,summer_storm,5,338,2020-05-26,23.1,9.960138888888888,97.337,1000.4,98.4,32.02,75.2875
SP-01482,FCAST-005926,South,tropical_cyclone,9,1911,2024-09-15,37.12,19.060694444444444,384.209,988.5,100.0,29.5,75.37777777777778
SP-01482,FCAST-005927,South,heatwave,4,1396,2023-04-19,6.6,3.9709722222222226,41.154,1005.4,70.4,37.0,74.78888888888889
SP-01482,FCAST-005928,South,southwest_monsoon,6,1082,2022-06-09,16.5,9.224583333333333,293.494,1002.4,100.0,30.5,74.98888888888888
SP-01483,FCAST-005929,South,summer_storm,4,1228,2023-04-13,23.1,9.378055555555555,97.909,1000.2,99.7,32.09,74.975
SP-01483,FCAST-005930,South,tropical_cyclone,9,641,2021-09-03,37.12,18.799444444444443,388.768,988.5,100.0,29.5,75.30416666666666
SP-01483,FCAST-005931,South,southwest_monsoon,8,985,2022-08-13,16.5,9.064305555555556,287.612,1002.5,100.0,30.5,75.30694444444445
SP-01483,FCAST-005932,South,heatwave,3,1580,2024-03-30,6.6,3.7265277777777777,48.123999999999995,1005.8,71.0,37.0,74.61666666666666
SP-01484,FCAST-005933,South,summer_storm,5,1227,2022-05-07,23.1,9.762222222222222,95.939,1000.1,96.7,32.52,74.91805555555555
SP-01484,FCAST-005934,South,tropical_cyclone,9,1356,2022-09-13,37.12,18.633333333333333,386.431,988.5,100.0,29.5,74.88472222222222
SP-01484,FCAST-005935,South,southwest_monsoon,6,1619,2023-06-03,16.5,8.961944444444445,289.982,1002.5,100.0,30.5,74.94305555555555
SP-01484,FCAST-005936,South,heatwave,3,1552,2023-03-28,6.6,4.158055555555555,42.651,1005.4,71.9,37.0,74.9375
SP-01485,FCAST-005937,South,heatwave,4,2174,2024-04-05,6.6,3.846388888888889,43.791,1006.0,68.5,37.0,74.84027777777777
SP-01485,FCAST-005938,South,southwest_monsoon,8,102,2018-08-03,16.5,9.038611111111111,289.084,1002.8,99.8,30.5,75.01527777777778
SP-01485,FCAST-005939,South,summer_storm,4,1454,2022-04-16,23.1,9.785694444444445,102.442,1000.2,98.5,31.64,75.36944444444445
SP-01485,FCAST-005940,South,tropical_cyclone,9,868,2020-09-07,37.12,18.92763888888889,388.737,987.7,100.0,29.5,75.16388888888889
SP-01486,FCAST-005941,South,heatwave,3,392,2021-03-16,6.6,4.101111111111112,45.973,1005.4,73.8,37.0,74.69444444444444
SP-01486,FCAST-005942,South,tropical_cyclone,9,221,2020-09-26,37.12,19.00347222222222,385.387,988.3,100.0,29.5,75.125
SP-01486,FCAST-005943,South,southwest_monsoon,8,540,2021-08-11,16.5,8.66125,285.863,1003.1,100.0,30.5,75.20972222222223
SP-01486,FCAST-005944,South,summer_storm,5,816,2022-05-14,23.1,9.67597222222222,96.001,1000.0,98.8,31.52,74.22083333333333
SP-01487,FCAST-005945,South,summer_storm,5,1069,2024-05-12,23.1,9.70513888888889,103.84700000000001,1000.3,98.4,31.78,75.18333333333334
SP-01487,FCAST-005946,South,southwest_monsoon,8,807,2023-08-24,16.5,8.888333333333334,291.296,1002.8,100.0,30.5,74.65277777777777
SP-01487,FCAST-005947,South,heatwave,3,291,2022-03-26,6.6,4.165555555555556,46.199,1006.1,69.4,37.0,75.22777777777777
SP-01487,FCAST-005948,South,tropical_cyclone,10,504,2022-10-25,37.12,18.85375,387.233,988.3,100.0,29.5,74.47777777777777
SP-01488,FCAST-005949,South,tropical_cyclone,11,2034,2024-11-26,37.12,19.106944444444444,384.318,987.8,100.0,29.5,74.63749999999999
SP-01488,FCAST-005950,South,southwest_monsoon,6,1150,2022-06-26,16.5,9.120833333333334,283.379,1002.2,100.0,30.5,74.79166666666667
SP-01488,FCAST-005951,South,summer_storm,5,1110,2022-05-17,23.1,9.946805555555555,100.092,1000.5,98.0,32.49,74.61527777777778
SP-01488,FCAST-005952,South,heatwave,3,687,2021-03-20,6.6,3.9480555555555554,50.684,1006.1,71.6,37.0,75.02916666666667
SP-01489,FCAST-005953,South,southwest_monsoon,7,953,2024-07-02,16.5,9.11138888888889,288.523,1003.0,100.0,30.5,75.00416666666666
SP-01489,FCAST-005954,South,tropical_cyclone,8,988,2024-08-06,37.12,18.98763888888889,387.942,988.5,100.0,29.5,75.08055555555556
SP-01489,FCAST-005955,South,summer_storm,5,915,2024-05-25,23.1,9.94111111111111,104.193,1000.5,97.7,31.93,74.89027777777778
SP-01489,FCAST-005956,South,heatwave,3,124,2022-03-26,6.6,3.927361111111111,49.36,1005.8,68.4,37.0,74.9125
SP-01490,FCAST-005957,South,summer_storm,4,393,2020-04-05,23.1,9.779166666666667,90.243,1000.2,98.4,32.07,75.10416666666667
SP-01490,FCAST-005958,South,tropical_cyclone,11,1360,2022-11-28,37.12,18.745416666666667,385.991,988.0,100.0,29.5,75.05972222222222
SP-01490,FCAST-005959,South,southwest_monsoon,7,1954,2024-07-14,16.5,9.151111111111112,283.931,1002.6,100.0,30.5,74.95138888888889
SP-01490,FCAST-005960,South,heatwave,4,42,2019-04-20,6.6,3.8415277777777774,48.66,1005.6,68.9,37.0,75.29444444444444
SP-01491,FCAST-005961,South,heatwave,3,991,2023-03-03,6.6,3.923333333333334,50.279,1006.1,69.0,37.0,75.11944444444445
SP-01491,FCAST-005962,South,summer_storm,4,1034,2023-04-15,23.1,9.227638888888889,103.779,1000.4,98.1,31.98,74.80555555555556
SP-01491,FCAST-005963,South,southwest_monsoon,9,819,2022-09-12,16.5,9.053333333333335,296.276,1002.6,100.0,30.5,74.76805555555556
SP-01491,FCAST-005964,South,tropical_cyclone,10,485,2021-10-13,37.12,18.88875,392.019,988.6,100.0,29.5,74.64722222222223
SP-01492,FCAST-005965,South,tropical_cyclone,11,867,2021-11-01,37.12,18.78666666666667,389.75,988.4,100.0,29.5,75.23888888888888
SP-01492,FCAST-005966,South,heatwave,3,636,2021-03-15,6.6,3.842638888888889,51.489,1005.7,69.8,37.0,75.22916666666667
SP-01492,FCAST-005967,South,southwest_monsoon,6,1814,2024-06-05,16.5,8.749027777777778,286.928,1003.2,100.0,30.5,75.38333333333334
SP-01492,FCAST-005968,South,summer_storm,5,1426,2023-05-14,23.1,9.205555555555556,95.24,999.9,97.2,32.24,75.43333333333334
SP-01493,FCAST-005969,South,tropical_cyclone,11,1014,2023-11-19,37.12,19.019861111111112,392.16700000000003,989.0,100.0,29.5,75.00694444444444
SP-01493,FCAST-005970,South,heatwave,4,425,2022-04-09,6.6,3.9055555555555554,55.609,1005.9,68.4,37.0,74.97083333333333
SP-01493,FCAST-005971,South,southwest_monsoon,7,537,2022-07-30,16.5,9.209861111111111,286.009,1003.0,100.0,30.5,75.17361111111111
SP-01493,FCAST-005972,South,summer_storm,4,1152,2024-04-05,23.1,9.570694444444445,100.738,999.8,97.9,32.59,74.83888888888889
SP-01494,FCAST-005973,South,heatwave,3,943,2024-03-11,6.6,3.839722222222222,46.787,1005.1,69.7,37.0,74.87916666666666
SP-01494,FCAST-005974,South,summer_storm,4,603,2023-04-06,23.1,10.040555555555555,98.824,1000.6,98.7,31.95,75.09861111111111
SP-01494,FCAST-005975,South,tropical_cyclone,8,368,2022-08-14,37.12,18.968611111111112,381.59,988.1,100.0,29.5,75.13055555555555
SP-01494,FCAST-005976,South,southwest_monsoon,8,728,2023-08-09,16.5,8.920416666666666,282.75600000000003,1002.6,100.0,30.5,75.16805555555555
SP-01495,FCAST-005977,South,summer_storm,4,536,2021-04-28,23.1,10.200694444444444,99.501,1000.1,96.6,32.04,75.4
SP-01495,FCAST-005978,South,southwest_monsoon,6,1688,2024-06-23,16.5,8.791666666666666,284.569,1002.2,100.0,30.5,75.13055555555555
SP-01495,FCAST-005979,South,heatwave,4,1258,2023-04-20,6.6,4.023472222222222,50.791,1005.9,70.9,37.0,75.09583333333333
SP-01495,FCAST-005980,South,tropical_cyclone,9,316,2020-09-20,37.12,19.214166666666667,385.804,988.0,100.0,29.5,74.98055555555555
SP-01496,FCAST-005981,South,heatwave,3,510,2022-03-11,6.6,3.886388888888889,50.506,1005.4,70.6,37.0,75.04027777777777
SP-01496,FCAST-005982,South,southwest_monsoon,7,1007,2023-07-21,16.5,9.320972222222222,284.27,1002.1,100.0,30.5,75.19583333333334
SP-01496,FCAST-005983,South,summer_storm,4,551,2022-04-21,23.1,9.418055555555556,97.283,1000.4,97.1,32.11,74.66944444444444
SP-01496,FCAST-005984,South,tropical_cyclone,10,733,2022-10-20,37.12,19.03375,392.204,988.0,100.0,29.5,75.19583333333334
SP-01497,FCAST-005985,South,summer_storm,4,1026,2023-04-14,23.1,9.806805555555556,111.211,1000.1,96.6,31.6,74.89027777777778
SP-01497,FCAST-005986,South,southwest_monsoon,6,4,2020-06-26,16.5,9.024999999999999,284.985,1002.8,100.0,30.5,75.17361111111111
SP-01497,FCAST-005987,South,tropical_cyclone,8,779,2022-08-10,37.12,18.94375,386.462,988.7,100.0,29.5,74.74166666666666
SP-01497,FCAST-005988,South,heatwave,3,1356,2024-03-09,6.6,3.7681944444444446,57.538,1006.0,71.9,37.0,75.44583333333334
SP-01498,FCAST-005989,South,tropical_cyclone,10,1114,2024-10-06,37.12,19.020416666666666,383.736,987.8,100.0,29.5,74.66388888888889
SP-01498,FCAST-005990,South,heatwave,4,927,2024-04-02,6.6,3.7845833333333334,53.626,1005.7,69.3,37.0,74.96111111111111
SP-01498,FCAST-005991,South,summer_storm,4,931,2024-04-06,23.1,9.3625,99.74,1000.2,97.8,33.26,75.33611111111111
SP-01498,FCAST-005992,South,southwest_monsoon,9,1091,2024-09-13,16.5,9.244166666666667,285.458,1002.9,100.0,30.5,75.18472222222222
SP-01499,FCAST-005993,South,tropical_cyclone,10,590,2022-10-15,37.12,18.605416666666667,386.743,988.7,100.0,29.5,75.07638888888889
SP-01499,FCAST-005994,South,heatwave,4,1139,2024-04-16,6.6,3.8947222222222226,38.199,1006.0,71.5,37.0,74.93333333333334
SP-01499,FCAST-005995,South,summer_storm,4,412,2022-04-20,23.1,9.586944444444445,106.568,999.8,98.9,32.09,74.91944444444444
SP-01499,FCAST-005996,South,southwest_monsoon,7,866,2023-07-18,16.5,9.25375,290.013,1003.0,100.0,30.5,74.97361111111111
SP-01500,FCAST-005997,South,summer_storm,4,1030,2022-04-07,23.1,10.120972222222223,99.722,1000.1,96.0,32.21,75.10555555555555
SP-01500,FCAST-005998,South,southwest_monsoon,8,420,2020-08-05,16.5,8.987222222222222,283.642,1002.4,100.0,30.5,74.77916666666667
SP-01500,FCAST-005999,South,tropical_cyclone,9,1561,2023-09-20,37.12,19.165694444444444,393.205,988.3,100.0,29.5,74.69305555555555
SP-01500,FCAST-006000,South,heatwave,4,1779,2024-04-25,6.6,3.8301388888888885,44.769,1006.2,69.7,37.0,75.07499999999999
SP-01501,FCAST-006001,South,southwest_monsoon,7,891,2020-07-24,16.5,8.912222222222221,285.507,1002.4,100.0,30.5,74.84166666666667
SP-01501,FCAST-006002,South,tropical_cyclone,9,208,2018-09-10,37.12,18.787916666666668,385.762,987.6,100.0,29.5,75.29444444444444
SP-01501,FCAST-006003,South,heatwave,3,2580,2025-03-09,6.6,3.906111111111111,46.386,1006.0,68.6,37.0,74.60416666666667
SP-01501,FCAST-006004,South,summer_storm,5,2289,2024-05-22,23.1,9.649305555555555,101.13,1000.1,98.2,31.41,75.04444444444444
SP-01502,FCAST-006005,South,southwest_monsoon,8,793,2022-08-05,16.5,8.746944444444445,285.163,1003.0,99.8,30.5,74.94861111111112
SP-01502,FCAST-006006,South,tropical_cyclone,8,1549,2024-08-30,37.12,18.877083333333335,388.722,988.0,100.0,29.5,74.83472222222223
SP-01502,FCAST-006007,South,heatwave,4,319,2021-04-18,6.6,3.9951388888888886,50.231,1005.2,73.6,37.0,74.64444444444445
SP-01502,FCAST-006008,South,summer_storm,5,357,2021-05-26,23.1,9.537083333333333,102.923,1000.2,97.8,31.81,74.38611111111112
SP-01503,FCAST-006009,South,tropical_cyclone,10,1503,2022-10-28,37.12,18.774444444444445,388.778,988.5,100.0,29.5,75.01111111111112
SP-01503,FCAST-006010,South,heatwave,4,580,2020-04-18,6.6,3.7138888888888886,53.076,1006.0,70.9,37.0,75.30555555555556
SP-01503,FCAST-006011,South,southwest_monsoon,8,704,2020-08-20,16.5,9.194583333333334,292.136,1003.5,100.0,30.5,74.91388888888889
SP-01503,FCAST-006012,South,summer_storm,4,591,2020-04-29,23.1,9.764305555555556,101.681,1000.1,98.6,31.85,74.52916666666667
SP-01504,FCAST-006013,South,summer_storm,5,563,2023-05-07,23.1,9.25875,100.928,1000.4,98.0,32.21,75.06527777777778
SP-01504,FCAST-006014,South,tropical_cyclone,11,29,2021-11-19,37.12,19.052083333333332,388.129,987.6,100.0,29.5,74.79444444444444
SP-01504,FCAST-006015,South,southwest_monsoon,7,647,2023-07-30,16.5,8.959583333333335,292.096,1003.2,100.0,30.5,74.91666666666667
SP-01504,FCAST-006016,South,heatwave,4,178,2022-04-17,6.6,3.8701388888888886,53.898,1005.4,72.1,37.0,74.6888888888889
SP-01505,FCAST-006017,South,summer_storm,5,1205,2023-05-04,23.1,10.04861111111111,98.209,999.8,99.7,31.75,74.93333333333334
SP-01505,FCAST-006018,South,tropical_cyclone,10,655,2021-10-31,37.12,18.554027777777776,388.238,988.1,100.0,29.5,75.03472222222223
SP-01505,FCAST-006019,South,southwest_monsoon,6,1604,2024-06-06,16.5,8.854583333333332,290.888,1003.2,98.9,30.5,74.74027777777778
SP-01505,FCAST-006020,South,heatwave,3,1510,2024-03-04,6.6,3.9755555555555557,59.307,1005.9,69.0,37.0,75.20972222222223
SP-01506,FCAST-006021,South,summer_storm,5,1834,2024-05-18,23.1,9.745555555555557,99.696,1000.5,98.5,31.71,75.42083333333333
SP-01506,FCAST-006022,South,heatwave,3,303,2020-03-09,6.6,4.117916666666667,49.36,1006.3,72.6,37.0,75.29305555555555
SP-01506,FCAST-006023,South,southwest_monsoon,9,1582,2023-09-09,16.5,9.207083333333333,287.087,1002.8,100.0,30.5,74.50694444444444
SP-01506,FCAST-006024,South,tropical_cyclone,10,169,2019-10-27,37.12,18.81361111111111,385.29,988.6,100.0,29.5,74.90694444444445
SP-01507,FCAST-006025,South,tropical_cyclone,10,1431,2024-10-10,37.12,18.825555555555557,386.989,988.0,100.0,29.5,74.92638888888888
SP-01507,FCAST-006026,South,heatwave,4,529,2022-04-22,6.6,4.055,60.024,1005.9,70.6,37.0,75.16388888888889
SP-01507,FCAST-006027,South,summer_storm,4,162,2021-04-20,23.1,9.400555555555556,98.21,1000.5,97.8,32.41,74.9625
SP-01507,FCAST-006028,South,southwest_monsoon,6,224,2021-06-21,16.5,8.737916666666667,285.767,1002.7,100.0,30.5,74.96111111111111
SP-01508,FCAST-006029,South,tropical_cyclone,9,524,2021-09-28,37.12,18.973888888888887,386.549,988.5,100.0,29.5,74.90277777777777
SP-01508,FCAST-006030,South,southwest_monsoon,8,1576,2024-08-15,16.5,9.2475,292.189,1002.9,99.7,30.5,75.11250000000001
SP-01508,FCAST-006031,South,summer_storm,5,1494,2024-05-25,23.1,9.701666666666666,96.909,1000.2,97.3,31.45,74.8375
SP-01508,FCAST-006032,South,heatwave,3,1063,2023-03-21,6.6,3.9663888888888885,49.983,1005.4,69.6,37.0,75.06527777777778
SP-01509,FCAST-006033,South,heatwave,3,532,2023-03-27,6.6,3.9040277777777774,49.137,1005.4,71.2,37.0,74.9388888888889
SP-01509,FCAST-006034,South,summer_storm,4,912,2024-04-10,23.1,10.074444444444445,102.379,1000.4,96.4,32.16,75.31666666666666
SP-01509,FCAST-006035,South,southwest_monsoon,6,992,2024-06-29,16.5,9.086527777777778,286.523,1003.1,98.9,30.5,74.80694444444445
SP-01509,FCAST-006036,South,tropical_cyclone,10,1105,2024-10-20,37.12,19.206527777777776,391.827,987.7,100.0,29.5,74.83472222222223
SP-01510,FCAST-006037,South,summer_storm,4,172,2020-04-13,23.1,9.496666666666666,97.549,999.9,97.4,31.55,74.96805555555555
SP-01510,FCAST-006038,South,southwest_monsoon,6,1333,2023-06-18,16.5,9.073333333333332,287.277,1003.0,99.6,30.5,74.78611111111111
SP-01510,FCAST-006039,South,heatwave,4,895,2022-04-06,6.6,3.810833333333333,42.789,1005.3,70.7,37.0,74.86805555555556
SP-01510,FCAST-006040,South,tropical_cyclone,11,1485,2023-11-17,37.12,18.97347222222222,387.818,987.8,100.0,29.5,74.89444444444445
SP-01511,FCAST-006041,South,summer_storm,4,2263,2024-04-18,23.1,9.710555555555555,93.706,1000.6,98.4,31.36,75.13749999999999
SP-01511,FCAST-006042,South,tropical_cyclone,10,2072,2023-10-10,37.12,18.712916666666665,387.97,988.0,100.0,29.5,75.02083333333333
SP-01511,FCAST-006043,South,heatwave,3,774,2020-03-21,6.6,3.737361111111111,46.602,1006.1,70.7,37.0,74.97777777777777
SP-01511,FCAST-006044,South,southwest_monsoon,6,495,2019-06-16,16.5,9.037222222222223,288.966,1002.7,100.0,30.5,74.88888888888889
SP-01512,FCAST-006045,South,summer_storm,4,1653,2023-04-05,23.1,9.838194444444445,93.397,1000.2,97.1,32.33,75.22777777777777
SP-01512,FCAST-006046,South,southwest_monsoon,7,306,2019-07-28,16.5,9.083472222222222,288.381,1002.8,100.0,30.5,75.12916666666666
SP-01512,FCAST-006047,South,heatwave,4,1306,2022-04-23,6.6,3.9145833333333337,50.917,1006.1,69.9,37.0,75.25
SP-01512,FCAST-006048,South,tropical_cyclone,8,320,2019-08-11,37.12,18.951666666666668,384.452,987.9,100.0,29.5,74.83055555555556
SP-01513,FCAST-006049,South,heatwave,3,1769,2024-03-06,6.6,3.9705555555555554,50.417,1005.5,69.2,37.0,75.01666666666667
SP-01513,FCAST-006050,South,tropical_cyclone,10,1614,2023-10-03,37.12,18.913194444444443,390.036,987.4,100.0,29.5,74.55277777777778
SP-01513,FCAST-006051,South,summer_storm,4,1068,2022-04-05,23.1,9.996111111111112,99.507,1000.0,98.2,32.14,75.04027777777777
SP-01513,FCAST-006052,South,southwest_monsoon,7,1889,2024-07-04,16.5,8.790138888888889,285.85,1003.0,99.8,30.5,74.57638888888889
SP-01514,FCAST-006053,South,tropical_cyclone,11,435,2020-11-17,37.12,18.8775,386.735,988.5,100.0,29.5,75.00416666666666
SP-01514,FCAST-006054,South,heatwave,3,543,2021-03-05,6.6,3.7406944444444443,50.017,1005.2,69.0,37.0,74.75833333333334
SP-01514,FCAST-006055,South,southwest_monsoon,9,3,2019-09-12,16.5,9.053611111111111,285.375,1002.4,99.2,30.5,75.18472222222222
SP-01514,FCAST-006056,South,summer_storm,4,1325,2023-04-26,23.1,9.61125,98.904,1000.4,99.6,31.98,75.06527777777778
SP-01515,FCAST-006057,South,southwest_monsoon,9,1385,2024-09-05,16.5,9.115833333333335,287.465,1002.8,100.0,30.5,75.16388888888889
SP-01515,FCAST-006058,South,heatwave,3,1224,2024-03-28,6.6,3.7752777777777777,48.057,1005.8,68.5,37.0,74.73472222222222
SP-01515,FCAST-006059,South,tropical_cyclone,11,1449,2024-11-08,37.12,18.911944444444444,388.501,988.4,100.0,29.5,75.41944444444444
SP-01515,FCAST-006060,South,summer_storm,4,887,2023-04-26,23.1,9.871527777777779,93.03699999999999,1000.4,96.9,32.47,74.9986111111111
SP-01516,FCAST-006061,South,summer_storm,4,584,2021-04-15,23.1,9.559027777777779,101.549,1000.6,100.0,32.28,75.30000000000001
SP-01516,FCAST-006062,South,southwest_monsoon,7,1033,2022-07-08,16.5,9.254444444444445,287.231,1002.5,100.0,30.5,75.63611111111112
SP-01516,FCAST-006063,South,tropical_cyclone,11,800,2021-11-17,37.12,18.729166666666668,386.802,988.4,100.0,29.5,74.71111111111111
SP-01516,FCAST-006064,South,heatwave,3,1277,2023-03-09,6.6,3.9286111111111115,41.801,1006.0,70.5,37.0,75.0638888888889
SP-01517,FCAST-006065,South,tropical_cyclone,9,1759,2023-09-17,37.12,18.61861111111111,390.712,987.9,100.0,29.5,75.05833333333334
SP-01517,FCAST-006066,South,heatwave,3,1196,2022-03-03,6.6,3.8890277777777778,51.072,1006.0,69.1,37.0,75.11250000000001
SP-01517,FCAST-006067,South,southwest_monsoon,8,1351,2022-08-05,16.5,8.793333333333333,287.905,1003.0,100.0,30.5,75.09305555555555
SP-01517,FCAST-006068,South,summer_storm,5,540,2020-05-16,23.1,9.599861111111112,94.703,1000.6,98.0,31.79,75.01944444444445
SP-01518,FCAST-006069,South,southwest_monsoon,6,90,2021-06-12,16.5,9.01152777777778,284.611,1002.4,99.9,30.5,74.79583333333333
SP-01518,FCAST-006070,South,tropical_cyclone,9,1283,2024-09-17,37.12,19.088055555555556,383.21,988.2,100.0,29.5,75.07083333333334
SP-01518,FCAST-006071,South,summer_storm,4,1119,2024-04-06,23.1,9.482083333333334,98.047,1000.6,97.5,31.74,75.27361111111111
SP-01518,FCAST-006072,South,heatwave,4,37,2021-04-20,6.6,3.914861111111111,43.681,1006.2,70.2,37.0,75.09166666666667
SP-01519,FCAST-006073,South,tropical_cyclone,11,537,2022-11-21,37.12,18.965694444444445,385.072,988.0,100.0,29.5,74.87916666666666
SP-01519,FCAST-006074,South,southwest_monsoon,9,107,2021-09-17,16.5,8.905555555555557,284.487,1002.9,100.0,30.5,74.74583333333334
SP-01519,FCAST-006075,South,summer_storm,5,714,2023-05-17,23.1,9.538333333333334,103.287,1000.1,97.7,31.6,74.52222222222223
SP-01519,FCAST-006076,South,heatwave,4,1061,2024-04-28,6.6,3.9122222222222223,46.226,1005.8,70.0,37.0,74.80000000000001
SP-01520,FCAST-006077,South,summer_storm,5,2129,2024-05-02,23.1,10.098888888888888,100.999,1000.2,98.4,31.74,75.33333333333333
SP-01520,FCAST-006078,South,heatwave,4,1387,2022-04-21,6.6,3.917638888888889,52.693,1005.6,70.1,37.0,74.8125
SP-01520,FCAST-006079,South,tropical_cyclone,8,40,2018-08-13,37.12,18.57,385.405,987.7,100.0,29.5,74.70972222222223
SP-01520,FCAST-006080,South,southwest_monsoon,8,1880,2023-08-27,16.5,8.974861111111112,288.972,1003.4,100.0,30.5,75.55694444444445
SP-01521,FCAST-006081,South,heatwave,3,1870,2024-03-23,6.6,4.020277777777777,47.899,1005.7,68.9,37.0,75.01944444444445
SP-01521,FCAST-006082,South,tropical_cyclone,10,968,2021-10-03,37.12,19.268472222222222,389.705,988.1,100.0,29.5,75.19583333333334
SP-01521,FCAST-006083,South,southwest_monsoon,7,902,2021-07-29,16.5,9.20361111111111,292.173,1002.8,99.0,30.5,75.04305555555555
SP-01521,FCAST-006084,South,summer_storm,4,434,2020-04-17,23.1,10.206388888888888,97.851,1000.3,98.1,31.33,75.3138888888889
SP-01522,FCAST-006085,South,tropical_cyclone,11,419,2019-11-15,37.12,19.192638888888887,393.866,988.2,100.0,29.5,74.76249999999999
SP-01522,FCAST-006086,South,summer_storm,4,924,2021-04-03,23.1,9.154583333333333,104.161,1000.3,97.8,32.5,75.36388888888888
SP-01522,FCAST-006087,South,heatwave,4,212,2019-04-22,6.6,3.9341666666666666,48.78,1005.4,70.1,37.0,74.83333333333333
SP-01522,FCAST-006088,South,southwest_monsoon,7,654,2020-07-07,16.5,9.024444444444445,294.848,1002.6,100.0,30.5,74.83055555555556
SP-01523,FCAST-006089,South,summer_storm,4,1753,2024-04-29,23.1,10.145694444444445,96.079,999.8,97.9,31.85,75.25
SP-01523,FCAST-006090,South,southwest_monsoon,8,752,2021-08-02,16.5,8.984027777777778,287.856,1002.8,100.0,30.5,75.04027777777777
SP-01523,FCAST-006091,South,heatwave,4,1748,2024-04-24,6.6,3.998611111111111,42.439,1006.2,73.4,37.0,75.07777777777778
SP-01523,FCAST-006092,South,tropical_cyclone,9,1530,2023-09-19,37.12,18.96055555555556,384.396,988.3,100.0,29.5,75.10138888888889
SP-01524,FCAST-006093,South,summer_storm,5,1072,2023-05-06,23.1,9.866111111111111,94.617,1000.1,97.4,31.77,74.92777777777778
SP-01524,FCAST-006094,South,southwest_monsoon,7,419,2021-07-22,16.5,8.660972222222222,284.562,1002.1,100.0,30.5,74.91944444444444
SP-01524,FCAST-006095,South,heatwave,3,1754,2025-03-18,6.6,3.834027777777778,53.096,1005.5,70.9,37.0,74.69583333333334
SP-01524,FCAST-006096,South,tropical_cyclone,11,536,2021-11-16,37.12,18.970277777777778,390.842,988.7,100.0,29.5,74.77361111111111
SP-01525,FCAST-006097,South,summer_storm,4,724,2020-04-22,23.1,9.81111111111111,100.164,999.7,96.8,31.52,74.6625
SP-01525,FCAST-006098,South,heatwave,4,1081,2021-04-14,6.6,3.9976388888888885,46.559,1005.8,68.9,37.0,74.56944444444444
SP-01525,FCAST-006099,South,tropical_cyclone,11,553,2019-11-03,37.12,18.624861111111112,386.923,987.6,100.0,29.5,75.26111111111112
SP-01525,FCAST-006100,South,southwest_monsoon,7,1542,2022-07-19,16.5,9.006805555555555,291.396,1003.0,100.0,30.5,75.36388888888888
SP-01526,FCAST-006101,South,southwest_monsoon,8,1081,2024-08-26,16.5,9.372083333333332,289.415,1002.1,100.0,30.5,74.86388888888888
SP-01526,FCAST-006102,South,heatwave,3,1269,2025-03-02,6.6,3.9309722222222225,48.277,1006.1,68.2,37.0,75.14444444444445
SP-01526,FCAST-006103,South,tropical_cyclone,9,1103,2024-09-17,37.12,19.093611111111112,388.348,988.3,100.0,29.5,74.78333333333333
SP-01526,FCAST-006104,South,summer_storm,5,965,2024-05-02,23.1,9.466944444444444,105.487,1000.5,99.5,31.75,75.32499999999999
SP-01527,FCAST-006105,South,southwest_monsoon,9,655,2023-09-03,16.5,9.07625,287.963,1002.5,100.0,30.5,75.30972222222222
SP-01527,FCAST-006106,South,heatwave,3,1226,2025-03-27,6.6,3.840694444444444,47.115,1005.8,69.6,36.99,75.13055555555555
SP-01527,FCAST-006107,South,summer_storm,4,152,2022-04-18,23.1,9.696944444444444,95.623,999.7,98.0,32.49,74.61944444444445
SP-01527,FCAST-006108,South,tropical_cyclone,8,260,2022-08-04,37.12,18.901944444444446,394.958,988.4,100.0,29.5,75.15555555555555
SP-01528,FCAST-006109,South,tropical_cyclone,11,1460,2024-11-09,37.12,18.907083333333333,392.652,987.9,100.0,29.5,74.78333333333333
SP-01528,FCAST-006110,South,heatwave,3,1572,2025-03-01,6.6,4.008611111111112,48.853,1006.0,71.4,37.0,74.76111111111112
SP-01528,FCAST-006111,South,summer_storm,4,149,2021-04-08,23.1,9.730555555555556,97.435,999.8,99.7,32.16,74.98472222222222
SP-01528,FCAST-006112,South,southwest_monsoon,6,1317,2024-06-19,16.5,9.074861111111112,285.903,1003.6,100.0,30.5,75.14861111111111
SP-01529,FCAST-006113,South,heatwave,4,1454,2023-04-22,6.6,4.077361111111111,49.35,1005.7,70.2,37.0,74.90416666666667
SP-01529,FCAST-006114,South,summer_storm,4,1443,2023-04-11,23.1,9.780277777777776,100.753,1000.1,98.1,31.71,75.12777777777778
SP-01529,FCAST-006115,South,southwest_monsoon,8,481,2020-08-22,16.5,9.061527777777778,286.94,1002.8,100.0,30.5,74.50694444444444
SP-01529,FCAST-006116,South,tropical_cyclone,11,204,2019-11-19,37.12,18.863611111111112,387.706,988.7,100.0,29.5,75.18055555555556
SP-01530,FCAST-006117,South,heatwave,4,966,2023-04-03,6.6,4.064444444444444,49.934,1006.0,70.5,37.0,75.3375
SP-01530,FCAST-006118,South,tropical_cyclone,9,1503,2024-09-21,37.12,18.82986111111111,391.085,988.3,100.0,29.5,75.15694444444445
SP-01530,FCAST-006119,South,southwest_monsoon,8,728,2022-08-08,16.5,8.890694444444444,294.744,1002.6,100.0,30.5,74.69166666666666
SP-01530,FCAST-006120,South,summer_storm,5,634,2022-05-06,23.1,9.649027777777778,93.159,1000.4,98.1,31.74,74.82777777777778
SP-01531,FCAST-006121,South,heatwave,3,388,2020-03-14,6.6,3.984027777777778,49.502,1005.7,69.2,37.0,74.50833333333334
SP-01531,FCAST-006122,South,southwest_monsoon,7,878,2021-07-17,16.5,8.726527777777777,292.587,1002.2,100.0,30.5,74.57361111111112
SP-01531,FCAST-006123,South,summer_storm,5,1918,2024-05-22,23.1,9.695555555555556,95.106,1000.1,97.8,32.15,75.24722222222222
SP-01531,FCAST-006124,South,tropical_cyclone,8,535,2020-08-08,37.12,18.90902777777778,389.605,988.3,100.0,29.5,74.94027777777778
SP-01532,FCAST-006125,South,tropical_cyclone,9,1449,2024-09-07,37.12,19.050277777777776,386.123,988.0,100.0,29.5,75.23888888888888
SP-01532,FCAST-006126,South,southwest_monsoon,8,707,2022-08-27,16.5,9.103472222222223,282.884,1002.7,100.0,30.5,74.87222222222222
SP-01532,FCAST-006127,South,heatwave,4,933,2023-04-10,6.6,4.003333333333334,50.368,1006.2,70.1,37.0,75.28194444444445
SP-01532,FCAST-006128,South,summer_storm,5,252,2021-05-29,23.1,9.72013888888889,103.198,1000.4,98.9,32.75,74.95972222222223
SP-01533,FCAST-006129,South,summer_storm,4,1279,2024-04-15,23.1,9.573749999999999,97.743,1000.2,98.6,32.24,75.0013888888889
SP-01533,FCAST-006130,South,southwest_monsoon,7,1000,2023-07-11,16.5,8.765972222222222,284.862,1002.9,100.0,30.5,74.79444444444444
SP-01533,FCAST-006131,South,heatwave,3,893,2023-03-26,6.6,3.725972222222222,48.657,1005.7,72.3,37.0,75.0375
SP-01533,FCAST-006132,South,tropical_cyclone,11,1495,2024-11-17,37.12,18.70013888888889,382.612,988.3,100.0,29.5,75.26249999999999
SP-01534,FCAST-006133,South,tropical_cyclone,9,1397,2024-09-19,37.12,19.084166666666665,383.734,987.7,100.0,29.5,74.99166666666666
SP-01534,FCAST-006134,South,heatwave,3,109,2021-03-11,6.6,3.721805555555556,49.556,1005.7,68.0,37.0,75.0611111111111
SP-01534,FCAST-006135,South,summer_storm,4,1238,2024-04-13,23.1,9.568333333333333,96.909,1000.4,97.1,32.03,75.00972222222222
SP-01534,FCAST-006136,South,southwest_monsoon,6,944,2023-06-24,16.5,8.984027777777778,291.399,1003.3,100.0,30.5,75.11944444444445
SP-01535,FCAST-006137,South,southwest_monsoon,8,839,2023-08-07,16.5,9.03875,292.825,1003.2,100.0,30.5,75.30138888888888
SP-01535,FCAST-006138,South,tropical_cyclone,11,574,2022-11-15,37.12,18.790277777777778,390.329,987.8,100.0,29.5,75.15694444444445
SP-01535,FCAST-006139,South,heatwave,4,713,2023-04-03,6.6,4.130694444444445,47.116,1006.0,71.5,37.0,75.21944444444445
SP-01535,FCAST-006140,South,summer_storm,5,383,2022-05-08,23.1,9.360277777777778,99.068,999.9,98.4,32.0,74.89861111111111
SP-01536,FCAST-006141,South,southwest_monsoon,6,214,2022-06-14,16.5,9.110555555555557,289.527,1003.0,98.8,30.5,74.93472222222222
SP-01536,FCAST-006142,South,heatwave,4,892,2024-04-22,6.6,4.014722222222222,49.929,1006.1,69.7,37.0,75.22777777777777
SP-01536,FCAST-006143,South,tropical_cyclone,10,1060,2024-10-07,37.12,18.62527777777778,386.317,987.9,100.0,29.5,75.07361111111112
SP-01536,FCAST-006144,South,summer_storm,5,908,2024-05-08,23.1,9.287638888888889,94.56400000000001,1000.3,99.3,32.29,75.22083333333333
SP-01537,FCAST-006145,South,southwest_monsoon,6,662,2023-06-06,16.5,8.800833333333333,288.887,1003.1,100.0,30.5,75.09722222222223
SP-01537,FCAST-006146,South,heatwave,4,971,2024-04-10,6.6,3.864166666666667,46.405,1005.9,73.3,37.0,74.94583333333334
SP-01537,FCAST-006147,South,summer_storm,4,975,2024-04-14,23.1,9.665972222222223,97.329,1000.2,98.1,32.28,74.92638888888888
SP-01537,FCAST-006148,South,tropical_cyclone,9,393,2022-09-10,37.12,18.762222222222224,397.778,988.5,100.0,29.5,75.15277777777777
SP-01538,FCAST-006149,South,tropical_cyclone,10,422,2022-10-10,37.12,18.94,389.785,987.7,100.0,29.5,74.98333333333333
SP-01538,FCAST-006150,South,southwest_monsoon,8,10,2021-08-24,16.5,9.144861111111112,292.039,1002.9,100.0,30.5,75.35833333333333
SP-01538,FCAST-006151,South,summer_storm,4,248,2022-04-19,23.1,9.751666666666667,99.564,1000.1,99.1,31.5,75.08194444444445
SP-01538,FCAST-006152,South,heatwave,3,934,2024-03-05,6.6,4.010555555555555,46.65,1005.9,68.4,37.0,75.00833333333334
SP-01539,FCAST-006153,South,heatwave,3,462,2020-03-16,6.6,3.7527777777777778,50.26,1005.7,70.4,37.0,74.83333333333333
SP-01539,FCAST-006154,South,tropical_cyclone,11,336,2019-11-11,37.12,18.760694444444443,387.298,988.4,100.0,29.5,74.93333333333334
SP-01539,FCAST-006155,South,southwest_monsoon,7,1326,2022-07-28,16.5,8.819861111111111,293.625,1002.8,100.0,30.5,74.86527777777778
SP-01539,FCAST-006156,South,summer_storm,5,1977,2024-05-09,23.1,9.640277777777778,93.676,999.9,99.3,31.48,74.90694444444445
SP-01540,FCAST-006157,South,tropical_cyclone,9,1028,2024-09-25,37.12,19.273333333333333,387.605,988.0,100.0,29.5,74.94444444444444
SP-01540,FCAST-006158,South,southwest_monsoon,6,557,2023-06-12,16.5,8.646527777777777,292.002,1003.2,99.8,30.5,74.79861111111111
SP-01540,FCAST-006159,South,summer_storm,4,853,2024-04-03,23.1,9.79861111111111,93.33,1000.0,98.0,32.85,74.77222222222223
SP-01540,FCAST-006160,South,heatwave,4,859,2024-04-09,6.6,3.873611111111111,44.696,1005.7,70.2,37.0,75.15555555555555
SP-01541,FCAST-006161,South,southwest_monsoon,8,631,2022-08-13,16.5,8.876527777777778,288.766,1002.6,100.0,30.5,74.59166666666667
SP-01541,FCAST-006162,South,summer_storm,4,865,2023-04-04,23.1,9.706527777777778,97.972,1000.1,98.1,31.23,75.03055555555555
SP-01541,FCAST-006163,South,heatwave,4,1256,2024-04-29,6.6,3.953472222222222,46.93,1005.9,69.7,37.0,74.90416666666667
SP-01541,FCAST-006164,South,tropical_cyclone,11,1097,2023-11-22,37.12,18.891944444444444,389.512,988.5,100.0,29.5,74.81944444444444
SP-01542,FCAST-006165,South,heatwave,4,1488,2024-04-15,6.6,3.874861111111111,44.226,1006.0,74.4,37.0,75.4
SP-01542,FCAST-006166,South,tropical_cyclone,10,219,2020-10-24,37.12,18.726805555555554,383.773,987.9,100.0,29.5,74.63194444444444
SP-01542,FCAST-006167,South,summer_storm,4,389,2021-04-12,23.1,9.788888888888888,94.232,1000.2,98.2,31.52,75.52777777777777
SP-01542,FCAST-006168,South,southwest_monsoon,6,91,2020-06-18,16.5,9.186388888888889,287.42,1002.2,100.0,30.5,74.83611111111111
SP-01543,FCAST-006169,South,summer_storm,4,1084,2024-04-01,23.1,9.668611111111112,100.681,1000.4,97.7,32.43,75.00555555555555
SP-01543,FCAST-006170,South,heatwave,3,715,2023-03-29,6.6,4.079722222222222,50.45,1005.7,68.3,37.0,75.02361111111111
SP-01543,FCAST-006171,South,tropical_cyclone,11,934,2023-11-03,37.12,18.994861111111113,387.464,988.4,100.0,29.5,74.975
SP-01543,FCAST-006172,South,southwest_monsoon,7,832,2023-07-24,16.5,9.071388888888889,288.441,1002.9,100.0,30.5,75.09305555555555
SP-01544,FCAST-006173,South,summer_storm,5,720,2023-05-29,23.1,9.732083333333334,97.935,1000.1,99.9,31.7,74.775
SP-01544,FCAST-006174,South,tropical_cyclone,8,71,2021-08-18,37.12,18.887777777777778,387.457,987.9,100.0,29.5,74.57361111111112
SP-01544,FCAST-006175,South,heatwave,3,290,2022-03-25,6.6,3.7615277777777774,59.849000000000004,1005.7,70.6,37.0,74.89027777777778
SP-01544,FCAST-006176,South,southwest_monsoon,7,760,2023-07-08,16.5,8.837222222222222,291.627,1002.1,100.0,30.5,75.08611111111111
SP-01545,FCAST-006177,South,heatwave,4,1405,2022-04-16,6.6,3.9619444444444443,43.316,1005.6,70.7,37.0,74.95416666666667
SP-01545,FCAST-006178,South,summer_storm,4,1394,2022-04-05,23.1,9.93611111111111,104.402,999.9,97.6,31.96,75.0611111111111
SP-01545,FCAST-006179,South,southwest_monsoon,8,441,2019-08-26,16.5,9.07402777777778,287.786,1002.3,100.0,30.5,74.71111111111111
SP-01545,FCAST-006180,South,tropical_cyclone,10,872,2020-10-30,37.12,19.00888888888889,392.979,988.5,100.0,29.5,75.24444444444445
SP-01546,FCAST-006181,South,tropical_cyclone,8,457,2021-08-08,37.12,18.766527777777778,383.754,988.1,100.0,29.5,74.9388888888889
SP-01546,FCAST-006182,South,summer_storm,5,1471,2024-05-18,23.1,10.091111111111111,98.181,1000.8,98.8,31.45,74.96388888888889
SP-01546,FCAST-006183,South,heatwave,3,1050,2023-03-24,6.6,4.06125,48.009,1006.4,70.0,37.0,74.39444444444445
SP-01546,FCAST-006184,South,southwest_monsoon,8,1556,2024-08-11,16.5,8.848611111111111,287.127,1003.5,100.0,30.5,74.98750000000001
SP-01547,FCAST-006185,South,tropical_cyclone,8,1643,2024-08-06,37.12,18.534166666666668,390.34,988.2,100.0,29.5,74.86527777777778
SP-01547,FCAST-006186,South,southwest_monsoon,9,602,2021-09-30,16.5,9.090833333333332,285.138,1002.8,100.0,30.5,75.19583333333334
SP-01547,FCAST-006187,South,heatwave,3,756,2022-03-03,6.6,3.9427777777777777,49.851,1005.9,70.8,37.0,74.76805555555556
SP-01547,FCAST-006188,South,summer_storm,5,815,2022-05-01,23.1,9.967638888888889,100.784,1000.2,96.8,31.59,75.32499999999999
SP-01548,FCAST-006189,South,southwest_monsoon,8,1965,2024-08-03,16.5,9.023055555555555,289.671,1002.7,100.0,30.5,75.09583333333333
SP-01548,FCAST-006190,South,tropical_cyclone,11,2083,2024-11-29,37.12,18.510694444444443,387.878,988.3,100.0,29.5,75.08333333333333
SP-01548,FCAST-006191,South,heatwave,3,1813,2024-03-04,6.6,3.939583333333333,43.789,1006.2,72.9,37.0,74.87222222222222
SP-01548,FCAST-006192,South,summer_storm,4,1111,2022-04-02,23.1,9.64111111111111,105.77,1000.6,99.8,32.49,75.43194444444445
SP-01549,FCAST-006193,South,summer_storm,5,739,2023-05-24,23.1,9.210138888888888,99.232,1000.2,98.5,32.22,75.26666666666667
SP-01549,FCAST-006194,South,tropical_cyclone,8,1178,2024-08-05,37.12,19.025,382.841,988.4,100.0,29.5,75.38749999999999
SP-01549,FCAST-006195,South,heatwave,3,677,2023-03-23,6.6,3.7333333333333334,49.862,1005.8,73.5,37.0,75.26944444444445
SP-01549,FCAST-006196,South,southwest_monsoon,9,112,2021-09-04,16.5,8.67263888888889,291.309,1002.7,98.9,30.5,75.10277777777777
SP-01550,FCAST-006197,South,summer_storm,5,1985,2024-05-19,23.1,10.181249999999999,96.786,1000.4,97.4,31.48,74.91527777777777
SP-01550,FCAST-006198,South,heatwave,3,459,2020-03-15,6.6,3.982638888888889,49.804,1005.5,69.8,37.0,75.15555555555555
SP-01550,FCAST-006199,South,tropical_cyclone,11,1809,2023-11-25,37.12,18.796666666666667,390.12,988.6,100.0,29.5,75.22361111111111
SP-01550,FCAST-006200,South,southwest_monsoon,6,179,2019-06-09,16.5,9.038194444444445,289.066,1003.3,100.0,30.5,75.00277777777778
SP-01551,FCAST-006201,South,summer_storm,5,699,2022-05-07,23.1,9.681111111111111,102.622,1000.2,98.1,32.36,74.89444444444445
SP-01551,FCAST-006202,South,tropical_cyclone,8,425,2021-08-06,37.12,18.914861111111108,390.595,988.3,100.0,29.5,75.11111111111111
SP-01551,FCAST-006203,South,southwest_monsoon,9,1550,2024-09-04,16.5,9.365694444444445,289.045,1002.7,100.0,30.5,74.85416666666667
SP-01551,FCAST-006204,South,heatwave,3,1381,2024-03-19,6.6,3.8156944444444445,44.225,1006.1,70.2,37.0,75.0611111111111
SP-01552,FCAST-006205,South,southwest_monsoon,9,1090,2021-09-25,16.5,9.230833333333333,285.7,1002.8,100.0,30.5,75.32916666666667
SP-01552,FCAST-006206,South,heatwave,3,2363,2025-03-21,6.6,4.063611111111111,48.306,1005.3,69.6,37.0,74.92777777777778
SP-01552,FCAST-006207,South,summer_storm,5,1695,2023-05-23,23.1,10.007361111111111,97.527,1000.0,97.7,31.4,74.80972222222222
SP-01552,FCAST-006208,South,tropical_cyclone,8,1053,2021-08-19,37.12,19.005277777777778,386.154,988.3,100.0,29.5,75.17916666666666
SP-01553,FCAST-006209,South,heatwave,3,10,2021-03-02,6.6,3.7169444444444446,49.937,1006.1,71.6,37.0,74.99722222222222
SP-01553,FCAST-006210,South,southwest_monsoon,8,911,2023-08-20,16.5,9.018472222222222,289.965,1003.0,100.0,30.5,75.24305555555556
SP-01553,FCAST-006211,South,summer_storm,4,1136,2024-04-01,23.1,9.301527777777778,99.709,999.8,97.7,31.84,75.08333333333333
SP-01553,FCAST-006212,South,tropical_cyclone,9,571,2022-09-14,37.12,18.790277777777778,394.418,988.3,100.0,29.5,74.97638888888889
SP-01554,FCAST-006213,South,summer_storm,5,680,2021-05-02,23.1,9.889166666666666,100.107,1000.2,98.8,32.66,75.15694444444445
SP-01554,FCAST-006214,South,heatwave,3,624,2021-03-07,6.6,4.095555555555555,43.084,1006.0,69.8,37.0,75.44583333333334
SP-01554,FCAST-006215,South,tropical_cyclone,10,1579,2023-10-18,37.12,18.893472222222222,393.884,988.8,100.0,29.5,74.76805555555556
SP-01554,FCAST-006216,South,southwest_monsoon,7,380,2020-07-06,16.5,9.028055555555556,279.412,1002.6,98.9,30.5,75.24027777777778
SP-01555,FCAST-006217,South,heatwave,3,572,2021-03-16,6.6,4.0626388888888885,46.567,1005.8,72.0,37.0,74.61527777777778
SP-01555,FCAST-006218,South,summer_storm,4,1346,2023-04-29,23.1,9.82763888888889,93.001,1000.4,97.6,32.61,74.82777777777778
SP-01555,FCAST-006219,South,tropical_cyclone,11,1915,2024-11-18,37.12,18.509444444444444,392.713,988.1,100.0,29.5,75.34722222222223
SP-01555,FCAST-006220,South,southwest_monsoon,8,369,2020-08-25,16.5,8.933055555555555,289.709,1002.6,99.6,30.5,75.60416666666667
SP-01556,FCAST-006221,South,heatwave,3,344,2020-03-05,6.6,3.743333333333333,45.54,1006.1,69.0,37.0,75.03611111111111
SP-01556,FCAST-006222,South,tropical_cyclone,8,1615,2023-08-28,37.12,19.025416666666665,384.647,988.4,100.0,29.5,74.85833333333333
SP-01556,FCAST-006223,South,summer_storm,5,418,2020-05-18,23.1,9.565416666666668,99.605,1000.4,96.6,31.92,75.04444444444444
SP-01556,FCAST-006224,South,southwest_monsoon,9,548,2020-09-25,16.5,8.923055555555557,287.398,1002.1,100.0,30.5,75.12777777777778
SP-01557,FCAST-006225,South,heatwave,3,1561,2025-03-24,6.6,4.005,48.466,1005.5,69.7,37.0,74.86250000000001
SP-01557,FCAST-006226,South,tropical_cyclone,11,696,2022-11-10,37.12,18.88347222222222,388.294,987.7,100.0,29.5,74.96944444444445
SP-01557,FCAST-006227,South,summer_storm,4,852,2023-04-15,23.1,9.472916666666666,102.951,1000.4,98.4,32.43,74.88055555555555
SP-01557,FCAST-006228,South,southwest_monsoon,8,974,2023-08-15,16.5,9.129583333333334,285.929,1002.9,100.0,30.5,74.90972222222223
SP-01558,FCAST-006229,South,tropical_cyclone,11,853,2022-11-07,37.12,19.058333333333334,391.708,988.6,100.0,29.5,74.64027777777778
SP-01558,FCAST-006230,South,heatwave,4,291,2021-04-24,6.6,4.017916666666667,52.573,1006.0,71.4,37.0,74.94166666666666
SP-01558,FCAST-006231,South,summer_storm,4,657,2022-04-25,23.1,9.722222222222221,98.163,1000.4,97.1,31.76,74.86527777777778
SP-01558,FCAST-006232,South,southwest_monsoon,6,352,2021-06-24,16.5,8.626666666666667,288.04,1002.7,100.0,30.5,75.28333333333333
SP-01559,FCAST-006233,South,tropical_cyclone,10,1050,2021-10-04,37.12,19.141527777777778,387.626,988.6,100.0,29.5,74.87916666666666
SP-01559,FCAST-006234,South,summer_storm,4,1620,2023-04-27,23.1,9.431944444444445,103.671,1000.6,98.8,31.53,74.72777777777777
SP-01559,FCAST-006235,South,southwest_monsoon,8,1731,2023-08-16,16.5,9.002500000000001,286.474,1002.6,100.0,30.5,74.7513888888889
SP-01559,FCAST-006236,South,heatwave,3,126,2019-03-25,6.6,3.8690277777777777,47.368,1005.9,69.4,37.0,75.31805555555555
SP-01560,FCAST-006237,South,tropical_cyclone,8,300,2021-08-05,37.12,18.87597222222222,387.687,987.8,100.0,29.5,75.03472222222223
SP-01560,FCAST-006238,South,heatwave,3,538,2022-03-31,6.6,4.025416666666667,48.344,1005.3,72.4,37.0,74.83611111111111
SP-01560,FCAST-006239,South,southwest_monsoon,9,1444,2024-09-22,16.5,8.831388888888888,287.351,1003.2,100.0,30.5,75.10694444444444
SP-01560,FCAST-006240,South,summer_storm,4,196,2021-04-23,23.1,9.720277777777778,94.916,999.9,97.7,31.67,75.22777777777777
SP-01561,FCAST-006241,South,heatwave,3,512,2021-03-01,6.6,3.856527777777778,47.135,1006.2,69.5,37.0,74.85416666666667
SP-01561,FCAST-006242,South,tropical_cyclone,9,1452,2023-09-27,37.12,19.024583333333332,381.788,988.6,100.0,29.5,74.85416666666667
SP-01561,FCAST-006243,South,southwest_monsoon,7,1388,2023-07-25,16.5,9.04736111111111,292.08,1002.2,100.0,30.5,74.89583333333333
SP-01561,FCAST-006244,South,summer_storm,5,1311,2023-05-09,23.1,9.452361111111111,99.45,1000.1,98.1,32.43,74.79583333333333
SP-01562,FCAST-006245,South,tropical_cyclone,9,719,2021-09-28,37.12,18.784305555555555,383.917,988.4,100.0,29.5,74.54305555555555
SP-01562,FCAST-006246,South,southwest_monsoon,9,1808,2024-09-21,16.5,9.170972222222224,284.297,1002.2,100.0,30.5,74.92777777777778
SP-01562,FCAST-006247,South,heatwave,4,188,2020-04-15,6.6,3.984583333333333,51.927,1006.3,71.4,37.0,74.88611111111112
SP-01562,FCAST-006248,South,summer_storm,4,547,2021-04-09,23.1,9.747361111111111,102.218,1000.3,97.6,31.28,75.475
SP-01563,FCAST-006249,South,heatwave,3,837,2023-03-19,6.6,4.050138888888889,52.330999999999996,1005.6,71.5,37.0,75.13888888888889
SP-01563,FCAST-006250,South,summer_storm,4,1223,2024-04-08,23.1,9.845555555555556,98.232,1000.1,97.5,31.93,74.85972222222222
SP-01563,FCAST-006251,South,tropical_cyclone,10,673,2022-10-06,37.12,18.795416666666668,390.953,988.2,100.0,29.5,75.30277777777778
SP-01563,FCAST-006252,South,southwest_monsoon,7,1309,2024-07-03,16.5,8.910694444444445,290.594,1002.4,100.0,30.5,74.62777777777778
SP-01564,FCAST-006253,South,southwest_monsoon,6,165,2020-06-15,16.5,9.163194444444445,286.863,1002.7,99.2,30.5,74.80000000000001
SP-01564,FCAST-006254,South,heatwave,4,92,2020-04-03,6.6,3.879722222222222,45.038,1005.7,70.6,37.0,75.15972222222223
SP-01564,FCAST-006255,South,summer_storm,5,864,2022-05-15,23.1,9.419583333333334,96.053,1000.4,99.2,32.57,75.17361111111111
SP-01564,FCAST-006256,South,tropical_cyclone,8,1308,2023-08-02,37.12,19.03861111111111,385.693,988.0,100.0,29.5,74.86944444444445
SP-01565,FCAST-006257,South,southwest_monsoon,9,965,2022-09-26,16.5,9.044166666666667,287.113,1003.2,100.0,30.5,74.75277777777778
SP-01565,FCAST-006258,South,heatwave,4,811,2022-04-25,6.6,3.9890277777777774,45.222,1005.3,70.4,37.0,75.475
SP-01565,FCAST-006259,South,summer_storm,4,80,2020-04-24,23.1,9.394583333333333,97.754,999.9,97.8,32.65,75.19166666666666
SP-01565,FCAST-006260,South,tropical_cyclone,10,1352,2023-10-18,37.12,18.63736111111111,391.007,988.3,100.0,29.5,75.10555555555555
SP-01566,FCAST-006261,South,heatwave,3,747,2023-03-18,6.6,4.04111111111111,47.928,1006.0,72.7,37.0,75.19861111111112
SP-01566,FCAST-006262,South,southwest_monsoon,8,889,2023-08-07,16.5,8.995694444444446,291.168,1003.4,100.0,30.5,75.35416666666667
SP-01566,FCAST-006263,South,tropical_cyclone,10,1327,2024-10-18,37.12,18.97791666666667,390.971,989.0,100.0,29.5,74.975
SP-01566,FCAST-006264,South,summer_storm,4,44,2021-04-14,23.1,9.412916666666668,96.65,1000.0,98.3,31.97,74.90416666666667
SP-01567,FCAST-006265,South,summer_storm,5,247,2022-05-11,23.1,9.600000000000001,97.649,1000.3,98.6,31.64,75.01666666666667
SP-01567,FCAST-006266,South,southwest_monsoon,7,298,2022-07-01,16.5,8.967777777777778,280.12,1002.3,100.0,30.5,74.86111111111111
SP-01567,FCAST-006267,South,heatwave,3,1281,2025-03-10,6.6,3.8159722222222223,51.264,1005.8,69.6,37.0,75.05833333333334
SP-01567,FCAST-006268,South,tropical_cyclone,11,803,2023-11-18,37.12,18.94291666666667,389.512,988.3,100.0,29.5,75.01527777777778
SP-01568,FCAST-006269,South,summer_storm,5,154,2020-05-27,23.1,9.61347222222222,98.035,1000.4,98.3,31.64,75.22916666666667
SP-01568,FCAST-006270,South,tropical_cyclone,10,1772,2024-10-31,37.12,18.739444444444445,386.894,987.9,100.0,29.5,74.89861111111111
SP-01568,FCAST-006271,South,southwest_monsoon,6,890,2022-06-02,16.5,8.691944444444445,290.82,1003.2,100.0,30.5,75.22222222222223
SP-01568,FCAST-006272,South,heatwave,3,462,2021-03-31,6.6,4.013333333333333,45.223,1005.7,71.4,37.0,75.20416666666667
SP-01569,FCAST-006273,South,tropical_cyclone,8,647,2023-08-29,37.12,18.880833333333335,391.278,988.4,100.0,29.5,75.20555555555556
SP-01569,FCAST-006274,South,southwest_monsoon,6,953,2024-06-30,16.5,9.362638888888888,288.977,1003.2,100.0,30.5,75.09722222222223
SP-01569,FCAST-006275,South,heatwave,4,498,2023-04-02,6.6,3.904583333333333,45.941,1005.6,71.7,37.0,75.55555555555556
SP-01569,FCAST-006276,South,summer_storm,5,556,2023-05-30,23.1,10.40638888888889,95.55,1000.5,98.5,31.9,74.69305555555555
SP-01570,FCAST-006277,South,summer_storm,5,51,2018-05-18,23.1,9.947916666666666,93.312,1001.0,97.6,32.0,74.75416666666666
SP-01570,FCAST-006278,South,tropical_cyclone,9,1619,2022-09-02,37.12,18.95888888888889,389.151,987.8,100.0,29.5,74.96666666666667
SP-01570,FCAST-006279,South,heatwave,4,1108,2021-04-09,6.6,3.9030555555555555,52.229,1005.5,70.4,37.0,75.41111111111111
SP-01570,FCAST-006280,South,southwest_monsoon,7,482,2019-07-23,16.5,8.600833333333334,283.148,1002.7,100.0,30.5,74.82499999999999
SP-01571,FCAST-006281,South,heatwave,3,264,2022-03-14,6.6,3.9055555555555554,50.092999999999996,1005.2,68.5,37.0,74.48472222222222
SP-01571,FCAST-006282,South,tropical_cyclone,9,1187,2024-09-22,37.12,18.791527777777777,389.288,988.0,100.0,29.5,75.14027777777778
SP-01571,FCAST-006283,South,summer_storm,4,287,2022-04-06,23.1,9.363888888888889,104.093,1000.3,97.4,31.59,74.84444444444445
SP-01571,FCAST-006284,South,southwest_monsoon,7,1120,2024-07-17,16.5,8.774305555555555,292.237,1002.9,100.0,30.5,75.19027777777778
SP-01572,FCAST-006285,South,southwest_monsoon,8,1950,2024-08-23,16.5,8.743333333333332,290.09499999999997,1002.6,100.0,30.5,75.225
SP-01572,FCAST-006286,South,tropical_cyclone,10,1645,2023-10-23,37.12,18.953333333333333,386.517,988.4,100.0,29.5,74.9625
SP-01572,FCAST-006287,South,heatwave,3,1775,2024-03-01,6.6,3.768888888888889,51.193,1005.4,73.7,37.0,74.70416666666667
SP-01572,FCAST-006288,South,summer_storm,4,1830,2024-04-25,23.1,9.84361111111111,100.516,999.9,97.6,31.84,74.85416666666667
SP-01573,FCAST-006289,South,summer_storm,5,554,2023-05-26,23.1,9.939166666666667,100.42,1000.4,99.1,32.28,74.92361111111111
SP-01573,FCAST-006290,South,southwest_monsoon,9,1037,2024-09-20,16.5,8.745833333333334,291.04,1002.0,99.7,30.5,75.19861111111112
SP-01573,FCAST-006291,South,tropical_cyclone,10,1050,2024-10-03,37.12,18.84402777777778,387.433,986.9,100.0,29.5,75.39166666666667
SP-01573,FCAST-006292,South,heatwave,4,871,2024-04-07,6.6,4.105,49.167,1005.3,71.0,37.0,75.08611111111111
SP-01574,FCAST-006293,South,southwest_monsoon,9,998,2023-09-01,16.5,9.297777777777778,291.426,1002.7,100.0,30.5,75.08888888888889
SP-01574,FCAST-006294,South,heatwave,4,861,2023-04-17,6.6,3.881111111111111,41.831,1005.8,69.3,37.0,74.83055555555556
SP-01574,FCAST-006295,South,summer_storm,4,1215,2024-04-05,23.1,9.130972222222221,97.459,1000.0,97.4,32.18,74.98055555555555
SP-01574,FCAST-006296,South,tropical_cyclone,8,265,2021-08-29,37.12,19.03222222222222,386.503,987.6,100.0,29.5,74.81527777777778
SP-01575,FCAST-006297,South,tropical_cyclone,9,1023,2023-09-16,37.12,18.768472222222222,384.17900000000003,988.7,100.0,29.5,74.78472222222223
SP-01575,FCAST-006298,South,heatwave,3,1209,2024-03-20,6.6,3.9705555555555554,48.404,1005.9,69.7,37.0,75.06666666666666
SP-01575,FCAST-006299,South,southwest_monsoon,8,1004,2023-08-28,16.5,8.708472222222222,285.711,1002.5,99.1,30.5,74.63055555555555
SP-01575,FCAST-006300,South,summer_storm,4,495,2022-04-06,23.1,10.060555555555556,96.844,1000.4,98.6,31.81,74.82222222222222
SP-01576,FCAST-006301,South,southwest_monsoon,9,1336,2021-09-30,16.5,8.520833333333334,291.88,1002.7,100.0,30.5,74.81666666666666
SP-01576,FCAST-006302,South,tropical_cyclone,8,1664,2022-08-24,37.12,19.094444444444445,389.896,988.6,100.0,29.5,74.70138888888889
SP-01576,FCAST-006303,South,summer_storm,5,1209,2021-05-26,23.1,9.584583333333335,103.534,999.8,98.4,32.34,74.89027777777778
SP-01576,FCAST-006304,South,heatwave,4,1541,2022-04-23,6.6,3.86125,56.847,1005.6,68.8,37.0,75.19722222222222
SP-01577,FCAST-006305,South,southwest_monsoon,6,131,2021-06-19,16.5,8.916666666666666,290.387,1002.8,99.3,30.5,74.86944444444445
SP-01577,FCAST-006306,South,tropical_cyclone,10,601,2022-10-02,37.12,18.555972222222223,380.735,988.9,100.0,29.5,74.90277777777777
SP-01577,FCAST-006307,South,summer_storm,4,1160,2024-04-13,23.1,9.512777777777778,98.02,1000.3,97.0,31.97,75.05972222222222
SP-01577,FCAST-006308,South,heatwave,4,801,2023-04-20,6.6,4.068194444444445,44.098,1005.8,71.9,37.0,75.14027777777778
SP-01578,FCAST-006309,South,summer_storm,5,251,2022-05-23,23.1,9.742222222222221,106.544,1000.0,97.8,31.7,74.92083333333333
SP-01578,FCAST-006310,South,tropical_cyclone,11,73,2021-11-26,37.12,18.97611111111111,391.214,987.6,100.0,29.5,75.10694444444444
SP-01578,FCAST-006311,South,heatwave,3,1275,2025-03-12,6.6,4.135694444444444,46.013,1005.8,69.2,37.0,75.18194444444445
SP-01578,FCAST-006312,South,southwest_monsoon,6,260,2022-06-01,16.5,8.867361111111112,288.212,1002.5,98.2,30.5,75.82499999999999
SP-01579,FCAST-006313,South,summer_storm,4,716,2022-04-10,23.1,9.93736111111111,98.13,1000.3,98.4,32.11,74.98611111111111
SP-01579,FCAST-006314,South,southwest_monsoon,6,413,2021-06-11,16.5,9.064166666666667,290.994,1002.7,100.0,30.5,74.83194444444445
SP-01579,FCAST-006315,South,tropical_cyclone,11,220,2020-11-30,37.12,19.04416666666667,389.333,987.6,100.0,29.5,74.95277777777778
SP-01579,FCAST-006316,South,heatwave,4,1085,2023-04-14,6.6,3.9890277777777774,52.395,1005.7,70.6,37.0,75.20138888888889
SP-01580,FCAST-006317,South,tropical_cyclone,9,1232,2023-09-18,37.12,18.8175,387.963,987.8,100.0,29.5,75.13749999999999
SP-01580,FCAST-006318,South,heatwave,4,1429,2024-04-02,6.6,3.6555555555555554,49.608,1005.6,70.8,37.0,75.13194444444444
SP-01580,FCAST-006319,South,southwest_monsoon,7,423,2021-07-01,16.5,8.674444444444443,294.475,1002.8,100.0,30.5,74.95138888888889
SP-01580,FCAST-006320,South,summer_storm,5,1103,2023-05-12,23.1,9.915972222222223,93.363,999.0,97.1,31.75,75.17361111111111
SP-01581,FCAST-006321,South,summer_storm,5,1714,2024-05-07,23.1,9.947361111111112,106.382,1000.2,97.0,31.47,75.35972222222222
SP-01581,FCAST-006322,South,tropical_cyclone,10,60,2019-10-27,37.12,18.724583333333335,388.012,988.2,100.0,29.5,74.74583333333334
SP-01581,FCAST-006323,South,heatwave,4,1337,2023-04-26,6.6,4.072222222222222,48.36,1005.8,71.2,37.0,74.94999999999999
SP-01581,FCAST-006324,South,southwest_monsoon,6,1764,2024-06-26,16.5,9.044305555555557,294.375,1003.1,100.0,30.5,74.88194444444444
SP-01582,FCAST-006325,South,heatwave,4,1684,2023-04-03,6.6,3.789444444444444,51.542,1005.3,70.8,37.0,75.21944444444445
SP-01582,FCAST-006326,South,summer_storm,4,1686,2023-04-05,23.1,9.823055555555555,96.47,1000.0,98.0,31.97,74.74166666666666
SP-01582,FCAST-006327,South,southwest_monsoon,9,30,2018-09-22,16.5,8.914722222222222,296.294,1002.6,100.0,30.5,75.00694444444444
SP-01582,FCAST-006328,South,tropical_cyclone,10,1893,2023-10-29,37.12,18.96263888888889,380.796,988.5,100.0,29.5,75.32638888888889
SP-01583,FCAST-006329,South,tropical_cyclone,10,413,2019-10-08,37.12,19.090138888888887,389.437,987.7,100.0,29.5,75.08333333333333
SP-01583,FCAST-006330,South,summer_storm,5,260,2019-05-08,23.1,9.694722222222222,97.576,1000.1,96.5,31.65,74.99583333333334
SP-01583,FCAST-006331,South,heatwave,3,937,2021-03-15,6.6,4.02875,45.129,1005.5,69.1,37.0,75.2513888888889
SP-01583,FCAST-006332,South,southwest_monsoon,7,684,2020-07-05,16.5,8.54861111111111,295.044,1002.4,100.0,30.5,75.04027777777777
SP-01584,FCAST-006333,South,southwest_monsoon,8,1522,2023-08-27,16.5,9.095416666666667,289.966,1003.0,100.0,30.5,75.08055555555556
SP-01584,FCAST-006334,South,tropical_cyclone,10,125,2019-10-30,37.12,19.05527777777778,386.007,988.0,99.5,29.5,74.76805555555556
SP-01584,FCAST-006335,South,heatwave,4,1766,2024-04-27,6.6,3.78125,51.942,1006.2,69.8,37.0,75.22638888888889
SP-01584,FCAST-006336,South,summer_storm,5,1047,2022-05-09,23.1,9.854444444444445,98.276,999.6,99.8,32.99,74.65972222222223
SP-01585,FCAST-006337,South,tropical_cyclone,9,286,2022-09-30,37.12,18.99972222222222,390.161,988.2,100.0,29.5,74.86250000000001
SP-01585,FCAST-006338,South,summer_storm,4,133,2022-04-30,23.1,9.584027777777777,97.53699999999999,1000.4,99.9,31.62,75.45555555555556
SP-01585,FCAST-006339,South,southwest_monsoon,9,994,2024-09-07,16.5,9.315694444444444,285.751,1002.7,100.0,30.5,74.8736111111111
SP-01585,FCAST-006340,South,heatwave,3,76,2022-03-04,6.6,4.044722222222223,47.217,1006.1,73.9,37.0,75.39444444444445
SP-01586,FCAST-006341,South,heatwave,4,67,2021-04-14,6.6,3.890972222222222,46.771,1006.1,71.8,37.0,75.15833333333333
SP-01586,FCAST-006342,South,summer_storm,4,1167,2024-04-18,23.1,9.708055555555555,101.19,1000.5,99.5,31.89,74.86111111111111
SP-01586,FCAST-006343,South,tropical_cyclone,10,628,2022-10-27,37.12,18.954583333333332,395.848,987.5,100.0,29.5,75.03194444444445
SP-01586,FCAST-006344,South,southwest_monsoon,6,864,2023-06-20,16.5,8.872777777777777,280.584,1002.4,100.0,30.5,75.05555555555556
SP-01587,FCAST-006345,South,heatwave,3,1577,2025-03-05,6.6,3.8755555555555556,41.775,1005.9,70.5,37.0,75.39305555555556
SP-01587,FCAST-006346,South,summer_storm,5,931,2023-05-29,23.1,9.619166666666667,101.259,1000.3,96.1,31.91,75.27222222222223
SP-01587,FCAST-006347,South,southwest_monsoon,7,985,2023-07-22,16.5,8.718194444444444,283.665,1002.5,100.0,30.5,74.53333333333333
SP-01587,FCAST-006348,South,tropical_cyclone,8,644,2022-08-15,37.12,18.845138888888886,388.02,988.1,100.0,29.5,75.3125
SP-01588,FCAST-006349,South,tropical_cyclone,11,1148,2023-11-25,37.12,19.05736111111111,393.504,988.3,100.0,29.5,74.80694444444445
SP-01588,FCAST-006350,South,summer_storm,5,593,2022-05-19,23.1,9.7725,101.463,1000.8,99.6,31.66,75.12777777777778
SP-01588,FCAST-006351,South,southwest_monsoon,9,361,2021-09-29,16.5,9.145694444444445,290.489,1002.9,99.4,30.5,75.29166666666667
SP-01588,FCAST-006352,South,heatwave,3,1636,2025-03-27,6.6,4.1369444444444445,52.085,1005.9,68.6,37.0,75.1
SP-01589,FCAST-006353,South,tropical_cyclone,8,1779,2024-08-11,37.12,19.104305555555555,387.448,988.6,100.0,29.5,74.86805555555556
SP-01589,FCAST-006354,South,heatwave,3,1627,2024-03-12,6.6,3.6904166666666662,53.675,1005.6,68.4,37.0,75.48750000000001
SP-01589,FCAST-006355,South,southwest_monsoon,6,1728,2024-06-21,16.5,8.784027777777778,283.1,1002.7,100.0,30.5,74.88749999999999
SP-01589,FCAST-006356,South,summer_storm,4,1663,2024-04-17,23.1,9.861805555555556,100.589,1000.5,97.9,32.35,74.56666666666666
SP-01590,FCAST-006357,South,tropical_cyclone,9,688,2023-09-22,37.12,19.138472222222223,391.222,988.3,100.0,29.5,75.24722222222222
SP-01590,FCAST-006358,South,southwest_monsoon,7,625,2023-07-21,16.5,8.839444444444446,287.0,1003.3,99.9,30.5,75.02777777777777
SP-01590,FCAST-006359,South,summer_storm,5,559,2023-05-16,23.1,9.675138888888888,97.594,1000.2,99.8,32.25,75.11388888888888
SP-01590,FCAST-006360,South,heatwave,4,174,2022-04-26,6.6,4.152222222222222,51.033,1005.9,71.7,37.0,75.10555555555555
SP-01591,FCAST-006361,South,summer_storm,4,545,2022-04-20,23.1,9.693194444444444,97.816,1000.2,98.8,32.6,75.01944444444445
SP-01591,FCAST-006362,South,tropical_cyclone,11,761,2022-11-22,37.12,18.77861111111111,390.351,987.4,100.0,29.5,75.04305555555555
SP-01591,FCAST-006363,South,heatwave,4,914,2023-04-24,6.6,3.8393055555555557,54.631,1005.8,68.9,37.0,75.19305555555555
SP-01591,FCAST-006364,South,southwest_monsoon,6,245,2021-06-24,16.5,9.075277777777778,279.594,1003.1,100.0,30.5,75.05277777777778
SP-01592,FCAST-006365,South,heatwave,3,871,2021-03-29,6.6,3.783888888888889,51.257,1006.1,67.9,37.0,74.98055555555555
SP-01592,FCAST-006366,South,tropical_cyclone,11,381,2019-11-25,37.12,19.077638888888888,390.7,988.3,100.0,29.5,75.14305555555556
SP-01592,FCAST-006367,South,summer_storm,5,2020,2024-05-21,23.1,10.00875,95.89,1000.4,98.7,32.85,75.16805555555555
SP-01592,FCAST-006368,South,southwest_monsoon,9,2152,2024-09-30,16.5,9.223333333333334,284.603,1002.9,100.0,30.5,74.99583333333334
SP-01593,FCAST-006369,South,heatwave,3,513,2020-03-01,6.6,3.883611111111111,49.415,1005.6,69.3,37.0,75.53472222222223
SP-01593,FCAST-006370,South,summer_storm,4,1283,2022-04-10,23.1,10.0075,99.658,1000.5,98.7,32.5,75.05972222222222
SP-01593,FCAST-006371,South,southwest_monsoon,9,1442,2022-09-16,16.5,9.151666666666666,293.31,1002.6,100.0,30.5,75.40138888888889
SP-01593,FCAST-006372,South,tropical_cyclone,11,1497,2022-11-10,37.12,18.963194444444444,394.71999999999997,988.3,100.0,29.5,74.48194444444444
SP-01594,FCAST-006373,South,heatwave,4,1433,2022-04-25,6.6,3.889305555555556,51.166,1005.8,73.8,37.0,74.67777777777778
SP-01594,FCAST-006374,South,summer_storm,5,2194,2024-05-25,23.1,10.044166666666667,94.642,999.6,97.5,31.89,75.27083333333333
SP-01594,FCAST-006375,South,tropical_cyclone,11,2383,2024-11-30,37.12,19.094166666666666,381.278,988.4,100.0,29.5,74.87916666666666
SP-01594,FCAST-006376,South,southwest_monsoon,9,842,2020-09-11,16.5,8.826527777777777,290.517,1002.5,100.0,30.5,74.94305555555555
SP-01595,FCAST-006377,South,southwest_monsoon,8,105,2021-08-28,16.5,8.979583333333332,288.182,1002.7,100.0,30.5,75.4375
SP-01595,FCAST-006378,South,tropical_cyclone,8,80,2021-08-03,37.12,18.81625,393.34499999999997,988.4,100.0,29.5,75.22638888888889
SP-01595,FCAST-006379,South,heatwave,4,1059,2024-04-08,6.6,3.901944444444444,48.494,1005.9,74.4,37.0,74.82638888888889
SP-01595,FCAST-006380,South,summer_storm,4,1062,2024-04-11,23.1,9.85888888888889,93.413,999.9,99.0,31.51,75.19166666666666
SP-01596,FCAST-006381,South,heatwave,3,1464,2023-03-18,6.6,3.929305555555556,49.998,1005.9,69.9,37.0,74.78888888888889
SP-01596,FCAST-006382,South,summer_storm,5,53,2019-05-07,23.1,9.844305555555556,103.161,1000.0,98.0,32.71,74.89027777777778
SP-01596,FCAST-006383,South,tropical_cyclone,11,234,2019-11-04,37.12,18.830277777777777,390.812,988.5,100.0,29.5,74.82361111111112
SP-01596,FCAST-006384,South,southwest_monsoon,9,558,2020-09-23,16.5,9.042916666666667,284.889,1002.8,100.0,30.5,75.14027777777778
SP-01597,FCAST-006385,South,southwest_monsoon,8,1770,2023-08-13,16.5,8.918888888888889,283.688,1002.5,100.0,30.5,75.19583333333334
SP-01597,FCAST-006386,South,heatwave,4,935,2021-04-30,6.6,4.070277777777778,45.158,1006.2,72.5,37.0,75.17500000000001
SP-01597,FCAST-006387,South,tropical_cyclone,8,1046,2021-08-19,37.12,18.889444444444443,388.456,988.4,100.0,29.5,75.01666666666667
SP-01597,FCAST-006388,South,summer_storm,5,2061,2024-05-30,23.1,9.985277777777778,101.189,1000.4,97.7,31.86,75.29305555555555
SP-01598,FCAST-006389,South,tropical_cyclone,8,2264,2024-08-15,37.12,19.206527777777776,383.738,988.3,100.0,29.5,75.13472222222222
SP-01598,FCAST-006390,South,heatwave,3,1742,2023-03-12,6.6,4.079583333333334,54.651,1005.2,71.8,37.0,75.01944444444445
SP-01598,FCAST-006391,South,southwest_monsoon,8,1178,2021-08-25,16.5,9.212638888888888,286.535,1003.1,100.0,30.5,75.19444444444444
SP-01598,FCAST-006392,South,summer_storm,4,1033,2021-04-02,23.1,9.338888888888889,99.009,1000.3,98.2,31.58,74.99583333333334
SP-01599,FCAST-006393,South,southwest_monsoon,8,501,2022-08-27,16.5,8.805833333333332,290.596,1002.9,99.1,30.5,75.03194444444445
SP-01599,FCAST-006394,South,tropical_cyclone,9,880,2023-09-10,37.12,19.31625,388.044,988.4,100.0,29.5,75.42777777777778
SP-01599,FCAST-006395,South,heatwave,3,336,2022-03-15,6.6,4.009166666666667,40.135,1005.4,69.6,37.0,75.00972222222222
SP-01599,FCAST-006396,South,summer_storm,5,1136,2024-05-23,23.1,9.85875,98.06700000000001,1000.7,98.1,32.06,74.84583333333333
SP-01600,FCAST-006397,South,tropical_cyclone,8,868,2022-08-20,37.12,18.78097222222222,384.041,988.6,100.0,29.5,75.18472222222222
SP-01600,FCAST-006398,South,heatwave,3,334,2021-03-04,6.6,3.915416666666667,43.739,1006.2,72.9,37.0,74.83888888888889
SP-01600,FCAST-006399,South,southwest_monsoon,7,1569,2024-07-21,16.5,8.829166666666667,288.635,1002.4,99.7,30.5,75.06666666666666
SP-01600,FCAST-006400,South,summer_storm,5,38,2020-05-12,23.1,9.979305555555555,97.859,999.7,97.2,31.58,75.31527777777778
SP-01601,FCAST-006401,South,summer_storm,4,1131,2022-04-17,23.1,9.303194444444445,102.832,1000.2,98.7,31.43,75.08194444444445
SP-01601,FCAST-006402,South,southwest_monsoon,9,1646,2023-09-14,16.5,8.838611111111112,292.574,1002.3,100.0,30.5,75.35277777777777
SP-01601,FCAST-006403,South,tropical_cyclone,8,1267,2022-08-31,37.12,18.748055555555553,381.567,987.4,100.0,29.5,74.82916666666667
SP-01601,FCAST-006404,South,heatwave,3,740,2021-03-22,6.6,3.7758333333333334,55.918,1005.6,69.9,36.93,74.84027777777777
SP-01602,FCAST-006405,South,heatwave,3,2591,2025-03-11,6.6,3.9637499999999997,51.568,1006.2,73.1,37.0,74.80694444444445
SP-01602,FCAST-006406,South,tropical_cyclone,10,267,2018-10-30,37.12,19.015,389.669,987.5,99.8,29.5,75.14027777777778
SP-01602,FCAST-006407,South,southwest_monsoon,9,1669,2022-09-01,16.5,9.289027777777777,288.883,1002.3,100.0,30.5,74.93472222222222
SP-01602,FCAST-006408,South,summer_storm,5,1200,2021-05-20,23.1,9.68986111111111,96.825,1000.6,98.1,32.27,74.91527777777777
SP-01603,FCAST-006409,South,summer_storm,4,654,2023-04-08,23.1,9.614722222222222,96.277,1000.8,98.7,31.74,75.0638888888889
SP-01603,FCAST-006410,South,tropical_cyclone,10,848,2023-10-19,37.12,18.983194444444443,379.305,988.5,100.0,29.5,74.6888888888889
SP-01603,FCAST-006411,South,southwest_monsoon,9,1169,2024-09-04,16.5,9.02986111111111,283.66700000000003,1003.3,98.3,30.5,74.95416666666667
SP-01603,FCAST-006412,South,heatwave,3,1356,2025-03-10,6.6,4.025972222222222,50.954,1006.0,70.0,37.0,75.13472222222222
SP-01604,FCAST-006413,South,summer_storm,4,731,2023-04-01,23.1,9.941944444444445,99.943,1000.4,98.5,31.53,74.64444444444445
SP-01604,FCAST-006414,South,tropical_cyclone,11,243,2021-11-29,37.12,18.923055555555557,386.884,987.9,100.0,29.5,74.78472222222223
SP-01604,FCAST-006415,South,southwest_monsoon,8,128,2021-08-06,16.5,9.087916666666667,284.2,1003.2,99.7,30.5,75.5
SP-01604,FCAST-006416,South,heatwave,4,370,2022-04-05,6.6,3.8618055555555557,46.7,1006.0,71.5,37.0,74.68055555555556
SP-01605,FCAST-006417,South,summer_storm,4,396,2022-04-07,23.1,9.544444444444444,102.985,999.5,98.2,33.43,75.0875
SP-01605,FCAST-006418,South,tropical_cyclone,11,606,2022-11-03,37.12,18.963055555555556,380.261,988.1,100.0,29.5,74.80555555555556
SP-01605,FCAST-006419,South,southwest_monsoon,9,206,2021-09-29,16.5,8.955972222222222,287.263,1003.0,100.0,30.5,74.84583333333333
SP-01605,FCAST-006420,South,heatwave,3,748,2023-03-25,6.6,3.871388888888889,52.467999999999996,1006.1,72.5,37.0,74.58055555555556
SP-01606,FCAST-006421,South,heatwave,3,2012,2024-03-15,6.6,3.987083333333333,51.982,1006.3,69.0,37.0,74.95694444444445
SP-01606,FCAST-006422,South,summer_storm,5,1332,2022-05-05,23.1,9.923333333333334,98.375,1000.2,97.7,32.95,74.8125
SP-01606,FCAST-006423,South,tropical_cyclone,9,19,2018-09-30,37.12,18.931527777777777,391.286,988.2,100.0,29.5,74.4361111111111
SP-01606,FCAST-006424,South,southwest_monsoon,8,696,2020-08-07,16.5,8.866805555555555,288.886,1002.9,100.0,30.5,74.80277777777778
SP-01607,FCAST-006425,South,tropical_cyclone,11,616,2020-11-21,37.12,18.448194444444443,394.124,987.2,100.0,29.5,74.65416666666667
SP-01607,FCAST-006426,South,southwest_monsoon,6,1181,2022-06-09,16.5,9.14236111111111,289.521,1002.5,100.0,30.5,74.9125
SP-01607,FCAST-006427,South,summer_storm,4,1869,2024-04-27,23.1,9.970833333333333,97.576,999.9,96.6,31.8,74.80833333333334
SP-01607,FCAST-006428,South,heatwave,4,409,2020-04-28,6.6,3.8931944444444446,47.687,1006.1,69.5,37.0,74.99722222222222
SP-01608,FCAST-006429,South,heatwave,3,821,2021-03-17,6.6,4.128611111111111,45.498,1005.7,71.1,37.0,75.06527777777778
SP-01608,FCAST-006430,South,southwest_monsoon,6,544,2020-06-13,16.5,8.920972222222224,290.549,1002.8,99.1,30.5,74.86388888888888
SP-01608,FCAST-006431,South,tropical_cyclone,8,1334,2022-08-12,37.12,18.926805555555557,390.83299999999997,988.5,100.0,29.5,75.03333333333333
SP-01608,FCAST-006432,South,summer_storm,5,1248,2022-05-18,23.1,9.488611111111112,99.511,1000.4,98.9,32.18,74.89444444444445
SP-01609,FCAST-006433,South,tropical_cyclone,8,241,2021-08-26,37.12,18.76291666666667,395.322,987.8,100.0,29.5,74.8736111111111
SP-01609,FCAST-006434,South,summer_storm,4,833,2023-04-10,23.1,9.84125,98.508,1000.6,100.0,31.26,75.15694444444445
SP-01609,FCAST-006435,South,southwest_monsoon,7,1297,2024-07-17,16.5,9.09138888888889,296.012,1002.6,100.0,30.5,75.01111111111112
SP-01609,FCAST-006436,South,heatwave,3,87,2021-03-25,6.6,3.927777777777778,41.502,1005.6,72.2,37.0,75.45416666666667
SP-01610,FCAST-006437,South,heatwave,4,233,2022-04-29,6.6,3.802777777777778,47.044,1005.8,69.9,37.0,75.07916666666667
SP-01610,FCAST-006438,South,southwest_monsoon,8,697,2023-08-06,16.5,8.999583333333334,288.548,1002.4,100.0,30.5,74.87777777777778
SP-01610,FCAST-006439,South,tropical_cyclone,10,1139,2024-10-21,37.12,18.98375,390.912,988.0,100.0,29.5,74.90277777777777
SP-01610,FCAST-006440,South,summer_storm,4,580,2023-04-11,23.1,9.862638888888888,100.215,1000.6,99.1,32.65,75.23888888888888
SP-01611,FCAST-006441,South,summer_storm,4,1602,2023-04-20,23.1,9.579305555555557,91.443,1000.2,98.0,31.97,74.92083333333333
SP-01611,FCAST-006442,South,southwest_monsoon,9,642,2020-09-02,16.5,8.743055555555555,284.938,1002.7,100.0,30.5,74.8125
SP-01611,FCAST-006443,South,tropical_cyclone,11,721,2020-11-20,37.12,18.989305555555557,388.568,988.4,100.0,29.5,75.02361111111111
SP-01611,FCAST-006444,South,heatwave,4,508,2020-04-21,6.6,4.027916666666666,48.206,1005.6,71.6,37.0,74.85416666666667
SP-01612,FCAST-006445,South,southwest_monsoon,7,545,2021-07-21,16.5,8.90986111111111,281.344,1003.0,100.0,30.5,74.9
SP-01612,FCAST-006446,South,heatwave,3,427,2021-03-25,6.6,3.854861111111111,51.766,1005.6,68.9,37.0,74.83194444444445
SP-01612,FCAST-006447,South,tropical_cyclone,8,206,2020-08-16,37.12,18.9825,384.747,987.5,100.0,29.5,75.4125
SP-01612,FCAST-006448,South,summer_storm,5,845,2022-05-17,23.1,9.313333333333333,94.482,1000.1,98.4,32.36,75.47638888888889
SP-01613,FCAST-006449,South,summer_storm,4,581,2022-04-17,23.1,9.48388888888889,109.754,1000.2,97.4,31.62,75.34583333333333
SP-01613,FCAST-006450,South,tropical_cyclone,11,1533,2024-11-24,37.12,18.645555555555557,389.852,988.5,100.0,29.5,74.52361111111111
SP-01613,FCAST-006451,South,heatwave,4,937,2023-04-08,6.6,3.8588888888888886,45.169,1005.7,73.3,37.0,75.50277777777778
SP-01613,FCAST-006452,South,southwest_monsoon,7,1409,2024-07-23,16.5,9.108333333333333,292.223,1003.3,100.0,30.5,75.41388888888889
SP-01614,FCAST-006453,South,heatwave,3,760,2023-03-11,6.6,4.048333333333334,45.214,1005.6,72.1,37.0,74.95138888888889
SP-01614,FCAST-006454,South,summer_storm,4,433,2022-04-18,23.1,10.030416666666667,101.96,1000.4,96.4,32.83,74.8138888888889
SP-01614,FCAST-006455,South,southwest_monsoon,6,482,2022-06-06,16.5,9.130416666666667,291.396,1003.2,100.0,30.5,74.70555555555556
SP-01614,FCAST-006456,South,tropical_cyclone,8,1287,2024-08-19,37.12,18.693333333333335,387.63,988.2,100.0,29.5,74.92500000000001
SP-01615,FCAST-006457,South,tropical_cyclone,8,383,2021-08-10,37.12,18.832361111111112,395.197,988.6,100.0,29.5,75.16666666666667
SP-01615,FCAST-006458,South,summer_storm,5,1400,2024-05-23,23.1,9.959861111111111,94.991,1000.3,98.3,32.17,74.97638888888889
SP-01615,FCAST-006459,South,heatwave,3,1687,2025-03-06,6.6,3.7695833333333337,56.536,1005.7,70.9,37.0,75.03472222222223
SP-01615,FCAST-006460,South,southwest_monsoon,7,1440,2024-07-02,16.5,8.804861111111112,291.3,1003.0,100.0,30.5,75.02083333333333
SP-01616,FCAST-006461,South,summer_storm,5,1074,2023-05-31,23.1,9.886666666666667,98.209,1000.4,97.5,31.83,75.23194444444444
SP-01616,FCAST-006462,South,tropical_cyclone,9,824,2022-09-23,37.12,18.652083333333334,384.634,987.6,100.0,29.5,75.18055555555556
SP-01616,FCAST-006463,South,heatwave,3,1008,2023-03-26,6.6,3.806944444444445,45.58,1005.4,71.6,37.0,75.69583333333334
SP-01616,FCAST-006464,South,southwest_monsoon,7,383,2021-07-09,16.5,8.56013888888889,286.114,1002.9,99.8,30.5,75.70277777777778
SP-01617,FCAST-006465,South,southwest_monsoon,6,938,2021-06-14,16.5,8.791527777777778,290.452,1002.9,100.0,30.5,75.28472222222223
SP-01617,FCAST-006466,South,tropical_cyclone,11,2202,2024-11-29,37.12,19.051944444444445,386.882,988.0,100.0,29.5,75.65277777777777
SP-01617,FCAST-006467,South,heatwave,3,856,2021-03-24,6.6,3.9540277777777777,46.215,1006.0,70.1,37.0,74.80277777777778
SP-01617,FCAST-006468,South,summer_storm,4,141,2019-04-09,23.1,10.084305555555556,95.054,1000.1,99.2,32.03,75.25972222222222
SP-01618,FCAST-006469,South,heatwave,3,71,2020-03-28,6.6,3.9844444444444442,41.964,1005.4,70.0,37.0,74.95833333333333
SP-01618,FCAST-006470,South,southwest_monsoon,7,1268,2023-07-08,16.5,8.807777777777778,281.677,1003.1,98.7,30.5,74.61111111111111
SP-01618,FCAST-006471,South,summer_storm,5,1200,2023-05-01,23.1,10.179027777777778,96.312,1000.5,97.3,31.58,75.22916666666667
SP-01618,FCAST-006472,South,tropical_cyclone,10,641,2021-10-19,37.12,18.85291666666667,385.02,988.5,100.0,29.5,74.84861111111111
SP-01619,FCAST-006473,South,tropical_cyclone,8,680,2022-08-15,37.12,19.118333333333332,389.17,987.4,100.0,29.5,74.73750000000001
SP-01619,FCAST-006474,South,heatwave,3,1610,2025-03-02,6.6,3.8544444444444443,47.019,1005.8,77.2,37.0,74.98611111111111
SP-01619,FCAST-006475,South,southwest_monsoon,8,326,2021-08-26,16.5,8.977916666666665,288.163,1003.3,98.7,30.5,74.69166666666666
SP-01619,FCAST-006476,South,summer_storm,5,236,2021-05-28,23.1,9.96,99.766,1001.0,97.7,31.44,75.0625
SP-01620,FCAST-006477,South,southwest_monsoon,6,63,2019-06-13,16.5,9.064305555555556,287.674,1003.4,100.0,30.5,74.64722222222223
SP-01620,FCAST-006478,South,heatwave,3,1422,2023-03-03,6.6,3.7636111111111115,45.811,1006.0,69.8,37.0,75.11250000000001
SP-01620,FCAST-006479,South,tropical_cyclone,10,1634,2023-10-01,37.12,18.72152777777778,387.794,987.8,100.0,29.5,75.29444444444444
SP-01620,FCAST-006480,South,summer_storm,4,1821,2024-04-05,23.1,9.673472222222223,101.44500000000001,1000.1,99.6,32.46,75.09861111111111
SP-01621,FCAST-006481,South,southwest_monsoon,6,569,2021-06-06,16.5,8.895277777777778,281.285,1002.2,100.0,30.5,74.9986111111111
SP-01621,FCAST-006482,South,tropical_cyclone,10,1795,2024-10-14,37.12,18.97125,388.371,988.4,100.0,29.5,75.19027777777778
SP-01621,FCAST-006483,South,summer_storm,5,1291,2023-05-29,23.1,9.15763888888889,99.82,1000.2,100.0,32.8,74.89722222222223
SP-01621,FCAST-006484,South,heatwave,3,1595,2024-03-28,6.6,3.9050000000000002,48.129,1005.7,71.3,37.0,74.84861111111111
SP-01622,FCAST-006485,South,heatwave,3,236,2021-03-08,6.6,3.8901388888888895,44.791,1005.7,68.5,37.0,74.99166666666666
SP-01622,FCAST-006486,South,southwest_monsoon,7,1463,2024-07-17,16.5,9.024861111111111,285.784,1002.5,100.0,30.5,75.36388888888888
SP-01622,FCAST-006487,South,summer_storm,5,1403,2024-05-18,23.1,9.23861111111111,102.762,1000.4,98.1,32.01,74.95138888888889
SP-01622,FCAST-006488,South,tropical_cyclone,9,1154,2023-09-12,37.12,19.06736111111111,385.938,988.0,100.0,29.5,75.15277777777777
SP-01623,FCAST-006489,South,summer_storm,5,725,2021-05-24,23.1,9.913472222222222,87.669,1000.5,98.5,31.9,75.09305555555555
SP-01623,FCAST-006490,South,heatwave,4,1786,2024-04-19,6.6,4.136527777777777,47.611,1006.3,73.0,37.0,75.16805555555555
SP-01623,FCAST-006491,South,southwest_monsoon,7,1883,2024-07-25,16.5,8.773333333333333,282.456,1003.2,99.0,30.5,74.65138888888889
SP-01623,FCAST-006492,South,tropical_cyclone,9,473,2020-09-14,37.12,18.91375,387.705,988.0,100.0,29.5,74.9986111111111
SP-01624,FCAST-006493,South,heatwave,3,422,2019-03-23,6.6,3.92625,49.642,1005.3,68.8,37.0,74.48611111111111
SP-01624,FCAST-006494,South,summer_storm,4,81,2018-04-16,23.1,10.095694444444444,101.74,999.6,97.4,32.96,75.0875
SP-01624,FCAST-006495,South,tropical_cyclone,10,263,2018-10-15,37.12,19.107083333333335,387.835,988.3,100.0,29.5,74.81805555555555
SP-01624,FCAST-006496,South,southwest_monsoon,6,1230,2021-06-08,16.5,8.83375,291.302,1003.2,100.0,30.5,74.74166666666666
SP-01625,FCAST-006497,South,tropical_cyclone,10,964,2020-10-14,37.12,19.31361111111111,389.811,988.1,100.0,29.5,75.02916666666667
SP-01625,FCAST-006498,South,heatwave,3,2221,2024-03-24,6.6,4.072222222222222,49.003,1005.4,69.6,37.0,75.09583333333333
SP-01625,FCAST-006499,South,summer_storm,4,2235,2024-04-07,23.1,9.983333333333333,96.748,999.9,97.8,31.52,74.82916666666667
SP-01625,FCAST-006500,South,southwest_monsoon,8,2375,2024-08-25,16.5,9.126805555555556,286.84,1002.7,100.0,30.5,75.55000000000001
SP-01626,FCAST-006501,South,heatwave,3,1638,2024-03-16,6.6,3.858055555555556,50.673,1006.1,69.3,37.0,74.89305555555556
SP-01626,FCAST-006502,South,tropical_cyclone,11,68,2019-11-28,37.12,18.384722222222223,384.19,988.2,100.0,29.5,75.3111111111111
SP-01626,FCAST-006503,South,southwest_monsoon,9,1443,2023-09-03,16.5,9.0175,295.95300000000003,1002.9,100.0,30.5,74.94722222222222
SP-01626,FCAST-006504,South,summer_storm,4,1306,2023-04-19,23.1,10.068472222222221,100.339,1000.1,97.6,31.9,75.05972222222222
SP-01627,FCAST-006505,South,southwest_monsoon,6,1704,2024-06-16,16.5,8.8,289.679,1002.5,100.0,30.5,74.97638888888889
SP-01627,FCAST-006506,South,heatwave,4,1284,2023-04-23,6.6,3.729027777777778,43.788,1005.8,70.9,37.0,75.10555555555555
SP-01627,FCAST-006507,South,summer_storm,5,1663,2024-05-06,23.1,9.899999999999999,97.903,1000.4,96.6,31.61,75.44999999999999
SP-01627,FCAST-006508,South,tropical_cyclone,10,1820,2024-10-10,37.12,18.91027777777778,389.641,987.7,100.0,29.5,75.24027777777778
SP-01628,FCAST-006509,South,summer_storm,4,341,2019-04-04,23.1,9.181249999999999,106.872,1000.2,96.7,32.53,75.225
SP-01628,FCAST-006510,South,southwest_monsoon,9,1245,2021-09-24,16.5,9.071388888888889,291.304,1003.0,100.0,30.5,75.14444444444445
SP-01628,FCAST-006511,South,tropical_cyclone,10,2001,2023-10-20,37.12,19.047083333333333,397.895,988.0,100.0,29.5,74.96805555555555
SP-01628,FCAST-006512,South,heatwave,3,2509,2025-03-11,6.6,3.897777777777778,47.829,1005.9,71.9,37.0,74.40694444444445
SP-01629,FCAST-006513,South,summer_storm,4,656,2020-04-27,23.1,9.559722222222222,96.925,1000.3,97.3,32.79,74.79583333333333
SP-01629,FCAST-006514,South,southwest_monsoon,6,2161,2024-06-10,16.5,8.96,288.372,1002.7,100.0,30.5,74.39861111111111
SP-01629,FCAST-006515,South,heatwave,4,1364,2022-04-05,6.6,3.9444444444444446,51.098,1006.1,70.1,37.0,74.78333333333333
SP-01629,FCAST-006516,South,tropical_cyclone,8,1128,2021-08-12,37.12,18.64736111111111,387.036,987.0,100.0,29.5,75.12222222222222
SP-01630,FCAST-006517,South,southwest_monsoon,8,1530,2022-08-21,16.5,9.02888888888889,290.997,1003.0,100.0,30.5,74.81666666666666
SP-01630,FCAST-006518,South,tropical_cyclone,10,856,2020-10-16,37.12,18.986527777777777,385.32,987.7,100.0,29.5,74.87777777777778
SP-01630,FCAST-006519,South,summer_storm,4,1406,2022-04-19,23.1,9.503888888888888,98.339,1000.9,97.6,31.87,75.0625
SP-01630,FCAST-006520,South,heatwave,4,1401,2022-04-14,6.6,3.855555555555556,48.782000000000004,1005.4,70.0,37.0,75.14722222222223
SP-01631,FCAST-006521,South,tropical_cyclone,10,1899,2023-10-19,37.12,18.804166666666667,386.859,988.3,100.0,29.5,74.88194444444444
SP-01631,FCAST-006522,South,southwest_monsoon,6,1049,2021-06-21,16.5,9.247083333333332,293.424,1001.8,100.0,30.5,75.08333333333333
SP-01631,FCAST-006523,South,summer_storm,4,1701,2023-04-04,23.1,9.881805555555555,99.768,1000.6,97.2,32.24,75.3138888888889
SP-01631,FCAST-006524,South,heatwave,4,2066,2024-04-03,6.6,4.007916666666667,52.458,1006.1,73.5,37.0,74.91666666666667
SP-01632,FCAST-006525,South,southwest_monsoon,9,1585,2022-09-02,16.5,9.057916666666666,288.417,1002.4,100.0,30.5,74.84722222222223
SP-01632,FCAST-006526,South,tropical_cyclone,10,2004,2023-10-26,37.12,19.141111111111112,397.4,987.8,100.0,29.5,75.3375
SP-01632,FCAST-006527,South,heatwave,4,703,2020-04-03,6.6,3.7872222222222223,45.454,1006.0,73.9,37.0,74.93194444444445
SP-01632,FCAST-006528,South,summer_storm,5,748,2020-05-18,23.1,10.049027777777777,99.403,1000.7,98.1,31.54,75.10555555555555
SP-01633,FCAST-006529,South,southwest_monsoon,7,134,2020-07-02,16.5,9.165138888888889,295.396,1002.4,100.0,30.5,74.72638888888889
SP-01633,FCAST-006530,South,tropical_cyclone,11,1722,2024-11-06,37.12,18.815,388.896,988.5,100.0,29.5,74.92500000000001
SP-01633,FCAST-006531,South,summer_storm,4,1154,2023-04-18,23.1,9.964583333333334,102.327,1000.1,97.3,31.91,74.73055555555555
SP-01633,FCAST-006532,South,heatwave,4,58,2020-04-17,6.6,4.0616666666666665,44.667,1005.7,68.7,37.0,74.69583333333334
SP-01634,FCAST-006533,South,tropical_cyclone,11,254,2019-11-20,37.12,19.109027777777776,388.45,988.2,100.0,29.5,75.36527777777778
SP-01634,FCAST-006534,South,heatwave,3,736,2021-03-16,6.6,3.8844444444444446,50.517,1005.4,69.9,37.0,75.46388888888889
SP-01634,FCAST-006535,South,summer_storm,5,1888,2024-05-11,23.1,10.285694444444445,102.975,1000.2,96.4,32.22,74.79305555555555
SP-01634,FCAST-006536,South,southwest_monsoon,7,139,2019-07-28,16.5,8.817083333333334,289.822,1003.1,100.0,30.5,75.1236111111111
SP-01635,FCAST-006537,South,tropical_cyclone,10,1029,2024-10-19,37.12,18.847083333333334,389.438,987.9,100.0,29.5,74.55694444444445
SP-01635,FCAST-006538,South,heatwave,3,811,2024-03-15,6.6,4.043749999999999,51.371,1005.3,70.8,37.0,74.95416666666667
SP-01635,FCAST-006539,South,summer_storm,4,851,2024-04-24,23.1,9.940833333333334,94.311,1000.0,98.2,32.03,74.80277777777778
SP-01635,FCAST-006540,South,southwest_monsoon,9,277,2022-09-28,16.5,9.065277777777778,284.197,1002.7,100.0,30.5,75.00833333333334
SP-01636,FCAST-006541,South,summer_storm,4,414,2019-04-20,23.1,9.966666666666667,99.453,1000.6,98.9,31.97,75.17500000000001
SP-01636,FCAST-006542,South,tropical_cyclone,10,1686,2022-10-13,37.12,18.588194444444444,386.518,988.3,100.0,29.5,75.18472222222222
SP-01636,FCAST-006543,South,heatwave,3,2556,2025-03-01,6.6,3.9444444444444446,52.081,1006.3,73.1,37.0,75.18055555555556
SP-01636,FCAST-006544,South,southwest_monsoon,6,1945,2023-06-29,16.5,9.018888888888888,292.888,1002.8,99.6,30.5,74.75694444444444
SP-01637,FCAST-006545,South,tropical_cyclone,10,876,2023-10-28,37.12,18.809305555555554,394.607,987.9,100.0,29.5,75.18472222222222
SP-01637,FCAST-006546,South,southwest_monsoon,7,420,2022-07-29,16.5,8.936388888888889,288.647,1003.2,100.0,30.5,75.17638888888888
SP-01637,FCAST-006547,South,heatwave,4,695,2023-04-30,6.6,3.9875000000000003,46.534,1006.0,69.9,37.0,74.69722222222222
SP-01637,FCAST-006548,South,summer_storm,5,337,2022-05-07,23.1,9.484583333333333,100.488,1000.0,97.5,31.27,74.78055555555555
SP-01638,FCAST-006549,South,southwest_monsoon,7,256,2022-07-18,16.5,9.32263888888889,284.461,1003.1,99.9,30.5,74.74583333333334
SP-01638,FCAST-006550,South,heatwave,4,156,2022-04-09,6.6,4.020833333333333,51.417,1005.7,71.1,37.0,75.32499999999999
SP-01638,FCAST-006551,South,tropical_cyclone,9,680,2023-09-15,37.12,18.790277777777778,385.804,988.7,100.0,29.5,74.88888888888889
SP-01638,FCAST-006552,South,summer_storm,5,183,2022-05-06,23.1,9.50875,102.621,1000.1,98.4,31.4,74.84444444444445
SP-01639,FCAST-006553,South,heatwave,3,473,2021-03-05,6.6,4.1443055555555555,44.358000000000004,1005.9,72.3,37.0,75.36527777777778
SP-01639,FCAST-006554,South,tropical_cyclone,9,1760,2024-09-12,37.12,18.75402777777778,390.866,987.9,100.0,29.5,74.7513888888889
SP-01639,FCAST-006555,South,southwest_monsoon,8,1360,2023-08-09,16.5,8.79861111111111,290.445,1002.9,100.0,30.5,75.04722222222222
SP-01639,FCAST-006556,South,summer_storm,5,910,2022-05-16,23.1,9.448333333333332,96.285,1000.5,97.9,32.52,75.60972222222222
SP-01640,FCAST-006557,South,heatwave,4,1051,2022-04-28,6.6,3.931388888888889,48.781,1006.0,72.7,37.0,74.90138888888889
SP-01640,FCAST-006558,South,tropical_cyclone,11,901,2021-11-29,37.12,18.846666666666668,380.535,988.1,100.0,29.5,75.24444444444445
SP-01640,FCAST-006559,South,summer_storm,5,339,2020-05-16,23.1,9.915833333333333,97.144,1000.0,97.8,32.31,74.9625
SP-01640,FCAST-006560,South,southwest_monsoon,7,1481,2023-07-02,16.5,8.980555555555556,290.303,1002.9,100.0,30.5,75.14861111111111
SP-01641,FCAST-006561,South,heatwave,4,1163,2021-04-23,6.6,3.8034722222222226,53.721000000000004,1005.6,68.9,37.0,75.42361111111111
SP-01641,FCAST-006562,South,southwest_monsoon,6,1579,2022-06-13,16.5,8.97125,290.608,1003.2,100.0,30.5,75.27777777777777
SP-01641,FCAST-006563,South,tropical_cyclone,8,1647,2022-08-20,37.12,18.683194444444446,386.799,988.2,100.0,29.5,75.10277777777777
SP-01641,FCAST-006564,South,summer_storm,5,1924,2023-05-24,23.1,9.718194444444444,103.099,1000.1,97.4,31.68,75.3138888888889
SP-01642,FCAST-006565,South,tropical_cyclone,9,960,2023-09-16,37.12,19.32513888888889,386.329,988.0,100.0,29.5,75.16111111111111
SP-01642,FCAST-006566,South,heatwave,3,418,2022-03-23,6.6,3.9547222222222222,51.403999999999996,1006.0,70.2,37.0,75.10138888888889
SP-01642,FCAST-006567,South,southwest_monsoon,9,590,2022-09-11,16.5,8.923055555555557,290.867,1002.6,100.0,30.5,74.85833333333333
SP-01642,FCAST-006568,South,summer_storm,4,794,2023-04-03,23.1,9.742222222222223,96.036,1000.6,98.3,31.3,75.19583333333334
SP-01643,FCAST-006569,South,tropical_cyclone,9,1973,2023-09-24,37.12,19.2975,388.885,988.2,100.0,29.5,75.01249999999999
SP-01643,FCAST-006570,South,heatwave,4,2167,2024-04-05,6.6,4.0623611111111115,49.463,1005.5,73.8,37.0,74.95694444444445
SP-01643,FCAST-006571,South,summer_storm,5,1844,2023-05-18,23.1,9.856944444444444,99.019,999.6,97.9,31.23,74.85833333333333
SP-01643,FCAST-006572,South,southwest_monsoon,7,456,2019-07-30,16.5,8.904583333333333,289.78,1002.8,100.0,30.5,74.91666666666667
SP-01644,FCAST-006573,South,southwest_monsoon,7,1332,2024-07-10,16.5,9.11347222222222,291.992,1003.2,100.0,30.5,74.98611111111111
SP-01644,FCAST-006574,South,heatwave,4,885,2023-04-20,6.6,3.8358333333333334,50.547,1006.0,72.7,37.0,75.39027777777778
SP-01644,FCAST-006575,South,summer_storm,5,901,2023-05-06,23.1,9.758472222222222,94.812,1000.4,98.1,32.18,74.61250000000001
SP-01644,FCAST-006576,South,tropical_cyclone,10,702,2022-10-19,37.12,19.03236111111111,385.479,988.3,100.0,29.5,75.13472222222222
SP-01645,FCAST-006577,South,tropical_cyclone,8,132,2019-08-23,37.12,18.884305555555557,386.096,988.5,100.0,29.5,75.07083333333334
SP-01645,FCAST-006578,South,heatwave,3,1785,2024-03-02,6.6,3.8198611111111114,53.624,1006.2,70.0,37.0,74.525
SP-01645,FCAST-006579,South,southwest_monsoon,8,1219,2022-08-14,16.5,9.213472222222222,291.834,1002.6,99.2,30.5,75.09722222222223
SP-01645,FCAST-006580,South,summer_storm,5,45,2019-05-28,23.1,10.066944444444445,103.614,1000.7,97.1,32.19,75.07638888888889
SP-01646,FCAST-006581,South,summer_storm,4,669,2023-04-11,23.1,9.564722222222223,105.577,1000.5,97.0,32.0,75.07083333333334
SP-01646,FCAST-006582,South,heatwave,3,1022,2024-03-29,6.6,4.124444444444444,43.968,1006.3,72.2,37.0,74.82083333333334
SP-01646,FCAST-006583,South,tropical_cyclone,11,894,2023-11-22,37.12,18.699722222222224,385.393,988.0,100.0,29.5,75.025
SP-01646,FCAST-006584,South,southwest_monsoon,8,789,2023-08-09,16.5,9.027083333333334,290.036,1002.8,100.0,30.5,75.11944444444445
SP-01647,FCAST-006585,South,southwest_monsoon,8,939,2023-08-24,16.5,8.970416666666667,292.973,1002.2,100.0,30.5,74.91388888888889
SP-01647,FCAST-006586,South,tropical_cyclone,8,1287,2024-08-06,37.12,18.587777777777777,392.527,988.4,100.0,29.5,75.19999999999999
SP-01647,FCAST-006587,South,heatwave,3,1129,2024-03-01,6.6,3.9375,40.387,1005.8,68.3,37.0,74.92777777777778
SP-01647,FCAST-006588,South,summer_storm,5,1193,2024-05-04,23.1,10.05097222222222,97.745,1000.3,98.5,31.96,74.79583333333333
SP-01648,FCAST-006589,South,summer_storm,4,217,2022-04-21,23.1,9.934027777777779,98.026,1000.3,99.3,32.54,75.06666666666666
SP-01648,FCAST-006590,South,southwest_monsoon,6,997,2024-06-09,16.5,9.109722222222222,294.915,1003.1,100.0,30.5,75.30277777777778
SP-01648,FCAST-006591,South,heatwave,4,566,2023-04-05,6.6,4.056805555555556,47.426,1005.5,72.0,37.0,75.00555555555555
SP-01648,FCAST-006592,South,tropical_cyclone,10,760,2023-10-16,37.12,18.966944444444444,386.828,988.0,100.0,29.5,74.79166666666667
SP-01649,FCAST-006593,South,southwest_monsoon,6,972,2021-06-15,16.5,8.877916666666668,282.122,1002.5,100.0,30.5,74.93333333333334
SP-01649,FCAST-006594,South,heatwave,3,1241,2022-03-11,6.6,3.762638888888889,51.469,1005.6,73.0,37.0,74.87083333333334
SP-01649,FCAST-006595,South,tropical_cyclone,11,1502,2022-11-27,37.12,19.091527777777777,394.50600000000003,987.9,100.0,29.5,74.69722222222222
SP-01649,FCAST-006596,South,summer_storm,5,938,2021-05-12,23.1,10.149305555555555,100.866,1000.5,97.8,32.23,74.79166666666667
SP-01650,FCAST-006597,South,tropical_cyclone,8,357,2022-08-29,37.12,18.774583333333332,390.896,988.6,100.0,29.5,75.30138888888888
SP-01650,FCAST-006598,South,southwest_monsoon,9,368,2022-09-09,16.5,8.999305555555557,285.248,1003.1,100.0,30.5,74.86111111111111
SP-01650,FCAST-006599,South,heatwave,4,964,2024-04-27,6.6,4.003611111111111,42.119,1006.2,69.5,37.0,74.9361111111111
SP-01650,FCAST-006600,South,summer_storm,4,948,2024-04-11,23.1,9.599583333333333,98.009,1000.3,97.5,31.91,74.80555555555556
SP-01651,FCAST-006601,South,summer_storm,4,189,2021-04-21,23.1,9.50375,108.149,1000.1,97.8,32.01,75.05972222222222
SP-01651,FCAST-006602,South,tropical_cyclone,10,1450,2024-10-03,37.12,19.14625,391.947,987.9,100.0,29.5,75.16666666666667
SP-01651,FCAST-006603,South,southwest_monsoon,6,1327,2024-06-02,16.5,8.827916666666667,290.17,1002.3,100.0,30.5,74.48194444444444
SP-01651,FCAST-006604,South,heatwave,4,1282,2024-04-18,6.6,4.112777777777778,47.031,1005.4,71.2,37.0,75.09027777777777
SP-01652,FCAST-006605,South,heatwave,3,1025,2021-03-26,6.6,3.9372222222222226,41.702,1005.7,67.6,37.0,74.93333333333334
SP-01652,FCAST-006606,South,summer_storm,5,702,2020-05-07,23.1,9.235694444444444,99.567,1000.7,96.8,32.09,74.76805555555556
SP-01652,FCAST-006607,South,southwest_monsoon,6,14,2018-06-19,16.5,9.019305555555555,291.675,1002.5,99.5,30.5,74.45277777777778
SP-01652,FCAST-006608,South,tropical_cyclone,9,827,2020-09-09,37.12,18.769583333333333,387.39,988.7,100.0,29.5,75.17361111111111
SP-01653,FCAST-006609,South,heatwave,4,1098,2023-04-07,6.6,3.943611111111111,46.289,1006.2,70.2,37.0,74.83472222222223
SP-01653,FCAST-006610,South,southwest_monsoon,8,1226,2023-08-13,16.5,8.789027777777779,292.517,1002.8,100.0,30.5,75.29305555555555
SP-01653,FCAST-006611,South,tropical_cyclone,10,203,2020-10-24,37.12,18.855555555555554,390.403,988.3,100.0,29.5,75.1888888888889
SP-01653,FCAST-006612,South,summer_storm,4,5,2020-04-09,23.1,9.87513888888889,95.229,1000.0,97.8,32.28,75.025
SP-01654,FCAST-006613,South,tropical_cyclone,11,617,2021-11-08,37.12,18.781666666666666,385.309,987.5,100.0,29.5,74.91111111111111
SP-01654,FCAST-006614,South,summer_storm,5,1172,2023-05-17,23.1,9.76875,98.206,1000.0,98.6,31.23,74.91666666666667
SP-01654,FCAST-006615,South,heatwave,3,1108,2023-03-14,6.6,3.8994444444444443,51.607,1005.6,68.7,37.0,74.55138888888888
SP-01654,FCAST-006616,South,southwest_monsoon,7,1224,2023-07-08,16.5,9.024722222222222,285.282,1003.0,100.0,30.5,75.01805555555556
SP-01655,FCAST-006617,South,southwest_monsoon,7,2282,2024-07-15,16.5,9.12,286.902,1002.8,100.0,30.5,75.27777777777777
SP-01655,FCAST-006618,South,heatwave,4,744,2020-04-29,6.6,3.9497222222222224,45.441,1006.0,69.7,37.0,74.87916666666666
SP-01655,FCAST-006619,South,tropical_cyclone,11,1687,2022-11-28,37.12,19.148472222222225,394.859,988.2,100.0,29.5,75.21388888888889
SP-01655,FCAST-006620,South,summer_storm,5,773,2020-05-28,23.1,10.153194444444445,102.484,999.6,98.9,31.88,75.27222222222223
SP-01656,FCAST-006621,South,summer_storm,5,450,2019-05-15,23.1,10.165555555555555,105.91199999999999,1000.5,97.5,31.85,75.15694444444445
SP-01656,FCAST-006622,South,tropical_cyclone,11,641,2019-11-22,37.12,18.703472222222224,389.769,988.0,100.0,29.5,74.99444444444445
SP-01656,FCAST-006623,South,southwest_monsoon,6,1221,2021-06-24,16.5,8.960555555555555,286.948,1002.3,100.0,30.5,74.97361111111111
SP-01656,FCAST-006624,South,heatwave,4,1887,2023-04-21,6.6,3.8476388888888886,51.198,1006.1,69.9,37.0,74.94999999999999
SP-01657,FCAST-006625,South,heatwave,3,223,2021-03-27,6.6,3.914861111111111,46.081,1005.7,69.7,37.0,74.98333333333333
SP-01657,FCAST-006626,South,summer_storm,4,257,2021-04-30,23.1,9.675555555555555,98.424,1000.6,97.8,31.47,75.56805555555555
SP-01657,FCAST-006627,South,southwest_monsoon,7,1445,2024-07-31,16.5,8.944305555555555,287.932,1003.1,100.0,30.5,75.12083333333334
SP-01657,FCAST-006628,South,tropical_cyclone,10,783,2022-10-08,37.12,18.936805555555555,386.461,988.2,100.0,29.5,74.77361111111111
SP-01658,FCAST-006629,South,summer_storm,4,1003,2021-04-04,23.1,9.647083333333335,92.748,1000.4,97.7,31.76,74.99722222222222
SP-01658,FCAST-006630,South,tropical_cyclone,10,1199,2021-10-17,37.12,18.617083333333333,385.362,988.4,100.0,29.5,74.88749999999999
SP-01658,FCAST-006631,South,southwest_monsoon,7,749,2020-07-24,16.5,8.875416666666666,292.394,1002.8,100.0,30.5,75.07083333333334
SP-01658,FCAST-006632,South,heatwave,4,271,2019-04-03,6.6,4.024861111111111,41.861,1005.9,68.9,37.0,75.13611111111112
SP-01659,FCAST-006633,South,tropical_cyclone,11,553,2022-11-21,37.12,18.89875,380.78,988.4,100.0,29.5,74.81805555555555
SP-01659,FCAST-006634,South,southwest_monsoon,8,87,2021-08-12,16.5,9.24,286.291,1003.2,100.0,30.5,74.87916666666666
SP-01659,FCAST-006635,South,summer_storm,4,704,2023-04-21,23.1,9.43763888888889,91.993,999.8,98.8,32.04,74.95277777777778
SP-01659,FCAST-006636,South,heatwave,3,299,2022-03-12,6.6,3.960555555555556,43.534,1005.8,70.0,37.0,75.39583333333333
SP-01660,FCAST-006637,South,southwest_monsoon,7,769,2020-07-10,16.5,8.703055555555556,290.075,1002.8,99.4,30.5,74.57499999999999
SP-01660,FCAST-006638,South,summer_storm,4,1785,2023-04-22,23.1,9.565138888888889,91.92699999999999,1000.5,97.9,31.75,74.9986111111111
SP-01660,FCAST-006639,South,tropical_cyclone,11,168,2018-11-17,37.12,18.940416666666668,393.238,988.1,100.0,29.5,74.95555555555556
SP-01660,FCAST-006640,South,heatwave,4,1785,2023-04-22,6.6,3.9547222222222222,53.54,1005.1,70.5,37.0,75.27361111111111
SP-01661,FCAST-006641,South,summer_storm,5,474,2019-05-19,23.1,9.759305555555555,101.856,1000.3,98.1,32.17,75.17361111111111
SP-01661,FCAST-006642,South,heatwave,3,786,2020-03-26,6.6,3.870416666666667,48.131,1006.2,72.1,37.0,74.77638888888889
SP-01661,FCAST-006643,South,southwest_monsoon,7,1979,2023-07-02,16.5,8.571805555555555,283.722,1003.1,100.0,30.5,74.87222222222222
SP-01661,FCAST-006644,South,tropical_cyclone,10,989,2020-10-15,37.12,18.89361111111111,387.833,988.0,100.0,29.5,74.65833333333333
SP-01662,FCAST-006645,South,tropical_cyclone,9,711,2021-09-24,37.12,19.149166666666666,396.018,988.3,100.0,29.5,75.17500000000001
SP-01662,FCAST-006646,South,summer_storm,4,1271,2023-04-07,23.1,9.639305555555556,98.19200000000001,1000.5,98.4,32.22,74.91111111111111
SP-01662,FCAST-006647,South,southwest_monsoon,7,1374,2023-07-19,16.5,8.965277777777779,286.879,1003.1,100.0,30.5,74.74722222222222
SP-01662,FCAST-006648,South,heatwave,4,1282,2023-04-18,6.6,3.9140277777777777,42.367,1005.9,68.2,37.0,75.51666666666667
SP-01663,FCAST-006649,South,southwest_monsoon,9,1292,2023-09-17,16.5,9.206666666666667,288.763,1002.7,100.0,30.5,74.74583333333334
SP-01663,FCAST-006650,South,heatwave,3,1825,2025-03-03,6.6,3.9694444444444446,42.787,1005.0,69.6,37.0,75.275
SP-01663,FCAST-006651,South,summer_storm,4,43,2020-04-16,23.1,9.738333333333333,100.536,1000.6,98.0,32.78,75.11111111111111
SP-01663,FCAST-006652,South,tropical_cyclone,10,1331,2023-10-26,37.12,18.992083333333333,388.176,988.2,100.0,29.5,75.0625
SP-01664,FCAST-006653,South,summer_storm,5,263,2021-05-07,23.1,9.70736111111111,94.913,999.4,98.3,31.32,75.19444444444444
SP-01664,FCAST-006654,South,southwest_monsoon,7,712,2022-07-30,16.5,8.896527777777777,280.936,1002.9,99.3,30.5,74.79027777777777
SP-01664,FCAST-006655,South,heatwave,4,593,2022-04-02,6.6,4.2588888888888885,56.885,1005.4,69.7,37.0,75.01944444444445
SP-01664,FCAST-006656,South,tropical_cyclone,10,429,2021-10-20,37.12,18.664583333333333,387.024,988.7,100.0,29.5,74.93472222222222
SP-01665,FCAST-006657,South,heatwave,4,1221,2022-04-25,6.6,3.8530555555555557,47.788,1005.1,71.4,37.0,74.525
SP-01665,FCAST-006658,South,southwest_monsoon,9,1366,2022-09-17,16.5,9.055277777777778,290.456,1002.7,99.3,30.5,74.89166666666667
SP-01665,FCAST-006659,South,summer_storm,5,877,2021-05-16,23.1,9.461111111111112,95.458,1000.3,97.1,32.29,75.14722222222223
SP-01665,FCAST-006660,South,tropical_cyclone,10,302,2019-10-19,37.12,18.97125,385.05,988.7,100.0,29.5,75.04583333333333
SP-01666,FCAST-006661,South,tropical_cyclone,11,1509,2022-11-05,37.12,18.733055555555556,382.664,988.6,100.0,29.5,75.27083333333333
SP-01666,FCAST-006662,South,heatwave,4,201,2019-04-07,6.6,3.9038888888888885,48.788,1005.2,68.4,37.0,75.49583333333334
SP-01666,FCAST-006663,South,southwest_monsoon,7,288,2019-07-03,16.5,8.948472222222222,285.97,1002.4,100.0,30.5,75.04583333333333
SP-01666,FCAST-006664,South,summer_storm,4,1658,2023-04-03,23.1,9.632361111111111,100.388,1000.5,97.9,31.8,74.64722222222223
SP-01667,FCAST-006665,South,tropical_cyclone,8,1904,2024-08-17,37.12,18.734583333333333,387.012,988.2,99.4,29.5,74.91944444444444
SP-01667,FCAST-006666,South,heatwave,4,671,2021-04-02,6.6,3.686527777777778,54.571,1005.4,69.8,37.0,74.91527777777777
SP-01667,FCAST-006667,South,southwest_monsoon,9,113,2019-09-22,16.5,8.889722222222224,290.681,1003.3,100.0,30.5,75.28055555555555
SP-01667,FCAST-006668,South,summer_storm,5,1434,2023-05-05,23.1,9.408055555555556,97.764,1000.1,99.8,32.07,75.11805555555556
SP-01668,FCAST-006669,South,heatwave,3,216,2019-03-05,6.6,4.168749999999999,50.444,1006.2,68.5,37.0,74.78055555555555
SP-01668,FCAST-006670,South,southwest_monsoon,8,391,2019-08-27,16.5,8.964444444444446,290.503,1002.8,99.1,30.5,74.60138888888889
SP-01668,FCAST-006671,South,summer_storm,5,662,2020-05-24,23.1,9.814305555555556,101.176,1000.4,98.2,31.5,74.99583333333334
SP-01668,FCAST-006672,South,tropical_cyclone,9,35,2018-09-05,37.12,18.864583333333332,386.375,988.4,100.0,29.5,74.87777777777778
SP-01669,FCAST-006673,South,summer_storm,5,505,2020-05-26,23.1,9.546527777777778,100.899,999.7,97.2,31.83,74.6625
SP-01669,FCAST-006674,South,heatwave,4,84,2019-04-01,6.6,3.8690277777777777,51.357,1005.8,70.8,37.0,74.61111111111111
SP-01669,FCAST-006675,South,tropical_cyclone,10,1016,2021-10-19,37.12,18.80263888888889,390.434,988.5,100.0,29.5,74.86388888888888
SP-01669,FCAST-006676,South,southwest_monsoon,6,903,2021-06-28,16.5,9.1025,291.218,1003.0,100.0,30.5,75.11944444444445
SP-01670,FCAST-006677,South,summer_storm,4,1379,2023-04-17,23.1,9.713611111111112,95.503,1000.5,96.3,31.63,74.97083333333333
SP-01670,FCAST-006678,South,southwest_monsoon,6,723,2021-06-30,16.5,8.943888888888889,287.318,1002.6,100.0,30.5,75.44027777777778
SP-01670,FCAST-006679,South,tropical_cyclone,11,1606,2023-11-30,37.12,18.58486111111111,382.505,987.9,100.0,29.5,74.49166666666666
SP-01670,FCAST-006680,South,heatwave,4,286,2020-04-19,6.6,3.9155555555555557,47.011,1005.7,69.4,37.0,75.11805555555556
SP-01671,FCAST-006681,South,southwest_monsoon,9,159,2021-09-02,16.5,8.917083333333332,290.948,1002.2,100.0,30.5,75.28611111111111
SP-01671,FCAST-006682,South,heatwave,4,28,2021-04-24,6.6,4.148194444444445,47.064,1005.4,69.2,37.0,75.41944444444444
SP-01671,FCAST-006683,South,summer_storm,5,780,2023-05-16,23.1,9.616388888888888,96.075,1000.4,97.0,32.04,75.27361111111111
SP-01671,FCAST-006684,South,tropical_cyclone,8,495,2022-08-04,37.12,18.923194444444444,389.489,988.1,100.0,29.5,75.05000000000001
SP-01672,FCAST-006685,South,summer_storm,4,1074,2022-04-27,23.1,9.954027777777778,98.1,999.6,97.8,31.79,74.56944444444444
SP-01672,FCAST-006686,South,tropical_cyclone,10,503,2020-10-03,37.12,18.784166666666668,387.353,988.6,100.0,29.5,74.74444444444445
SP-01672,FCAST-006687,South,southwest_monsoon,9,849,2021-09-14,16.5,8.935416666666667,284.05,1002.3,100.0,30.5,74.96805555555555
SP-01672,FCAST-006688,South,heatwave,3,300,2020-03-14,6.6,3.9270833333333335,49.222,1005.4,69.5,37.0,74.95972222222223
SP-01673,FCAST-006689,South,tropical_cyclone,8,48,2019-08-16,37.12,19.304583333333333,387.557,988.4,100.0,29.5,75.06527777777778
SP-01673,FCAST-006690,South,southwest_monsoon,9,74,2019-09-11,16.5,9.120694444444446,292.433,1003.0,100.0,30.5,74.94999999999999
SP-01673,FCAST-006691,South,heatwave,3,1006,2022-03-31,6.6,4.0401388888888885,50.114,1006.0,71.4,37.0,74.85138888888889
SP-01673,FCAST-006692,South,summer_storm,4,1757,2024-04-20,23.1,9.656527777777777,99.774,1000.3,96.9,32.61,74.88194444444444
SP-01674,FCAST-006693,South,summer_storm,5,461,2021-05-25,23.1,10.207777777777778,103.067,1000.7,97.4,32.85,75.34583333333333
SP-01674,FCAST-006694,South,heatwave,4,1149,2023-04-13,6.6,3.8356944444444445,44.208,1005.2,68.0,37.0,75.17083333333333
SP-01674,FCAST-006695,South,tropical_cyclone,8,1274,2023-08-16,37.12,19.130138888888887,389.046,988.2,100.0,29.5,74.94444444444444
SP-01674,FCAST-006696,South,southwest_monsoon,7,1243,2023-07-16,16.5,8.8575,290.507,1002.5,100.0,30.5,74.76805555555556
SP-01675,FCAST-006697,South,southwest_monsoon,7,746,2023-07-07,16.5,9.021388888888888,290.577,1002.9,100.0,30.5,74.96944444444445
SP-01675,FCAST-006698,South,heatwave,4,1044,2024-04-30,6.6,4.082083333333333,45.309,1006.2,73.2,37.0,75.35
SP-01675,FCAST-006699,South,summer_storm,4,659,2023-04-11,23.1,9.764305555555556,94.617,1000.2,96.9,31.16,74.63194444444444
SP-01675,FCAST-006700,South,tropical_cyclone,11,133,2021-11-01,37.12,19.13722222222222,383.701,988.5,100.0,29.5,74.92361111111111
SP-01676,FCAST-006701,South,heatwave,3,1656,2025-03-15,6.6,4.0193055555555555,51.098,1005.5,67.8,37.0,75.30000000000001
SP-01676,FCAST-006702,South,tropical_cyclone,8,352,2021-08-19,37.12,19.001388888888886,390.711,988.4,100.0,29.5,75.15694444444445
SP-01676,FCAST-006703,South,southwest_monsoon,6,280,2021-06-08,16.5,8.860555555555557,290.733,1002.7,100.0,30.5,74.97361111111111
SP-01676,FCAST-006704,South,summer_storm,4,606,2022-04-30,23.1,9.568194444444444,103.14699999999999,1000.4,97.9,31.51,75.00972222222222
SP-01677,FCAST-006705,South,tropical_cyclone,8,1100,2022-08-06,37.12,18.6625,385.937,988.0,100.0,29.5,74.92083333333333
SP-01677,FCAST-006706,South,southwest_monsoon,9,52,2019-09-23,16.5,8.990416666666668,289.005,1003.1,100.0,30.5,75.19722222222222
SP-01677,FCAST-006707,South,summer_storm,4,625,2021-04-18,23.1,9.649999999999999,97.235,1000.4,98.5,32.12,75.00555555555555
SP-01677,FCAST-006708,South,heatwave,4,251,2020-04-09,6.6,3.9402777777777778,50.582,1005.6,68.2,37.0,75.21111111111111
SP-01678,FCAST-006709,South,heatwave,3,114,2022-03-18,6.6,4.070416666666667,52.125,1005.7,68.5,37.0,74.96944444444445
SP-01678,FCAST-006710,South,tropical_cyclone,11,1086,2024-11-14,37.12,19.015416666666667,391.537,988.0,100.0,29.5,74.8125
SP-01678,FCAST-006711,South,summer_storm,5,904,2024-05-16,23.1,10.07125,98.72,1000.3,98.0,31.8,75.05555555555556
SP-01678,FCAST-006712,South,southwest_monsoon,7,230,2022-07-12,16.5,9.07263888888889,287.077,1002.3,99.9,30.5,75.11944444444445
SP-01679,FCAST-006713,South,tropical_cyclone,8,852,2023-08-10,37.12,18.80875,385.608,987.7,100.0,29.5,75.30833333333334
SP-01679,FCAST-006714,South,summer_storm,4,15,2021-04-25,23.1,9.943888888888889,96.178,1000.3,97.1,32.23,75.2513888888889
SP-01679,FCAST-006715,South,heatwave,3,717,2023-03-28,6.6,3.7468055555555555,44.767,1005.4,70.1,37.0,74.94444444444444
SP-01679,FCAST-006716,South,southwest_monsoon,9,878,2023-09-05,16.5,9.004861111111111,292.769,1002.7,100.0,30.5,75.10277777777777
SP-01680,FCAST-006717,South,tropical_cyclone,10,488,2022-10-01,37.12,19.191111111111113,384.514,988.2,100.0,29.5,75.0875
SP-01680,FCAST-006718,South,heatwave,3,304,2022-03-31,6.6,4.050277777777778,44.311,1005.8,69.5,37.0,74.6861111111111
SP-01680,FCAST-006719,South,summer_storm,4,1044,2024-04-09,23.1,9.515416666666667,101.166,1000.2,96.9,31.87,74.87777777777778
SP-01680,FCAST-006720,South,southwest_monsoon,7,771,2023-07-11,16.5,8.89236111111111,283.819,1002.8,99.4,30.5,74.82499999999999
